"","theta","(Intercept)","log_umi"
"AL627309.1",0.170473160589547,-13.0291812176106,2.17263924388534
"RP11-206L10.2",0.098674346894391,-27.145913220048,6.05025618765022
"LINC00115",0.336309089618446,-11.7502082352493,2.00064434646771
"NOC2L",0.830170188130523,-9.65533276517029,2.19958921826076
"KLHL17",0.138959300726882,-12.5751048906749,2.0393516920102
"PLEKHN1",0.125651993779667,-6.25489122848114,0.089871334552535
"HES4",0.209503468535642,-20.4268704211006,5.21730163833813
"ISG15",0.583952546187956,-11.3930214539087,3.41003475813034
"AGRN",0.123399477321514,-11.2086054314269,1.60239046993496
"C1orf159",0.447294058409014,-11.1175412017087,1.89921675823973
"TNFRSF18",0.112066133212617,-10.3895616928561,2.13791832952984
"TNFRSF4",0.128792759316498,-10.1565980077758,2.25254754250086
"SDF4",1.95683937211036,-8.64376415115331,1.98244676782053
"B3GALT6",0.213781291426249,-8.95950024920158,1.54294652987913
"UBE2J2",2.56495849898314,-9.09019927110009,2.06831374416544
"ACAP3",0.646594423407848,-12.2553843807331,2.52498167313809
"PUSL1",0.680863008587399,-13.4422430888068,2.86669759072983
"CPSF3L",0.179600480275287,-4.80051324655392,0.730425138845998
"GLTPD1",1.09750710650383,-8.25988102065964,1.40408042346613
"DVL1",0.0902898578563477,-8.08845106567288,0.537409103054141
"MXRA8",0.0925547283071704,-10.8449149963096,1.35610522350975
"AURKAIP1",2.80438823036273,-10.1285443310828,2.7009090033999
"CCNL2",1.43715728996544,-9.47646797271505,1.95553428215747
"RP4-758J18.2",1.40466898289872,-10.2360128410875,2.06538979385664
"MRPL20",0.880766621478876,-9.91612624905639,2.61320091520431
"ATAD3C",0.00198936151953737,-11.6169426101243,2.05799895147946
"ATAD3B",0.475094044769279,-14.4196375289885,2.91057445984391
"ATAD3A",0.507138732721851,-17.6966668893035,4.0317232944353
"SSU72",2.62157186129583,-8.37582572977224,2.24115143114448
"AL645728.1",0.186070071280896,-8.83970024191545,1.28291438604835
"C1orf233",0.0610025768846207,-21.6105591481855,4.65528231657025
"RP11-345P4.9",0.3458814578833,-12.8393163598967,2.53875505443742
"MIB2",0.566283831060842,-5.28410487250334,0.793334862528882
"MMP23B",0.378779630528156,-6.83504907643605,0.591580834745754
"CDK11B",0.557904605170567,-8.49901568163498,1.41629219975972
"SLC35E2B",0.228685228398951,-4.40799206347013,0.100607287640231
"CDK11A",1.51070075540472,-10.2739939382161,2.23154619360142
"SLC35E2",0.294083664933615,-13.5614074980357,2.49698638922239
"NADK",0.799860856434814,-15.27530695535,3.61254715352853
"GNB1",2.82720034787066,-11.9390485369223,2.92204386969518
"PRKCZ",0.290810468222396,-10.7878685386789,1.91322403241073
"RP5-892K4.1",0.179523852617183,-4.98610225838511,-0.18382443750273
"C1orf86",0.892598764271075,-8.92047377756806,2.20656919637967
"SKI",0.516412762994553,-10.8249020182328,2.0873500843992
"RER1",0.733690883466295,-9.10900483208471,2.34070283255786
"PEX10",0.303628823553618,-15.8450610983326,3.38912637552023
"PANK4",0.977892925067685,-13.3186711058105,2.79695869410827
"RP3-395M20.12",0.687863284727918,-12.9241748205417,3.02004392548419
"TNFRSF14",3.12347933423712,-9.44449573516714,2.39966720553881
"RP3-395M20.9",0.0159909384266218,-11.2787839671319,1.78803442251501
"FAM213B",0.351837467923238,-10.1749638708919,1.76467382199361
"MMEL1",0.240406352927357,-12.1087058242503,2.01036311751375
"MEGF6",0.166356949136525,-14.5756048502377,2.65594479666459
"TPRG1L",0.0990226240539579,-12.4262814568769,2.52610481220008
"WRAP73",0.607406651371074,-11.3592081407131,2.39752006999671
"TP73-AS1",0.555862499216221,-8.79221879570832,1.2886003826631
"SMIM1",0.2597212848541,-11.2508751890687,1.77981517985663
"LRRC47",0.197777238521564,-13.7220976707905,3.18175229625533
"CEP104",0.809665852084207,-6.05534069349348,0.686594938015117
"DFFB",0.17250023968249,-13.4143057556356,2.59586591159129
"C1orf174",1.44744020596114,-9.24977727240198,1.88292340046126
"NPHP4",0.195158624435658,-14.3580168897247,2.62025090991001
"KCNAB2",1.91806368392756,-10.1845206410808,2.35055517777122
"RPL22",6.7733165403679,-6.00686256516723,2.0082381045452
"RNF207",0.0250789539236035,-9.54218926954003,1.22964941852585
"ICMT",0.780461672588337,-12.6796773153061,2.66633239285779
"ACOT7",0.204130288053355,-23.2034182870802,5.45686473329771
"RP1-202O8.3",0.0897235268826675,-5.85924352577763,-0.129751236738749
"ESPN",0.0908932376646794,-9.15186431062715,0.854059181047362
"TNFRSF25",0.120477613901693,-10.8524196661532,2.49549161981056
"PLEKHG5",0.0125375583553109,-14.3834867076917,2.65308559254173
"NOL9",0.10765518245443,-9.10653260178169,1.49822154944068
"ZBTB48",0.224529806197736,-10.7769716391164,2.10945571244767
"KLHL21",0.34671281278718,-8.62964811174734,1.30843044379695
"PHF13",0.382988222326155,-10.667942356476,1.74124140348907
"THAP3",0.725279567545287,-10.0487378950596,1.95331505925687
"DNAJC11",0.254250637640488,-13.6598618644341,2.82749423131186
"CAMTA1",0.609978284515035,-8.72718331951927,1.91021482069656
"VAMP3",1.4702565493783,-14.2481335119208,3.4496162410312
"PER3",0.174489873161725,-10.7853958429492,1.83614003831625
"UTS2",0.217683222747066,-9.83282667909059,1.3156873114163
"TNFRSF9",0.0038635904833115,-13.2751174092486,2.49278929090513
"PARK7",5.22104902321392,-10.2454430031833,2.94010554962369
"RERE",1.25781253336226,-10.2820827823592,2.15459132748287
"ENO1",2.06480196871019,-11.5528808930077,3.43855014333995
"ENO1-AS1",0.233798603802563,-5.13737312027083,-0.0596078749678833
"H6PD",0.348285804826753,-8.3193019215679,1.30736039669096
"SPSB1",0.14257318954771,-23.5875586364031,5.32018987444918
"SLC25A33",0.665794990709268,-10.2568573339993,2.07437551801329
"TMEM201",0.136756932570018,-17.3029020386511,3.38389618043182
"PIK3CD",2.76320086320296,-9.75711249828402,2.17961100165343
"C1orf200",0.101915898609096,-13.4517575041819,2.17765840653444
"RP11-558F24.4",0.0927661420757252,-16.1787528595552,2.92115328131114
"CLSTN1",0.846194380536247,-11.4287920834684,2.53359072728397
"CTNNBIP1",0.242944534860064,-7.81756397676836,1.54861360390496
"LZIC",1.44549718670339,-10.491510590736,2.25348942485654
"NMNAT1",0.446397298090998,-9.16817689099695,1.34779946001807
"RBP7",0.109485578914244,-2.88159637954408,0.169029556830544
"UBE4B",0.815837951985607,-11.0363961418115,2.21774228169345
"KIF1B",0.461508774850089,-13.3461562490733,2.56450439138858
"PGD",0.744995745578412,-12.8807107247463,3.22872507047341
"APITD1",0.615281710042925,-6.99699536687996,0.783295115735388
"DFFA",0.668780834382924,-11.1495515423328,2.39046577594465
"PEX14",0.930867635799442,-10.0067697476237,1.79414613474363
"CASZ1",0.121198623678429,-18.0144203599294,3.55107382027444
"TARDBP",1.44485072358562,-9.11894146182374,1.92452186792545
"RP4-635E18.8",0.105014125785375,-10.4123948215955,1.28207321215396
"SRM",0.384888110667275,-15.4566233381835,4.04169344043402
"EXOSC10",0.479386508165618,-9.30432311371484,1.79428062694092
"MTOR",0.655323469193891,-14.7664169106803,3.07630215861938
"UBIAD1",0.094120110716679,-10.2571638701857,2.17280684747643
"FBXO2",0.0564030735438915,-9.11721438222647,1.2069407329585
"FBXO44",0.965420997243079,-5.96724685175639,0.749535397583937
"FBXO6",0.816190795793707,-11.7577087550271,2.64089070441193
"MAD2L2",1.02601666386839,-9.95104371413536,2.23647683359283
"DRAXIN",0.00598839829039449,1.02835514357515,-2.04208551668809
"AGTRAP",0.903634558114064,-10.6034124682562,2.64244082839702
"MTHFR",0.749950002617084,-10.8450975039014,2.0932791366111
"CLCN6",0.508054831755518,-9.57312903483505,1.49977242224383
"KIAA2013",0.490450325813799,-17.3383580789157,3.99846381994844
"PLOD1",0.421946789054584,-22.7704098355954,5.31601301259397
"MFN2",0.130153076632165,-9.77878953152453,1.83261259313218
"MIIP",1.87410211714394,-12.9264542977209,3.00427682955113
"TNFRSF8",0.111872900592472,-20.4228973113095,4.71185822108303
"TNFRSF1B",0.525789323211062,-11.6523623867732,2.93760436572603
"VPS13D",0.696757292225977,-11.4879962603072,2.26705654667869
"DHRS3",0.454830997524844,-6.87331443538734,0.915387530955399
"PRDM2",0.28261737320935,-7.20802518373632,1.3773378340327
"TMEM51",0.484189001306804,-26.5174265951214,6.03891004198198
"RP3-467K16.4",0.00543851541335473,-9.95330927864738,1.14608888610106
"EFHD2",0.545277805208949,-11.0804588980327,2.89408259605024
"CASP9",0.33708816113415,-11.8438132064265,2.24740865941306
"DNAJC16",0.40404882591545,-13.030495348971,2.48371175858118
"AGMAT",0.23942333323555,-12.9132206725419,2.60973116561056
"DDI2",0.0147172974594224,-20.6410343133327,5.02449677754267
"PLEKHM2",0.736341906687406,-16.7139495820492,3.69970612945317
"FBLIM1",0.430553399112071,-11.634787421062,2.07475654387284
"RP11-169K16.9",0.435754322452834,-8.33675384936619,1.63335156376924
"SPEN",0.102112029235829,-14.8555723709582,3.37608991884124
"ZBTB17",0.214884346033675,-12.438128511365,2.50170918256191
"ARHGEF19",0.040826554638466,-9.52344304828027,1.29016531199445
"RSG1",0.118917210836126,-15.0942981262109,2.70321837324094
"FBXO42",0.347666640084767,-15.8400195370256,3.58810598282856
"SZRD1",0.739626343748926,-11.7445817780649,2.789336900659
"NECAP2",1.39422216511163,-8.62941068757663,2.10600189414966
"RP4-798A10.2",0.160269995643827,-9.97126272412974,1.27151509152985
"RP4-798A10.4",0.092305323373539,-16.5664683934425,3.03391670495197
"NBPF1",0.184698986578149,-16.612495905323,3.67043634233843
"CROCCP2",0.836225396574936,-7.75725407749651,1.41546306426804
"CROCC",0.135023270100722,-11.3159843098747,1.96957327013229
"RP11-108M9.4",1.26616345939432,-7.75632258201076,1.38986421625173
"RP11-108M9.6",0.137622627103934,-7.28442092785419,0.788995557936659
"ATP13A2",1.04883528685193,-10.450193848515,1.99594291036401
"SDHB",0.423591581633328,-8.67729350997403,2.22946142874072
"PADI4",0.249338387764243,-10.0041064787501,1.89485652043162
"RCC2",0.435122748033056,-14.0581447419711,3.16058939937488
"ARHGEF10L",0.24229999106503,-15.8881533851455,3.36646445367551
"IFFO2",0.309569762788695,-10.8155332919169,1.70875639454827
"UBR4",1.18573039705963,-7.65528052239744,1.4146941684798
"RP1-43E13.2",0.0763495910319728,-20.3487245863868,4.42125793558802
"EMC1",0.53306544275211,-7.20697820990582,0.80852591282595
"MRTO4",0.511594198748155,-20.4455146517872,5.13989160576504
"AKR7A2",1.58517509009477,-10.2823605271477,2.48374737102782
"PQLC2",0.363775638552567,-17.0814827399249,3.62520226693836
"CAPZB",2.12725524670978,-8.61756419425234,2.55038895411963
"MINOS1",1.8999799121496,-10.5489260427544,2.8015966179354
"NBL1",0.189645406752669,-17.7505938928409,3.57789915336015
"TMCO4",0.2811404197679,-14.2507238744075,2.90027574630111
"OTUD3",0.233349345517655,-4.48360458988315,-0.256013068035972
"UBXN10-AS1",0.0900542383604726,-4.28842651140151,-0.602714214494784
"CAMK2N1",0.00169804377763948,-0.957905069601622,-1.24095138619619
"MUL1",1.11853079926697,-9.85294644941519,1.84208831996445
"CDA",0.224996559786959,-12.4189121953039,3.2627694294064
"PINK1",0.099754552334577,-16.2138026025522,3.71589864611137
"PINK1-AS",0.405977320360856,-14.6430217758926,2.90540001775039
"DDOST",1.63429824211945,-9.57004345221325,2.39542426734709
"HP1BP3",0.422882198614378,-9.2442940525793,2.16569077460603
"EIF4G3",0.137928039937149,-6.85636922877944,0.661574077824131
"ECE1",1.08843831864518,-11.8583680506503,2.53775743875269
"NBPF3",0.164241095061121,-9.82343405283553,1.22774293015477
"USP48",1.59504626224167,-12.2423929920662,2.77294999801456
"LINC00339",0.715256372267873,-10.4267179510721,1.853521865941
"CDC42",2.81393386879412,-8.47019428258653,2.30976750439987
"ZBTB40",0.460183888469998,-13.3819242514551,2.7399385192917
"C1QA",0.0245256682423463,-26.6321670999062,6.77373866338485
"C1QC",6.4089647264014,-27.9399926121923,6.60983356011026
"C1QB",23.5544480097211,-27.64632017324,6.94081298492446
"EPHB2",0.134583579829186,-20.8170004940422,4.35695198780748
"KDM1A",0.579014877041424,-12.6543618133955,2.62297299758023
"LUZP1",0.956686597411252,-11.2472617014839,2.25987325653353
"HNRNPR",3.95235346762474,-9.93986505071663,2.52477660452861
"ZNF436",0.00094411171320194,-8.5375941387836,1.14946826849183
"TCEA3",0.229342898773161,-8.20027868916265,1.51128383068213
"E2F2",0.324842491182243,-16.7625088927108,3.56848911964737
"ID3",0.217279864165314,-10.9216878921007,2.49285090421288
"MDS2",0.0400958809499976,-6.20085143831722,0.756993027657242
"RPL11",7.41569561934848,-3.81818465554036,2.00932447998169
"TCEB3",0.660127245654819,-12.3140981634718,2.59912025888899
"RP5-886K2.3",0.3488909194954,-17.5837357432286,3.88265728350814
"PITHD1",0.434354091817788,-7.73634894675629,1.76871381344149
"LYPLA2",0.687147224277896,-8.78658825433204,1.91100276522752
"GALE",0.355089080086185,-13.616517062878,2.7498293728107
"HMGCL",0.101561435934408,-8.33022686448947,1.67661580619287
"FUCA1",1.20989739886691,-11.1191717641374,2.33007731301179
"CNR2",0.369687308856982,2.8997788499406,-2.3721871402547
"PNRC2",1.62051776101157,-13.4342642970889,3.11206870025866
"SRSF10",0.590013855148757,-8.52088456945392,1.64746878686348
"IFNLR1",0.16638390966869,-16.3234796097119,3.09987694353665
"STPG1",0.0841750005538698,-11.930805257774,2.19366763687936
"NIPAL3",1.85482782828397,-8.6083544698909,1.73338433694491
"RCAN3",1.19550936245005,-8.24191068184468,1.82518862891061
"RP4-594I10.3",0.356325274489942,-9.21702291074627,1.28461907497099
"SRRM1",1.18674230835186,-10.3015496339225,2.58592819201559
"CLIC4",0.251158713490831,-11.7422907924052,2.23992343121113
"RUNX3",1.51512731620528,-7.44895190454268,1.50625692295912
"SYF2",2.05664311309602,-7.63241381110302,2.06830430777102
"C1orf63",0.698607476486556,-8.60677536099726,2.11358322168374
"RP3-465N24.6",0.10877119888901,-8.78399856171127,0.798883623491261
"TMEM50A",0.823484547505753,-7.58070565380103,1.94606763630064
"TMEM57",0.421294194852666,-12.2384484732931,2.55395062800223
"LDLRAP1",0.357664182883147,-3.32333003164974,0.441886704394526
"RP11-70P17.1",0.0177540649061388,-14.1888216554403,2.93983269430815
"MAN1C1",0.429902126611255,-7.29700499831563,0.76892559109322
"RP1-187B23.1",0.395537228294744,-12.2833033579124,2.24153397094786
"SEPN1",0.756941058379585,-11.9732317716599,2.30036208466057
"MTFR1L",1.46853376458942,-11.0293103212449,2.39079346063733
"STMN1",0.104877698305068,-21.2319895083291,5.60277611278252
"PAFAH2",0.511735681668944,-10.7859683937961,1.87696427174372
"PDIK1L",0.00849912517555544,-3.79359440644943,0.00591472665155459
"ZNF593",0.178670343547118,-16.0680739910987,3.99025195066553
"CEP85",0.256972979553546,-15.6500498366913,3.15550031202816
"SH3BGRL3",1.84300597295903,-7.91105008191512,2.73057699193858
"UBXN11",0.994601162822908,-12.1029623831398,2.85546320343461
"CD52",3.13162402261414,-6.03636333829694,2.19595936622977
"AIM1L",0.0202484437815659,-4.09331049432102,-0.423778428735996
"ZNF683",0.136807408336286,-10.6616632903493,1.929727354956
"DHDDS",0.506170903897477,-12.3251291049641,2.46276224567385
"HMGN2",2.11047396925666,-13.099231634112,3.20214441207585
"RPS6KA1",2.4564119810649,-9.72426942378128,2.17830762716404
"ARID1A",1.26918661868146,-10.746825411765,2.39749442070754
"PIGV",0.143792611572054,-11.6268583642877,2.27005869265728
"ZDHHC18",0.436376025321158,-14.2719420162,2.99241130252725
"GPN2",0.675831587167271,-13.0612161129308,2.84177899398638
"GPATCH3",0.318727682785695,-10.354427571841,1.89064330245398
"NUDC",1.13509785275115,-12.7027655656901,3.36628027013071
"C1orf172",0.16398170800454,-9.530580913153,1.14097174300367
"SLC9A1",0.353201429927236,-14.9128526126176,3.11883529811307
"WDTC1",1.29850041252232,-9.13068194987716,1.64165173932032
"TMEM222",0.172597604382444,-14.0893895926836,3.41171977689877
"SYTL1",1.56746145392162,-8.32067639655763,1.99013281227505
"MAP3K6",0.783377281825037,-7.89919013060263,1.12098610500081
"WASF2",1.73766609850891,-9.68939538563382,2.4378967303606
"RP1-159A19.4",0.149790658934605,-20.6422519618804,4.34515928589818
"AHDC1",0.431840429050746,-6.51041054419792,0.534598177120762
"FGR",0.580875259879016,-14.1648570892312,3.85527759022332
"IFI6",0.568954504857022,-9.96439040137227,2.921573781341
"FAM76A",0.12934372533211,-9.18798288245274,1.44154295144078
"STX12",1.54201040680081,-8.91898537092292,1.85797660587751
"PPP1R8",0.269505132860284,-8.209075183124,1.63927472073521
"THEMIS2",0.717055394572276,-14.1531517300029,3.60430852074971
"RPA2",1.27770555478454,-7.07879797738275,1.64571113748518
"XKR8",0.578496647061678,-9.25007490441824,1.69638794147125
"EYA3",0.518623996521634,-7.51823730527673,0.901058888053794
"PTAFR",0.0680136241291603,-15.3058956786217,3.55367565771419
"DNAJC8",1.0930463204913,-12.5264104093256,3.32358430302932
"AL353354.2",0.144461744864221,-10.260241824088,1.32218218325773
"ATPIF1",1.75890684675318,-8.65952721827087,2.30130097635036
"RP5-1092A3.4",0.286142841212231,-2.37087853370404,-0.830730649402197
"SESN2",0.418084696572952,-12.6524279952801,2.36162474076588
"MED18",0.133564283045604,-17.95937772924,3.82326506227481
"PHACTR4",0.0391596314768743,-12.7219286325276,2.96755473064949
"RCC1",0.347485412711736,-14.7527723045334,3.22392559381387
"TRNAU1AP",1.66226616954157,-9.41841653464855,1.93051846374663
"SNHG12",0.230998952904555,-8.08328873328556,1.56598860165348
"TAF12",0.389732252502867,-10.1011218295524,2.49047439476234
"RP11-442N24__B.1",0.114986297334934,-20.7767109931611,4.24908830478541
"GMEB1",0.237735282484761,-11.8045569517076,2.49474972592929
"YTHDF2",0.395650755893499,-8.60747480446219,2.00344403670176
"EPB41",1.91037612741618,-8.0640310694267,1.58826670130208
"SRSF4",2.22647668087484,-11.1175418480958,2.73542288797277
"MECR",0.576535395790592,-13.4677759795097,2.81920403492888
"MATN1-AS1",0.173857543204452,-5.85171514977247,0.394479003780317
"LAPTM5",2.93039818160272,-6.47948999194424,2.12781870051429
"PUM1",0.0809721888250888,-14.4554316197037,3.34352187683105
"SNRNP40",3.67748414122432,-11.6559866236984,2.84130025054964
"ZCCHC17",0.890548939804844,-9.1794201312615,1.98609346347255
"SERINC2",0.0946206144970056,-16.3261344856711,3.35153047168456
"PEF1",2.29487024642488,-8.95766407833051,2.00183721966264
"PTP4A2",1.31888804316088,-11.5321512303094,3.06882699126073
"KHDRBS1",1.28711713463431,-10.2033636705459,2.67373262806927
"TMEM39B",0.423687679857696,-16.404455994051,3.80352032976018
"KPNA6",0.581143151343786,-10.7909138600787,2.27338560571473
"TXLNA",0.324289817533107,-11.1995728338395,2.05056041791136
"CCDC28B",0.438741718797141,-12.0999025008926,2.67746437434381
"TMEM234",0.090328389041714,-4.90818889842051,0.314465936312176
"EIF3I",1.94654641475489,-9.9308277898047,2.68567774562698
"LCK",1.23009064704447,-4.78320538349675,1.24379470804116
"HDAC1",0.329735102709099,-9.00756942959384,2.21694151188539
"MARCKSL1",0.49506102464135,-9.38784659122379,2.38016286926827
"FAM229A",0.244622111717539,-9.15590252353712,1.16087602883415
"BSDC1",0.204437438340054,-10.3523378755224,2.36118178062925
"ZBTB8OS",0.363207796034776,-10.3598972086444,2.35745622832849
"RBBP4",1.44702382701744,-9.41287870787832,2.17105974488776
"SYNC",0.630492710263051,-10.9127503100362,1.94994689159084
"YARS",0.959375395448008,-9.97561340872573,2.0860772326093
"S100PBP",0.750274383255637,-9.6971921683583,1.85339043565051
"RNF19B",0.325286747332618,-14.9646553547952,3.15775065116993
"AK2",0.58756590881818,-12.500139159834,3.04970768779729
"ADC",0.0451908107873706,-13.3784961756421,2.42461829391372
"TRIM62",0.28826280692363,-6.60710706652695,0.442461818203039
"ZNF362",0.608866938183498,-7.88258207313156,1.04640736060816
"PHC2",0.443744478500499,-17.5466635928575,3.96513680443521
"SMIM12",0.432348511471278,-9.48824773190511,2.23647095433467
"DLGAP3",0.311510354822811,-13.0944031102262,2.37810937699163
"RP11-244H3.4",1.24714699120729,-6.33608580555433,0.792885405508854
"ZMYM6NB",0.104394154941043,-21.1145793922115,4.39797417022548
"ZMYM6",0.627460512453086,-8.5766980548911,1.26072663106228
"ZMYM1",0.437262680894695,-9.09971203246864,1.30386010631215
"SFPQ",2.34426079420481,-9.37639973710103,2.30423995851168
"ZMYM4",0.361442133942411,-12.5118634395777,2.45061769954078
"KIAA0319L",0.592102858747368,-9.46117001918214,1.86511019909065
"NCDN",0.1991593867253,-10.1027784470276,1.65608243263739
"RP4-728D4.2",1.27568509683694,-8.92922945602755,1.62712224553777
"TFAP2E",0.0762917112488348,4.20292682228829,-3.2060411960041
"PSMB2",1.95786531044446,-13.7927331541967,3.67784819976041
"C1orf216",0.672193291541859,-11.9471491805228,2.30701395369232
"CLSPN",0.125882171958282,-35.7398682716328,8.64260003229392
"AGO4",0.0226700896333529,-7.09516702431906,0.853294091223924
"AGO1",0.531072369459227,-13.577619261789,2.82233660372754
"AGO3",0.300025702344253,-7.56709057831871,1.17533670838389
"ADPRHL2",0.813301042409058,-13.0273239596365,2.9976635618387
"TRAPPC3",0.406019168401923,-8.42328938876951,2.04447149760465
"MAP7D1",0.654494540037245,-9.82823933587404,2.18561877651142
"THRAP3",0.595860555188041,-11.1866753765624,2.71754014479063
"EVA1B",0.00755270479359073,-13.909128510509,2.91886547089105
"STK40",1.07496419649388,-13.28603741801,2.93001329163551
"LSM10",2.13872183407687,-9.82738535580045,2.50914954644379
"OSCP1",0.0919702093441997,-0.595623355449081,-1.72458208197637
"MRPS15",1.02360722666319,-10.0134971831874,2.48306333438573
"CSF3R",0.237387783177093,-9.27258424533377,2.22145998292564
"LINC01137",0.444350223585169,-14.5913630866192,2.93898201501186
"ZC3H12A",1.29981174328824,-4.24211455719421,0.180915025237869
"MEAF6",2.51973344614941,-8.19913103013727,2.10271162722857
"SNIP1",0.129390381624065,-19.3659608745752,4.01295927364227
"GNL2",1.69137507230716,-14.5841652254758,3.43155736810308
"C1orf109",0.364894719880997,-6.60826904278003,0.810734760852126
"YRDC",0.70877418611353,-10.6077107835056,2.2410602381891
"C1orf122",1.3424147286408,-10.6098558370826,2.41332126602997
"MTF1",0.786054998828488,-10.7910733889754,2.10496111027812
"INPP5B",0.563790207847558,-12.6142106779142,2.44890185444841
"SF3A3",0.753955469405497,-11.9202243784784,2.86449075447627
"FHL3",0.61584736985649,-9.16691911730514,1.81316892746351
"UTP11L",1.35825061979511,-14.7553856702794,3.4535201157135
"RRAGC",0.09892231113519,-9.1677218945819,1.98396448281485
"RP5-864K19.4",0.161345575136809,-3.14248051125059,-0.77136211916468
"MYCBP",1.73524255529102,-14.5153965207482,3.45481154425112
"AKIRIN1",3.48708692667734,-8.16187273577493,1.82798163665899
"NDUFS5",2.48057067344175,-8.82582468972704,2.44634187836943
"MACF1",0.55681204287412,-7.53942787301764,1.55365950676894
"KIAA0754",0.259596674109404,-11.8160129256744,1.94611647436919
"RP11-69E11.4",0.174179430538873,-26.8130688167606,6.0512674268221
"PABPC4",2.34126515940424,-13.598882142105,3.45683051153289
"HPCAL4",0.271846297851082,-10.3753108023287,1.57892473006114
"PPIE",0.348890882819528,-7.52488394229854,1.67411686342411
"TRIT1",0.0163766982004745,-9.23637956440634,1.59984827275812
"MYCL",0.122895491571265,-18.3050511216683,4.24806828691565
"MFSD2A",0.107152654593536,-9.45389698108147,0.997946949912393
"CAP1",1.24021144286664,-8.5885245698638,2.42502832046913
"PPT1",0.662182719964047,-11.806585218834,3.08506683246327
"RLF",0.401954603366161,-8.84223543407366,1.39323437089034
"RP1-39G22.7",0.628332402530445,-8.16387320031622,1.33942961932555
"ZMPSTE24",0.481523294425512,-12.4678957614868,2.66880093897376
"COL9A2",0.282918462640439,-22.5260033738725,5.19352778487632
"SMAP2",0.598787277072179,-8.26228532113151,1.97515643258082
"ZFP69B",0.14994352895407,-18.4901231090191,3.72693603880319
"ZFP69",0.047741884265882,-7.35149579260051,0.841420469831508
"EXO5",0.253863018377998,-14.8131994585769,2.84343521953291
"ZNF684",0.159431147331126,-15.793593530795,3.35718602629388
"NFYC-AS1",0.311318922935392,-19.1378071024925,4.17668374980194
"NFYC",0.324645351804801,-10.7096321543505,2.50418076320594
"CITED4",0.0907327379437354,-12.0876868068441,2.62700160392668
"CTPS1",0.811252750925355,-15.7608089317045,3.54381068844768
"SCMH1",0.393394663314778,-10.8608203030715,1.81114140744023
"HIVEP3",0.276821446330545,-9.53622476763716,1.70339887314483
"FOXJ3",1.39240340135777,-9.88564122844641,1.92889450374626
"PPCS",4.78146887428175,-8.58844560366097,2.09246446285995
"CCDC30",0.24843868467531,-7.54325680309993,0.681782066946787
"PPIH",1.63217215646515,-12.0747369503973,2.89721607447749
"YBX1",3.17642898039454,-10.6522972592134,3.41635252098766
"LEPRE1",0.462277037831596,-9.55817764545619,1.70491554749465
"C1orf50",0.261909948618301,-7.98690777080405,1.55359516251008
"CCDC23",1.37790822256731,-9.66993347778365,2.27412680585285
"ERMAP",0.0850123588432504,-13.1503391252818,2.44203174293637
"ZNF691",0.482158216670435,-7.48930264656228,0.861145471320469
"SLC2A1",0.77792436554001,-9.40175991432854,1.57889470419202
"EBNA1BP2",0.455470290532033,-9.73733283801845,2.19700669250321
"RP1-92O14.3",0.12822038808373,-12.0266429739514,1.8041452727996
"CDC20",0.0937942001046448,-44.0818390165195,10.7490667581678
"ELOVL1",2.07793733176425,-10.8414824743713,2.45166932125661
"MED8",2.73386193970167,-10.7780840862204,2.47497813811847
"SZT2",0.490262381668973,-10.0082359055018,1.76418832011992
"HYI",0.308604094798096,-13.8143830527391,2.79084501717938
"KDM4A",0.591180593207606,-12.6994383632204,2.51286567706668
"KDM4A-AS1",0.0882815230111823,-3.77501190468474,-0.75783084831565
"ST3GAL3",0.149559619436919,-6.52797250473231,0.574957601187726
"IPO13",0.372461247081665,-13.897803601199,2.71361685123929
"DPH2",0.697827178661414,-15.8331212352748,3.47706560480408
"ATP6V0B",0.952846710350258,-10.8912174421733,3.0458674865264
"CCDC24",0.0520029373638232,-16.7844473627938,3.41578216130732
"DMAP1",0.353459534306443,-8.9382877527252,1.86365678398044
"ERI3",0.12968133896872,-9.28787538434251,2.03329398233907
"RNF220",1.62684337258843,-12.6475147293998,2.8033668596317
"TMEM53",0.110720185968548,-15.794937274296,3.32014651495453
"C1orf228",0.338549726642425,-11.2398083908691,2.58712871089476
"RPS8",4.84215364096384,-4.63262407974105,2.08018094116799
"BEST4",0.13291108684506,-14.9408742701724,2.69741545147215
"PLK3",1.72959853622472,-10.9882147812586,2.49457645856947
"PTCH2",0.387912966288502,-15.2457493624834,3.05297486787128
"EIF2B3",0.626175718430719,-12.5127108547384,2.73731062724722
"HECTD3",0.354298374920651,-14.4201906434556,2.87774485712376
"UROD",2.6784760183486,-11.1869140509075,2.59200578464079
"HPDL",0.0904658514507524,-27.6910673241273,6.29546242575901
"MUTYH",0.340348958426206,-12.8526024443474,2.78099591235737
"TOE1",0.466733078442328,-13.4527123573728,2.76712859325271
"TESK2",0.203654331458666,1.87135136881348,-2.2395403312918
"PRDX1",0.676918385154959,-14.9933285277017,4.20854603511857
"AKR1A1",1.50662341594406,-12.241630233443,3.09553124449955
"NASP",0.921614197337437,-10.8986027172406,2.59879373581181
"GPBP1L1",0.454702152860414,-11.8947246064526,2.78341789261547
"TMEM69",0.470291651365727,-12.6045522971771,2.86490927651333
"IPP",0.741179535246706,-7.79445729475735,1.07580296223759
"MAST2",0.22252359170004,-11.3247246975632,1.77973905810311
"PIK3R3",0.177420926683564,2.9134513665487,-2.6230139210787
"POMGNT1",0.391459213748344,-7.75741226247322,1.1572615101211
"LRRC41",1.04783879556868,-12.4524622257339,2.77102563523101
"UQCRH",1.49694946486803,-9.21762899903385,2.630391454304
"NSUN4",0.653262562777493,-9.95931298527419,1.71587042430631
"FAAH",0.0581896118218996,-12.9832120299681,2.83230004889304
"MKNK1",0.387657740982797,-13.7909357136152,3.16035593327465
"MOB3C",0.925858038938456,-7.70777425402508,1.12057924462296
"ATPAF1",0.406447354021781,-10.1806260466048,2.20921234617651
"EFCAB14",0.171058983109077,-15.6820942701389,3.83506395795736
"PDZK1IP1",0.00298171731481195,5.8680585539477,-3.50978947354
"CMPK1",1.48043172780659,-6.24969410540383,1.66500391474531
"SPATA6",0.042577121369631,-12.7757833476243,2.33240635396804
"BEND5",0.485439255837658,-9.92062520609536,1.73190198846881
"FAF1",0.804340576391848,-9.045147661663,1.73461513161725
"CDKN2C",0.8646593616507,-10.8308116241926,2.09855598266379
"RNF11",1.5166538190367,-9.28451812899944,1.95595220117181
"EPS15",1.71503557567546,-10.7895917496279,2.41459313468135
"OSBPL9",1.29380965783589,-10.0881079975001,2.13907093845617
"NRD1",1.70553647230638,-9.67097049958685,2.13435589832208
"TXNDC12",3.74914734012403,-8.92808821837154,2.17228482032227
"KTI12",0.919683761529463,-11.646807707661,2.44542361259954
"BTF3L4",0.999270699774804,-8.05455800490809,1.79393558999241
"CC2D1B",0.211025580457282,-13.1263428693232,2.53339124234656
"ORC1",0.140462823973208,-28.3511750247084,6.43568335213459
"PRPF38A",0.599782128334394,-7.84251745251077,1.6948066562641
"ZCCHC11",0.285016170249826,-6.26928538936062,1.06712409260772
"GPX7",1.01468081702414,-8.79557912354064,1.69667673719337
"FAM159A",1.00933936408161,-4.50747610802722,0.504891924587
"COA7",0.0468587139302509,-15.1864696431692,2.93201822235644
"ZYG11B",0.757097252754942,-12.256409795002,2.49697206979187
"ECHDC2",1.36038551055346,-6.9488043752313,1.22122758087614
"SCP2",0.959752162534729,-9.24248116447714,2.44060552525313
"SLC1A7",0.191500002094881,-1.54530159423638,-1.19472346454803
"CPT2",0.505742925340384,-11.9195762919745,2.40336812182485
"C1orf123",0.59648623865761,-14.5074154168072,3.63853398745507
"RP5-1024G6.7",0.143803191696277,-7.16915067523229,0.403314172199366
"MAGOH",1.38498054354276,-10.6276272642472,2.68419963083128
"RP11-117D22.2",0.142561815596358,-24.862393603452,5.73709993020273
"NDC1",0.303176969867268,-17.8259674154077,3.89649308731395
"YIPF1",0.408270769167078,-12.6500088966729,2.75095180952444
"HSPB11",0.139117950742452,-8.53446825577046,1.83567290529112
"LRRC42",0.779184017134105,-13.0750596016271,2.68772003789797
"TMEM59",1.90825269237798,-7.8568541815398,2.15689527656869
"TCEANC2",0.410415787007519,-13.6876131432248,2.65228986227004
"CYB5RL",0.103556796714875,-12.3527658603783,1.85476829041861
"MRPL37",2.0159963233419,-15.1476053446236,3.68544674149139
"SSBP3",0.0696335539356911,-10.380342529549,2.13258115934072
"ACOT11",0.0194693479265798,-16.4683845256201,3.17614194034967
"PARS2",0.00304860435323955,-19.3040574042935,4.12205860073358
"TTC22",0.207763828607848,-17.264254855466,3.69023248437589
"DHCR24",0.0809460656460214,-24.1235396039931,5.42420377384544
"USP24",0.661719638206977,-12.8630286995062,2.76657560731991
"OMA1",1.08404255940505,-11.105968349914,2.2059765181207
"MYSM1",0.541984137385995,-12.6194082465372,2.52390004446524
"JUN",1.14993885727846,-4.26032077765697,1.5634485443601
"LINC01135",0.298532328027887,-14.1215425584801,2.67828812222968
"FGGY",0.0680686878397581,-11.1805186613816,1.83309576486857
"HOOK1",0.14372688589132,-4.15349009763021,-0.501623991548634
"NFIA",0.215698316494873,-4.30458392021977,-0.333955071837396
"TM2D1",2.27003779423907,-8.16198326032877,1.67315044924226
"INADL",1.11356818845122,-3.52144894060784,-0.0806176035615947
"L1TD1",0.0497364939214364,-31.5814141927834,7.36372948496184
"USP1",1.64440399609282,-13.1562693977778,3.07275653306698
"DOCK7",0.0889331161790774,-10.8549396927145,1.35907030758559
"ATG4C",0.120644662651219,-11.8162750060515,2.53118679624699
"ALG6",1.21145277358997,-11.4638090159321,2.31506482273262
"ITGB3BP",0.126864751721952,-7.51942009498143,0.847219440855903
"EFCAB7",0.0170448361594252,-10.0430792296846,1.32395183529328
"DLEU2L",0.107492442189551,-6.96073634258497,0.255035919969431
"PGM1",0.0393452160820539,-10.2703127198442,2.22360894611453
"JAK1",0.565583682171231,-8.74730332903533,2.19955785375076
"LEPR",0.0126394496775273,-15.2121489880985,2.77651917465413
"LEPROT",0.332764818905011,-14.0356051595136,3.4321430488264
"PDE4B",1.0069088649289,-9.36628976084365,1.85502959872029
"MIER1",1.66883187553571,-9.0483810661637,1.73285214236892
"SLC35D1",0.397615574695571,-7.67143980234856,0.854409990216876
"IL23R",0.229439404066658,-15.86063807931,3.12798051047552
"IL12RB2",0.15842236458367,-12.53599587851,2.02786326030544
"SERBP1",3.02448350079709,-10.9093229119381,3.00182013813909
"GADD45A",0.474942703085042,-10.1385244349594,2.05354583816877
"WLS",0.00956842462073914,-17.6861878496653,3.55929216646248
"LRRC7",0.200162588913517,-17.3170319984586,3.452564582188
"LRRC40",0.51585274350143,-12.7573740261682,2.63324622672162
"SRSF11",5.72551129498848,-8.00394333202327,2.00692507892604
"ANKRD13C",1.09906142253565,-8.05237623927183,1.26507123214269
"HHLA3",0.727262851546514,-7.01039105220179,0.842958080017805
"ZRANB2",1.30359510030073,-6.98612543750664,1.3879622571102
"LRRIQ3",0.00121261702752821,1.33945493841808,-1.61227003622445
"FPGT",0.344774877969863,-13.2353119468385,2.6386190937362
"CRYZ",1.37206335223959,-7.47234423199378,1.15935639713955
"TYW3",0.850797404377186,-14.2377017486468,3.14793740590491
"ACADM",0.316287688006243,-9.46206625702894,2.10487003611558
"RABGGTB",2.01037058747938,-11.1417283418314,2.59550236174418
"ST6GALNAC3",0.117690750539298,-10.5261530797088,1.36134348538693
"PIGK",1.18038788856675,-9.38226292328554,1.7428043376319
"AK5",0.221729186129596,-7.3302015315909,1.07018338955934
"ZZZ3",1.05998973209816,-11.6974141464476,2.33833433107441
"USP33",0.140093412174588,-10.2147366573374,2.17233598181974
"FAM73A",0.500539569577583,-12.7215740142319,2.56645862851723
"NEXN",0.0493799171220636,-21.3343923944634,4.91916008030265
"FUBP1",1.28267313545882,-13.0171536343939,3.06711769340415
"DNAJB4",0.298289123256548,-12.3691901519392,2.16559829445696
"RP11-386I14.4",0.460473013461619,-15.0604177471447,3.07535774924744
"IFI44L",0.76314508668221,-8.59150585687852,2.26470153096951
"IFI44",0.325077542908436,-12.5602703730925,3.13274583586927
"RP5-887A10.1",0.0162589459153418,-7.72533907754685,1.1530014110949
"RP11-475O6.1",0.108143024790594,-10.179720967131,1.21317694553869
"RP11-486G15.2",0.103199310423535,1.41321143513475,-2.28510596541353
"PRKACB",0.12546383919135,-12.1337208703322,2.75422868438934
"RPF1",2.2702086028174,-10.2499626615463,2.44948167219592
"GNG5",1.95588554634018,-11.9803373260046,3.27120315094259
"CTBS",0.447386058816015,-11.2558257125874,2.52890950312967
"SSX2IP",0.0436116614366872,-26.5220777721685,6.1632526548546
"MCOLN2",0.136373866788939,-2.85227872180351,-0.538586432899685
"MCOLN3",0.00572917060360354,-12.9746431821843,2.03761075252018
"SYDE2",0.133680586906183,-13.6325319926944,2.27584841584583
"C1orf52",1.12868820001766,-11.9605718804563,2.73301051414196
"BCL10",1.34696387832467,-8.55158892613355,1.57522261996812
"RP11-131L23.1",0.161938862434467,-7.08134326145929,0.412266312541902
"ZNHIT6",0.11444847169011,-4.30396851027136,0.049222312932401
"ODF2L",1.76708084219636,-5.25514966699275,0.9702307889237
"RP4-612B15.3",0.357157949942874,-3.66666926155316,-0.372215095389792
"SH3GLB1",0.300997844715771,-10.3378818401445,2.58005807959412
"SEP15",3.51776274154551,-8.7374313780127,2.2909761533761
"HS2ST1",0.81515132521111,-6.17236357993827,0.621222183324246
"LMO4",0.511752856908957,-9.81162247786541,2.18327352903524
"PKN2",0.144225370916822,-5.57160631462393,0.683096202934807
"GTF2B",0.293388613068306,-9.82577084296119,2.289449882371
"CCBL2",1.38874390556551,-12.0977428519939,2.72696459090746
"RBMXL1",1.91156328500933,-13.5792739774506,3.12572540376385
"GBP3",0.856872372498261,-9.31179983115991,1.76000014557235
"GBP1",0.249172158776921,-9.39616953888545,2.20871469556847
"GBP2",0.698589034323994,-10.3920851350577,2.67407127383891
"GBP4",0.135758402226736,-14.1258182865462,3.40030484542142
"GBP5",0.427140579390275,-7.67090834641591,1.5533709907263
"LRRC8B",0.20561795413534,-14.1587216985295,2.8448239265651
"RP5-1007M22.2",0.451494564397874,-5.75317818400941,0.320687730083877
"LRRC8C",0.103609734884157,-9.50769282393117,1.81114572798853
"RP5-943J3.2",0.140250201636213,-18.8160974223393,3.8547992917656
"LRRC8D",0.476171667718734,-11.9633639316546,2.55054180658846
"ZNF326",0.916870376864655,-12.5904970824152,2.69067654388316
"ZNF644",0.819755758015972,-7.66916350904558,1.22928704087853
"CDC7",0.168674392590298,-19.933718506086,4.17593923412708
"TGFBR3",0.320075757924235,-8.58895207404199,1.37575055851868
"BTBD8",0.126565569666234,-10.473086132816,1.3456468041936
"GLMN",0.556947969631523,-5.65813938013849,0.674525638874838
"RPAP2",0.773179108153692,-9.24274388466589,1.72641065026537
"GFI1",0.509566237204897,-8.31534641318091,1.11717935596719
"EVI5",0.274149984803305,-19.954491039324,4.55354909311177
"RPL5",4.47963671781969,-5.38144547375341,2.19635992226806
"FAM69A",0.63401696114894,-12.6108710714639,2.56921669686183
"MTF2",2.11774044776661,-8.68701080031951,1.86157336866609
"TMED5",0.305481761185318,-10.5705444480669,2.47660205751162
"CCDC18",0.247240493902501,-12.8233223212618,2.77246147045263
"DR1",2.88347199668003,-10.6779593978369,2.55515535078686
"DNTTIP2",3.23926997986795,-8.96763608491085,2.01743834668241
"GCLM",1.14024569450144,-7.88941748460934,1.43633221138779
"ARHGAP29",0.180985613396356,-23.3291619786176,5.17308116995691
"ABCD3",0.782532425710317,-7.70280298285948,1.23155679260658
"CNN3",0.324888038669056,-6.92378804523469,0.572080684779281
"ALG14",0.320028085742081,-14.263330351266,2.91290165847534
"RWDD3",0.241713046675464,-11.3833057556438,1.81881038780494
"PTBP2",0.0834322378485001,-4.11689042386686,-0.22207861318767
"DPYD",1.29924858574749,-8.86050058871399,1.70358040140351
"AGL",0.147728065977366,-10.6171131679935,1.93691488705896
"SLC35A3",1.30186990526689,-9.62460421832101,1.799076134648
"HIAT1",1.18854365905171,-7.58342967255875,1.31101051543189
"SASS6",0.46342094526328,-15.4519503726833,3.32109953223678
"TRMT13",1.01652040041409,-7.37560502054034,1.21593010799693
"DBT",0.547077191982111,-11.2008958908862,1.99897027963046
"RTCA",2.24922980625005,-10.9415891565717,2.48788968699283
"CDC14A",0.902635536581662,-8.21610800925268,1.44629250516534
"EXTL2",0.36535518952658,-9.14485734389606,1.29146955090142
"SLC30A7",0.611320681452711,-8.82194395901178,1.65213048484526
"DPH5",0.281697360235591,-11.2998307008322,2.6416633100159
"AC093157.1",0.122833668220715,-15.0692766883233,2.69591919642342
"RP11-421L21.2",0.10113786558635,-15.2706494633587,2.65649856595939
"RP11-421L21.3",0.0337200563005067,-9.75520685770906,1.82967573313984
"RP4-575N6.4",0.0983465348820493,-8.195542173496,1.12124933355974
"S1PR1",0.822894104643906,-7.04427516506215,1.08977440778459
"RNPC3",1.01902795530275,-13.3101949378779,2.85847064132386
"AMY2B",0.200267257004761,-12.7030275793247,2.13582382235187
"PRMT6",0.166401236662534,-16.0643741882158,3.31817155202254
"VAV3",0.670421884054043,-4.28214814315613,-0.00238168007420074
"VAV3-AS1",0.109987921702816,-1.30617012671879,-1.45198035164189
"SLC25A24",1.40768808071112,-11.0885233197901,2.4017830369089
"RP11-483I13.5",0.0950573727154747,-19.4900788157483,3.93207251686183
"FAM102B",0.312482646050049,-16.7253331696646,3.41735202543776
"HENMT1",0.131173581289643,-9.26814458191758,1.89427031712499
"PRPF38B",3.19658782195706,-6.31469876400496,1.3735029660985
"STXBP3",1.08471943399954,-8.63437104191614,1.62413652877014
"GPSM2",0.212529614981362,-20.4279106214108,4.34767785421942
"CLCC1",0.699313584881621,-15.0014178582751,3.16842075910972
"WDR47",0.237376039244867,-12.4649290857156,2.11497391816118
"TAF13",0.070808771653424,-9.78264608914339,1.43674173723913
"RP5-1065J22.8",0.361432887472701,-11.7851909845861,2.05620601148482
"TMEM167B",0.934728147420636,-8.80647132405596,1.80710966361044
"KIAA1324",0.292779481680186,-14.0419228619064,2.63735825278911
"SARS",0.605092487907474,-8.27379736989353,1.92947676642025
"PSRC1",0.13690547508923,-18.5509621658751,3.88433099390135
"SORT1",0.0861023720114738,-14.8308919346632,3.01962161527731
"PSMA5",2.13558910188037,-10.5280246382945,2.79137657420369
"ATXN7L2",0.224425865158052,-8.97441285044031,1.08509651131751
"CYB561D1",0.60119388108975,-8.5552622489492,1.37152997725745
"AMIGO1",0.00859399863412732,-13.7147096212657,2.29992516734052
"GNAI3",2.3496343966979,-12.2954613989151,3.09715090497648
"AMPD2",0.948254086252357,-18.0291058793599,4.4650686588718
"GSTM4",0.167892913918979,-14.9283653348813,3.02558449335216
"GSTM2",0.433401993547392,-6.52011203322437,0.537491684033382
"GSTM1",0.398796194546374,-12.6411100523497,2.32087822818536
"GSTM3",0.401818182180119,-11.0207992403693,2.21316920227918
"CSF1",0.134206383490978,-14.8914117690037,2.74806858533814
"AHCYL1",0.738738324906512,-13.1243364135984,2.9237649970127
"STRIP1",0.553648257916104,-7.58517511809869,1.15038485999739
"RBM15",0.221193723898584,-7.32290515945297,0.862186360387235
"SLC16A4",0.25408977857331,-8.86973502673682,1.0760292824209
"RP5-1074L1.4",0.0186135827860542,-43.1140445786053,10.5264535558268
"LAMTOR5-AS1",0.110786073803688,-20.4523074398622,4.15609340664564
"LAMTOR5",1.21439034300372,-9.51660454983951,2.52281489749121
"RP11-284N8.3",0.324684966693134,-9.57157006444748,1.35834986492648
"KCNA3",0.74765393320819,-9.93518210162203,1.95610924260241
"CD53",2.02131542314586,-6.9860843847389,2.06321296865659
"RP11-96K19.2",0.0736077941464581,-15.8404676644676,2.82265278738898
"LRIF1",0.558312732380495,-7.72577568853905,1.36855906806753
"RP11-96K19.5",0.134620630509467,-16.9192064337372,3.23402061945568
"DRAM2",0.553811649924506,-8.56600588872541,2.06655545782679
"CEPT1",0.153496681673236,-9.40544309815764,2.00874063835862
"RP5-1180E21.5",0.447544818136613,-2.45580542184695,-0.492718218078404
"DENND2D",0.559284648753409,-4.62592524508173,0.900482332380668
"CHI3L2",0.0612627082774267,-6.16471133969317,0.988717565394975
"WDR77",1.28339635116652,-9.73224910938928,2.07089805965542
"ATP5F1",2.2062072794678,-10.9135528226819,3.0321563763916
"C1orf162",0.722368537813061,-11.5536303066034,3.32983505174982
"RAP1A",2.16668379548513,-9.96723215337275,2.6962984883211
"FAM212B",0.0183349805684567,-28.4254076774279,6.78824674694336
"DDX20",0.794618555962168,-6.36845106034523,0.672944628761782
"CTTNBP2NL",0.138066658842957,-27.4177164966331,6.1259692256261
"ST7L",0.0578013987116918,-11.761817231013,2.52366202311681
"CAPZA1",1.57959507455332,-12.3708320401783,3.17681876338968
"MOV10",0.229807476768371,-13.2333296453001,2.68302754282865
"RP11-426L16.3",0.0919672381508201,-16.6312652941437,3.05274865636949
"RHOC",0.362744274317758,-16.0924729932759,4.41581400055677
"PPM1J",0.0993537663319582,-27.8886170774131,6.25689697743471
"SLC16A1",0.275567030570263,-15.6681193815507,3.28339576940783
"SLC16A1-AS1",0.135185574243707,-10.3722408419859,1.3553153261177
"LRIG2",0.0898438926305777,-5.72638855523158,0.376963764352333
"PHTF1",0.575652568183434,-7.74141441653745,1.25068266354819
"RSBN1",1.65820416575697,-6.21001023190865,1.10145022946452
"PTPN22",1.02593735257717,-7.67913220336253,1.30579449720116
"AP4B1-AS1",0.122046936606068,0.531224519390079,-1.96665049514422
"AP4B1",0.770568747864238,-9.06458515528847,1.48583126330197
"DCLRE1B",0.125396412578338,-20.0018762600637,4.3939450067445
"RP5-1073O3.7",0.0504875903858246,-11.9058819999736,2.51467805345782
"HIPK1",1.3718225057101,-11.1996917376422,2.38053114251844
"TRIM33",0.922009129464655,-15.5795626970067,3.59802478171193
"BCAS2",3.64974563710376,-7.62910338404523,1.75417626027338
"DENND2C",0.182177093292456,-25.7105752502019,5.69991184983587
"NRAS",1.12534976204344,-16.2006002862116,3.7307025873065
"CSDE1",1.9496831010382,-9.79437037917686,2.62566205364861
"SIKE1",0.808143010281806,-10.080273502484,2.0931321902202
"TSPAN2",0.411179663698062,-9.92718839703031,1.84662131701865
"VANGL1",0.112230295027052,-12.7566421114053,1.97355365418804
"ATP1A1",0.839237460258696,-10.7741682793016,2.77137878727666
"CD58",1.35481790906266,-12.0528739664049,2.71957894070524
"CD2",0.502397482822803,-5.96369752866912,1.60262636352712
"CD101",0.173688718422234,-15.0886552352619,3.08356114646954
"TTF2",0.476193654546032,-10.2766692126655,1.6862835439771
"MAN1A2",1.20591771414186,-7.84889120591527,1.30443485919541
"FAM46C",0.310923906712452,-8.5376877366415,1.64145952423954
"GDAP2",0.44426548889657,-16.1508807293,3.51622666122769
"WDR3",0.417110509565915,-11.3248170650794,2.11747184607306
"WARS2",0.0123093879310272,-12.5755540228441,2.60471022855932
"RP11-418J17.1",0.269966025220008,-6.22755168711908,0.309790988466332
"PHGDH",0.0767267174904873,-27.7963050468304,6.65356168615671
"REG4",0.0527499884639408,-7.37471389173407,0.689409602560103
"NOTCH2",1.02507029035985,-14.4341935336582,3.37574026745126
"FAM72B",0.234970318109727,-25.6830625073533,5.73541560746138
"FCGR1B",0.366988209501178,-11.3508290128304,2.25570697172258
"RP11-343N15.5",0.402140042201706,-12.0456753841573,2.32158182982355
"RP11-344P13.6",0.334506552782757,-12.2053204161384,2.1342888910398
"RP11-423O2.5",0.0887319658016751,-7.84151788241656,0.463733504785091
"RP11-782C8.1",0.133752245725005,-18.6432938427229,3.68813938275975
"LINC00623",0.0891574377912017,-7.34371205992277,0.315036843253633
"AL592284.1",0.234704753160573,-7.95760854715618,0.783057712726202
"RP11-640M9.1",0.776432060308812,-6.1746667535642,0.608360156468916
"NBPF9",0.469978759169346,-10.5518061905678,1.77807109332176
"PDE4DIP",0.259721520795936,-12.7486674223149,2.65991747231653
"AL590452.1",0.0321498401266981,0.257619039354258,-1.57738514397599
"NOTCH2NL",0.598442011320921,-11.318889347617,2.71874533303816
"NBPF10",1.09224379073717,-11.8451325809041,2.74894148503424
"TXNIP",2.40462562037625,-3.5546375134955,1.23363284228554
"POLR3GL",1.01401549554697,-6.38850441558421,1.48259123131232
"ANKRD34A",0.145397594364608,-16.1773542292701,3.01861447999514
"RP11-315I20.1",0.158797102622714,-20.209044449683,4.28502920332574
"LIX1L",0.278315143428289,-4.50443868898606,0.492653864710358
"RBM8A",3.70789387570726,-9.19212022218622,2.45238149714132
"PEX11B",1.20789307912117,-10.5981002987034,2.19112996194876
"ITGA10",0.0909841391635419,-10.1940501295981,1.16340346362269
"ANKRD35",0.215871800952213,-6.11674816426775,0.209905836600634
"PIAS3",0.408864885919885,-17.0395798513255,3.60026724463327
"NUDT17",0.170092400332196,-16.7858450403521,3.26822199832455
"POLR3C",1.36580928442988,-13.6270642320709,3.03842361074521
"RNF115",0.762289173913203,-8.96168219717818,1.96815248725684
"CD160",0.0366723551131354,0.757093035381925,-1.15582672825951
"GPR89A",0.728443348502137,-13.0548780924106,2.64452617545609
"NBPF12",0.150625770023208,-13.4687590219555,2.71473089085269
"PRKAB2",0.613213436726922,-7.1975725464735,0.842949146148922
"RP11-337C18.8",0.155320828938328,-23.2742095445231,5.15753841620742
"FMO5",0.411123722653461,-14.957833915687,3.00991130876498
"CHD1L",1.10611607020191,-11.3652293733226,2.26894517459052
"BCL9",0.3940924106386,-13.1538328085567,2.47092880285039
"ACP6",0.174234635141287,-5.99322392991378,0.436736823821828
"NBPF14",0.433972452606609,-15.5442574300185,3.19259550230473
"NBPF15",0.178087883820436,-7.243012285507,0.491977590517455
"RP11-14N7.2",0.171864067585931,-15.6011831576539,2.95478247859974
"RP11-403I13.8",0.688737926689446,-5.06440540397464,0.361153302349366
"RP11-277L2.3",0.663729082406303,-5.13406042327068,0.537564084414047
"RP11-353N4.4",0.560240129224575,-3.35731947070322,-0.333408449621669
"FCGR1A",0.110313258860583,-12.5657382984717,2.87645677648813
"RP11-196G18.24",0.0896181248751286,-6.95634837348115,0.199171221603789
"HIST2H2BE",0.318118661551273,-13.1675668020558,2.91077593905093
"HIST2H2AC",0.398761212735393,-7.47715789090743,1.17618094241663
"HIST2H2AB",0.107193665621467,-4.31099721329499,-0.540884654090004
"BOLA1",0.08989060666274,-6.6715601698142,1.08272681107065
"SF3B4",1.19504824240398,-11.7279674908433,2.77227898598353
"MTMR11",0.281420553842138,-16.701840722158,4.08146994034371
"OTUD7B",0.160439666322424,-23.3668685238136,5.08281321334047
"VPS45",0.958583280371445,-9.90714080396612,1.87038654752965
"PLEKHO1",1.29845975776443,-15.2941709013046,3.79438333831461
"ANP32E",1.22545513764658,-11.7611666973607,2.73927666225872
"APH1A",2.3778823792002,-9.81543995816671,2.48257097789904
"C1orf54",0.14110281565386,-19.7951678399277,4.60897395796807
"C1orf51",0.014291894987438,-26.2895205209014,5.86204881793583
"MRPS21",1.04557249033171,-8.21046602601228,2.07133522080088
"PRPF3",1.1386005808467,-11.2355890993948,2.21730901179287
"RPRD2",1.40322045374639,-8.5311427577681,1.57201254479775
"TARS2",0.740755915649458,-14.9912199811828,3.20133110822766
"ADAMTSL4",0.369290014832684,-17.4314624931583,3.78288855460258
"MCL1",1.76037039311265,-8.39083338518955,2.34809447911249
"ENSA",2.01916803883076,-9.84497467100904,2.64926013677967
"GOLPH3L",0.703436696128566,-8.62368907198771,1.41890575765485
"CTSS",0.512191297858199,-11.9711210361864,3.72920215610656
"CTSK",0.177165852878951,-20.379537762401,4.30367829823031
"ARNT",0.685255780952944,-8.79704625195808,1.47013597250018
"SETDB1",0.197373801685664,-12.3519394552231,2.54406495058952
"CERS2",0.554709199764175,-8.17362657103986,1.75369259549384
"FAM63A",0.547865593927505,-7.7094167994047,0.977015347517169
"PRUNE",0.00020368987146488,-28.2820257965149,7.07198642152408
"C1orf56",0.254699040758079,-3.27112373108389,-0.227817169646991
"CDC42SE1",3.6862633844151,-6.47246895428782,1.51619458978587
"MLLT11",0.0267375590215799,-5.8084664926302,0.899566393097034
"GABPB2",0.708236239178305,-9.10818135725392,1.63094701483782
"TNFAIP8L2",1.84664717236967,-11.8065339071005,2.83436592468655
"SCNM1",3.26081822264667,-9.61840255642941,2.25580505807571
"VPS72",0.334940203132476,-11.4978700941835,2.66246967749101
"PIP5K1A",0.711206872359894,-12.566961250338,2.5724737840312
"PSMD4",1.90384943288363,-11.3221392289076,3.04698021976762
"RP11-126K1.2",0.264199160153129,-15.31548735365,2.96955282233124
"ZNF687",0.467879890345958,-5.68948375359075,0.313371864069104
"PI4KB",0.169889719872635,-15.0625480706242,3.62983739281195
"RFX5",1.10510720251814,-13.1803306234781,2.87306158854878
"RP11-126K1.6",0.0539857940783393,-15.5534266286523,3.05878527490211
"PSMB4",2.12915970261783,-12.6262020710513,3.268001705875
"POGZ",1.05682643235256,-13.501139266344,3.0107634518146
"TUFT1",0.125509730021642,-8.39163409382047,0.72800021957493
"SNX27",1.43855604711425,-11.4820410318524,2.46822558048579
"MRPL9",0.551965575483531,-10.490839673644,2.58243181634123
"OAZ3",0.0711934705424007,-18.8168460556623,3.68560944653159
"TDRKH",0.315283330268434,-13.4008990732586,2.46778143077024
"RP11-98D18.9",0.14923848935417,-20.8418732475187,4.49325261802566
"RORC",0.389524147944388,-9.6283551540313,1.434469747321
"C2CD4D",0.000670758475249407,3.76179782685932,-2.49315020056831
"THEM4",0.171149762836696,-13.1408304482353,3.09550075441994
"S100A10",1.25514864517645,-10.1293571924426,3.17464570050928
"S100A11",0.617056932849088,-11.9365283264548,3.7073785845864
"S100A9",0.110088379621647,-5.15981596273465,2.06519730548477
"S100A12",0.0524085050806995,-3.97754069168625,0.50759525463985
"S100A8",0.0907779195660702,-1.63495717740603,0.831236559276812
"S100A6",0.953590334928819,-8.64465352519215,2.97642859008061
"S100A4",0.8804495786949,-8.35648502158906,3.05244777251422
"S100A13",0.126929456223765,-15.3588121869681,3.1135076813441
"CHTOP",3.2776179599344,-10.3041569513465,2.39068543469807
"SNAPIN",0.357574415613711,-7.77145876785881,1.73569672749228
"ILF2",1.76234033740112,-11.9767495289202,3.12386408593893
"INTS3",0.687033968210735,-10.8888657866626,1.9965172099708
"SLC27A3",0.50837105554268,-10.8370720539476,2.23884755328552
"GATAD2B",1.35692857566188,-9.48748387344602,1.85104526753357
"DENND4B",1.7595851641532,-10.4468704666224,2.15473351324989
"CRTC2",0.0551528935809085,-8.40918867705788,1.5729596549114
"SLC39A1",0.22834764211701,-16.0141771123005,3.96034706008732
"CREB3L4",0.524209828376427,-3.35367469776703,-0.354580998077375
"JTB",1.36782788441239,-7.77022153685644,2.17152990449356
"RP11-422P24.11",0.0917366038613734,-10.0823068222741,1.13028182610293
"RAB13",0.0975155990219377,-18.5161016762174,4.26678533228822
"RPS27",4.60376396674468,-2.43228423729645,1.56129422418098
"TPM3",2.58566418575818,-10.1591117063884,2.92464696444471
"C1orf43",3.40999242558809,-11.7032101356258,3.07401895767255
"UBAP2L",1.1763140331737,-13.4324377960669,3.04182701273215
"HAX1",1.23578631719334,-11.1327967625409,2.89409900219349
"ATP8B2",0.507493049979313,-6.54129254550143,0.589770117239239
"RP11-350G8.5",0.10958343553594,-9.1741970502312,0.914881717772542
"IL6R",1.57322641083645,-13.2924685125254,3.1106350535175
"UBE2Q1",0.0178368689873585,-15.4952257460317,3.66728070505892
"ADAR",1.12884533037504,-8.69262396970024,2.12050733253252
"PMVK",0.501671656373314,-13.9137429826701,3.61204582522176
"RP11-307C12.13",0.192488577466914,-11.0784885701262,1.65794301967832
"PBXIP1",0.723015123599177,-7.97789400840237,1.88491823177162
"PYGO2",0.401296134066929,-7.26694310947538,1.01704413427691
"RP11-307C12.12",0.00561647793284698,-12.1164236582407,1.78519013217919
"SHC1",0.360434965007042,-13.1677684504879,2.80865890496927
"CKS1B",0.247132659546663,-12.4841164884166,2.96515857729995
"FLAD1",1.89577082347435,-8.95127472679169,1.79506251153858
"ZBTB7B",0.54894323927892,-13.3301667712442,2.95808893866058
"ADAM15",0.751467946545551,-17.6493648003101,4.05008553535445
"EFNA4",0.827087964984077,-13.1705438823286,2.78754694351399
"EFNA3",0.099005388461421,-13.0470911210996,2.0588894324589
"SLC50A1",0.34032977077182,-8.22698841876354,1.64778100418337
"DPM3",2.11667541187501,-8.94485663427576,1.83769638260494
"KRTCAP2",7.35975306382185,-8.21457692904232,2.14762874410774
"TRIM46",0.163235810493297,-10.4865939365502,1.42395384805769
"THBS3",0.147476339188347,-21.087310014362,4.56330888810654
"MTX1",1.15043938473485,-9.94868846131463,2.08023233463118
"GBA",0.504047269998499,-8.81684593360843,1.28618432822728
"FAM189B",0.239465654221881,-14.3648081420601,2.90482944383549
"SCAMP3",2.56669289907529,-9.24033633848619,2.04207471588078
"CLK2",0.610942819580459,-11.9889057085582,2.28992696047776
"FDPS",1.08279388419066,-11.3417136585373,2.81508572710897
"RUSC1-AS1",0.0788447055028149,-18.9148555214134,3.71388062043859
"RUSC1",0.743784068250867,-12.3448877794776,2.55559687004851
"ASH1L",1.24463413227271,-5.30963858434398,0.745766706617246
"MSTO1",0.0251872800030515,-9.5101027601063,1.22014620955033
"YY1AP1",0.862329917409838,-11.5060577743474,2.54842735629654
"DAP3",4.40235972053302,-10.331799663381,2.57663591500477
"GON4L",1.321657825577,-8.7680797403428,1.83029761462517
"SYT11",0.630787879622557,-12.4678096170057,2.42233073237182
"RIT1",0.13042224318334,-7.78236634415907,1.34508447585251
"KIAA0907",0.639686335599494,-5.86859901353847,0.851115601185717
"ARHGEF2",0.458833834775892,-10.5154426118812,2.41930976384142
"SSR2",2.42039519661445,-7.61774600619434,2.29864739661721
"UBQLN4",0.411161339949044,-8.46200611266283,1.1023383856089
"LAMTOR2",0.851837283910769,-10.2143575933654,2.66921498416174
"RAB25",0.1985508990711,-13.8319275764717,2.43865060112832
"LMNA",0.207692452427236,-14.5526072472436,3.54961574759927
"SEMA4A",0.758073967246273,-19.7890770598653,4.84928236666565
"SLC25A44",0.370733474144228,-11.7191219358369,2.21847000030861
"PMF1",0.694126961246435,-8.27854160973341,1.91227754099938
"BGLAP",0.00800150519548527,-0.295849459538722,-1.71335997622126
"SMG5",0.46988948933048,-14.5425201656064,3.08426731790654
"TMEM79",0.531695400199885,-11.6800292653387,2.13966601003978
"C1orf85",0.588622230522631,-12.9548451965383,2.77857700019208
"CCT3",1.69447835836019,-10.2742080974801,2.63966887592511
"MEF2D",0.198672586133815,-15.291103745656,3.50845939974674
"TTC24",0.15997331905436,-17.4305555065913,3.42084661547601
"APOA1BP",0.62687650776739,-8.90649401130375,2.02063384584616
"GPATCH4",0.0686435058970747,-14.0500209918756,3.30576973304369
"ISG20L2",0.363644436284819,-9.93122974459007,2.11711556062924
"RRNAD1",0.31793105010858,-9.36212466134083,1.59828943946694
"MRPL24",2.32909682975595,-11.7549047973605,2.76619231904949
"HDGF",0.139738662344165,-10.5056120230256,2.32841469455588
"PRCC",2.13259348533935,-7.88873772530377,1.49349619689422
"SH2D2A",0.292733759310424,-4.9059292739401,0.669885960536428
"ARHGEF11",0.143047865611637,-3.81833687012314,-0.602740178838132
"ETV3",0.780822385550931,-11.7543754609097,2.27074848924652
"FCRL5",0.0696766190394877,-15.8285418129035,3.40043089610176
"FCRL3",0.868608379434561,-1.79753775438648,-0.671906454010097
"FCRL2",0.0259485243374142,14.5588581311394,-5.56811029337639
"FCRL1",0.433372520353753,-1.21730637006663,-0.555718194024574
"CD1D",0.315582821104111,-16.2142847687365,3.96653398309305
"CD1A",0.110695296207989,-13.2656541505551,2.12305539220241
"CD1C",0.0738472996849636,-23.8828422510126,6.04454754046125
"MNDA",0.353792851630687,-15.7677140630082,4.1467593485185
"PYHIN1",1.5814215163844,-2.25491212016442,-0.158519909640712
"IFI16",0.957288199831987,-9.371813779292,2.32567795234832
"AIM2",0.0384211511528246,-10.3074373405785,2.03625423818299
"FCER1A",0.0214854054801881,-27.8624650460215,7.37156993124306
"DUSP23",0.579342787709541,-15.0885033124533,3.81419516698499
"FCRL6",0.081314280446462,-0.781724691610701,-0.696982062956525
"VSIG8",0.0906073762275469,-8.64313751884511,0.702704335904227
"TAGLN2",1.61598921293242,-9.75522444056433,2.87040699483113
"PIGM",0.54914630762111,-7.25591212194826,0.832829653768799
"IGSF8",1.16472392541773,-10.7562264900348,2.29137190125896
"RP11-536C5.7",0.120656100982639,-18.5108756255819,3.69440882135065
"PEA15",0.508315066793534,-12.9590070604707,2.82199375082817
"DCAF8",0.138653073836968,-9.89412625863362,2.12181334117705
"PEX19",0.116103495300286,-12.9466825928593,2.95441633438865
"COPA",0.914372671626372,-11.3771741658746,2.55608973246613
"NCSTN",1.32429254389827,-11.1530468276211,2.43524189597114
"SLAMF6",0.408680995196777,-9.3434717268648,1.90237047333403
"CD84",0.230846246772682,-11.1445052387981,2.52289149186207
"SLAMF1",1.08005797537224,-8.31669012450509,1.46316397288342
"RP11-404F10.2",0.077612089630968,-15.1354492093115,2.61703194426434
"CD48",2.42684585135376,-7.67628253718972,2.4047508506135
"SLAMF7",0.167955721432687,-9.26909862071195,1.72732351511126
"LY9",0.630039121158582,-5.73760679556737,1.03977225213647
"CD244",0.292813580378293,-9.48099836069932,1.85195287479673
"F11R",0.0925971846709621,-5.34970100770317,0.161739426254726
"TSTD1",1.87466824746944,-4.84239761116265,1.05710105036373
"USF1",0.180508467624747,-15.8800390449456,3.54031219551383
"ARHGAP30",0.81104490060014,-9.93154263353336,2.46074860757597
"PFDN2",0.687430262861761,-9.96100627669954,2.53667237924517
"NIT1",0.178702140933629,-10.4761212862952,2.24701830590238
"DEDD",0.0618451119886062,-15.2266284585405,3.5617596571343
"UFC1",5.4120203933159,-8.46236263356885,2.30425323120952
"USP21",0.485375344598488,-5.69383256790536,0.32595312144781
"PPOX",0.63906731381577,-15.1553523960383,3.31496114390425
"B4GALT3",2.06778050412651,-11.6674986602092,2.65238580318273
"NDUFS2",0.837292135939357,-10.5926430868192,2.6714254976039
"FCER1G",0.239410193952985,-14.5582668136416,4.47344223251737
"TOMM40L",0.455414168786945,-7.93410103954733,0.982076145442789
"MPZ",0.0321018733092972,-11.5517820121489,1.84658842147714
"SDHC",5.81812636844921,-9.5778728700318,2.4233352829252
"FCGR2A",0.176110565845115,-14.5289598291159,3.6692548389011
"HSPA6",0.27814485692063,-18.054357883913,4.16124600784582
"FCGR3A",0.128077447564389,-16.2607696846242,4.67431505268554
"FCGR2B",0.0586154791282591,-9.00581569800611,1.70633901402584
"FCGR3B",0.0121630379740203,-17.5986057266381,3.70369471018564
"FCRLA",0.0686421431153842,-0.190527886966107,-0.780793508061557
"FCRLB",0.0550383627783747,-5.4668481201159,0.235061072020986
"DUSP12",1.89122782867457,-8.00530909744004,1.47291269161941
"ATF6",0.282695149173503,-8.68630189288386,1.64971314008951
"SH2D1B",0.077760379491769,-5.47077440917211,0.568308480542768
"UHMK1",1.55663591205765,-8.63881979240688,1.62282674287229
"UAP1",0.49888225626628,-12.0796772706606,2.61374732986765
"HSD17B7",1.72410833677097,-10.7564849232848,2.20337288018144
"RP11-267N12.3",0.179298128043227,-8.19471925417945,0.775544422730257
"NUF2",0.209870079059867,-35.3481249376869,8.41056927393152
"MGST3",4.55385998036841,-9.52141099195963,2.41245462157109
"ALDH9A1",1.76032914791052,-9.80704046600849,2.27033095663766
"TMCO1",0.65665792789961,-10.1046398669663,2.54400836688071
"UCK2",0.349479429910279,-19.0938022865981,4.28965661024113
"POGK",0.798313481770857,-13.9907348298907,2.95448853491438
"TADA1",0.235526028916988,-11.2003892828445,2.00815059819433
"GPA33",0.509942615968456,-9.30563758980787,1.41036322008947
"POU2F1",0.431429527335127,-13.5386252439064,2.86103382216712
"CD247",0.444983002394808,-1.9013207783539,0.318901927975197
"RP11-104L21.3",0.126339727263657,-4.23923171214803,-0.0234734311662777
"CREG1",0.570221619484007,-12.6846418748844,2.99749299488015
"RP3-455J7.4",0.143653264753528,-5.73630648144795,-0.0255741904063378
"RCSD1",1.37985936326228,-8.26418111724783,2.06226731007052
"MPZL1",0.543984745326737,-21.0205338927127,4.82036931670814
"MPC2",0.448272864708406,-9.51582236397087,2.34668328599274
"DCAF6",0.651165546279804,-11.2354447027788,2.31851420732948
"TIPRL",1.74721257611271,-13.0430914199017,3.04651156364369
"SFT2D2",0.94511672374243,-15.80801951027,3.66397775276828
"TBX19",0.0826854431279501,-13.7684650638518,2.21706833946073
"XCL2",0.0599587319395508,-1.29159494359315,-0.357242528153534
"XCL1",0.0584684079405203,-0.840479320935803,-0.691873040650692
"ATP1B1",0.0855723119500958,-23.9248316709002,5.43616216034462
"NME7",0.145519126850185,-10.7306639645502,1.90468438063281
"BLZF1",0.0378033675754803,-18.8460783718942,4.5038541326974
"F5",0.0825326840747173,2.05375801701411,-2.12754145395198
"SELP",0.114643623160181,-14.087642839275,2.36399562025005
"C1orf112",0.0830697164402759,-22.6405449450772,5.02974276200668
"SELL",0.947052742605766,-4.36274243321,1.25874069895687
"METTL18",1.24914545223392,-3.54505641702859,0.105985931347774
"SCYL3",0.794779374781627,-10.6689975616224,2.04634310433722
"KIFAP3",0.746308934751579,-8.30521279881186,1.24810041993487
"GORAB",0.321715913632317,-15.4223307268946,3.19139321530905
"FMO4",0.188663867731999,-1.85288212284707,-1.10130247675226
"PRRC2C",1.85670763032867,-7.00385400188707,1.63858224203218
"VAMP4",0.793720987253376,-6.72286127030653,0.991123352553481
"METTL13",0.145664181283501,-17.8846142963869,4.2485941209485
"DNM3",0.0502963215310451,-16.8685906893938,3.21934015727659
"PIGC",3.07576977391282,-7.03479782699811,1.44599112206781
"SUCO",0.63327621223165,-10.7521767324792,2.03019587213134
"FASLG",0.105606961388222,-0.760594923175302,-1.03351555122549
"TNFSF4",0.0172338941630847,-17.9124993571434,3.74163674103246
"RP11-296O14.3",0.121407753023413,-16.0334495142878,3.30921105700663
"PRDX6",3.91817933863426,-10.1251193321288,2.69932351665972
"KLHL20",1.13786979662536,-5.49542045831,0.635820975539342
"CENPL",0.115752760220575,-16.4824000784588,3.54755001017354
"DARS2",0.263582162127695,-12.8581343945661,2.27225663178806
"ZBTB37",0.444646767912299,-2.08532434442543,-0.782100629422
"RC3H1",1.02609376176303,-7.44740746014504,1.15196559099574
"RABGAP1L",1.02959008150767,-12.4907819794481,3.03247742428969
"CACYBP",1.14650058738426,-10.8866064048835,2.79434432787822
"MRPS14",1.7630646794435,-10.8388574832308,2.44807553484069
"KIAA0040",0.148353884722194,-7.85265585058984,1.5819076434436
"RFWD2",1.67980799367491,-13.3035759621393,3.00925411571503
"RALGPS2",0.467230829096115,-4.53137693945715,0.354519063699847
"FAM20B",0.251074276529612,-15.8443790131539,3.33447015366631
"TOR3A",2.1592240169949,-10.7933740097121,2.43334738579862
"ABL2",0.809314436444613,-10.4278803460387,1.88772235513649
"SOAT1",1.21881308578651,-8.63980783983648,1.58372060862586
"TOR1AIP2",0.753646502530748,-11.7661215785229,2.44986183428198
"RP11-533E19.7",0.361959173728945,-10.3316680574494,1.61400086811837
"TOR1AIP1",1.08189006904785,-8.19875892667961,1.61262096166559
"RP11-533E19.5",0.125662323556595,-5.12910142461236,-0.248056674318887
"CEP350",1.40313550897863,-9.55340429463295,1.91254151502378
"QSOX1",0.0848475032892042,-7.85447684738233,1.41888236514783
"RP5-1180C10.2",0.0978704878251493,-19.1740120805294,3.84110767872404
"ACBD6",0.78825261051761,-10.2639147888389,2.25451989610854
"XPR1",0.202358493250965,-14.9354097786678,3.0605686854553
"STX6",0.560118667224276,-11.740314070754,2.30329984504153
"MR1",0.290592027236274,-10.2619399072443,2.11328194359726
"IER5",0.786864359277427,-11.3144982382184,2.5476825742031
"RP11-309G3.3",0.157313801937495,-13.1654468884735,2.21260236560136
"GLUL",0.768865090363343,-13.2199288865704,3.34012495215923
"RNASEL",0.0526712955388172,-8.9417603186829,1.32315100085155
"RGS16",0.0145856676661889,-9.64458798645032,1.41109581177836
"NPL",0.365880581439353,-13.8137287322577,3.11026871186634
"DHX9",0.148014128714581,-11.1780267159061,2.59063475329941
"SMG7",0.384584728090308,-8.91685429593761,1.49497654149127
"NCF2",0.300141107786254,-13.7819653238174,3.71164936110071
"ARPC5",1.73322815606157,-10.9842805718117,3.23890203318606
"RGL1",0.171306210390009,-11.748979121866,1.79638655553724
"COLGALT2",0.00837523202683798,1.92119402529124,-2.39415439374929
"TSEN15",1.66927422184418,-10.6785491045134,2.37285254904736
"C1orf21",0.150802414967917,-1.65409878803948,-0.493682719604536
"EDEM3",0.56721783206289,-12.8595028725447,2.52062087130019
"FAM129A",0.583957155070828,-10.6189941734415,2.04098126792637
"RNF2",0.879318829569512,-13.1957536198147,2.9159944635202
"TRMT1L",0.1270176503585,-11.541985295085,2.26731419658569
"SWT1",0.274391276798713,-11.5474187236112,1.88741262331756
"IVNS1ABP",1.49010606754873,-10.7172355946232,2.38729009424804
"TPR",0.927786737431555,-7.09044379121767,1.61267079038531
"C1orf27",0.759263443679391,-9.50791375287857,1.61021753477701
"PTGS2",0.148099251768451,-20.339278898221,4.32231393815756
"RGS18",0.0712853378377239,-12.9944358715866,2.93121004586307
"RGS1",0.144948797085254,-12.1662114802719,3.0809931676415
"RGS2",0.503414419577867,-11.3566584408983,3.16004000501229
"UCHL5",1.08071256236194,-9.0872762138857,1.78262130468147
"TROVE2",1.64245767494878,-8.81789558051753,1.89761982562153
"GLRX2",0.550144577776956,-13.0471477621365,2.81294804307271
"CDC73",1.40445954342128,-10.9460772933141,2.34019344976302
"B3GALT2",0.0880308675741623,-22.3437051083417,4.69668894263419
"CFH",0.444713607835605,-11.075131325868,1.88674075084126
"ASPM",0.100095054682817,-37.0443105458793,8.7345447604987
"ZBTB41",0.215025290532514,-4.3904119038615,-0.308125567196124
"DENND1B",0.496507555714843,-8.06828666679676,1.28888563691863
"C1orf53",0.238722237644229,-17.2877036179276,3.54137299103679
"NEK7",1.55028160709891,-9.39447304667076,1.96649019746104
"RP11-553K8.2",0.0788538005956732,0.229767983222713,-1.97739160329504
"PTPRC",2.53393100621551,-7.88192678840539,2.22178728656555
"MIR181A1HG",0.320297745500987,-10.8913477435264,1.76386707534709
"ZNF281",0.818320959743094,-7.2557519054431,1.11055207781127
"DDX59",1.1528100513829,-12.7521153512921,2.72323186913914
"CAMSAP2",0.103496639941077,-17.4508149667939,3.34342080885354
"KIF21B",0.651261299908484,-3.17195696565952,-0.344193604695113
"TMEM9",0.884585289870982,-11.4715345091748,2.39414192199944
"PHLDA3",0.1107886559721,-19.8627739966831,4.03920414796495
"CSRP1",0.17240523626284,-11.1353851489094,2.58302825140246
"RPS10P7",0.0313005913692996,-22.4663856404727,4.89872385360212
"NAV1",0.181989531787453,-18.8850418573174,3.93238859027213
"IPO9-AS1",0.107664368335009,-5.95775553320306,-0.0454461262761135
"IPO9",1.34244438552516,-17.052613498208,3.99343964401757
"TIMM17A",0.158250897783922,-15.8787186187341,4.01658750541475
"RNPEP",0.674627834538307,-15.9265277078731,4.03128626176087
"ARL8A",1.03879056425705,-14.0748819871113,3.09681235281863
"PTPN7",0.170953355488591,-3.90412907915553,0.552256192152449
"LGR6",0.161296079912964,-7.20799089341913,0.45008018413385
"UBE2T",0.63781125883836,-19.8232373904045,4.6457924792172
"PPP1R12B",0.275078221509189,-16.6533085873822,3.37782044598256
"KDM5B",0.19753945015024,-17.5686468645648,3.86086277111251
"RABIF",0.300567692598817,-11.8705339212381,2.71162572979266
"KLHL12",0.636857953607713,-12.8869782992666,2.64427932276572
"ADIPOR1",1.43818723292066,-11.8777253198537,2.94617370523837
"CYB5R1",0.610722779625383,-9.46320278150694,1.93551939285852
"TMEM183A",0.969309395427599,-13.728061239138,3.30038584287004
"RP11-134P9.3",0.344669434596382,-11.4910515863424,1.9554403799793
"LINC01136",0.252119799184688,-6.56575293958867,0.390237324195461
"BTG2",1.53995814928199,-5.55338780662882,1.45758416007493
"ATP2B4",1.07232393016984,-8.04185060623978,1.38192583636803
"LAX1",0.5675776673833,-15.7864336426169,3.33700369280645
"ZC3H11A",1.16991113441264,-10.5763889097231,2.2225708034114
"ZBED6",0.130608162166947,-12.6269370751731,2.44414547926089
"SNRPE",0.640838671719336,-9.84673599772195,2.43539382632584
"PPP1R15B",0.496755102964205,-10.0134839174814,1.93942860653048
"PIK3C2B",0.305701581318156,-4.46784886507716,-0.180105828914274
"MDM4",1.98914440177851,-7.85961117530046,1.55953092110307
"RBBP5",0.24084031310747,-11.7753245636213,2.27030197306967
"DSTYK",0.979516368808264,-7.87014037746645,1.26095582788773
"TMCC2",0.0142743491286295,-30.0250610363015,7.03678537106692
"NUAK2",0.290855568434687,-4.59890588147181,0.247122221920699
"CDK18",0.109220175543101,-16.5315535711355,3.07675190934208
"MFSD4",0.151788845616704,-12.2984202126922,1.92341320211605
"ELK4",0.562038292358792,-10.1007578820224,1.81004133967908
"SLC45A3",0.12583650541587,-2.27552342845194,-1.11021069154378
"NUCKS1",2.88993447517903,-9.39739959013126,2.31783395977509
"RAB7L1",1.55870800289414,-7.33017408706421,1.47354456896498
"SLC41A1",0.0915311589253713,-7.8988160119265,1.02381350987434
"FAM72A",0.09564240855075,-26.9960119605576,6.22796708385833
"C1orf186",0.00621005569864441,1.68225918468616,-2.36801044326921
"SRGAP2",0.233054328002363,-18.8705967800065,4.31269704353182
"IKBKE",1.18707695376374,-9.12256300577,1.85726255562226
"RASSF5",3.9678308644768,-8.88009397275738,2.17244110780986
"EIF2D",0.631600124888325,-10.3403210485711,2.22066702596541
"RP11-343H5.6",0.0980822757750114,-16.4511437510998,3.00039018618249
"MAPKAPK2",1.19647878484854,-12.7095080437646,2.73241836736787
"IL24",0.00540966930118182,-5.46081800662678,0.181078473424557
"FAIM3",0.789517956427793,-3.75731242713967,0.728534035745928
"YOD1",0.0800736045168659,-17.1781519011489,3.21153396504398
"CD55",0.876021635387395,-12.8678199418427,3.41095546537338
"CR2",0.175302735926388,0.906254675238903,-1.97228079832538
"CR1",0.0182962581247437,-9.0993742519217,1.64429610057468
"CD46",3.087280640883,-8.27754511618443,1.79572933498821
"RP1-28O10.1",0.00106257736864656,-12.9923727055905,2.56767681161368
"G0S2",0.0570515229426287,-9.84583838433445,2.35530726171669
"HSD11B1",0.165331898440943,-17.4414659510291,3.424004013188
"TRAF3IP3",1.28909082564242,-6.00001889791391,1.71816065049494
"DIEXF",0.362429083596029,-10.6526291752361,1.98985724657276
"HHAT",0.128898226534744,-15.4732395023422,2.81369218901089
"RCOR3",1.24716374394351,-9.8633789088228,1.94413952060236
"TRAF5",0.894772927024238,-5.79167891780404,0.839299981104579
"SLC30A1",0.131188530122195,-9.98255393025801,1.67608186927097
"LPGAT1",0.150743290899055,-7.29533992485317,1.14745784060199
"INTS7",0.208363714028609,-21.7742486445333,4.92892217550977
"PPP2R5A",1.44968841448022,-11.2346798363815,2.5041917028615
"TMEM206",0.387084596998206,-14.0482041045078,2.98261269504847
"NENF",0.728364214839704,-9.91830799541584,2.42806416173642
"RP11-61J19.4",0.125874261888938,-8.98648252719291,0.904909233721742
"ATF3",0.67135055463101,-15.3036762517632,3.71067031622307
"BATF3",0.226791971402461,-21.4738809158108,5.26013961364036
"NSL1",3.69261837447629,-9.86048524321377,2.21707864934796
"TATDN3",0.285330383923161,-12.697911778138,2.79408816881189
"FLVCR1-AS1",0.263429870834562,-17.5455447834886,3.7039849604696
"FLVCR1",0.0851185509426916,-7.08509060854511,0.666085911948017
"ANGEL2",1.14401337204967,-11.5317194027754,2.37768556354724
"RPS6KC1",0.514508625876168,-11.4190862832382,2.05343658477454
"SMYD2",0.875472195291444,-7.59807357439048,1.3525284851418
"CENPF",8.22456779047034e-06,-32.251598248182,7.69093358212693
"KCTD3",0.101229777712985,-11.2641488276498,1.5338749511526
"GPATCH2",0.449496609300949,-11.0645974106568,2.13260357067879
"RRP15",0.896921308270698,-9.12640469267604,1.66739275310335
"LYPLAL1",0.514517512743529,-12.9432863216153,2.89955127887145
"EPRS",1.15107179669536,-11.087836727094,2.52926355371826
"BPNT1",0.163520526969188,-8.77332040344873,1.45789641378554
"IARS2",1.22147516516899,-13.6643754915422,3.11166195011005
"RAB3GAP2",0.956796271525646,-10.4477951317711,2.07747507016352
"MARC2",0.133392323894657,-9.58313386681945,1.1216339722501
"MARC1",0.0621783334322415,-7.34439682500386,0.80683585729898
"HLX",0.207257330131394,-20.1797463530147,4.37294070856241
"DUSP10",0.0419678034021514,-9.01473391995115,1.63812481674484
"TAF1A",0.550132352618897,-8.47947692988363,1.20539592171763
"RP11-378J18.3",0.000692542654167628,-4.02655135418025,-0.196825151572255
"MIA3",0.921666670218006,-10.8419607812321,2.29322567818376
"AIDA",0.582232438991168,-11.1226297872968,2.11637522055547
"BROX",0.198284878904845,-10.5294917981122,2.07279409662047
"FAM177B",0.29564391353768,-0.41138628069406,-1.4072854770526
"RP11-452F19.3",0.205133492567512,-9.85671616195836,1.75566995066025
"DISP1",0.0212038363777622,-9.40225224805081,1.16241346633366
"TLR5",0.124050188818291,-20.5067303004384,4.55359779412843
"SUSD4",0.0738551695431213,-13.1122516601178,2.41588310033971
"CAPN8",0.0933755718586644,-11.3230208094501,1.49741956783405
"CAPN2",1.94211801860177,-10.2120226646585,2.63778295392379
"TP53BP2",0.0492728210111708,-6.90009007694733,0.795282477122876
"RP11-504P24.8",0.107927794802181,-1.9622138618133,-1.25224630999356
"RP11-504P24.6",0.113255022203433,-16.0953187653535,2.94992700279612
"FBXO28",0.707313584046563,-8.74742463426561,1.46061346247653
"DEGS1",0.70741748881761,-9.7271957826276,2.33260709430485
"NVL",0.810221300129229,-8.73800150786667,1.37616854384604
"CNIH4",0.189363684687427,-13.1631549225862,3.23260877209913
"WDR26",0.523707297362431,-12.1305730823277,2.51839615170712
"CNIH3",0.21107479755286,-11.3100267315328,1.75183241974471
"LBR",0.313065451229549,-6.84834804148219,1.4022502756734
"SRP9",1.33871876741261,-7.87793181270611,2.1031053169123
"EPHX1",0.159572878631265,-10.5888050979768,1.45416078237383
"RP11-285F7.2",0.254549075961747,-4.70532613645134,0.202385837082806
"TMEM63A",0.675714490946742,-7.13533025128264,1.26286730600664
"PYCR2",1.37599324162574,-8.70610684754575,1.90724192262844
"SDE2",0.690189152979861,-11.6128238812774,2.31356052325527
"H3F3A",2.97103751691953,-11.024413827522,3.09728999534793
"ACBD3",0.0323216884481482,-12.6251737714999,2.72139053566812
"LIN9",0.248736516938823,-20.0403846322724,4.3118576205031
"PARP1",0.245603559445296,-4.70383160669154,0.843944017914831
"ITPKB",1.0283204438985,-9.55702053235871,1.88801041516305
"PSEN2",0.25260293839655,-13.7472367722791,2.58570422232983
"ADCK3",0.894456585096038,-11.2649718433065,2.41219772616805
"ZNF678",0.27908746256895,-12.8253718622143,2.50217131698707
"SNAP47",0.065345576558863,-6.65696569857115,1.10687312267837
"JMJD4",0.964361055888556,-11.2419718798148,2.2500664486418
"ARF1",2.1349498674179,-8.35077532016687,2.36563541013554
"C1orf35",0.160364561660986,-11.0802025674727,2.55588352935043
"MRPL55",3.70575043455284,-10.3024927073301,2.57244321080281
"GUK1",2.54378130653995,-8.40244870211168,2.40217103779519
"IBA57",0.49919261339333,-9.93938272198419,1.59753395726651
"OBSCN",0.0148224428241007,-0.537798607355442,-1.21696937450556
"TRIM11",0.529186634728278,-11.4865257048411,2.45133385150642
"HIST3H2A",0.149331636066958,-22.34442314048,4.86408283789967
"RNF187",0.432549267088864,-8.63022953103756,2.05351331884084
"RHOU",0.187356982129221,-20.5327744166848,4.37767600830672
"RAB4A",2.88626200392567,-12.16869310382,2.99545926093394
"RP4-803J11.2",0.0829524027933255,-11.8744827420589,1.66016545525191
"CCSAP",0.154290733574283,-9.91487800671745,1.25482182450384
"NUP133",0.336081264537806,-17.0695342168477,3.62175255194123
"ABCB10",0.267844902924308,-12.4763287714388,2.17924246841418
"TAF5L",0.237585631900661,-11.500565519198,1.85332552105023
"URB2",0.00953502476937679,-7.55292905976141,0.742465344734407
"GALNT2",0.49201208506842,-7.87787048798994,1.27549617538528
"COG2",1.09668835477224,-9.26802235861182,1.81087514869383
"C1orf198",0.000168882469228042,-22.9092618864686,5.08122122829786
"TTC13",0.545227096376017,-11.5885795851222,2.24107183093781
"ARV1",1.71932167857481,-8.18468620156864,1.44013391193981
"FAM89A",0.172540082760585,-13.2054364614669,2.22432711741318
"C1orf131",2.01569869988779,-8.51325857989745,1.7625685852092
"GNPAT",0.156960126432819,-10.397499781859,2.33005187368699
"EXOC8",0.481538484741855,-13.9898186807254,2.81504881715319
"SPRTN",0.0817123667877928,-13.1709162735631,2.99839448853728
"EGLN1",0.494396172926532,-13.6111596556604,3.14131803640947
"RP11-295G20.2",0.266326616135762,-14.402379642763,3.02349387565245
"TSNAX",1.67367087964961,-9.84028567164377,2.25482779855965
"DISC1",0.406935892472371,-13.8028312422566,2.69782131263911
"MAP10",0.0987020171703298,-17.0436587670077,3.17251073674771
"NTPCR",1.90471699440234,-12.0176181249293,2.62970730718766
"PCNXL2",0.132179537639156,-10.0418761701865,1.59433684668762
"SLC35F3",0.109872858228565,-9.972715022664,1.15184078526424
"RP5-827C21.4",0.085546315648682,-4.76887451749969,0.37784442659023
"COA6",0.33223805843196,-10.9720256213017,2.57982290159924
"TARBP1",0.531059671590161,-12.6033470013217,2.78792810599126
"IRF2BP2",1.90348077404078,-10.0334610976079,2.33943354374484
"RP11-443B7.1",0.00857752896689093,-14.3067807211229,2.47321425116658
"TOMM20",4.20971767910568,-8.83246752045714,2.29009168228065
"RBM34",0.559360812557276,-10.8621698768978,2.03989904376837
"ARID4B",0.533796428917082,-9.20559548062023,2.24209263084708
"GGPS1",0.934834913959586,-9.36977108847394,2.0846558319486
"TBCE",0.271915984887691,-17.294853933879,3.86032751365957
"B3GALNT2",0.254205571736717,-13.217290273638,2.3572460672585
"LYST",0.88043322444738,-13.449621320106,3.41225384429129
"NID1",0.109106513031245,-28.4964473956641,6.47587540499403
"GPR137B",0.86553185611219,-13.0438660881835,2.76829430162084
"ERO1LB",0.748386038083568,-11.070474676734,2.14964097436163
"EDARADD",0.232719318795198,-7.37033840844759,0.608187564320417
"LGALS8",0.603651854914119,-13.4964473456541,3.21069983459561
"RP11-385F5.5",0.105489363510851,-13.4617704689168,2.18059535411472
"HEATR1",0.779388089066704,-5.6735428141904,0.45889424281187
"MTR",0.448383782346895,-5.76840641737202,0.500771167374681
"GREM2",0.0915485943113327,-9.71572642493245,1.02154643862319
"FH",0.132367754587112,-17.3107758802092,4.33759852267452
"KMO",0.382546501707967,-8.48353691304781,1.27998775265788
"OPN3",0.492577789841588,-7.6906649249704,1.3631457054594
"CHML",0.125280177280198,-4.98625167149499,-0.291022818088959
"CEP170",0.105188271711004,-12.3670300576811,2.4368128047081
"SDCCAG8",0.149474151623952,-14.7254585870193,3.58894932601654
"AKT3",0.553552993337047,-7.61584999407308,0.93979992529839
"ZBTB18",0.399859934555301,-11.9391489856664,2.12811186962816
"ADSS",2.39423283293953,-12.6788809856203,3.09107358767251
"DESI2",0.778994118018059,-10.2732730674655,1.97805984446184
"COX20",1.20664282615286,-11.5736641590152,2.69491466271251
"HNRNPU-AS1",0.73336388714742,-6.54953289945251,0.70583941525442
"HNRNPU",2.5042226354198,-10.3906547641423,2.72697902426473
"RP11-156E8.1",0.545763958858952,-14.2413567714487,2.89754907077886
"EFCAB2",0.797040442768966,-10.0278015957415,2.07320911349846
"SMYD3",0.755555822379933,-6.77179745497478,1.09100654647099
"TFB2M",0.890518391627191,-10.780410981831,2.15018280555833
"CNST",0.382580853791664,-8.88685246360143,1.72117161519716
"SCCPDH",1.24321144926889,-13.4662298899935,3.10949668169218
"AHCTF1",0.333326330642581,-12.3086090092922,2.37574146838629
"ZNF670",0.168632577106727,-21.179047635688,4.53222377596055
"ZNF669",0.161479629610118,-12.1785551664273,2.39496828509349
"ZNF124",0.546546074277593,-11.0279827070871,1.96652503329882
"RP11-488L18.10",0.381126361461549,-13.0765915587708,2.44833888506967
"RP11-488L18.8",0.107684499528068,-6.32069918492058,0.0633970629772427
"ZNF496",0.337039397781822,-15.6547473145286,3.15686383343317
"NLRP3",0.568069140271587,-15.9932720858474,3.66726908795763
"TRIM58",0.0212369965482652,-18.0729990602308,3.60656799952372
"SH3BP5L",0.235432868296114,-15.9899546842482,3.30948834407311
"ZNF672",1.3067415771762,-11.5218910817293,2.40237509920672
"ZNF692",0.471758702678421,-13.0235209925245,2.69513683669217
"PGBD2",0.152930024985046,-8.39916822617232,1.38677263199505
"SH3YL1",0.69548504851577,-5.76655257399915,1.06757316720449
"ACP1",0.637828108701828,-8.77027333278775,2.26219383505437
"TMEM18",0.16487358679079,-13.971476197721,3.41124118090428
"TSSC1",0.129411418873053,-14.1347483526844,3.41544559014625
"TRAPPC12",1.48957510041957,-13.9471406901594,3.27225938934074
"TRAPPC12-AS1",0.212718244298189,-3.20129220775288,-0.66663192783221
"ADI1",0.746218210381663,-13.5570523014896,3.52514141459221
"AC142528.1",0.199179185876483,-13.1810627695119,2.27599958537016
"AC108488.4",0.109683758705022,-10.2514452754348,1.23442009944577
"RNASEH1",1.01816552396658,-14.0658186485922,3.28943492341231
"RNASEH1-AS1",0.238132585912499,-11.8723605360541,2.3991465422265
"RPS7",6.55031132229007,-5.08683207279279,2.17628038746695
"CMPK2",0.512682654060049,-13.8393759363821,3.29969383910852
"RSAD2",0.365338606370868,-9.58420019366484,2.02397898909679
"RNF144A",0.203638324178167,-6.48890889350709,0.60449436022153
"AC092580.4",0.241790041437925,-7.18369081062488,1.27318356013959
"ID2",0.560764569771066,-8.98701225983124,2.60791573824012
"KIDINS220",1.54638609286044,-11.4684171127673,2.40272170800309
"MBOAT2",0.14325710643426,-7.22733419423198,0.420689772361943
"ASAP2",0.000180664175219919,-20.5099915761086,4.22490516096144
"ITGB1BP1",1.30910239182783,-10.3605195840003,2.57891037565504
"CPSF3",1.1150890923382,-13.4228884668806,2.94021733323305
"IAH1",2.84878777304751,-9.2299129546881,2.23305972586769
"ADAM17",0.271223377334557,-14.2152076014899,3.02552405201905
"RP11-214N9.1",0.0227149755425964,-14.2292363573929,2.58264417793404
"YWHAQ",1.6935915276508,-10.0016946078941,2.68013719782101
"TAF1B",0.435509276531525,-11.8174549493586,2.39236956152933
"RP11-254F7.2",0.153330669960979,-11.4704146095433,2.02647979048556
"KLF11",0.0603505771360865,-16.8149034580868,3.92845173342663
"RRM2",0.0566610624352061,-42.9372976342094,10.842211712743
"HPCAL1",2.0360162187984,-8.96518114391671,2.10639843245527
"ODC1",0.164527189834242,-10.4588266315274,2.54243963933817
"NOL10",0.979423688075561,-11.507505454898,2.3278627223885
"RN7SL832P",0.359110727653197,-11.3436304527524,1.92643962987891
"ATP6V1C2",0.188232878887203,-11.7898219090101,1.86747846516426
"PDIA6",2.34168794231806,-12.9909210112193,3.48008235745967
"PQLC3",2.09898066963797,-11.5581856564939,2.76100193787646
"ROCK2",0.321927355044373,-17.6826807630102,3.75831763054306
"E2F6",0.470538339591137,-13.1710884887001,2.51334693932478
"LPIN1",0.122042084994164,-4.58721468124277,0.607899796302593
"TRIB2",0.898736724163794,-9.62273781949935,1.91525607107896
"NBAS",0.343529312681801,-10.4078400477512,1.91789071123418
"DDX1",0.158056813678288,-7.48432003495103,1.46757447262795
"FAM49A",0.710184491299883,-18.4806015191119,4.56692527333987
"SMC6",0.836357803695563,-7.82147893186301,1.21580772006743
"RDH14",0.174796729813497,-9.12835646499218,2.05198224564513
"LINC00954",0.432295927683784,-6.30574813672557,0.741615077157316
"TTC32",0.98042651779693,-8.33741897664787,1.45239981416117
"WDR35",0.142740783910334,-16.1944970269204,3.12722171799317
"LAPTM4A",1.2815999888367,-9.83739191013373,2.53190368544105
"PUM2",0.614180225933346,-11.5186699092743,2.35521292781545
"RHOB",0.353413934945167,-13.9008918499914,3.59934489424832
"HS1BP3",1.12397715677806,-8.05707706603335,1.28556772728236
"C2orf43",0.461634215954552,-12.2595607136564,2.40536969492625
"ATAD2B",0.271663313584575,-19.1174281221705,4.29642137445725
"UBXN2A",0.637253288975285,-10.0309468206269,1.96836700960267
"MFSD2B",0.255429289777136,-31.1879257325049,7.21476573769299
"C2orf44",0.110330658441165,-10.5262899369612,1.31578083964121
"FKBP1B",0.226629369699416,-13.545593615082,2.43163864006134
"SF3B14",3.38144413389893,-9.59328020953691,2.4130199044869
"FAM228B",0.297559273136695,-8.09466514271714,1.3315458380396
"TP53I3",0.228067221136694,-19.6337249202363,4.40461410916935
"ITSN2",0.23886807973707,-6.37090474876093,1.27905284983092
"NCOA1",0.904505954321558,-13.4091188253898,3.00111637952649
"PTRHD1",0.557111187731969,-10.5699762482174,2.5892968894093
"CENPO",0.0264693559043673,-14.117473388021,2.54999479785189
"ADCY3",0.259342926144123,-19.1400959029474,4.05371281068938
"DNAJC27",0.0930301531420759,3.98034361044303,-3.13666690219212
"DNAJC27-AS1",0.297113924020065,-11.1626469869116,1.81100768424926
"POMC",2.11345743028107,-9.14052897237343,1.90207590915018
"DNMT3A",0.0668588808921557,-11.8760898858432,2.45200112149983
"DTNB",0.716785672956971,-10.9304439119124,2.10352889861302
"ASXL2",0.0633402889242181,-13.2229673966462,2.91785116710066
"KIF3C",0.00101283524702423,-15.365710562239,3.30991191672767
"RAB10",0.778577783563351,-12.7827681551183,3.27410353222144
"GAREML",0.124360977112183,-11.7742614728599,1.72980514687026
"HADHA",1.50035656349642,-10.8400586781467,2.79964370678621
"HADHB",2.69208762140027,-10.5957250920423,2.59345608644942
"EPT1",0.354345005736142,-14.5328860939178,2.83064060103568
"OTOF",0.00942100310236325,-13.7808364776243,2.3192949209169
"SLC35F6",0.592086049858763,-10.3024556003225,1.77864948391134
"CENPA",0.000152133397225806,-37.3407901794417,8.86039264511294
"MAPRE3",0.336413578670913,-12.3014824454447,2.23438715969403
"TMEM214",0.409355240012746,-9.54960935765554,1.79575486776879
"AGBL5",0.317863190044205,-11.8772153780977,2.09688605709536
"OST4",5.04092053821578,-6.70966742061301,1.96377702855436
"KHK",0.0595475410366767,-10.0598518687287,1.66309009670197
"ABHD1",0.0668014497199798,-14.9477730313805,2.56221952859946
"PREB",1.19015078282568,-9.28116050838552,1.88609017962526
"SLC5A6",0.627930694767668,-13.0146125954075,2.68152698023972
"ATRAID",1.61738047119146,-9.24378258619104,2.42428233488622
"CAD",0.346169654378479,-17.9915437543219,3.81695672633553
"MPV17",0.236760697151796,-11.8476890653645,2.73984963473131
"GTF3C2",0.947317354819661,-17.4147094246833,3.92718784643485
"AC074117.10",0.110106015860555,-14.9300456630324,2.61029237189619
"EIF2B4",0.802178825972559,-10.5630649366444,2.12137890430966
"SNX17",0.710283099033151,-9.4241908948213,2.42297143423077
"ZNF513",0.143266546213266,-7.59133315729596,0.529321941456813
"PPM1G",1.0126816731057,-11.3578698531499,2.86977616953256
"NRBP1",1.68585622857927,-10.8537158827222,2.50549556905938
"KRTCAP3",0.507660132845903,-13.0457450517812,2.49920399966035
"IFT172",0.135473359268234,-20.8968450032946,4.41797195926048
"ZNF512",0.441784598246519,-13.1501080282668,2.7210525609972
"CCDC121",0.104465106562907,-8.41308768811872,0.688492392174091
"GPN1",1.23602946439906,-9.04113030474411,1.83521289791401
"SUPT7L",1.33099640728902,-9.12063154771453,1.70041361931551
"SLC4A1AP",0.295325281073671,-11.0037860633329,2.20046337986497
"MRPL33",2.73314599259697,-8.91582004774608,2.02865130539274
"RBKS",0.57158725797963,-12.5229312243716,2.52059181611971
"BRE",1.46046696380166,-8.94869720608541,1.89927844459413
"FOSL2",0.11035175738972,-17.2966732247341,4.15526209865616
"PLB1",0.340001285114721,-25.0728322720641,5.75865041480007
"PPP1CB",1.90502545941009,-13.1789646694691,3.14914418431821
"TRMT61B",1.12587037999479,-10.0097077344186,1.96858447993908
"WDR43",0.588429062892559,-9.81650956654924,1.95343088372657
"FAM179A",0.109492076239723,-2.92195329455609,-0.96088433391357
"CLIP4",0.313264990028393,-10.4008784673435,1.96278056859806
"YPEL5",1.15067691384278,-8.41998511396105,2.27472271943802
"LBH",1.37613561551078,-4.52838629546218,0.864251067442122
"LCLAT1",0.24402096837283,-5.8566203774916,0.540057226753683
"EHD3",0.0554182421662944,-17.6988605106865,3.63872226440073
"MEMO1",0.676995042053116,-6.63435074931635,0.708468973792913
"DPY30",0.698891249808443,-8.89311419364366,2.12766803972023
"SPAST",0.269183470152621,-16.8928936107712,3.6569265342706
"RP11-563N4.1",0.383786267010234,-14.3768636624714,2.81434379738047
"SLC30A6",0.373046352496936,-7.73598487315521,0.85976846179881
"NLRC4",0.0773823322984561,-22.7319916876037,5.28499983277089
"YIPF4",2.44404239523452,-10.4609740785673,2.4599043456829
"AL133245.2",0.213686307496172,-8.4874245578319,0.916775650225843
"BIRC6",1.95112797879879,-9.42073606393386,1.98446404146049
"TTC27",0.882104407975599,-13.1967196519845,2.78592274565261
"RASGRP3",0.186045686307742,-6.36030448982001,0.656661564829341
"FAM98A",0.00888047889455494,-8.4501956530563,1.47510440463412
"FEZ2",1.17285135440375,-10.7402414197227,2.27990067531804
"VIT",0.0127250970433877,-4.9063891668861,-0.128953236949822
"STRN",0.0924376600750087,-9.44827716920632,1.54271882151951
"HEATR5B",0.628372575223757,-7.55212308551637,1.08561404278913
"GPATCH11",0.347830467828618,-14.1935721012349,2.90128663930726
"EIF2AK2",3.45705166254708,-8.42674546162784,1.86313267811901
"CEBPZ-AS1",1.1839618385949,-10.3642012826291,2.31892787857208
"CEBPZ",1.99581531257199,-8.61746685880847,1.76763410825902
"NDUFAF7",0.127885580643202,-8.99246250440676,1.61661688109632
"PRKD3",1.25255094441599,-6.12087740638311,0.73319133977015
"QPCT",0.198918935463492,-10.4637780694339,2.25497165227025
"AC006369.2",0.754144491135288,-5.69872531735204,0.565792652355776
"CDC42EP3",0.289702424047496,-8.91215632422146,2.10854658506917
"LINC00211",0.124193966385577,-4.16201374637736,-0.539325905548021
"RMDN2",0.330315382054303,-12.6567153477924,2.47758356768966
"CYP1B1",0.0467545299317022,-9.31236666571303,1.24678361812029
"ATL2",0.259219763699852,-13.426838945098,2.66014297689125
"HNRNPLL",0.922586395652933,-10.7724630093583,2.19253868539925
"GALM",0.246250308123348,-7.78773163220477,1.46939444619703
"SRSF7",1.28162527254603,-8.09795533025625,2.34614038244754
"GEMIN6",1.14078129936205,-12.139178962774,2.60189736750337
"DHX57",0.435254881823026,-11.7650444846366,2.25365596311175
"MORN2",0.199544293008531,-11.9575509957455,2.20151105283845
"SOS1",0.271805270748874,-12.4376798924916,2.46420112312016
"MAP4K3",0.162557698893798,-16.7470809217568,3.22282709843456
"AC007246.3",0.297138686148806,-8.86876417819925,1.13331536986579
"THUMPD2",0.30851722067341,-9.63057735795571,1.58056915182576
"SLC8A1",0.0491790164792556,-20.2545972204608,4.39434720297083
"AC083949.1",0.0993754531632122,-15.5586965619304,2.74052770267521
"EML4",2.31253110526866,-7.2264316230089,1.46889685188257
"COX7A2L",2.81762929212606,-9.51138968838924,2.68562532471062
"MTA3",0.144406671738015,-5.77133949884277,0.451187733185703
"HAAO",0.0717275031773704,-12.8298748179066,2.31739111128708
"AC093609.1",0.128064292703976,-12.4510307361658,1.92902393824942
"THADA",0.425184828347435,-7.8046392185348,1.18165575044237
"ZFP36L2",1.81220840756843,-4.89891093491843,1.57307456492341
"AC010883.5",0.0780388954156948,-11.4109288183418,1.91679783072534
"DYNC2LI1",0.0728590433730278,-11.9901943311088,2.33324634081764
"LRPPRC",0.781898021395577,-13.6287820497212,3.05367838636181
"PPM1B",0.564742572112586,-11.6657208297721,2.70344910100785
"PREPL",0.269483908146616,-12.6925207172958,2.64812686156512
"CAMKMT",1.0601901274969,-13.4152934294154,2.81995488685987
"SRBD1",0.418724802941289,-15.5186841498944,3.49524258189016
"PRKCE",0.0521212408512184,-14.0637376410957,2.72306735338631
"ATP6V1E2",0.154156582624396,-10.3578100688726,1.81851852860791
"RHOQ",0.420168512080962,-15.304668642733,3.24071126856231
"PIGF",0.108342286514638,-10.3104317688825,2.15616372254072
"CRIPT",1.41443050225676,-11.3548305972409,2.41547941525733
"SOCS5",0.434568306382535,-12.6897920275231,2.38404302351106
"MCFD2",0.126012499254622,-15.9005174537675,3.69066623680418
"TTC7A",1.03049585948948,-9.66511709262127,1.86077207658483
"AC073283.7",0.105541312619672,-18.7419290147082,3.71659015440437
"CALM2",2.78266360945952,-11.5246190070561,3.40911615941438
"MSH2",0.484880393709771,-14.2707479252694,3.11213712183083
"KCNK12",0.0871668284976187,-12.5119248754078,2.25510470152302
"MSH6",0.6078503698774,-8.93779986787228,1.37591057434487
"FBXO11",0.581377452432965,-7.51243578505146,1.1378067282872
"AC079807.2",0.0976793038569452,-16.4105203291444,2.98857743432073
"FOXN2",0.439843051318482,-13.4422107067766,2.82779662953845
"RP11-191L17.1",0.0971140168333009,-21.6901738258119,4.5103401004885
"PPP1R21",0.689835397793277,-10.051885171115,1.9841591547706
"STON1",0.10279141888913,-13.2477707228298,2.11780674785058
"GPR75-ASB3",0.730973392799135,-9.51311162857924,1.58428377385207
"CHAC2",0.399579882714165,-19.1665985751995,4.34523171580733
"ERLEC1",0.886828071420772,-10.9499155927425,2.39354474692532
"PSME4",0.31413834613225,-5.95898780581387,0.600719675369648
"ACYP2",1.08848877952773,-12.8932691175441,3.0281187125329
"SPTBN1",0.392850153400882,-8.65348120365721,1.65478235350826
"EML6",0.0175585424166606,2.33445715683599,-2.44411755813783
"RTN4",0.825070491620931,-12.1458822193402,3.25877856391719
"RPS27A",2.44263756472286,-2.82375851016623,1.57045251536154
"MTIF2",0.0237083010413111,-2.15682537635093,-0.282393515931969
"CCDC88A",0.408653700926702,-17.1108752130061,4.02660724184946
"AC012358.8",0.185928290556404,-16.2509711634962,3.17128305359555
"CCDC104",0.434237585376995,-8.00868564149229,1.65176188094644
"SMEK2",1.48211057381836,-9.85009946185647,2.10889114945356
"RP11-554J4.1",0.0567639769751488,-7.65466697866702,0.951329052982626
"PNPT1",0.597056327503532,-13.0165208352855,2.92332239036208
"VRK2",0.57055101378638,-10.8935952115437,2.26116169247134
"FANCL",0.647426556199776,-13.3288092076135,2.66590759650067
"BCL11A",0.129322138159386,-11.8823678572951,2.38255681603275
"PAPOLG",0.499966757402505,-13.3144044595395,2.73321185057031
"REL",0.73599676706224,-7.34747054481549,1.56507597022262
"PUS10",0.0702227352862169,-14.4313739998741,2.88100091835063
"PEX13",0.440078868331189,-12.7144996616997,2.66791067916258
"KIAA1841",0.296735537345891,-12.5576885659878,2.22087954468511
"C2orf74",0.113699918022284,-7.418138824291,0.908506482748516
"AHSA2",0.917788889320792,-7.04769140180309,1.00867513648395
"USP34",1.3692878299694,-8.79011587809326,1.64559350644931
"RP11-355B11.2",0.161664094906593,-5.48695167811485,-0.0650538407256276
"XPO1",0.895185316999053,-11.372213673154,2.48476513261878
"FAM161A",0.126321689242429,-3.42734387814328,-0.761216380026779
"CCT4",1.13715137386464,-9.2823731319485,2.34928551937787
"COMMD1",2.16440517455127,-11.7699029108483,2.84928783955919
"B3GNT2",0.501331680402723,-8.42022463908897,1.46983099548113
"EHBP1",0.475855738002573,-11.2346998532976,2.11174851187836
"WDPCP",0.324746424879798,-12.634801767478,2.27608242348097
"MDH1",4.71096674334789,-9.94421848307825,2.56467735364772
"UGP2",0.987680303449229,-8.06166833116125,1.94910725364127
"VPS54",0.0214477852414013,-10.380016474425,1.45176199084693
"PELI1",0.213250792255687,-11.5972289359071,2.5462358301036
"AC074289.1",0.532290778673742,-9.08316842439418,1.37467941850999
"LINC00309",0.0166905112700415,-16.4939108866473,3.1835494333698
"LGALSL",0.00231085468856241,-28.3224217874063,6.69852374313541
"AFTPH",0.278625401197229,-12.7486736408412,2.82243383116145
"SERTAD2",0.518222049978322,-10.1958610765699,2.02646493195115
"AC007880.1",0.107728302973583,-5.52319703435152,-0.175930809651655
"AC007386.2",0.107365801418452,-4.94331383314308,-0.350335401138601
"SLC1A4",0.201281818614354,-18.2379667237756,3.98239544189985
"CEP68",0.0363171746632135,-7.29129399043626,1.24247871827133
"RAB1A",2.67268281595411,-10.3272657089024,2.41891665568711
"ACTR2",1.18346010118923,-11.6248742047958,3.00969174337545
"ETAA1",0.147637836875462,-5.59205874358941,0.295528149879328
"C1D",2.14115099285605,-11.3876933715888,2.63552409890034
"WDR92",0.284837004373078,-9.65934445867988,1.5807451044267
"PNO1",0.23036061243374,-13.0948180002948,3.01343647924695
"PPP3R1",1.48399016513406,-9.10868951913098,1.84538302940069
"RP11-474G23.2",0.162181216005609,-7.79969717876266,0.62655484459645
"RP11-474G23.3",0.260274829211551,-12.3359074733851,2.1558341473493
"CNRIP1",0.0171016357723509,-23.4586152571295,5.06513860066614
"PLEK",0.701374079015122,-9.33717718763593,2.32193834924707
"FBXO48",0.0727865983612894,-14.8758021137812,2.91474569713916
"APLF",0.302389685816539,-15.5397067857513,3.09116276564032
"ARHGAP25",1.2953423331158,-6.5175368872158,1.31265832041224
"GFPT1",0.290411992107871,-10.5388356119235,1.92668380807835
"NFU1",0.205618955811713,-8.48039485375797,1.84402330482996
"RP11-427H3.3",0.340423934638162,-7.37382266805245,1.13015317720752
"AAK1",2.10172325572292,-6.99517026338749,1.54223223337739
"ANXA4",0.595859718844469,-13.0683815945983,3.23645669392387
"GMCL1",1.61060205422383,-9.00303029176221,1.80423079921397
"SNRNP27",0.219783658031794,-10.7147055753144,2.38654960286671
"MXD1",0.73185160162998,-9.80480550661072,1.8884963908605
"PCBP1-AS1",1.17796806214934,-9.81562983665904,1.96137697874578
"PCBP1",1.82358032061779,-9.11400523328436,2.60103494513997
"AC016700.5",0.0740736317340744,-26.8775413496558,6.0262647825228
"C2orf42",0.30258762631945,-13.0362769325598,2.57227282654094
"TIA1",2.35602040814973,-8.18438280475181,1.60837968180411
"PCYOX1",0.513861886220737,-8.39112860726431,1.29929182201604
"SNRPG",1.53073854966198,-10.4341964100803,2.55229500135869
"FAM136A",1.72098269399086,-12.2006194967237,2.8173569712897
"TEX261",0.514344977726113,-9.40931743148138,1.71973057481189
"NAGK",1.07836802584225,-13.4673395198151,3.40891027710422
"MCEE",1.1713640405106,-11.7257456018782,2.50472687740005
"MPHOSPH10",0.182330635583997,-8.67930152131927,1.91192024705818
"PAIP2B",0.0554883278515728,-6.03883111955635,0.470258713329713
"ZNF638",1.42058692108011,-7.80317399119461,1.35973150119789
"DYSF",0.0172632783942922,-9.85828044666766,1.26925875620437
"EXOC6B",0.190635842216874,-15.7195343049227,3.08700057500357
"SFXN5",0.83415153767233,-11.7193375408055,2.29135336569233
"RAB11FIP5",0.143677314507182,-5.37011987309467,-0.13549373205551
"SMYD5",0.317630286971498,-17.9927319481612,3.84764206119121
"PRADC1",0.450033727705457,-14.0412466096856,3.23991266129163
"CCT7",0.476187088237849,-11.26660632603,2.94432884263655
"FBXO41",0.0289031463134802,-21.2922228345165,4.92550977758362
"ALMS1",0.397944029454956,-7.96491980391667,0.941619233488542
"TPRKB",0.439806868763494,-12.1705129531218,2.82816599372342
"DUSP11",1.38903920547489,-8.99044586330779,1.97094358581996
"STAMBP",0.0563464286348491,-9.05717447061973,1.87417217416392
"DGUOK",1.31508926651568,-10.3306322339757,2.70278315998051
"DGUOK-AS1",0.0942726592907534,-13.4996435948379,2.13821791380925
"TET3",0.119211899621318,-8.66591200216095,1.17539867990934
"BOLA3",0.134301600169118,-5.97187420681091,1.00074372458544
"BOLA3-AS1",0.00778173635763428,-1.20150765160847,-1.43689712280924
"MOB1A",2.07418530673099,-15.9161475997043,4.26527159428582
"MTHFD2",1.11229939573188,-19.3956655843972,4.959093881368
"DCTN1",0.776764578973838,-13.5937562355293,2.98991943193049
"C2orf81",0.197364260253285,-7.23126456367161,0.516908500664647
"WDR54",0.778178065057491,-8.43045669017919,1.76041988494223
"INO80B",0.382841248992704,-9.54334018250258,1.42248063371408
"WBP1",0.458943426116639,-12.3830486774037,2.27076740681685
"MOGS",0.638450170861816,-9.84563209539551,1.83140301803898
"MRPL53",1.56476004994246,-11.1462313783269,2.60481857425128
"CCDC142",0.0429411773025638,-18.0885585634061,3.7511383909736
"TTC31",0.919129943496207,-6.51348809938447,0.760074672214622
"LBX2-AS1",0.168285295872558,-23.4757373489166,5.15142361178407
"PCGF1",0.139835739613342,-14.4952339116943,3.3350663034866
"AUP1",2.98393360712814,-9.0699199284134,2.20952803972994
"HTRA2",1.69980820916431,-10.467970921756,2.20009007470202
"LOXL3",0.107591042177446,-19.0693510617634,4.05467871967642
"DOK1",0.604868503163636,-13.8444701549613,3.18510621116418
"SEMA4F",0.00562721269771071,-12.3798047288882,1.86272527884669
"HK2",0.0800856994841615,-19.4724665373408,4.28656390958393
"POLE4",0.866552226193536,-12.4976663155682,3.27671842986167
"MRPL19",0.213693208022925,-10.8116444365342,2.51595673301478
"GCFC2",1.35290337335903,-13.2514166214659,2.91993836407918
"RP11-342K6.1",0.101850659216101,-17.4003258929547,3.27596034839657
"SUCLG1",1.66690743385736,-12.983151930557,3.36635019163852
"DNAH6",0.129015377816379,-17.7196893821227,3.42126676260748
"TRABD2A",0.236979522727894,-10.0658854539507,2.36591783400247
"TMSB10",6.35889455187066,-6.92685557707916,2.82377715950346
"KCMF1",0.48907741654106,-13.1606256898285,2.87409580616556
"TGOLN2",0.610836547997558,-8.89870491026679,2.15876206550241
"RETSAT",0.514410108307445,-16.2139985305359,3.46995427912615
"ELMOD3",0.987269760170378,-7.19626769720372,1.11808783975598
"CAPG",0.802050180386458,-12.8444651969476,3.47302317654258
"MAT2A",0.383459200157259,-11.8025795911217,2.71353568387377
"GGCX",0.931466829539747,-9.99076405777826,1.93974933881583
"VAMP8",1.40089636017166,-8.40303551236355,2.45524531089977
"VAMP5",0.509122489532161,-11.0801845898765,2.95310881334035
"RNF181",0.682604551975765,-9.49007977981674,2.44187048939761
"TMEM150A",0.370187307457827,-12.7298620847922,2.59840764312769
"USP39",1.01713957044001,-13.2167100705563,2.97161722663699
"C2orf68",1.14827573503145,-12.1874029134726,2.63385871955496
"GNLY",0.0580498026254673,2.28677706760948,-0.551401110331884
"ST3GAL5",0.606622757977825,-13.6291978195334,3.14863560331018
"POLR1A",0.398171325476886,-17.1721805037526,3.69764875812493
"PTCD3",1.22269487569088,-8.83225909655338,1.66640693942235
"IMMT",1.85772549263431,-11.9044314446336,2.731023046067
"RP11-301O19.1",0.0265132200735566,-12.803676980149,2.35486047051733
"MRPL35",1.11145672740289,-14.8080722655683,3.38402347191307
"KDM3A",0.517198792022453,-12.9840071112023,2.6430921136377
"CHMP3",1.22123100904949,-9.85255810697293,2.44037764446112
"RNF103",0.362982906397511,-17.8440268688037,3.81886754978745
"RMND5A",0.108353409889389,-13.4882184311605,3.00107283275702
"CD8A",0.179668268641428,-3.9560501795267,0.677714539198261
"CD8B",0.114554737060126,-5.39902337180525,1.21353923962778
"LINC00152",0.369583140295357,-10.4834245078307,2.47926529111221
"RP11-1399P15.1",0.0637125516185698,-7.05614603998257,1.05134783247269
"KRCC1",1.42319366877231,-7.18372656787167,1.44749039006274
"THNSL2",0.1019458645935,-10.7205063647556,1.37323336414567
"EIF2AK3",0.322984877763693,-6.40051501697195,0.415945090831308
"AC062029.1",0.362649380264502,-8.35131253684189,1.02804000008848
"RPIA",0.795609578876789,-10.8757898829473,2.60616559010837
"AC103563.8",0.129681873918092,-11.3499203165835,1.60468693749351
"MAL",0.22792957066974,-7.69519262639497,1.80226904317343
"MRPS5",2.17082823471151,-9.70861815382245,2.2414851961894
"ZNF514",0.303347218750265,-6.66693755726747,0.710231083691571
"ZNF2",0.185126655837032,-12.8502491233633,2.17901570772037
"FAHD2A",0.602766638389752,-8.81136663025625,1.52210876288722
"LINC00342",0.238633934588411,-0.578017505623851,-1.41567132340574
"ANKRD36C",0.159646916204632,-21.4426050831419,5.29063097020135
"GPAT2",0.332684896550441,-12.3384770397921,2.21856261932576
"DUSP2",0.530430047429333,-6.68599005285527,1.72063586525732
"STARD7",1.91041737256277,-12.9245546707473,3.14217114808422
"TMEM127",0.718236448656579,-9.88155348992033,1.96976542455505
"CIAO1",1.414317880003,-13.1256911502737,3.02626194088901
"SNRNP200",1.07105334791239,-7.9770462981174,1.68715677851249
"AC021188.4",0.127581690007665,-2.07193844754925,-1.17204033642408
"ITPRIPL1",0.179767041452992,-6.37795755862729,0.233510911357869
"ARID5A",0.779462572151068,-6.56460132411303,1.34669344543599
"KANSL3",0.746160594726385,-10.4583552044032,1.89022177034202
"LMAN2L",0.5781914550277,-10.8650060233435,1.92738468636897
"CNNM4",0.122392976372813,-26.0896566836323,5.75506562087914
"CNNM3",0.336315519897243,-8.06702542681087,0.928401404100626
"ANKRD39",2.07235420435873,-9.82217135916354,2.02616691609542
"SEMA4C",0.232230258182124,-6.80634707528576,0.439954235942713
"FAHD2B",0.511955512461601,-17.4384764613793,3.79502097384745
"ANKRD36",0.81656842669216,-8.33355256106658,1.42204422779357
"AC159540.1",0.145676696168249,-9.55702128688625,1.11389171317051
"COX5B",2.31414682742245,-10.5183718220208,3.0595882107762
"ACTR1B",0.254941531692405,-12.1101442554523,2.90437570510973
"ZAP70",0.482675259532559,-4.06310620940363,0.69049570454929
"TMEM131",0.113545993365347,-11.4312294954692,2.18245520163779
"INPP4A",1.45095849718564,-8.76913997656031,1.77544238115973
"COA5",0.896274452480104,-8.9438520719329,1.87755599551805
"UNC50",2.17089145460154,-9.37728213784484,2.02943605486616
"MGAT4A",1.66073439086968,-8.15672330585615,1.8438319621
"AC109826.1",0.0416268386826932,-6.70496856315877,0.56666958663144
"TSGA10",0.292200133275181,-12.3176195774182,2.44208719614655
"C2ORF15",0.274372637737013,-14.8381672206799,2.83061131812083
"LIPT1",0.921118332353413,-12.2592632976133,2.53497177826166
"MITD1",0.787912146604501,-5.77555811219118,1.01907043346264
"TXNDC9",1.24465923823619,-10.7736595387102,2.45350757428998
"EIF5B",0.532780576060425,-9.85282561631628,2.41131827019902
"REV1",0.887673061369285,-7.77165772982326,1.35318688973562
"AFF3",0.427287523022238,-5.71913982747757,0.622054666103341
"AC092667.2",0.0897535608335246,-7.11513320968751,0.246682734874164
"CHST10",0.148338091437607,-10.6710310522502,1.44365348057851
"PDCL3",3.61492035744545,-13.6964586511203,3.4442454257379
"RPL31",4.80885338155566,-3.94013418910824,1.76638107961245
"TBC1D8",0.102253114981388,-22.748269599506,5.34621987380754
"CNOT11",0.860712553164323,-16.6751543067247,3.84884512186666
"RNF149",0.930387234772175,-12.0402111888988,3.03886872266575
"MAP4K4",1.23986962777429,-9.26878296055757,1.82879343901987
"IL1R2",0.043692406147589,-32.6361741801591,7.60765912945728
"IL18R1",0.686728460755451,-7.6000710584446,0.995572309938503
"IL18RAP",0.0399478712197078,-5.94129871713979,0.558895968396104
"MFSD9",0.322642280903655,-6.80425311277164,0.536435579046289
"TMEM182",0.272920391771551,-10.5212916192824,1.58506818573104
"MRPS9",2.02274106438352,-10.5251422604894,2.31838481364611
"TGFBRAP1",0.0112334082878564,-2.6664062381196,-0.472368879197591
"AC012360.4",0.110885396424272,-20.1471182882584,4.12084275122995
"RP11-332H14.2",0.217839905361366,-9.68731021944585,1.55317929914775
"C2orf49",0.662349608682902,-14.408206590563,3.23327739989462
"NCK2",0.456267869850441,-7.31821719241124,1.30066723957591
"C2orf40",0.0619307511409013,-10.892748823393,1.74835230819536
"UXS1",0.227071936376645,-8.97214616248263,1.97678489730117
"GCC2",3.58366719530643,-5.11452483878215,0.899330314304519
"LIMS1",0.591925151708098,-11.2090834258723,2.84436486785914
"RANBP2",1.15516282766368,-9.00040352172537,1.63389811886804
"CCDC138",0.245191990160216,-14.5650541198792,2.7510176024703
"SEPT10",0.523042324186156,-27.2490918561943,6.27178592011097
"LINC00116",2.53854431506047,-12.0228001469196,2.85590464416616
"BCL2L11",0.309422100931196,-14.1644597832606,3.05800869879797
"MIR4435-1HG",0.294236970192581,-13.3847024650829,3.19535150356235
"ANAPC1",0.483759600962372,-10.3545510491483,1.86614703690215
"MERTK",0.187428789376107,-26.2001136525739,5.88015279801966
"TMEM87B",0.0146385645306554,-11.4629508314223,2.38181827760036
"FBLN7",0.375111227219449,-12.229085706048,2.38251200578614
"ZC3H8",0.773672976610019,-9.98309231692511,2.00239317487568
"ZC3H6",1.3768701725197,-10.6612590053459,2.22280153164321
"TTL",0.272848875393896,-11.5461402380433,2.12748312847816
"POLR1B",0.177385633549719,-16.4853926408082,3.62000181119491
"CHCHD5",1.95638628220993,-11.6045377002026,2.90841487849724
"AC079922.3",0.558686974283278,-9.68618108131127,1.552845984043
"SLC20A1",0.485073790408918,-9.36506438752267,1.97962895014948
"CKAP2L",0.0945500244874477,-33.7159127399574,7.89837030778027
"IL1B",0.086987861071763,-12.5117351436918,3.1326048652242
"IL1RN",0.236068552951128,-13.2230492495036,2.7791413059143
"PSD4",1.9846496063446,-7.33700743519922,1.27057780154014
"PAX8",0.2802012988136,-19.7241927435352,4.24252767984357
"RP11-65I12.1",0.588496383689481,-12.6435211735531,2.4657132241777
"CBWD2",1.38370754990438,-15.053293511041,3.55056460683371
"RABL2A",0.353824199689714,-7.49909516624135,0.980822330397829
"SLC35F5",0.596618666297362,-14.5868841153452,3.01570159909138
"RP11-141B14.1",0.000724485316455652,-19.3030326229571,4.41520128988503
"ACTR3",2.11954009815441,-9.8688763945982,2.77291440678751
"DDX18",1.09698015606241,-8.45972580520718,2.04956895042927
"AC009404.2",0.0887832211018222,-9.48368222386074,0.952655410283933
"CCDC93",0.631226793386213,-7.19191654383034,0.978721983325516
"INSIG2",1.22859086271458,-13.0202546126841,2.88519208790651
"MARCO",0.231660977435267,-17.0956070413339,4.11192158626243
"STEAP3",0.136937432229445,-22.3063660894051,4.73796443335979
"C2orf76",0.0181370534866108,-7.75341210360932,1.19097839850987
"DBI",1.82026455789723,-9.07619188591156,2.48042847339433
"TMEM177",0.00909836128652334,-5.84582156139493,0.412636894335862
"PTPN4",0.295985267143886,-6.29391376082438,1.1739542065207
"EPB41L5",0.14335586975442,-7.07296254348195,0.374582258438002
"TMEM185B",0.367484058461773,-9.39662665389276,1.54261336091046
"RALB",0.897998072399931,-13.0361978022612,3.15619423125847
"CLASP1",0.497112878111157,-13.7852536578101,2.82233515616793
"NIFK-AS1",1.67349501821688,-8.12625320800098,1.45524304418822
"NIFK",0.38387470103586,-10.5428004950436,2.46947214301103
"TSN",2.70923906531432,-8.38444143123857,1.78451844051064
"GYPC",1.43297709748701,-7.84305933804228,2.05400075469714
"BIN1",0.937574672494302,-6.00827852820042,1.4554730155863
"ERCC3",0.692093868080272,-12.1917968751793,2.55590649749538
"MAP3K2",0.847681377266896,-11.0695020443638,2.19100137953082
"IWS1",0.509230870695497,-12.1361316820734,2.66429910792514
"MYO7B",0.353163867383108,-6.982904211924,0.621106089504855
"LIMS2",0.0950722590644616,-12.6419222573463,2.50327103192603
"WDR33",1.17459745657687,-8.92460129923774,2.038122762555
"SFT2D3",0.69590803872585,-10.4142658959201,1.84985721614084
"RP5-935K16.1",0.151336091211648,-13.3709857160258,2.23833007975541
"POLR2D",0.804600247271574,-14.0780250071422,3.15066600297803
"AMMECR1L",0.0620257223338359,-10.7717785703686,1.71270676961403
"RP11-395A13.2",0.254584865824084,-16.1556324612092,3.52473795459605
"SAP130",0.618330544478776,-12.1440458751959,2.31128329602301
"UGGT1",0.228375551915479,-13.5305372006155,2.74052446194842
"HS6ST1",0.104020723954627,-16.0806927356978,3.29528173587209
"SMPD4",0.386629818764835,-15.2083826616944,3.10694541277283
"MZT2B",1.82752579872469,-8.28184094030185,2.27058202448142
"CCDC115",0.451254455335816,-7.15823693932967,1.65924589338297
"IMP4",0.771734720997044,-11.3565817446195,2.76946164207725
"PTPN18",0.936055439740762,-13.5217262663518,3.46965660490162
"FAM168B",0.934931858746944,-9.71161134189965,1.72403653063445
"PLEKHB2",0.413375117624992,-12.75354817017,2.96559384136168
"MZT2A",1.13724423530567,-8.34196206782392,2.15755717725285
"MGAT5",0.229636570066237,-5.40461768362318,0.398734651976835
"TMEM163",0.110170471933063,-24.7554262344103,5.47486238438898
"CCNT2",0.90695764978623,-14.0962815878659,3.00756720874875
"RAB3GAP1",1.14263061897696,-8.07701753197678,1.39882271611751
"ZRANB3",0.0104311824512041,-26.2054063687259,6.34520891669736
"R3HDM1",0.0398384861003361,-12.2589431437838,2.69007124837226
"UBXN4",0.374708562161551,-7.15552217966619,1.74770238573048
"MCM6",0.211799802093549,-21.3349212931947,4.95483166116089
"DARS",1.01894971210963,-8.17338374367433,1.85026428519981
"AC093391.2",0.127518419312149,-13.6491336627078,2.28071292917543
"CXCR4",0.975098045549096,-2.65646778101344,0.920515356219978
"HNMT",0.483739462553398,-14.8526894088514,3.50102072044199
"SPOPL",0.480957088870144,-22.5845228055024,5.15851727604789
"KYNU",0.328540630082778,-17.2648816417551,4.23944123026836
"ARHGAP15",1.50411031620256,-6.50042147425646,1.63156809562436
"GTDC1",0.506340770217752,-15.1022769601259,3.24021219525133
"ZEB2",1.84620404628133,-10.085148256724,2.26721502403986
"ZEB2-AS1",0.39745613683165,-12.7361671421934,2.39761563507232
"ACVR2A",0.160821001717538,-6.63462306821742,0.278768687919861
"ORC4",1.48081571432265,-8.92806515685484,1.79220732808143
"MBD5",0.683390827007532,-8.44084175290154,1.26003829871414
"EPC2",0.644498091758349,-9.88907713879627,1.77631881822834
"KIF5C",0.14631673103929,-20.5205185083971,4.34402892944142
"MMADHC",0.285265082927377,-6.20060539752293,1.33059632193222
"RBM43",0.65812869641801,-11.086284300206,2.12829533009705
"NMI",4.40137661264392,-12.9015053637982,3.32692781975814
"RIF1",0.59016051140577,-12.882746856049,2.73390614001254
"ARL5A",2.39063278480627,-10.9178382884017,2.80344548731018
"STAM2",0.371338846384748,-12.6256290511896,2.30271742100531
"FMNL2",0.279007172867689,-27.8485151419353,6.48837856885901
"PRPF40A",3.01977043538041,-10.7790939071969,2.61563400088265
"ARL6IP6",1.68822886521391,-10.2985901755045,2.35011153204493
"NR4A2",0.922349040811532,-9.81913979845108,2.50924124194035
"GPD2",0.189977604704695,-16.4790650974388,3.39581216545805
"CYTIP",0.98005443147204,-9.80037284280582,2.70636876315683
"ACVR1C",0.219914604499518,-9.45004647087518,1.20235661034394
"ACVR1",0.537686729134631,-2.76881871243285,-0.5205971661324
"PKP4",0.247372986530533,-15.4131540532016,2.99795634498014
"WDSUB1",1.05125150160154,-9.69898288282544,1.81707574532501
"BAZ2B",0.361418456659368,-7.94738754322444,1.36685024144269
"AC009506.1",0.0433237403192416,-14.8896620879089,2.84561087943904
"AC009961.3",0.125041588432386,-12.635352998584,1.98321233691799
"MARCH7",0.851129812993954,-10.1924719216193,2.37472576722815
"CD302",0.423230483074686,-18.0307796590177,4.53268472116242
"LY75",0.243227062447172,-9.1060013145594,1.39991745077379
"RBMS1",0.810109176487254,-8.80568960965564,2.04883795956491
"TANK",0.642347202303853,-13.4847025741078,3.3916013623003
"AC009299.3",0.163983225116578,-10.3472960719853,1.38277165995601
"PSMD14",0.212839756675998,-11.3685995743537,2.78533660692685
"SLC4A10",0.0472687832284158,-10.1190583239733,1.73269418953923
"DPP4",0.283519498523665,-11.6899395398639,2.45153926990344
"IFIH1",1.053993922246,-17.1281031685766,4.06750637602216
"GCA",0.281024503441753,-11.4315234451348,2.88327483476841
"COBLL1",0.160844369486205,-5.94067390036328,0.410567243321017
"SLC38A11",0.115271929562587,0.504352785230622,-2.00570039048145
"GALNT3",0.336860015567676,-7.96854600153937,0.899142361960163
"TTC21B",0.12463235440967,-6.27127412280941,0.475431292319963
"STK39",0.262888003451092,-11.6446245155061,2.13859319456704
"CERS6",0.334985979371916,-18.269270855207,4.14037186555562
"DHRS9",0.161238452790443,-31.8514101478523,7.64317331011322
"FASTKD1",0.0662232042771027,-16.5273931822353,3.55137719298807
"PPIG",0.431519368986611,-7.77727765181539,1.86933011182535
"PHOSPHO2",0.219596746690269,-11.4426882224012,1.79090672607702
"SSB",1.3748526712722,-9.51221110255116,2.45022013800748
"METTL5",2.63233751243224,-9.98091533405678,2.35627567283423
"UBR3",0.555518884028601,-8.94104403066552,1.47396763532547
"GORASP2",2.73565519450084,-9.8938787284709,2.19321453963622
"TLK1",0.819353596893342,-9.7259666500201,1.77367988051958
"METTL8",0.0514030654942847,-11.9975208468998,2.47949987873821
"DCAF17",0.558999687534518,-8.62218068206211,1.23825900907872
"CYBRD1",0.195069489434974,-14.6755521404082,2.90132795920366
"DYNC1I2",1.33805407397421,-11.7887233040018,2.55786723930286
"SLC25A12",0.0125320261360804,-6.5917024166609,0.868895093839678
"HAT1",1.45611488934172,-15.9484568210325,3.83336626097639
"METAP1D",0.66395007859798,-9.69802542109937,1.6164232562114
"ITGA6",0.351585738284464,-10.3255260090996,1.89928232331737
"AC078883.3",0.0712453638587027,-9.66869264705093,1.40305803293516
"AC093818.1",0.310582335032997,-8.81109400122122,1.13316365819772
"PDK1",0.876732360079424,-8.03694443863975,1.28871675776348
"MLTK",0.0612148845353531,-18.4377801167796,4.25536886281262
"CDCA7",0.273975511395329,-21.7139701421916,4.8656555369292
"SP3",1.25359526494058,-8.50939029652627,1.64835314581116
"OLA1",0.553028483337729,-13.0558425815566,3.32797108340212
"CIR1",0.310558793509739,-14.3266858371001,3.66363698310715
"SCRN3",0.554197699749754,-9.69546562804008,1.55558669563399
"GPR155",0.42787588025806,-10.6857981426146,2.26622759227976
"WIPF1",2.39117523308112,-8.10850440038754,1.99423306335157
"CHN1",0.131292372563232,-15.009056370746,2.67834957679698
"ATF2",0.393449853418264,-11.7090488445367,2.43671313377137
"ATP5G3",2.61002679960444,-11.7941950753642,3.35804434052201
"KIAA1715",0.143357993970988,-8.51807431274417,1.43984397298994
"MTX2",0.729838034240162,-9.74430392063716,1.99219815927953
"HNRNPA3",1.5296619189595,-9.92063132076334,2.69045010748063
"NFE2L2",0.150964679018071,1.85840151944083,-1.29231603337077
"AC079305.10",0.0596912174824333,-17.9533882957669,3.91183338615994
"AGPS",0.577626001691464,-12.459802559029,2.56615329570935
"TTC30A",0.105077105774993,-7.59559279437745,0.444747560929296
"RBM45",0.610482340646308,-13.120804312973,2.59696107573396
"AC009948.5",0.0471881433468682,-10.8298665936795,1.67608623359792
"PRKRA",1.2056917485179,-7.9802843990497,1.65338390452117
"FKBP7",0.143471529536248,-8.42967278646709,0.779058130329423
"PLEKHA3",0.120055057966375,-9.76009735197519,2.0739085683871
"TTN-AS1",0.00910900806060424,-2.22017028374787,-0.482093844089948
"TTN",0.325679404514158,-10.2503044147775,1.57485771388124
"CCDC141",0.176475233675046,-15.2969694024912,2.86623992918141
"SESTD1",0.735282869242545,-9.51224946920036,1.70120417972353
"CWC22",1.23655426744038,-12.1994313811844,2.58701096868509
"UBE2E3",2.26012429826319,-10.4209407342451,2.49632602707947
"AC104820.2",0.427823618950728,-12.2741985847868,2.22638864933923
"ITGA4",2.13810979020602,-12.7721758153891,3.14253576818255
"SSFA2",0.490664080109671,-13.6334219798434,2.79266658179499
"DNAJC10",0.0533593451192042,-5.38303429849388,0.706652606788341
"NUP35",0.233135282631255,-8.54113480161844,1.22365932994612
"ZNF804A",0.110572876495208,-21.974503563965,4.64345048348385
"AC097500.2",0.355067503999269,-12.3387845926385,2.24532154908137
"ZC3H15",0.419653095692967,-8.75444105845144,2.1911986325647
"ITGAV",0.232170735428345,-16.4535045584255,3.2999582865389
"WDR75",0.723799585829143,-9.123464835802,1.46923173413734
"SLC40A1",0.153464895862832,-14.0543171617531,3.23442226821249
"ASNSD1",1.70833229951538,-10.5811352936208,2.37968325265672
"ANKAR",0.0162379170223763,-19.5243570515024,4.43924567882565
"OSGEPL1",0.186867519881039,-9.09305408969039,1.35787901773598
"ORMDL1",1.32678541309376,-7.74987987270934,1.85297778906912
"PMS1",0.588131591832262,-7.71727228921646,1.12339524784895
"C2orf88",1.64067214278868e-06,-35.5011625239098,8.99449668921525
"HIBCH",0.859745225185762,-9.71144140136073,1.9360903652038
"INPP1",0.784606638290971,-15.1455311514338,3.3613311396544
"MFSD6",0.526552163261153,-12.3049413661807,2.41176339676975
"TMEM194B",0.12241740303948,-11.8964790670467,2.11558876964623
"AC093388.3",0.16609063571325,-0.36017869156668,-1.61690145656082
"NAB1",0.778624133673394,-14.6122354776172,3.07030261537154
"GLS",0.863476121765337,-12.7172605887092,2.77055740482952
"STAT1",0.986269777891603,-10.247568143162,2.49907420034205
"STAT4",1.2603549872009,-4.18973757967079,0.480715804237892
"NABP1",0.126630731047809,-15.6271437403215,3.74660400563376
"SDPR",0.00655092556988177,-4.65228198964887,0.58789830135252
"SLC39A10",0.851663400113016,-8.91487377994786,1.54372190863228
"STK17B",1.79316470125222,-9.33768829949491,2.33542379964884
"RP11-347P5.1",0.992406712478205,-9.4213680544248,2.23311447382615
"AC020571.3",0.314433700104741,-10.1993695252054,1.54386368396201
"GTF3C3",0.598895347877275,-15.2167658703185,3.19863477791157
"PGAP1",0.48783571171362,-5.06175063615368,0.136838444982706
"ANKRD44",0.439196284874868,-7.97200183082404,1.81088670375902
"AC013264.2",0.154750274289014,-8.58197952750456,1.68424355524112
"SF3B1",0.543611262511463,-7.04345764763494,1.57465614709175
"COQ10B",2.19027786787127,-8.99978517885375,1.92932006356425
"HSPD1",0.761449449120862,-11.7897741072777,3.03753905916742
"HSPE1",1.22813836996558,-9.92109986724481,2.54357061476704
"MOB4",2.89164518699102,-9.61438121936841,2.14014224041765
"MARS2",0.0130806825797659,-7.39598366553532,0.506183102840047
"PLCL1",0.0130146672965319,-5.78268952311995,0.0236627212623693
"FTCDNL1",0.113959119163997,-12.8914431022236,2.50376350513621
"C2orf69",1.1410459604302,-7.87951980219356,1.29906003755926
"TYW5",0.0429952160194619,-9.04751748506763,1.48714237526507
"C2orf47",1.21168573840998,-12.3871237383399,2.60135215699905
"SPATS2L",0.188205619915307,-16.8673066889566,3.95977573261176
"KCTD18",0.40309564688956,-9.86745215956098,1.87820159418666
"SGOL2",0.0606329496654596,-12.2967086268228,2.14433311135549
"BZW1",2.78765829920334,-7.16198438006738,1.62968959317512
"RP11-469M7.1",0.0901843560392492,-8.94724768687863,0.793210271869298
"CLK1",2.03227714051863,-6.65491673562954,1.35330234942559
"PPIL3",0.436675421375665,-8.71545348358996,1.57428129693778
"NIF3L1",0.778553668310788,-10.6844668134752,2.10283759741777
"ORC2",0.0168688133128778,-7.34867497140403,1.16669152242277
"FAM126B",1.10150424424086,-7.2763026851379,1.1585650384263
"NDUFB3",1.00230490751714,-10.6510074835404,2.61956593617597
"CFLAR",2.59184103377124,-8.04799737499595,1.95654391606269
"CASP10",1.06070991028355,-9.70047640008651,1.82526303782118
"CASP8",1.98602508907713,-7.59918398724641,1.58853530748528
"TRAK2",0.687543932102943,-10.5437652761113,1.97434635822721
"STRADB",0.633039489803289,-13.0539601776515,2.88066033453351
"TMEM237",0.270756798938221,-8.38497548705064,0.952627360021234
"ALS2",0.271565827274309,-8.62148697434477,1.02284421858009
"SUMO1",2.16130252814813,-7.70518987976891,1.96705623488038
"NOP58",0.172300157500568,-7.70822988984134,1.71250721531768
"RP11-686O6.2",0.29453530875947,-14.0111652433296,2.66275845261907
"BMPR2",0.0209958644101693,-0.441608831162152,-1.05240477435347
"FAM117B",0.612281091183031,-14.7886465194761,3.174469905047
"ICA1L",0.782229200460278,-13.2393371943134,2.69164541709282
"WDR12",0.523140208104435,-15.6004269640004,3.42155648176868
"CARF",0.34141567415848,-10.9745913727031,1.98446029347169
"NBEAL1",18.9777536010721,-7.17933844046661,2.20649842357927
"CYP20A1",1.51901758403664,-11.5286912915358,2.52620751859755
"ABI2",0.192860709314124,-6.05911334695613,0.739625674095241
"CD28",0.488046835073443,-7.32358895567992,1.38260137391473
"CTLA4",0.24213860659069,-16.0506169073509,3.13838289623722
"ICOS",0.178095430373069,-9.3603188147714,1.80789596859003
"INO80D",0.219943916846568,-1.92823763318481,-0.651921368600417
"AC007383.3",0.164712639126188,-16.3768313324851,3.20780243923335
"NDUFS1",0.0948072623671458,-11.6090517655163,2.47343408879784
"EEF1B2",3.22519189798931,-5.75858055161285,2.07119218433142
"ZDBF2",0.197634658350567,-2.79381566077379,-0.816131660859489
"FASTKD2",0.473286363958227,-9.64071922110813,1.78378122514771
"KLF7",0.604832111658836,-9.71687177542595,1.83388763459566
"CREB1",1.1767668106588,-8.23583265686362,1.59979721109296
"METTL21A",0.234066970155057,-7.21114228482608,1.41755795408494
"AC079767.4",0.0584423970911173,-3.70011503175076,-0.0635763934148288
"CCNYL1",0.221525623197889,-14.5954394954953,2.7799874347382
"AC096772.6",0.121005626068705,-21.4481935111681,4.53731305181184
"IDH1",0.0551055892537493,-17.3074692434697,4.04197460207251
"PIKFYVE",0.972361003805242,-13.3888549269464,2.83235183894689
"RPE",1.18541853236632,-13.2945330883918,2.83702017134374
"KANSL1L",0.124213100467464,-11.9549935302209,1.78304631085643
"AC006994.2",0.0945305156187598,-0.878342298801489,-1.63816808423682
"LANCL1",0.913885947781417,-11.277584500861,2.16765370799935
"IKZF2",0.0591449654532223,-5.1238914738695,0.0339615315801588
"SPAG16",0.29366331725702,-9.04506092926858,1.55852454331899
"BARD1",0.0985817810154868,-10.7423981833958,1.76317600068385
"ATIC",3.07056302763432,-11.4678973067632,2.69982596955974
"PECR",0.753230634432685,-8.60830714747479,1.42455271363503
"XRCC5",0.897724432514872,-10.6013738708143,2.79798923988021
"RP11-566E18.3",0.115433798780633,-14.0461062130432,2.39695795655369
"SMARCAL1",0.655882106317928,-14.4498663786389,3.09935092373324
"RPL37A",9.18287039327454,-5.53376670580256,2.1203740394029
"TNS1",6.17258717872439e-05,-22.8988045123837,5.02140345802335
"CXCR2",0.125127477374249,-3.56116102968177,-0.720759322292418
"CXCR1",0.0104195680901972,-2.03342329018954,-1.14317800389754
"ARPC2",2.97524096156078,-9.33724971954212,3.0167820117054
"GPBAR1",0.200045198434056,-15.8053666537528,3.93565821020735
"AAMP",0.902405208989683,-11.2530435142135,2.73369063813521
"PNKD",2.0416495706379,-10.084442977714,2.44266262985813
"TMBIM1",0.585581069772165,-9.63768345896088,2.20145591939419
"SLC11A1",0.415408118000605,-13.713758459493,3.39887081144202
"CTDSP1",2.51503635896103,-9.57966957827453,2.23120109634797
"RP11-378A13.2",0.0322507135701013,-15.7359618386209,3.04698449917828
"USP37",0.523836492913756,-6.05431640825455,0.45497478016085
"RQCD1",0.797202924262269,-9.74166241845248,1.83353887038844
"ZNF142",0.255648904598134,-15.360468374035,3.05569440134704
"BCS1L",0.214706365487721,-12.8326709307413,2.64479949619066
"RNF25",0.0324821699068539,-13.7645008687574,3.04639735345817
"STK36",0.024729352867409,-18.8302813980814,3.8892106706597
"TTLL4",0.394834721403554,-6.22700929660501,0.424056818208448
"CYP27A1",0.137049549884544,-6.11311793936549,0.545207089356153
"WNT10A",0.081514791973865,-9.3962313637706,1.51138663702962
"NHEJ1",0.63347289994209,-5.86389508772135,0.454267599064228
"CNPPD1",2.28314884255225,-9.56256286957638,2.08795646590718
"FAM134A",2.09696126272964,-9.32937873350465,2.02352416264481
"ZFAND2B",2.5767767701673,-10.9210072757358,2.58582877488244
"ATG9A",0.549138680299354,-13.2545838679088,2.70935509700298
"ANKZF1",0.398194492514685,-9.78502502471617,2.04027053843045
"GLB1L",0.177315780408247,-19.0710363584959,3.89427896378239
"STK16",1.90745626074785,-11.4940717210209,2.6423492694055
"TUBA4A",0.759635013258934,-8.23633534774781,2.13064602401719
"DNAJB2",2.5658260259453,-8.56117772465705,1.72982323992775
"DNPEP",3.69069220335444,-9.79375951078802,2.20792480997791
"GMPPA",0.0439911178115714,1.01118780133574,-1.17161453672603
"CHPF",0.0405951194296637,-19.5477134889269,4.14773882642975
"STK11IP",0.0543664681853204,-18.8931356095084,4.38570334783906
"EPHA4",0.168622237040359,-11.2679480039047,1.65463697908609
"FARSB",1.69732834153463,-8.26950308980821,1.50033567689758
"ACSL3",0.463281424737483,-13.3038950056886,2.89857417868753
"AP1S3",0.351494039578255,-16.1484443065596,3.32905055318357
"WDFY1",0.719203637179296,-9.96473918065353,1.72457091060492
"MRPL44",2.28841735096939,-11.3068589681827,2.60802226482251
"SERPINE2",0.0161903582046824,-12.0136473651433,2.14997236172057
"CUL3",1.02896734594616,-12.4972549579278,2.72714085228514
"DOCK10",0.294858823363375,-10.6024387054074,2.3474221369014
"IRS1",0.0134630023716276,-10.6157635250661,1.46212639364871
"RHBDD1",0.275572956941103,-14.1879709491163,2.89096596727888
"MFF",0.321457103025567,-8.50691028528443,2.00056451680514
"AGFG1",0.881742212223724,-17.8370433105576,4.10397230286593
"CCL20",0.0167740739189467,-9.71051630747449,1.22550470971973
"PID1",0.17843747716415,-17.4690705920504,4.13885981553497
"TRIP12",0.0223483982254658,-9.15305529075932,1.7922566006188
"SP110",2.18742150189638,-8.86267675007196,2.32914574321379
"SP140",0.243870191708487,-17.0146261069654,4.2943140184189
"SP140L",2.20441172809108,-8.01323083301517,1.63609545786901
"SP100",2.17512832189273,-7.59768806772508,1.93416502501438
"CAB39",1.2254929274274,-11.3509742496171,2.33190828636278
"ITM2C",0.138242546535429,-15.1948168900821,3.757465203025
"GPR55",0.0744967479624978,-10.9224118675616,1.37902477864866
"PSMD1",1.45429934406191,-13.2204302614444,3.04800400689643
"NCL",1.44131487795294,-10.6055796807746,2.78578586430211
"NMUR1",0.431366932578367,-8.22495458805966,1.04464661825578
"PTMA",8.7624097199521,-6.48223446065552,2.553432567977
"PDE6D",1.19819186319193,-12.8731214130378,2.94505540358337
"COPS7B",1.7156751869482,-10.8829658424573,2.27463869579535
"DIS3L2",0.912417632897513,-9.48541965860328,1.82068020500417
"TIGD1",0.469751435741335,-5.89488952254404,0.374756123245003
"EIF4E2",0.715348700808942,-15.6107226795245,4.1218031477912
"EFHD1",0.0894841701248069,-4.20936573973092,-0.626583321664079
"GIGYF2",0.652802440758126,-12.0293906402593,2.46337521207536
"INPP5D",2.32549854547937,-8.16036199411907,1.71494659402701
"ATG16L1",0.0497287504498998,-5.00236232102502,0.309368292032508
"DGKD",0.830605645963936,-5.56684070854684,0.608485834511318
"USP40",0.441220628303372,-14.2553990437082,2.85216877786501
"AC097713.4",0.140715058209853,-20.6003626366163,4.36687193858876
"ARL4C",0.717137213535321,-7.32916434431662,1.78196799197171
"COPS8",0.370026484337226,-17.0429964536435,4.35423775994861
"LRRFIP1",1.38393517132984,-11.4140297895357,3.18278738937883
"RAMP1",0.0388363810602421,-0.683538238630243,-0.97336917729825
"UBE2F",0.600776767673168,-8.1908820328144,1.88511703913994
"SCLY",0.0767561705595372,-8.01687673611968,0.928741424197397
"ILKAP",1.69746758834657,-12.119895070542,2.83313007382869
"AC016757.3",0.115355119727259,-17.0684452176576,3.23259609186633
"HES6",0.41402847511776,-10.0153147816606,1.57445197500972
"PER2",0.124455204296414,-17.3160628493516,3.452284214987
"TRAF3IP1",0.13609178372018,-14.90807645595,2.68784706469149
"ASB1",0.768260593888596,-5.58677603577796,0.687613729460597
"HDAC4",0.666736532162005,-6.58070827204897,0.68455524777445
"AC062017.1",0.0845149824636428,-7.21302640181061,0.704185138347665
"NDUFA10",0.570781528726948,-9.694388864893,2.36434551125194
"MYEOV2",3.30652247147382,-10.4933665834445,2.72457797065591
"ANKMY1",1.01047986538212,-8.18399696381413,1.28361075064787
"DUSP28",0.421466851091428,-8.29573973363511,1.46023868596046
"RNPEPL1",0.862177588146157,-9.22445218415848,2.1651288065079
"CAPN10-AS1",0.333638168437854,-10.0383487106366,1.51228362998204
"CAPN10",0.184903534040473,-9.4310990278351,1.61863885111077
"GPR35",0.0333461936042793,-17.0477027198453,3.80254643962374
"SNED1",0.335346385182785,-16.9546828246347,3.51775714246019
"MTERFD2",0.199942083751948,-6.83773967030214,1.41006470958934
"PASK",0.0972571929846123,-9.84411552382282,2.22607880514471
"PPP1R7",5.61876228117119,-10.8558597973178,2.74665231411658
"HDLBP",0.319387692582936,-10.2025877894285,2.19672703706054
"SEPT2",1.79815595226135,-11.8167434271623,2.85464738816672
"FARP2",0.309471067297622,-15.3860999463263,3.12143182601928
"STK25",1.00772233412417,-8.45008310764655,1.65916298865743
"THAP4",0.80778428929697,-10.2157110877213,2.02912036132547
"ATG4B",2.41672791223817,-10.0160754204425,2.15590637797768
"DTYMK",0.430166607220699,-15.3882350564466,3.77335037903778
"ING5",0.041458108217891,-15.9579115929457,3.75774038464383
"D2HGDH",0.727735634254035,-15.9310087750088,3.48670992361923
"PDCD1",0.0729803988177148,2.18989823051477,-2.06140896799035
"AC131097.3",0.114282440965231,-15.1310281282729,2.66895984249514
"TRNT1",0.91315220351089,-10.8615108278322,2.17766441637404
"CRBN",1.00501288274383,-7.52381681172345,1.8074336026043
"RP11-97C16.1",0.090115980879316,-8.49121509291833,0.657459567877466
"SUMF1",0.362897210638223,-13.0039974197773,2.76925727470137
"SETMAR",0.356331165356112,-18.32345294706,3.97022128648451
"ITPR1",0.357977994825237,-3.78638589229462,-0.0321830865070321
"AC018816.3",0.117176391538725,-14.3161383778119,2.82315592014067
"BHLHE40",0.751748104334837,-13.4152242008099,3.13596981339011
"ARL8B",0.623846386231696,-13.3565839043238,2.98024682638763
"EDEM1",1.16027065921919,-12.6970478073689,2.70340650969282
"RAD18",0.381529768549883,-13.9025696037159,2.68962501074868
"SRGAP3",0.0801750443831587,-23.6786159480905,5.34587806674971
"SETD5-AS1",1.30562175140287,-6.58066103823622,1.25539857968292
"THUMPD3",0.0678355814303352,-10.400425189494,2.222854307191
"SETD5",0.339397207867272,-8.37693021149855,1.65806474531258
"RP11-58B17.2",0.100174451793897,-16.3164703188038,2.96122306555295
"MTMR14",2.82949140450287,-11.6593192852386,2.81250105915825
"BRPF1",0.239728589452311,-14.3652105864039,2.91481382862473
"OGG1",1.06267700128318,-12.1992587382043,2.64304337149066
"CAMK1",0.328349002715712,-18.4942485432035,4.66348782790529
"TADA3",3.36555525003475,-10.9745956489082,2.64593447774024
"ARPC4",1.57357414457661,-8.88338760601968,2.37548659510503
"TTLL3",0.406397618136459,-10.0343934296549,1.74509459060324
"RPUSD3",0.23110055068292,-13.068851553092,3.09381692943882
"JAGN1",1.20885462180121,-7.58833720174126,1.68621497550809
"IL17RE",0.107209646229264,-12.2277469772595,1.81796939159559
"IL17RC",0.0456668758345203,-4.86526365948721,-0.0789577842979086
"CRELD1",0.977807878557373,-11.7967086286119,2.42480018040185
"PRRT3",0.137903708923548,-9.6828579679078,1.59599657994942
"EMC3",1.66355241961989,-9.71551684203863,2.30078410374203
"FANCD2",0.153166030881375,-17.2667148115892,3.63832887881155
"BRK1",2.3701238651747,-9.28151179025333,2.73684068967643
"VHL",1.29511134490744,-12.512459106331,2.70463322897492
"IRAK2",0.397766923497053,-1.06209715026774,-1.13094695532723
"TATDN2",0.66931425324005,-10.4690312056355,1.87306430829957
"GHRL",0.0874247992119554,-19.634874203666,4.2551943728866
"SEC13",2.63266556185047,-12.9470284332493,3.17569126476565
"ATG7",0.0655318880186239,-14.0015342002372,2.98535209442239
"VGLL4",0.688099024394011,-6.25412492226142,0.834874480419833
"TAMM41",0.774146769594314,-10.4332396135521,2.10853769275632
"TSEN2",0.578004898040971,-5.202451332006,0.229814266122045
"MKRN2",1.28091239090803,-9.28749561979402,1.84156979336508
"RAF1",1.07585164243164,-9.3175790757999,2.01051301727004
"TMEM40",7.91385149175668e-05,-22.8487326336383,5.48009685903988
"CAND2",0.144010801483289,-10.3045340642923,1.33528666933143
"RPL32",6.57653342324796,-3.57490414906946,1.93757660133837
"IQSEC1",2.0591631894256,-12.9139354652133,2.98141798180589
"NUP210",0.545294043301131,-10.7059062438186,2.42974467595074
"HDAC11",0.121382129344372,-10.0130414012961,1.20946569887009
"FBLN2",0.189668706156852,-26.1927884935054,5.94832722452866
"WNT7A",0.532072954110344,-9.01656305489371,1.34528122364455
"CHCHD4",0.864806424152304,-10.5210595993856,2.01676583020243
"TMEM43",0.884790464125638,-5.16608403410208,0.67206599534485
"AC093495.4",0.197324962859664,-6.72012961279228,0.364310939130546
"XPC",2.39968020286118,-10.8154479413064,2.37628781981052
"LSM3",1.57543854320336,-8.26254804907877,1.90063574864629
"SLC6A6",0.106304105486552,-18.298537928242,4.4138813509685
"CCDC174",0.346996629129106,-7.47241337514968,1.40847908818579
"FGD5-AS1",1.25681152547979,-11.5245708104602,2.52064103939874
"NR2C2",0.0236263028611946,-18.9631058618004,3.9274277333646
"MRPS25",1.80750556131331,-13.9695281061382,3.34191802021308
"ZFYVE20",0.299001979173322,-15.1035281065722,3.10940648581897
"CAPN7",1.03281360214955,-10.44978555118,2.0711502281493
"SH3BP5-AS1",0.524725354707708,-9.25629607184531,1.42586468219069
"SH3BP5",0.438410664856343,-6.4332801966943,1.33061185566151
"METTL6",0.505203932024386,-6.34715613962945,0.531882877662874
"EAF1",0.506587639907782,-12.1168227207027,2.23791968212467
"EAF1-AS1",0.199231898862381,-8.1593691957487,0.79338246913351
"COLQ",0.288514427341914,-3.81370849955617,-0.395133791492025
"HACL1",1.42255299425554,-11.4086624634827,2.44167765876602
"BTD",0.562977301106555,-10.7449957098383,2.06866239586871
"ANKRD28",0.399259812435255,-10.221129021367,1.8794670965838
"DPH3",2.47877880160196,-8.35495149315257,1.66562793975024
"OXNAD1",0.859207631705588,-6.6242102102954,1.37183358891112
"RFTN1",0.677255618292872,-10.4661241936742,2.13294042904437
"RP11-415F23.2",0.13017300651447,-13.7041227830386,2.29682372837599
"RP11-415F23.4",0.22871032224798,-13.6333921556732,2.43390754444947
"PLCL2",0.343313437163031,-10.8849390505613,2.14114170305811
"TBC1D5",1.08205399821035,-7.71927617461252,1.28976349891082
"SATB1",0.350364084528927,-8.2206058627685,1.76218537657124
"KCNH8",0.117189383096194,-11.6961585445057,1.70678819288385
"RAB5A",2.108207085684,-10.7034966811808,2.404182163189
"KAT2B",0.476941913489806,-9.64943430746251,1.65844191565654
"SGOL1",0.0766220549019829,-31.9283877703229,7.58019270505424
"UBE2E2",0.837901342894645,-18.1703234353502,4.41741680168059
"UBE2E1",0.628782130670046,-9.62176682325922,2.26946588035058
"NKIRAS1",0.377004506575582,-6.4681445470144,0.482151034105296
"RPL15",9.41684120543231,-5.01701779871723,2.24648914900736
"NR1D2",0.385918410500639,-10.4158934375102,1.93135781579682
"TOP2B",0.0621486787267029,-13.2331586281032,3.0669001380033
"NGLY1",0.97281255504132,-10.6461207879331,2.39310167550153
"OXSM",0.182088565310274,-8.20561149360896,1.19768489336275
"SLC4A7",0.0811451194652233,-7.53082727112301,1.17668754269166
"RP11-222K16.2",0.0965342392852448,-2.58312723546745,-0.38312289696454
"EOMES",0.218417549168928,-5.89250496372857,0.677867860132349
"CMC1",0.635292203756898,-7.8568191271242,1.67881681598686
"AZI2",0.818208044195003,-11.8132281742257,2.64586837582035
"TGFBR2",0.30169558228513,-9.53536808512211,2.09455521690028
"STT3B",3.13087848815004,-8.71635328683984,2.02113397672911
"OSBPL10",0.252930376062247,-10.5692388827792,1.82252319408037
"ZNF860",0.179683175056658,-5.42350295506683,-0.052475928989646
"GPD1L",0.725044901385754,-5.12013653975826,0.271940732620439
"CMTM8",1.00006550475703,-9.28200721555367,1.8326861783821
"CMTM7",0.622450315558499,-9.3319988891902,2.37004793180994
"CMTM6",1.33417719720417,-12.2447535755354,3.15380082768243
"DYNC1LI1",1.55211410022307,-14.5116631531566,3.42052202048166
"CNOT10",1.00197817080891,-12.1979369122797,2.70606505536017
"CCR4",0.294699504824434,-9.46243083931992,1.29120902233734
"GLB1",0.163503894980588,-12.8561206880416,2.95167111998234
"CRTAP",0.204885214201262,-9.71822204204445,2.19251509409142
"UBP1",0.535871817615799,-15.37812521659,3.2278560340493
"CLASP2",0.327831688948625,-10.4052730138848,2.06155413499338
"PDCD6IP",3.03176455641495,-9.5555734184558,2.1842530071379
"TRANK1",1.17581189731618,-10.5914516899467,2.11274030566134
"EPM2AIP1",0.992153911344849,-7.65092742930914,1.49032005623626
"MLH1",0.87816788293976,-15.7447921554246,3.6062996720518
"LRRFIP2",1.58108699446897,-14.9122016311597,3.54023896727156
"RP11-259K5.2",0.114651759270538,-16.7447272445967,3.13866252362186
"GOLGA4",1.79615164348978,-7.06757782491066,1.21793938307312
"CTDSPL",0.39779616689136,-10.1474785495389,1.63706067137502
"VILL",0.822239273665054,-10.7363832179883,1.97843962116672
"PLCD1",0.319253306866292,-10.4169173073127,1.82042136751929
"DLEC1",0.145522892044346,-11.2846673418875,1.62482974029383
"ACAA1",0.871740396941972,-13.1935542030537,3.36533422446151
"MYD88",1.46820475168537,-12.5231729365509,3.13448838415273
"OXSR1",0.805614268315054,-11.08375054692,2.16808633800232
"EXOG",0.989633250200214,-6.67199199224486,1.06386418136216
"WDR48",0.85685822229395,-15.080541512124,3.34250843938604
"GORASP1",0.74098883668617,-17.8070998203058,3.97890080317197
"TTC21A",0.648406400672738,-7.67135294242017,1.00068255795453
"CSRNP1",0.431409501247844,-10.2704476867852,2.42404247468671
"CX3CR1",0.281140390460281,-9.51601371212177,2.12530820238489
"SLC25A38",0.569384812969443,-9.32000307007621,2.03516670831442
"RPSA",3.15851093697361,-5.39183982393619,2.19810041208918
"EIF1B",0.754112179191576,-8.56659671539127,2.11989382900883
"ENTPD3-AS1",0.0178406343790516,-9.47941232892633,1.82202698231712
"RPL14",6.16311094616131,-5.03218252643696,2.17184615174685
"RP11-391M1.4",0.125384561596192,-12.5240746756929,1.95050151827851
"ZNF619",0.205871881723296,-19.0204098464049,3.91360268814101
"ZNF620",0.107607097737283,-5.32487879563958,-0.235539978979953
"ZNF621",0.360706883594844,-5.90185121063294,0.29842472304432
"CTNNB1",0.160103753960148,-6.22909215697441,1.13561387590302
"ULK4",0.541494474274742,-16.0483083546598,3.40333882003262
"TRAK1",0.308954244561996,-17.9755357520298,4.1003159403656
"VIPR1",0.0237889723258348,-18.0097152868054,4.25424945038544
"SEC22C",2.00175882564344,-10.4036779166537,2.19247283321823
"SS18L2",2.49052463441443,-8.74227097579149,1.98112273406027
"NKTR",0.638545888867506,-7.04995788600801,1.54400282598885
"ZBTB47",0.0330944906865724,-11.8217971687311,1.92602605036014
"CCDC13",0.0959650662046744,-13.8655799854509,2.24553818603484
"HIGD1A",0.838250711101896,-10.8313808300267,2.34513617517264
"RP11-70C1.1",0.0327586649894439,-11.6716940465648,1.88187411836867
"POMGNT2",0.221179656503236,-10.6187881955011,1.54798299099673
"SNRK",1.9003048119524,-7.84027574432182,1.4529458673909
"ANO10",0.587483170088209,-12.7635653327994,2.49257690689797
"ABHD5",0.030101425707678,-12.7017160604491,2.8113894325351
"RP11-424N24.2",0.0856453689471554,-10.252855188573,1.180829317188
"TCAIM",0.659502398041508,-14.6353831482649,3.16417265667449
"LINC00694",0.14909225156365,-10.4813711315977,1.38758913836915
"ZNF445",0.464845962385125,-19.4394078195578,4.30314571107129
"ZNF852",0.159197373768239,-10.7177151139771,1.4922450062795
"ZNF197",0.487612496881928,-16.8259354088922,3.65564576033706
"ZNF35",0.170107959910405,-25.9030941929921,5.75387738479293
"ZNF502",0.0137596412162057,-15.9655823337373,2.99586636893109
"ZNF501",0.245511597648713,-9.15489633005717,1.16057782663141
"KIAA1143",1.23252532326274,-13.1339801724911,3.10985734802531
"TMEM42",1.18612768415773,-8.50970763358873,1.62413034503138
"ZDHHC3",1.55523901217252,-10.1783868403525,2.21351166776009
"EXOSC7",0.991028053555534,-12.3956060841847,2.90791756028053
"LARS2",0.269449646822064,-6.46798445932884,0.381641627938075
"LIMD1",0.346578589863631,-12.2979490082931,2.4665129080662
"SACM1L",0.535634838251055,-9.61500868892873,1.92321347939524
"LZTFL1",0.814134840769644,-10.3378179160661,1.86122306438247
"FYCO1",0.114268886199729,-13.6867181413488,2.62662964069482
"CXCR6",0.0636559631205624,-5.49707109790381,0.327121581295685
"CCR1",0.526726300704334,-16.110683257256,3.58042614542851
"CCR2",0.314334998160037,-15.1622087873992,3.3222640954087
"CCR5",0.287451873141928,-18.9907986348215,4.24105049662712
"CCRL2",0.161834729682296,-15.9307621619301,3.07830456612768
"ALS2CL",0.280949380352244,-16.145854331705,3.18925653532675
"TMIE",0.14501730618381,-10.7569380201867,1.4690375262805
"CCDC12",0.785176780992996,-8.0360862292341,2.05582928051079
"NBEAL2",1.36068317113957,-8.31961912294687,1.53898296920569
"SETD2",1.3186625085632,-9.83906069969221,1.94585508120068
"KIF9",0.0151536478965594,-7.08917941594967,0.54645989652165
"KLHL18",0.439980880943203,-14.6177780264343,3.22165186081075
"RP11-708J19.1",0.327777619759556,-8.63601941883459,1.30262891042183
"PTPN23",0.2664968740013,-13.000029869495,2.54449251008696
"SCAP",0.425942297070942,-6.26707253540728,0.785198075341309
"ELP6",0.106235680899556,-9.2992094176487,1.97291637463729
"SMARCC1",1.46364572077697,-10.8493755552384,2.33177405069401
"DHX30",0.846100636819853,-10.6984201770739,2.27887444299673
"MAP4",1.27547489806466,-9.47285316786442,1.89611113108257
"CAMP",0.0488374397039775,-17.20990472575,3.22074456545318
"ZNF589",0.114914104781958,-12.3136027388175,2.22490882465905
"NME6",0.0480843902514936,-13.5965826818115,3.13287819280726
"CCDC51",0.6204096484017,-15.1278691810974,3.1973758125436
"TMA7",4.81515530082459,-6.3236689331476,1.94188628638278
"ATRIP",0.473710803188823,-14.5060748134154,2.92514625418681
"TREX1",0.3876476206837,-12.9203165157624,3.26852120725431
"SHISA5",1.66424278530517,-9.32966853751734,2.38807673119955
"PFKFB4",0.338567186285794,-18.0632420585172,3.94343366973883
"UQCRC1",0.736362010909338,-12.3708192641249,3.22810222617209
"SLC26A6",0.390236970262593,-16.4163126853765,3.46841403642126
"NCKIPSD",0.202759199315528,-20.233494610677,4.34421725804277
"IP6K2",2.34914572139871,-8.53846912772416,1.83454192069338
"PRKAR2A",1.06972603337434,-9.69181583948942,1.97902409383483
"SLC25A20",0.583023929827263,-9.75663055038288,1.88108679702271
"ARIH2OS",0.054774447926287,-9.08962934863972,1.73388577932752
"ARIH2",1.09282157339255,-11.0986965675703,2.44462658536606
"P4HTM",1.04469352266579,-11.1350407891966,2.34577583490298
"WDR6",1.25480516879672,-10.0856794008668,2.0879178257714
"DALRD3",1.07761618851279,-6.70377971170394,1.16345031717157
"NDUFAF3",3.24912209039576,-9.93062863945879,2.54676326321346
"IMPDH2",0.779773292502737,-10.062957567217,2.49752382008298
"QRICH1",0.141526991379282,-12.9525094027881,2.91900912731453
"QARS",2.60412300625753,-12.4713885083922,3.09853894783298
"USP19",0.0615991841549106,-9.12831103328953,1.55741429278741
"CCDC71",0.377724478806631,-10.047565903312,1.87755200645258
"KLHDC8B",0.241481474306825,-14.9742947608199,2.89034485557421
"C3orf62",0.285364896996653,-17.755683396037,3.94857114791765
"USP4",1.45980377820195,-10.344626480742,2.1859775104563
"GPX1",0.379409648426765,-9.09548471247259,2.76372021136697
"RHOA",2.41879783897567,-9.41644022776987,2.80877252354369
"TCTA",0.0919327552800827,-11.8887883944996,2.55519858349568
"AMT",0.190441990130869,-11.2729679740491,1.74091430704391
"NICN1",0.326375298079221,-8.46579364068001,1.25223910460573
"DAG1",0.30242915836589,-20.1601868490305,4.52136801722586
"APEH",1.96035163783437,-9.65963458645852,2.06292473147769
"MST1",0.107685653770909,-6.43304190323808,0.0970623093880589
"RNF123",0.497167073171514,-11.9793223346789,2.25452606714485
"GMPPB",0.179513122174137,-6.36665299664543,0.230128679295372
"IP6K1",0.14106365084018,-8.02338278485846,1.44634523700062
"FAM212A",0.023280821320486,-20.4192064796878,4.70278614947385
"UBA7",1.29000925714256,-9.44932449197782,1.92936020439679
"MON1A",0.48650131538477,-8.05980807856022,1.04138394049527
"RBM6",1.90944220535265,-7.77379381175632,1.51881424859096
"RBM5",0.100932423211843,-2.8014728484956,0.126459500863355
"GNAI2",0.798943416581987,-11.6986533024807,3.11886277028459
"U73166.2",0.0842977358893516,-2.68685231868146,-1.08748746521115
"IFRD2",0.841614035935983,-12.8338516801985,2.90902153779714
"HYAL3",0.0899842094089907,-26.845659285449,6.25319274035707
"NAT6",0.587805487570046,-13.0973238144819,2.7569496341648
"HYAL2",0.0865276032440508,-21.9785579274679,5.09217914751127
"TUSC2",2.09673728625073,-9.38592488844886,2.0595929098367
"RASSF1",0.454575676767758,-4.92597988857273,0.793360813753597
"ZMYND10",0.126313188380861,-10.6440246755942,1.39619984386364
"NPRL2",0.0771724251102931,-5.87478150283744,0.997876619213875
"CYB561D2",0.760095382780514,-9.34408712524283,2.16464651310863
"TMEM115",1.19702135284123,-10.778074493666,2.16750150624977
"CACNA2D2",0.126124983244285,-7.93602916900763,0.592286637377836
"XXcos-LUCA11.4",0.667560901050834,-6.92655605117,0.910707669798552
"C3orf18",0.180166988309945,-1.57891067225476,-1.21347601287164
"HEMK1",0.013879949719962,-5.45209917341097,0.650434915151328
"CISH",0.209467794208461,-6.18113868637435,1.14739736449748
"MAPKAPK3",1.59906681101632,-15.3946839673898,3.94427763659192
"RP11-804H8.6",0.214285900961985,-16.883241014057,3.35458970160805
"DOCK3",0.110578812484207,-18.374938941999,3.61068516081648
"MANF",0.493279750058131,-14.7794793651425,3.82273378851945
"RBM15B",1.19460796715587,-13.7314884262479,3.02648209476517
"VPRBP",0.664528606928945,-9.26719204910854,1.48924350515582
"RAD54L2",0.624321654616239,-11.457694596119,2.22047445162922
"TEX264",1.67294430173167,-9.32047438250206,2.27180439105812
"RRP9",1.57770543205406,-12.8271196900143,2.81752063950267
"PARP3",0.504439581431458,-13.85059558694,2.76491840607596
"PCBP4",0.134696713263746,-9.69172237955885,1.59861213059782
"ABHD14B",3.9199751140804,-7.44665186941377,1.71185433737356
"ABHD14A",0.450266883319698,-6.87761440715281,1.372216148564
"ACY1",0.193020661490152,-19.1748978508132,4.0157200248524
"RPL29",7.49334320768519,-5.39298314366424,2.25289131428014
"DUSP7",0.463190221396465,-17.060242959813,3.74020713805185
"POC1A",0.380277681644394,-27.2629448014629,6.42273532411882
"ALAS1",0.677779017711687,-14.7706041820746,3.29477290015479
"TWF2",0.984665698654326,-11.2997917603601,2.89934162833518
"RP5-1157M23.2",0.100664987727046,-14.7977679388929,2.51838640421431
"PPM1M",1.76225171349084,-11.0560142868626,2.4999931324128
"WDR82",1.10815832858613,-8.68429478687792,1.85206309879637
"GLYCTK",0.030812380940061,-12.8424312422156,2.7052356663181
"DNAH1",0.384795216975391,-13.3374885032698,2.5246190694678
"BAP1",0.958780881582188,-10.6385413089937,2.07720457305624
"PHF7",0.626690405028686,-9.02434564264973,1.39317188123496
"NISCH",0.294071158746028,-8.96162897319497,1.71536179390862
"STAB1",0.279894987566446,-15.9166762335274,3.3839160287815
"NT5DC2",0.0772218347931673,-16.1555562859799,2.91440236389705
"SMIM4",0.656675100685206,-12.088359430886,2.55798212460573
"PBRM1",0.103881790338333,-13.0069773182879,3.00300435175095
"GNL3",1.07752554481787,-11.1634474363166,2.59361816243152
"GLT8D1",1.52520155061497,-7.90896950727709,1.49362295709714
"SPCS1",2.1650761199263,-10.6715741125489,2.98066846709945
"NEK4",0.451272607350059,-4.44649063077035,-0.0706992876213674
"TMEM110",0.306613116889817,-17.7711252284117,3.73696283725334
"SFMBT1",0.217251107952161,-9.36167799550486,1.62086311516743
"RFT1",0.365122804861112,-16.5078528528007,3.78889716283412
"PRKCD",0.265801262580031,-12.6366645136854,2.91997994437258
"TKT",0.685157268639576,-12.5120485307118,3.59079862665429
"DCP1A",0.940763536553463,-11.5818419001552,2.57056781431191
"ACTR8",0.634503859773637,-14.5263217084116,3.16309849102858
"SELK",5.3076777840179,-7.91287485553746,2.04549925286819
"CACNA2D3",0.154774638654535,-22.8446645644474,5.52730168888822
"CCDC66",0.0810506186985512,-2.16446788836308,-0.198563961684528
"FAM208A",0.612030941464745,-9.6175800717571,1.70173176079585
"ARHGEF3",0.563546812902825,-8.59666636927464,1.76464079201658
"HESX1",0.125905528419039,-1.20697927472804,-1.43522962368995
"APPL1",1.38644010937823,-10.5744251140644,2.30571094816844
"PDE12",0.191206990657937,-10.2424690622193,1.94379118885906
"ARF4",0.599665462703074,-10.2359651635957,2.50922123682306
"RP11-755B10.4",0.288461116267646,-9.61511994852428,1.33639107013188
"DENND6A",0.0450594770997818,-10.9607646197929,2.05068420630188
"SLMAP",1.08010052986146,-10.9415148145317,2.26062189159007
"FLNB",0.18276448005514,-14.8832479103106,3.18319394618772
"DNASE1L3",100.873952461958,-32.5362267308816,8.13916450911539
"ABHD6",0.31206463763038,-15.8791324741219,3.33437228137672
"RPP14",0.415478997715246,-7.39419719744845,1.15532314941268
"PXK",1.25240006349122,-11.5331869709966,2.4856908992867
"PDHB",0.534775432464362,-8.64296328729504,2.05725307583806
"RP11-802O23.3",0.09075514985012,-18.3170435656004,3.54129222617584
"KCTD6",0.652892337441234,-10.8438835343079,2.12480971296504
"ACOX2",0.0311560640623991,-29.3086960954449,6.74245099067569
"FAM3D",0.00536565475125688,-9.28746206700818,0.948527563284402
"FHIT",0.254923172591597,-7.14029651822214,1.44452586341321
"C3orf14",0.322497228395015,-25.1053217504043,5.95143952947943
"THOC7",0.317010831917073,-8.95872183164608,2.21682902721172
"ATXN7",0.663119001718497,-12.3248943322143,2.70931030065078
"PSMD6-AS2",0.197975341034772,-6.61565313575533,0.333090279935623
"PSMD6",3.48582287548745,-10.7852399807044,2.64125845541205
"RP11-245J9.4",0.0885097918206483,-11.5381360315546,1.56093565977406
"SLC25A26",2.2175253657006,-10.1659522294354,2.21953267245181
"LRIG1",0.364115644341996,-8.97659155800566,1.41853055029755
"KBTBD8",0.372982738173108,-8.30938404971296,1.03007628142016
"SUCLG2",0.513334584237895,-10.0835462426988,2.43966650682014
"FAM19A1",0.183402041890144,-11.8270956848308,1.850399566756
"EOGT",0.00832298891917912,-10.5596826110731,1.81036274459933
"TMF1",1.57126026837369,-10.5017677565799,2.19592218962457
"UBA3",1.95059899959105,-11.3844640072763,2.66867114539457
"ARL6IP5",1.10501711709838,-5.82501348444456,1.64083958481196
"LMOD3",0.214602453758257,-8.91119258200502,1.04259654000658
"FRMD4B",0.233093698243847,-19.1105160594072,4.32088643117009
"MITF",0.203785951661925,-21.4945970998576,4.62223265795821
"FOXP1",0.707021033230894,-7.0810769572378,1.63168582200216
"RP11-154H23.3",0.111581712024425,-14.2135697844894,2.40085391347698
"EIF4E3",0.857785594768568,-7.432479458534,1.16666870449573
"GPR27",0.070535739566316,-15.273854331792,2.65743390547603
"PROK2",0.192469386102889,8.8817111711834,-4.53117255209845
"LINC00877",0.4348154087389,-17.8796632734879,4.30464632218252
"RYBP",0.512839164937064,-10.4497449311557,1.9819238949099
"SHQ1",0.213002316288621,-11.7400896078328,2.13772022079069
"PPP4R2",0.946929125348138,-10.0124304752914,2.08636229460603
"EBLN2",0.337318979018313,-6.70247019902745,0.736479743976045
"ZNF717",0.106109966296881,-13.4723631751308,2.26804277760076
"GBE1",0.115017827540811,-8.94031503280251,1.46169144983558
"CHMP2B",3.27889723638556,-10.5253469798378,2.48244188195885
"CGGBP1",4.39294924423185,-6.83394509914437,1.45141706499157
"RP11-159G9.5",0.102508913924252,-0.836488128797486,-1.59526739330051
"ZNF654",0.281295466443901,-9.57825257405152,1.32548357833934
"C3orf38",0.218571049362118,-10.1594528075455,2.16000379531559
"ARL13B",0.386707694565884,-10.5419421889523,1.88742595939197
"DHFRL1",0.0483457639019735,-9.6975370231039,1.36077044060797
"NSUN3",0.597004964838453,-3.89650151906338,-0.15248067466576
"ARL6",0.00945927566943788,-12.7414114329702,2.14708673936592
"CRYBG3",0.0693327741901968,-28.0223946799606,6.15208865739988
"MINA",0.142028269398855,-12.0848352970483,2.65423367653537
"CLDND1",1.51412763175456,-8.02566588174746,1.6823182490568
"CPOX",0.236091273327938,-8.44771130969573,1.2969372524252
"ST3GAL6",0.126941895745118,-21.0059117175334,4.6958937540635
"DCBLD2",0.0902048833264502,-8.00275128806812,0.511845817335836
"CMSS1",0.51790035317531,-9.1881015402703,1.92760279447734
"TBC1D23",0.0482019027092259,-9.39208740792077,1.70635020330588
"NIT2",0.119780411083665,-10.1949057976008,2.34522964339859
"TOMM70A",0.903718954388771,-12.6393313728411,2.57753020062565
"TFG",1.70230633036982,-8.68327881721329,1.8169363782673
"SENP7",0.875885782030938,-8.76835856586309,1.50940824345035
"TRMT10C",0.709967413789071,-7.10731408187252,1.3137897966081
"PCNP",0.892184012325585,-9.31829600092373,2.44482737329376
"ZBTB11",0.210336023315656,-10.9498766225428,2.07717496270517
"ZBTB11-AS1",0.116552477280438,-9.30816283065152,1.36552951114776
"RPL24",5.45184819691098,-4.91299534278217,1.90684562771565
"CEP97",0.0908894904613152,-11.8706986384129,2.08131517058433
"NXPE3",0.642867063783786,-10.4257472129496,2.04606792722215
"NFKBIZ",1.40166585919972,-13.5328727897462,3.46035713456561
"RP11-221J22.2",0.143812704159489,-24.6643144595055,5.44921127288176
"ALCAM",0.116065153577376,-22.7777204519646,5.13178513047847
"CBLB",1.09802122037862,-5.7638365395077,0.749038197964947
"BBX",0.531791317280538,-7.62589168462534,1.74514110944192
"CD47",0.845844473446562,-9.11961267849612,2.37646755420769
"RP11-861A13.4",1.0084639474224,-6.78170114790376,0.867659360902059
"IFT57",0.244041308173235,-9.89654417666893,2.26204369268629
"KIAA1524",0.229810002955719,-23.0676792850736,5.1506900614159
"DZIP3",0.478195574037014,-8.51617362094709,1.32370054386125
"TRAT1",0.758531962141968,-7.61717763710996,1.80741205559188
"PVRL3",0.0061903094201414,-14.5570692818046,2.50132249781733
"CD96",0.477502179910111,-7.70103656767183,1.70885215804527
"ABHD10",0.370752389583459,-6.09437476561686,0.761791607912789
"GCSAM",0.277719725762754,-10.3373950992386,2.1092049799241
"CD200",0.267048608163136,1.81439998485906,-1.77637700723736
"BTLA",0.530140386776512,-6.15070880257866,0.719679302600433
"ATG3",1.38965447138686,-13.6338284764251,3.6393054724486
"SLC35A5",0.455935036500235,-12.0750897628504,2.42868344383718
"CD200R1",0.373369566023879,-9.34570290217017,1.61615048489969
"GTPBP8",1.21037796454705,-12.3204999805935,2.70545850610286
"C3orf17",0.45727859450675,-8.83523393909529,1.65889872216039
"SPICE1",0.596124979957657,-9.62427692768386,1.55302788388015
"SIDT1",0.6796943611114,-3.7612600812383,0.0410556890365823
"SIDT1-AS1",1.34818205874424,-3.83314155817854,0.184051672157464
"KIAA2018",0.35556845811312,-11.3043849046027,2.08916892321946
"NAA50",0.960328243873798,-13.9456825015577,3.29503719355348
"ATP6V1A",0.0955055712565781,-11.7524385631652,2.36404557538404
"ZDHHC23",0.108037242013261,-4.55228342579346,-0.468126228464329
"KIAA1407",0.14542880736772,-2.04857616200615,-0.666642964627744
"QTRTD1",0.35870192413997,-10.1596331548059,1.76015787979275
"RP11-553L6.2",0.304539755386611,-7.49535041018411,0.725326965543822
"ZNF80",0.143690731299159,-4.86598268758925,-0.287032935692592
"TIGIT",0.0884268996459931,-1.93016475929809,-0.0811322444805929
"RP11-553L6.5",0.0975384012162635,-13.8261047071498,2.65373754714792
"ZBTB20",0.545289063970494,-7.14423317190673,1.22963140461787
"ZBTB20-AS1",0.0903659204063533,-8.34964065605761,0.615277767712628
"B4GALT4",0.0814759190919188,-7.00610512021523,1.08169496936995
"ARHGAP31",0.386369876164658,-14.4400425682464,2.8835247137535
"TMEM39A",0.537203576682607,-14.4969394203442,3.0710251887754
"POGLUT1",0.473078346435223,-10.9294960145524,2.10826848797962
"RP11-190C22.8",0.125172621322236,-4.37390657412065,-0.475428879912856
"TIMMDC1",0.316143312295462,-9.11839646184813,2.06456863957076
"RP11-190C22.9",0.0564940939215972,-24.0067752112485,5.16868791772417
"ADPRH",0.517739626661033,-17.0756823252368,3.66980820661519
"POPDC2",0.151303727922577,-11.9815655303886,1.86485160765104
"COX17",1.60168912540558,-10.8497076662402,2.78539811774779
"GSK3B",1.39514319996395,-9.8644758866372,1.9353203034529
"LRRC58",1.01855648565279,-9.61074462167506,1.83138892322576
"FSTL1",0.407359595935275,21.6587544840272,-8.76955595213414
"NDUFB4",2.03025098313349,-10.5180931978848,2.78102948888082
"HGD",5.31779455513651e-05,8.00906523924564,-4.18363835951604
"RABL3",0.56004687097797,-18.6728561385916,4.21975310440032
"GTF2E1",0.712154892179448,-11.8120618417187,2.26037325752181
"HCLS1",3.00506240393292,-10.337501657843,2.87086564256698
"GOLGB1",0.0622225525432132,-16.5077904218266,3.80445690933728
"IQCB1",0.978813833552357,-10.2467721298956,1.97027034383233
"EAF2",0.313921822354403,-9.6507025711394,2.23003882350038
"SLC15A2",0.0948738819590463,-23.7029919552915,5.08271443453908
"CD86",0.561558202199988,-17.6565353912534,4.37366083554153
"CSTA",0.232785646920721,-14.593109766892,3.4321149574266
"CCDC58",0.518015562079532,-10.1160379267698,1.65999239415737
"FAM162A",2.74808186846155,-12.1256158069338,3.02961219044695
"WDR5B",0.399857478638322,-10.0207698592516,1.55037931371591
"RP11-299J3.8",0.37092303722984,-15.3057129875093,3.07039859047887
"KPNA1",0.0906459999993533,-5.82985720967024,0.861307408690084
"PARP9",2.16710635381753,-11.2921290445967,2.58478558749201
"DTX3L",1.2794768452664,-9.76746319864854,1.93340934916343
"PARP15",1.00622772797309,-5.087117573698,0.494194090906413
"PARP14",0.90263828567637,-9.19291041672344,2.00414582186398
"HSPBAP1",0.808274221242384,-10.0272586487553,1.96399837533859
"DIRC2",0.135703706880974,-5.83682598341224,0.357408137265569
"RP11-67L2.2",0.18636980550763,-12.8780616937996,2.15921563498556
"PDIA5",0.0644988904586231,-9.15259223062542,1.23434880042508
"SEC22A",0.619775605684472,-13.5830238517821,2.72339524697855
"PTPLB",0.466491760949886,-11.5392365936753,2.33294152661292
"MYLK-AS1",0.333609616660671,-20.9949842414536,4.53696367937432
"MYLK",0.0108526021960249,-29.5232661841926,6.83812870300809
"CCDC14",1.03725502403768,-4.34289589385295,0.223463205097018
"KALRN",0.125517749074351,-8.48764496266418,0.756575569942785
"UMPS",1.02340572000554,-12.4295282152359,2.63282316287905
"HEG1",0.658117137414285,-15.1156832494043,3.28690107290824
"ZNF148",0.36241647611482,-10.0774411045632,2.13205401461697
"SNX4",0.440969769193943,-12.127681566892,2.67156131696628
"OSBPL11",0.356689558744109,-11.9177038499733,2.36093492341655
"ALG1L",0.144658449343794,-3.10316854328462,-0.81888548007966
"SLC41A3",0.906326328351673,-13.8782557952439,3.07945084366703
"ZXDC",0.481533078689784,-14.2175486096765,2.97659268943281
"CHST13",0.376017204661383,-12.3586222025892,2.23810653428784
"TXNRD3",0.00572424063789202,-13.1390905812718,2.08590388882507
"CHCHD6",0.585080259498045,-12.9784619873752,2.54691336323415
"PLXNA1",0.0863487545379507,0.325682939816331,-2.00682103837828
"TPRA1",0.596876756874886,-12.7753113561497,2.71464324839668
"MCM2",0.30819369015037,-29.1880814843471,7.04730988261155
"PODXL2",0.0461593943765654,-7.56931632776793,0.837263438754722
"ABTB1",0.723002324169097,-7.36866372575008,1.53875767019712
"MGLL",0.250818596865658,-23.6112922189894,5.74252593425693
"SEC61A1",1.52138512246649,-10.935018375396,2.47046408379621
"RUVBL1",1.65399783869883,-10.3741873476028,2.34049500262709
"EEFSEC",1.00719138754154,-11.069664653183,2.29516636803041
"RPN1",2.49809387187927,-13.2637141243141,3.31167956800707
"RAB7A",1.76174945735051,-9.83978388689956,2.65579884306281
"ACAD9",0.689731361647681,-14.6617320393137,3.14361693715392
"GP9",0.00248823565730142,0.306813087941602,-1.2320725366491
"ISY1",0.238877934007939,-6.28938622695299,1.1783443216097
"CNBP",3.23985696326386,-6.01521483771533,1.87191425077845
"COPG1",1.04866948296567,-12.6614684632549,2.83889307588039
"HMCES",0.333220346825936,-10.0785878758635,2.18260201040933
"H1FX",0.642725447038787,-8.53643358248675,2.07516524365362
"MBD4",0.440536097137842,-7.05559682074884,1.43319339281163
"IFT122",0.143757261908348,-8.41225945547324,0.773877269127525
"PLXND1",0.784896751251291,-8.9756904231132,1.45956872590164
"TMCC1",0.398414807618642,-11.695214540529,2.04344263256324
"PIK3R4",0.214384811069336,-8.70195159031597,1.26187911967544
"ATP2C1",0.677948958086877,-14.688961508853,3.1742974903547
"ASTE1",0.435624077694248,-13.7944886536941,2.91434018833903
"NEK11",0.0174290304952842,-11.9306771670311,1.88087934605873
"NUDT16",0.504141662166973,-14.2143170790973,3.48267122236341
"MRPL3",1.21373254987136,-12.0973918299933,2.97060964091795
"ACPP",0.0365389747029113,-12.4959855435803,2.12408882692479
"DNAJC13",0.683253393088305,-16.8968534932341,3.8016207117185
"NPHP3",0.0280642051972721,-10.0585930150234,1.95621237936693
"UBA5",0.0785286621292148,-11.4714392582463,2.54413671397817
"BFSP2",0.123239230639244,-23.5362141778591,5.03546764979948
"CDV3",0.368017313038036,-7.65929853012308,1.64994401335124
"TOPBP1",0.0737759729371192,-14.8299685130523,3.05950558937385
"SRPRB",1.10398595778123,-15.1435500377857,3.55899288406402
"RAB6B",0.0984142477566824,4.21288656581787,-3.20914701108111
"RYK",0.124576286711549,-9.46507398159193,1.51483713948885
"ANAPC13",0.234215524882388,-6.59108897328569,1.35705294162257
"CEP63",0.75946030049812,-10.4417187588429,2.17831040250936
"MSL2",0.842883793905177,-10.8569476965492,2.20759198790639
"PCCB",0.823821884472197,-11.8827114411915,2.42046955162832
"STAG1",0.378099426842442,-8.70619004592634,1.561309746016
"SLC35G2",0.124794881901418,-12.406015745084,1.91578554302543
"RP11-85F14.5",0.125095585627229,-14.8537369086145,3.11780562085243
"NCK1",2.90678447056101,-11.2418735258454,2.64703867672332
"DBR1",0.692211173912892,-11.1239429759642,2.14473045680302
"ARMC8",1.61795496648643,-10.5415892343359,2.24159639835829
"MRAS",0.177810499112193,-21.6803509077954,4.9540153491688
"CEP70",0.467089977766173,-15.0820802191168,3.05839508781246
"FAIM",0.852915642812174,-14.0667801628381,3.02473464963808
"PIK3CB",0.318941238494659,-14.6162035378394,3.04083886364403
"MRPS22",2.8008337592397,-14.731976078016,3.55646843987342
"COPB2",1.53002362831976,-13.8728030847393,3.26872099167089
"RP11-319G6.1",0.197698753758041,-5.7300298503812,0.0680325369265369
"NMNAT3",0.010418905422624,-0.0523982881841633,-1.43810916825646
"SLC25A36",1.11501398054023,-9.43216341438768,1.83476295504754
"ACPL2",0.428382368434994,-8.17559822411673,1.03000077626772
"ZBTB38",0.470795235768197,-11.0970321373001,2.24303558145209
"RASA2",0.850970371315781,-8.11199691939372,1.47766637602664
"RNF7",1.16287645652924,-10.4873471416209,2.76676762638621
"ATP1B3",0.629881262744988,-15.87941880972,4.23206182610999
"TFDP2",0.308488593451944,-8.33235723552118,1.56004059423218
"RP11-485G4.2",0.456612684541009,-8.64622993854039,1.19328329497255
"GK5",0.0291353552163397,-14.8400987912815,2.78625831803653
"XRN1",1.16551213959033,-12.5694661933656,2.69157122197588
"ATR",0.613681228880376,-7.95686985819474,1.0684467863967
"U2SURP",0.223556801496709,-9.07216075589971,2.03647030975913
"RP11-91G21.1",0.167542744365764,-26.5165632689238,5.87455457993747
"CHST2",0.206844065239347,-13.8214537941476,3.12092997534005
"SLC9A9",0.810940150609867,-12.7063047001353,2.59709080939452
"C3orf58",0.608464449325637,-12.5393824857766,2.43525397676189
"PLSCR1",0.660644792913814,-12.9582749047438,3.31380891501083
"GYG1",0.334527901668838,-7.18392717255827,1.56091575706421
"HLTF",0.232323128306455,-9.81599428448652,1.70106666067661
"HPS3",1.01110163766391,-8.70873513820797,1.51305545501787
"COMMD2",0.691667871611081,-7.84595838597232,1.55996212581765
"RNF13",2.32761876211443,-13.4887811893264,3.34853244240305
"PFN2",0.579041833692139,-4.87747543682726,0.132532858628711
"TSC22D2",0.213348948466448,-4.64707285152693,0.225690870544784
"SERP1",2.29168336713365,-9.84635561626691,2.92469956372088
"EIF2A",1.52627887174195,-9.80965562908075,2.41561150163118
"SELT",3.73522831734077,-9.62975908615474,2.56081490328284
"RP11-103G8.2",0.0893525090171102,-7.49025353176019,0.962966271065476
"SIAH2",0.415239411446051,-5.38498169318655,1.03453096583979
"GPR171",0.0905807343252115,-5.6972921936703,0.900527984470757
"P2RY14",0.304238429967596,-6.37650314718858,0.39170280859842
"P2RY13",0.239437348032744,-25.5007560491189,6.26960105542812
"MBNL1",3.17228182804231,-8.21048344989575,2.03786312200721
"MBNL1-AS1",0.0932504132051533,-7.50043778128504,0.90551310190334
"RAP2B",0.444756633654407,-10.794156257755,2.26936893485416
"DHX36",0.325592993543169,-8.27709750451544,1.74814857290023
"C3orf33",0.178503515430796,-8.17142814949699,1.08490721686166
"SLC33A1",0.923255071187765,-16.9643189938019,3.92820243198235
"GMPS",1.60413619688901,-12.23422474983,2.86913687350116
"SSR3",0.765809219553157,-13.8217070485348,3.65099889583423
"TIPARP-AS1",0.4896141766598,-17.1193647354236,3.67152281473469
"TIPARP",0.276801158014934,-8.27511254166568,1.43398687660289
"LINC00886",0.000856159563734669,-10.6430893205702,1.96958781577796
"LEKR1",0.140117049694472,-18.8510159306569,3.83093791391465
"LINC00880",0.0677801504171082,-16.381653838823,2.98018251136604
"CCNL1",1.23220753348349,-8.37866814472976,2.16705823151811
"PTX3",0.023865112112995,-27.5899017126262,6.49641525805811
"RSRC1",0.498025311875022,-11.3598475425185,2.47900732166794
"RP11-538P18.2",0.245560183504089,-13.0749637086728,2.38914943652419
"MLF1",0.298375567234027,-10.8936918141233,1.71392400460288
"GFM1",1.07370007925541,-10.118489778828,2.02505462118877
"LXN",0.157629249431655,-9.9359637703472,1.82601541509339
"MFSD1",0.299703756955661,-13.6847186947157,3.26383069301728
"IFT80",0.41741030090365,-9.15023396604562,1.31881036225392
"SMC4",0.280009402444219,-16.8833274281875,4.158665668223
"TRIM59",0.125953113075135,-4.7508659605137,-0.3618651064086
"KPNA4",1.21387942106157,-12.9913655399433,2.86825833555175
"PPM1L",0.302308811903998,-18.1048807308226,3.8939696815429
"NMD3",1.65909738377291,-8.95453774667515,1.79801974795092
"SPTSSB",0.00780967860387838,-3.2464573671655,-0.470098492445952
"PDCD10",2.3016298249227,-8.99321926451516,2.01327884821303
"SERPINI1",0.57132073119424,-11.1588443049143,1.99594264273987
"GOLIM4",0.153107127809168,-19.8074265873207,4.1699366633598
"MYNN",0.165398138804971,-9.61060226136455,1.76219489367705
"LRRC34",0.105951612732393,-9.456909348598,0.99884118198865
"SEC62",1.45025964019666,-5.57050407101312,1.26720057838076
"GPR160",0.143469229628604,-9.61391840471205,1.57565277326302
"PHC3",1.49122366373102,-10.2497093510683,2.23112802127289
"PRKCI",0.0655980721392049,-12.6554209080098,2.36250094017679
"SKIL",0.753556767815561,-7.52321207883015,1.10828573789888
"RPL22L1",0.756492670640676,-10.2213076140629,2.62254787983916
"EIF5A2",0.64256588991299,-9.17941444284187,1.45543217098495
"TNIK",0.780541309314624,-8.99342960588485,1.69101295424916
"PP13439",0.112252374048126,-20.9990720135107,4.31276675465925
"FNDC3B",0.189666568922763,-8.49171578992034,1.35273519920992
"TNFSF10",0.418126283907911,-13.7573056065744,3.74923257422776
"NCEH1",0.225591438697735,-9.40047057350293,1.21138174899997
"TBL1XR1",1.26892005111729,-9.72962282840664,1.96679638530567
"ZMAT3",0.132396482741098,-4.73565966446543,0.35664498320395
"PIK3CA",0.60550835496329,-8.24728764434078,1.15455976409275
"KCNMB3",0.0331068177550928,-11.1290365639281,1.72208881313059
"ZNF639",1.1511677842623,-6.44483432404209,0.918291619413451
"MFN1",0.524978284986769,-16.7629567949446,3.646084994323
"RP11-145M9.4",0.0299236224582179,-19.3198253693498,4.1053156117362
"GNB4",0.278555892063705,-16.1245639179787,3.45298532347142
"ACTL6A",0.0758783641627442,-9.70740381991621,2.04601067883906
"MRPL47",0.309588260659979,-13.1022270664894,3.19373673966816
"NDUFB5",0.913926339503057,-13.5929556373401,3.63128504371567
"USP13",0.303936197142539,-17.1136905910573,3.51101749174876
"TTC14",0.185407317448374,-5.90482701241365,1.07766259524308
"FXR1",2.45377625353928,-12.1131296229951,2.94554934113148
"DNAJC19",0.971920604668849,-6.94518662433821,1.54375473986012
"ATP11B",0.835077723459992,-6.99621123245434,1.07551861409754
"DCUN1D1",0.6579412770962,-7.83463158812436,1.24624216398206
"MCCC1",1.06390280030836,-7.16404303978943,0.996736971750992
"LAMP3",0.00278216992530259,-0.477257792737687,-1.15899920359542
"MCF2L2",0.109851150251174,-1.94451920762111,-1.25762735049067
"B3GNT5",0.152968220679092,-15.0827722879123,2.7388012918067
"KLHL6",0.079381723901437,-16.6794470660619,3.83429863276446
"KLHL24",0.0993138160517215,-11.4637541382351,2.53606602529784
"YEATS2",0.0839185790428001,-6.22395116724499,0.578254832162056
"MAP6D1",0.15553677701599,-8.57336188700639,0.856819237861625
"PARL",0.47108426376407,-9.53419791173573,2.27952276423707
"ABCC5",0.404695522547963,-16.9074694095684,3.71986830629697
"EIF2B5",1.34938539908999,-9.7762452198128,2.03163464305103
"DVL3",0.039782613979414,-19.3538599796328,4.11508363062178
"AP2M1",2.09879345755032,-8.70011399742276,2.30701732782941
"ABCF3",0.944400306931724,-13.0956358900131,2.83793172612822
"ALG3",2.39136577319143,-10.4370223412003,2.35237189684327
"ECE2",0.195043562058209,-16.1118239033594,3.49761534869877
"PSMD2",3.21093215170064,-11.0166845264138,2.59286636761674
"EIF4G1",0.574411503020484,-15.2574663378729,3.52283945570274
"FAM131A",0.148427223307725,-20.9922309000488,4.56100713163129
"POLR2H",1.64922943133057,-11.9087880634109,2.83609125942488
"MAGEF1",1.17035994179975,-9.76631413787086,2.07918841648791
"VPS8",0.669501248913546,-11.371381337785,2.28798880663655
"MAP3K13",0.516296124353733,-9.75480862462817,1.94618078627164
"TMEM41A",0.509985158784356,-12.0376840923321,2.55319465213169
"SENP2",0.0465937297589053,-9.72665641035686,1.69375673549406
"IGF2BP2",0.261663386154649,-25.1547297606809,5.65772433656508
"TRA2B",1.37061066971509,-7.7426812113056,1.99760403062851
"ETV5",0.265722115919569,-12.5266495917863,2.19400115113365
"DGKG",0.127746477005674,-26.2889358853067,5.81087320889655
"TBCCD1",0.979543691494876,-10.2492212636406,1.88773197710448
"DNAJB11",0.70845517686465,-13.4484840464836,3.32675886702502
"RP11-573D15.9",0.197437016928417,-6.59260374770542,0.326201084439742
"EIF4A2",2.44547339130107,-4.63977216098144,1.45015651595971
"RFC4",0.671922264179712,-16.1967837228667,3.75378585357687
"ST6GAL1",1.18741783354627,-8.96842051375079,1.88777113284037
"RPL39L",0.0347980997783804,-10.1591399780577,1.92364433217374
"RTP4",0.616256488010397,-12.8660739627498,2.94103238992659
"BCL6",0.477101270300304,-9.56557332434544,1.80045563949254
"LPP-AS2",0.158020774816579,-8.68119871489961,0.888871743547324
"LPP",0.635071432938209,-10.4987004924387,2.16465291148424
"AC022498.1",0.0448677995703489,-20.2797543069553,4.15889528398749
"TPRG1-AS1",0.181798546796003,-18.2971715561482,3.73564174309262
"TPRG1",0.0928624096820299,-3.10393134430981,-0.513070306695146
"IL1RAP",0.00711777158672461,-11.0473953343167,1.90212795186629
"CCDC50",0.475375786164099,-18.2588359014902,4.55849195431232
"MB21D2",0.151552776910059,-14.0649176693321,2.4415309039415
"OPA1",0.849996730008717,-12.2467393987421,2.5133205777791
"HES1",0.0920967510653853,-21.5928411202593,5.19802803283558
"ATP13A3",0.444137100099689,-15.0911344544459,3.06102604837891
"TMEM44-AS1",0.384438244033343,-14.3945020568543,2.87026512724874
"LSG1",0.959892944807103,-7.77696600594378,1.23336615078928
"FAM43A",0.0766015018696124,-6.7679630209629,0.888994656335103
"XXYLT1",0.581170029230674,-15.3468349024867,3.26088231155723
"ACAP2",0.743908461512615,-8.36492994451708,1.82043761947833
"PPP1R2",1.43285999487986,-5.41230368401256,1.3036782812911
"AC069513.4",0.0991270998709002,-14.9272525577215,2.60947679703535
"LINC00969",0.597994410164675,-7.86326351128517,1.45548678882837
"MUC20",0.107186828825952,-19.616099203018,3.9158763194983
"TNK2",0.434477269713785,-10.2946425270734,2.03589175743393
"TNK2-AS1",0.0894857845528492,-5.37949437689786,-0.273945107148227
"TFRC",0.942822418924024,-13.5864337071841,3.00460285374596
"SLC51A",0.16184566981824,-6.48855497846249,0.2350777097578
"PCYT1A",0.094913693975021,-7.95148505347783,1.37735287264111
"TCTEX1D2",0.51485345033252,-10.2939623863393,2.01469879502527
"UBXN7",0.150050043349538,-10.7834792906147,2.09383551442666
"UBXN7-AS1",0.197724284468238,-6.52133697444634,0.304897162629935
"RNF168",0.0483924306903597,-7.27841260524057,1.25558925281524
"WDR53",0.643857652119267,-11.882026580497,2.24276166838656
"FBXO45",0.115966281423377,-19.8361404945815,4.03155306045476
"NRROS",0.388458844312415,-16.1212066949874,3.96438781662679
"PIGX",0.108856888932865,-9.99249139013292,2.18410357497905
"CEP19",0.415149428339517,-8.95244762338634,1.43277036893105
"PAK2",2.85918618201329,-10.8163492001152,2.57566757276831
"SENP5",0.764228029409044,-9.75540298080452,1.67658030849694
"NCBP2",1.05365050709525,-9.56005568241444,2.25138033227367
"NCBP2-AS2",0.963568654366716,-9.35075569546768,2.18689590466685
"PIGZ",0.0177028406405838,-24.200103379201,5.31835732560684
"DLG1",1.22605833062808,-10.2360036281732,2.04450694485023
"BDH1",0.566380947952539,-8.37061390754637,1.30530162704154
"KIAA0226",0.858412654062869,-9.61759179013519,1.8836161805205
"FYTTD1",2.55973854770017,-8.47866481505341,1.72197525506219
"LRCH3",0.393010752718871,-8.90343421617499,1.55366474334852
"IQCG",0.43259706734179,-9.76488956361915,1.5125723595397
"RPL35A",7.1679417084908,-4.11053772909434,1.83136290414391
"ZNF595",1.05781965193431,-4.16379202726972,0.0968926281659067
"ZNF718",0.30783058819984,3.01602954076946,-2.44054550588101
"ZNF141",0.479850636774888,-7.30927297755472,0.807614076239648
"ZNF721",0.448725181727637,-8.44121326670606,1.58732920227513
"PIGG",0.382273267026165,-9.52098232220547,1.72699559833253
"PDE6B",0.0145723065803247,-7.96026969244242,1.32295531299395
"RP11-1191J2.5",0.0291849788772499,-13.4972450956286,2.39407101915159
"ATP5I",2.62052654067652,-9.02606340990564,2.38196657474781
"MYL5",0.625077422434868,-12.3238527138148,2.49080033782912
"MFSD7",0.153788107823531,-19.1536327353898,4.20854651601131
"PCGF3",0.636022894217726,-13.0224318974213,2.68380841484258
"RP11-440L14.1",0.142048183703819,-10.0922074004653,1.27245104396923
"CPLX1",0.00607921312375795,-13.6412021236774,2.35199917093674
"GAK",1.02554861770602,-13.8937697665182,3.2274698643072
"TMEM175",0.908775959031356,-7.25985961046293,1.16644063676731
"DGKQ",0.288027701066834,-4.96440298253457,-0.0492039681516897
"IDUA",0.00395696098236103,-4.02075770290661,-0.00902849472776718
"FGFRL1",0.114781684844761,-22.7829950767798,5.16868658763856
"RNF212",0.156258107067207,-17.6737118666686,3.49118689193345
"SPON2",0.0701499793821345,0.682676613899246,-0.75465105359463
"CTBP1",1.51412807487492,-8.80441282480764,1.76359137006977
"CTBP1-AS2",0.275983062465004,-10.837263495934,1.91922600064567
"MAEA",0.154651063367122,-4.06477482696152,0.524843876546668
"UVSSA",0.346552852148559,-9.15978714771973,1.25248969548028
"CRIPAK",0.0317692973392583,-11.8096226631146,1.9224457341263
"RP11-1398P2.1",1.16240325703518,-16.2559631230493,3.83579155921349
"FAM53A",0.104080900999858,-18.4899927616026,3.6883844860494
"SLBP",0.333359721251209,-13.2197597007343,3.32848702257732
"RP11-572O17.1",0.25606712166899,-10.8313005289519,1.65616605691872
"TMEM129",1.23321007905323,-7.21601611272036,1.15962157325087
"TACC3",1.40353165208891,-9.97100734945759,2.11420337047266
"LETM1",0.418472498637213,-14.2197988035594,2.99685977029384
"WHSC1",0.0962704359150055,-3.76181935383645,-0.202196617063519
"NELFA",1.62042784721427,-8.14301660895115,1.45739553682632
"C4orf48",1.35648173295528,-10.8779033780227,2.73325813949173
"POLN",0.0944266175412188,-17.2759650236503,3.23990374105032
"HAUS3",1.01172844995615,-13.144007597743,2.88867444453372
"MXD4",0.72688454173076,-13.3214039334387,2.95849315690775
"ZFYVE28",0.0991372424415692,-8.2125692829033,1.37050162482626
"RNF4",1.6961654919791,-8.74666202930865,1.73877339826042
"FAM193A",0.246388064521579,-11.0067935942681,1.95124965969241
"TNIP2",2.3924015371435,-8.92804377524435,1.88611369966862
"SH3BP2",2.14918337224524,-10.3694789120631,2.2946105701331
"ADD1",0.2161527440218,-10.4959264843897,2.48998763875004
"MFSD10",0.219850948430958,-6.27504544178823,1.23261124613741
"NOP14-AS1",0.609993171019439,-7.21495400701633,0.848116896782036
"NOP14",0.637574948796164,-16.2550413175016,3.52379989796863
"GRK4",0.137771182457739,-14.0240478094519,2.42957511495617
"HTT",0.312979954316497,-7.31451242554874,1.07465734710597
"RGS12",0.072188909259271,-15.4286190102917,3.15903688583085
"DOK7",0.164535621048659,-0.906263949965465,-1.45028594179636
"LRPAP1",3.87277913041347,-9.02915162524891,2.20674619830418
"TMEM128",1.26666288230051,-11.4221651573699,2.53355792571555
"LYAR",0.230551995723965,-3.71013575640411,0.765508175611697
"ZBTB49",0.405766527317311,-12.8763511368977,2.38975179656774
"NSG1",0.431964668907359,-8.55413676031392,1.71030563972398
"STX18",0.0742444724284766,-8.45034559500041,1.71522688944331
"STX18-AS1",0.123556850343437,-12.6388080304633,2.0234651439219
"CYTL1",0.0128113982699264,-14.6442113316049,2.87800024179194
"JAKMIP1",0.0298529584195648,-9.17012486054246,1.49708470380813
"WFS1",0.107713129951774,-6.57815617425137,0.140530505300862
"MAN2B2",0.849898519875019,-13.7340229532692,2.96925787627489
"MRFAP1",4.11000704952495,-9.75979752967346,2.52669110527406
"RP11-539L10.3",0.100623729358523,-11.570366262269,2.00676474442739
"AC093323.3",0.144178799372416,-4.65983629153698,0.449946731614358
"RP11-539L10.2",0.304248423944651,-7.49245239001954,0.955699571650222
"S100P",0.160649510274905,5.59521819703938,-3.45735730776265
"MRFAP1L1",1.24532489237765,-9.11014443187876,1.93093782790236
"BLOC1S4",5.99311395354717,-5.95749797491803,1.27080481164467
"KIAA0232",0.189814888413447,-12.5932760365733,2.48182983256501
"TBC1D14",1.68484959685552,-8.14489124475354,1.42208346822277
"RP11-367J11.2",0.137948955784689,-17.8347149823567,3.49913031172996
"CCDC96",0.154199994190655,-30.4476842244588,7.0126585218712
"TADA2B",0.183291263772756,-16.3758331753707,3.55079110220029
"GRPEL1",0.206843128708788,-6.52523523313226,1.30387253843316
"RP11-367J11.3",0.143653801410506,-5.27791604720164,-0.163191091113431
"AFAP1",0.232816935466805,-16.9488732150439,3.3987867574624
"SH3TC1",0.635434175376336,-16.7127124886837,3.75415032759257
"ACOX3",0.174349455355885,-17.2836595489,3.70760525546467
"TRMT44",0.321557980135047,-23.8489691027709,5.39390861041917
"SLC2A9",0.0690995502572814,-23.498924676634,5.27257728113438
"WDR1",0.980662559393503,-10.2587466329563,2.73026631194096
"ZNF518B",0.51791714883075,-15.1843689842797,3.12232138371201
"HS3ST1",0.17433180704237,-10.0766989222617,1.33389867794964
"RAB28",1.50332630784373,-11.9472148453449,2.55490730347308
"BOD1L1",0.527277720289073,-8.94025643897595,1.59344943415562
"CPEB2",0.145652004011461,-18.8723950921805,4.14064407872907
"FBXL5",1.92565891927781,-11.2272649044409,2.65123550714649
"FAM200B",0.854870003910123,-6.73096425858202,1.34931824166057
"BST1",0.304229054322084,-11.4622030090783,2.68082815340354
"CD38",0.191087524449148,-14.921532711482,3.44254141009518
"FGFBP2",0.057402607330939,2.77853747327408,-1.12109087469017
"TAPT1",0.338400920106543,-6.71932299170948,0.527230201345259
"TAPT1-AS1",0.0780261906090669,0.200392649022401,-1.54426403399112
"QDPR",1.50233591012337,-12.9848504436756,3.11069562505087
"LAP3",1.48042459995642,-14.5736172269257,3.80181896586101
"MED28",0.678352197673704,-9.30683123861474,2.29599102663964
"DCAF16",0.870285392118692,-6.4418207172544,0.720700343281697
"LCORL",0.113152678990222,-16.6034216138225,3.59140279725012
"PACRGL",0.0121311609076502,-17.4269615659099,3.58160813391228
"DHX15",0.117593033529121,-13.8001427318865,3.27750093575457
"CCDC149",0.107938716924023,-9.6590054979596,1.05881567114072
"SEPSECS",0.25293478432522,-16.2581046603351,3.44408563015759
"PI4K2B",1.25510792902629,-15.0512749515455,3.42623350079507
"ZCCHC4",0.161712562559858,-7.04246503368382,0.739050667817217
"ANAPC4",0.134958353656432,-11.0698368889314,2.29218087638985
"SEL1L3",0.249986485087528,-4.03498620453205,0.233162194486615
"SMIM20",3.07555558102203,-8.88173396270194,1.98446239546232
"RBPJ",0.284151656707429,-8.87892309534796,1.96855977761397
"TBC1D19",0.153182234415104,-5.66898079044242,0.490361629568972
"STIM2",0.886847817211162,-8.66894791142626,1.57686575443084
"ARAP2",0.310144637892466,-10.737042852775,2.1589361430279
"DTHD1",0.215007292648421,-3.72716836274314,-0.507913200639263
"RELL1",0.0366962890285249,-12.4629022424877,2.13612804273261
"PGM2",0.10281846339958,-13.3517638426393,2.94913715741037
"TBC1D1",1.78558767265905,-11.2161647408473,2.54383271568072
"RP11-617D20.1",0.209352200742421,-12.8688662278748,2.18447622640283
"AC021860.1",0.176048026245119,-1.30635968021531,-1.29636025568409
"KLF3",1.9648210633056,-11.5934927523372,2.79515826304427
"TLR10",0.22301378832674,-7.05198822751539,0.987620270277114
"TLR1",0.656188397078947,-12.2008676743427,2.45483720840818
"TLR6",0.18974906415878,-14.0196402318842,2.57021767679285
"FAM114A1",0.152774229486001,-18.642768525335,3.80488021172495
"TMEM156",0.394742911032685,-12.0636954627713,2.5736369694298
"KLHL5",0.710726929464962,-17.8262757006838,4.07999433127769
"WDR19",0.0400169155085157,-18.0398863941659,3.71402471028372
"RFC1",0.128047324449843,-12.7635376337058,2.98737140331056
"RPL9",3.65703594436096,-3.49391392025244,1.70677752707812
"LIAS",1.40627279559753,-8.9934977149952,1.7111702449485
"UGDH",0.36698035460901,-10.4761863876702,1.93798945346844
"SMIM14",0.274713661799708,-6.89785899181338,1.44690934993376
"UBE2K",0.170961522773887,-9.76519302912551,2.18318563315173
"PDS5A",1.87999270439483,-8.41806156746837,1.61928584478042
"N4BP2",0.514190809680897,-13.6323019345211,2.70126131224131
"RHOH",0.922167924504578,-4.64468919577683,1.05573913428904
"RBM47",0.485268818067993,-18.3619431442653,4.15296031419546
"APBB2",0.0905116579696315,-3.23925517655846,-0.919984144659579
"TMEM33",1.12498768963545,-10.8494673084297,2.18492978635871
"SLC30A9",0.81775172194169,-14.4184386871952,3.15501763452224
"ATP8A1",0.660515119519832,-10.6181704059392,1.88749724542061
"GUF1",0.251677395326734,-11.6303409337555,2.13440177026189
"GNPDA2",0.141779022954012,-10.9359966435961,2.18446698258195
"COMMD8",0.519774629993236,-10.5174249184779,2.54368557172162
"ATP10D",0.0186621625669104,-6.29003163534282,0.656280274924941
"NFXL1",0.364207502176213,-17.6858245975663,3.7592238397196
"TXK",0.345210057301919,-6.51318616913624,1.22590246280851
"TEC",0.178261552550265,-18.8674378780945,3.8695796283381
"SLAIN2",0.913190096016912,-11.4137573547444,2.34674343856003
"FRYL",0.394479419506182,-6.65547363413708,0.96779778631541
"OCIAD1",0.73910678280258,-8.18970467179572,2.01056430621734
"OCIAD2",1.202970601047,-5.81443006385898,1.35531701548559
"DCUN1D4",0.467999901852576,-17.6519692451564,3.8020079035789
"SGCB",0.359971572133801,-19.4270836463163,4.24489786987131
"USP46",0.344039086503016,-12.7375805346291,2.321218061346
"USP46-AS1",0.112900560638165,-13.5981045315113,2.22057524175875
"SCFD2",0.106120324461916,-17.9451538721898,3.98661294393701
"FIP1L1",1.88553705377162,-8.9323646577996,1.93251956599216
"LNX1",0.178995164778211,-7.29092191908851,0.50627223918223
"CHIC2",0.283343619038223,-9.53226705226947,2.09749917064679
"SRD5A3",1.29538172701763,-15.6660051765189,3.76911140330472
"TMEM165",0.390565770897982,-9.59393690293376,2.36031026807645
"CLOCK",0.357621841960276,-6.84378189587661,0.579639639473386
"EXOC1",0.757053003470505,-9.98373708528725,1.94112220531006
"CEP135",1.34927375320807,-10.8115838970562,2.15180544783327
"AASDH",0.356431080256594,-7.3180803542411,1.07571567691089
"PPAT",0.554650502191517,-12.1735570114628,2.27476782238973
"PAICS",0.0628919570090351,-13.662997138994,3.08308954348523
"SRP72",0.824784781017281,-11.2739761390878,2.85687492606441
"HOPX",0.152697835722837,-2.71233984203836,0.434647565392518
"SPINK2",0.148483026069456,-15.132816430641,3.08499635114396
"REST",1.43053141031147,-9.49033398089314,2.05566522790426
"NOA1",1.90158297198961,-13.7235010782911,3.25685343832193
"POLR2B",1.10332767455625,-8.86681206959503,1.72005771176991
"IGFBP7",0.0901245193904819,-6.09492303047929,1.25088603917846
"CENPC",0.992724967043704,-11.4641898386261,2.40458132918023
"STAP1",0.0963817496777285,-3.41029946015221,-0.198774601667086
"UBA6",1.49352433305174,-8.58605151482677,1.60194344579204
"UBA6-AS1",0.631683865416705,-6.84952975513242,0.74804132613425
"YTHDC1",0.162607531819805,-8.38662817115833,1.73798140589775
"UGT2B17",0.00943642555974655,-30.8931214121871,7.21282526983029
"SULT1B1",0.179088380336547,-4.0433740179752,-0.467548635888622
"IGJ",0.0179707794983176,-26.9686930572995,7.24333659638337
"UTP3",1.49411739265986,-9.54333213792992,1.93537225700714
"RUFY3",0.266497457790337,-10.0409483422499,1.68475141474123
"GRSF1",1.21291490627397,-9.17879901573543,2.14189077736863
"MOB1B",0.390734318992005,-15.2133884589955,3.04357031698645
"DCK",1.31170185792752,-8.66106600627104,2.12566174428694
"COX18",0.35985766971759,-14.1133503802959,2.90254866993068
"ANKRD17",1.18429662024915,-12.5731727907049,2.71918878916015
"IL8",0.05629023626773,-10.7410044884408,2.68431596914033
"PF4",0.00470950480236581,8.82415838250246,-3.37157526919676
"PPBP",4.71154284705863e-05,17.3862741733915,-5.84466240613653
"CXCL3",0.000103521862723633,-27.9937063920569,6.66944497826933
"CXCL2",0.0321712343272998,-18.4265788489636,4.3590900833488
"MTHFD2L",0.526338423455424,-16.5456552055138,3.72215597522063
"EREG",0.0377442608321221,-15.4086674115022,3.42360864689609
"AREG",0.111249576651206,-12.7591160222207,2.36844767143947
"RCHY1",0.0996428448733562,-9.28618467054327,1.89760944822654
"THAP6",0.416521746495443,-15.355920500403,3.30025626467452
"G3BP2",1.80166275950263,-8.93591547761995,2.15037784199216
"USO1",0.5662442680201,-14.209900216085,3.27477966181034
"NAAA",0.776758750477279,-15.435705902092,4.12372905366776
"SDAD1",0.21012186854883,-10.9847757652921,2.48210399004609
"CXCL10",0.00761480286451531,-29.7898408554203,7.40562426960276
"NUP54",0.0867628114358933,-16.2890594963336,3.99750674606945
"SCARB2",0.268082463676032,-16.6382206014928,3.82645344206498
"SEPT11",0.0511265175838783,-7.9579270487109,1.44215996520541
"CCNI",2.11683785576538,-6.8719815875492,2.0960599757061
"CCNG2",0.512119357276633,-9.14909288165466,1.81937772893198
"CNOT6L",1.58060402083335,-8.10038434437772,1.51903769741974
"MRPL1",0.125439566076398,-7.0598323287313,1.272501717282
"RP11-109G23.3",0.527262578170461,-10.4299475661305,1.79936191564719
"BMP2K",0.327802931138667,-19.4085613555427,4.306499011259
"PAQR3",0.296983225499096,-13.2572405200393,2.4080233082704
"ANTXR2",0.108612219353729,-19.9103343702478,4.90366705732346
"PRDM8",0.172264760290632,-12.8726901780669,2.12672420799287
"RASGEF1B",0.517835275720538,-11.7269887204181,2.43482583781126
"HNRNPD",1.40147463873192,-14.8049528594947,3.75384182705342
"RP11-127B20.3",0.715690804754537,-10.9595007142315,2.010191993986
"HNRNPDL",3.01277357192079,-7.20867133714135,2.15865055107904
"ENOPH1",3.10108416940502,-11.4942106975859,2.68048082898234
"SCD5",0.126325662729741,-9.94495454141984,1.18929490208862
"SEC31A",0.270585642475088,-10.6293761876026,2.38392817618524
"THAP9-AS1",1.88228463423439,-11.1712053804645,2.51063652219995
"THAP9",0.140141445247365,-12.5098143351197,1.98556141817886
"LIN54",0.0336220806038913,-12.0149703071141,1.98281747864749
"COPS4",0.517533020370386,-7.07082456422302,1.39925068809274
"PLAC8",0.839348185006133,-7.5431801816832,2.20849241149577
"COQ2",0.352025916809707,-16.6410960849384,3.95443551553086
"HPSE",0.659602150877914,-10.5502569796837,1.87515860443556
"HELQ",0.06234489213431,-7.11639047693477,1.18310716685744
"MRPS18C",0.595632885505023,-10.3406641471847,2.47364594111271
"FAM175A",0.775110581938523,-7.57320667091013,1.40217927633702
"AGPAT9",0.206429102090921,-16.6640007995268,3.64192891288747
"WDFY3",0.139007499065611,-7.96558927068901,0.64088922217291
"ARHGAP24",0.0328832801395726,-0.597219012463451,-0.696406145195327
"PTPN13",0.0942703966620659,-19.1486577447107,3.78128306709217
"C4orf36",0.166655773823943,-14.6611510457948,2.65016175456534
"AFF1",1.06661094963077,-5.79127171799376,0.588372693802588
"KLHL8",0.739411645511551,-10.8978914472521,2.09899119357693
"HSD17B11",0.879914255968261,-9.10565673250816,2.40438740511005
"NUDT9",0.18179752328751,-11.7722757763192,2.48847266034608
"PKD2",0.133938595602295,-15.7754291833467,2.90169610685721
"PPM1K",1.1514340717636,-5.79031333582214,1.13783961995845
"HERC6",0.661426851985771,-9.1698444258437,1.7339365686227
"HERC5",0.235054898197195,-13.1758382106952,2.92195880846223
"PYURF",1.90000737601719,-9.67328651305791,2.55816711715545
"HERC3",1.12849210500473,-9.9445946605503,1.94944263090423
"NAP1L5",0.253195718822952,-10.3230269113101,1.75907963268741
"FAM13A-AS1",0.183919328847773,-16.130820287599,3.10873061215828
"FAM13A",0.0319210928492284,-15.3878964597577,3.12195349449764
"TIGD2",0.103088733579453,-14.3556039793797,2.44240968390636
"GPRIN3",0.98602910277772,-12.5256395282431,2.56557323050033
"SNCA",0.178929736079207,-8.27983417747421,1.34682195290475
"CCSER1",0.125695502762878,-5.10876497253896,-0.254172235192801
"SMARCAD1",0.50973016261073,-9.80388742062559,1.56790418729951
"PDLIM5",1.08947334506977,-12.7315778499336,2.86159632298433
"RAP1GDS1",0.806302314463203,-13.5492930385437,3.07578289990639
"TSPAN5",0.124518420876451,-12.0473804296844,2.47736568966651
"EIF4E",0.327261081622118,-13.7661324399105,3.33730284249286
"METAP1",0.534388513133507,-13.0376281731735,2.94377763285916
"ADH5",0.592795440341793,-10.400845532988,2.59680196859666
"TRMT10A",0.058935171709575,-20.803374741913,4.55110470208553
"DAPP1",0.561305447617115,-11.2414053616623,2.53590576694667
"LAMTOR3",0.86970943504487,-12.4764545779361,2.70940634597506
"DNAJB14",0.140440185397952,-9.96788718243269,2.09793573273719
"H2AFZ",1.40186036052133,-11.9703373064322,3.41632080537615
"PPP3CA",0.595693746232772,-11.7303937179626,2.3714249960098
"AP001816.1",0.265702098220785,-18.243053355863,4.02651079436357
"BANK1",0.177810430496694,-3.69409720024292,0.500640269826079
"SLC39A8",0.516049653868517,-10.9968115243532,2.29981702512536
"AF213884.2",0.0127214473725113,-5.2277485820571,-0.0324894489347671
"NFKB1",1.40822308159968,-13.6692619733786,3.21489046041417
"MANBA",0.114598147412793,-15.8299642518841,3.68526328190448
"UBE2D3",1.81846022624054,-8.56799296704357,2.54286831205287
"RP11-10L12.4",0.0307447967377278,-13.9058272512448,2.51357188488793
"CISD2",0.751837173125979,-13.7823480855378,3.35053749399848
"SLC9B1",0.190679561553398,-9.61345157792962,1.22498505848039
"SLC9B2",0.507744809443909,-9.73630057362292,1.53759410051669
"BDH2",0.532933282184837,-9.42112011815428,1.77555488065082
"CENPE",0.0280567405087669,-19.8008723115144,4.13783466548522
"AC004069.2",0.0896025120363024,-6.71055980429006,0.125580089522468
"TET2",0.293525461003896,-8.33829877275696,1.39101687664544
"PPA2",0.251051418134098,-10.711133908616,2.52927880415546
"INTS12",0.0317531752730087,-14.015001202496,3.38619379185775
"GSTCD",0.130518441142455,-12.2624052647108,1.87353937872737
"TBCK",0.0130741019796834,-6.37145791736646,0.807749280716779
"AIMP1",1.28044837896471,-9.40047004400075,2.14261165344414
"PAPSS1",1.4606925828625,-13.7157007682056,3.13851609016859
"CYP2U1",0.286652029112473,-6.84182822829267,0.512510415142499
"HADH",0.918912194692397,-13.9972539672962,3.18546425884225
"LEF1",0.594937228219494,-7.00329973450974,1.61931708505992
"RPL34",1.50525950815187,-4.07057586211621,1.81535799707517
"OSTC",0.835012059530494,-11.1075523156699,2.85689279323856
"SEC24B-AS1",0.218938410291186,-15.6179865180905,3.01269218042196
"SEC24B",0.898365921755624,-10.7876615502401,2.20330262862087
"CCDC109B",1.38456126089032,-8.61847190750344,2.31663751308711
"CASP6",1.1846572092061,-13.1519290552512,2.95778894185338
"PLA2G12A",0.110868753239297,-10.9249120240302,2.39191007527187
"GAR1",1.33837500523466,-12.6164322670298,2.8478517336562
"ELOVL6",0.158030133829598,-2.53475118767881,-0.955349380043211
"C4orf32",0.825914510217632,-12.8071952552611,2.77113045115545
"RP11-73K9.2",0.173150909792213,-14.6943994156196,2.65986547925554
"AP1AR",0.342712235357503,-9.01497129674524,1.22479453514367
"TIFA",1.45497531140405,-8.22372549915007,1.54657423545065
"ALPK1",0.0634888080721986,-9.02825481142777,1.19751988129036
"LARP7",1.22361343208822,-11.5926330501529,2.7619491041393
"CAMK2D",0.961779591865859,-6.09762064661934,0.788327534893148
"UGT8",0.143254496800376,-2.45844048241139,-1.01419103760657
"SNHG8",0.9103954253109,-7.3103469231162,1.84606750225843
"METTL14",0.419480425117827,-10.3878182194717,1.85609053516555
"SEC24D",0.281263912518909,-24.2075167750409,5.74782479345611
"USP53",0.61256765124738,-7.58598655099925,0.958365475214086
"C4orf3",1.1835433828513,-3.35211863152929,0.800080306770835
"MAD2L1",0.215419524194564,-17.7615038694944,4.10175734334296
"TNIP3",0.0904167867052823,-8.51386924876367,0.664207639010572
"ANXA5",0.838954845387055,-14.6816166007679,4.13110291108151
"EXOSC9",0.738109020199584,-12.6135660940586,2.81323693496026
"CCNA2",0.0426005071602123,-35.6140524766491,8.79199456958642
"BBS7",0.366198348874117,-16.6940942777374,3.65831169620406
"KIAA1109",0.714148052745232,-9.82068907676838,1.6750084448079
"BBS12",0.141457622003069,-16.1043432074808,2.99738699685501
"NUDT6",0.0488504768999546,-10.7939329024627,1.68451933500852
"SPATA5",0.348762696189673,-14.8457695932784,3.0545688906358
"SPRY1",0.0194590472281504,-4.56335499427097,-0.0606502327308103
"PLK4",0.0130160801848476,-5.99143084024137,0.0862319068034798
"MFSD8",0.533060884753663,-11.7152083708805,2.34354488180241
"C4orf29",0.72029637785268,-7.6057698811459,1.01248965848712
"LARP1B",0.324206469950022,-11.4063545846161,2.25790985522059
"PGRMC2",0.173749238161055,-12.0519597033458,2.69580760918082
"JADE1",0.758985096174982,-5.18491636622842,0.629020929566528
"SCLT1",0.940090871190987,-13.9967603150307,3.18267098313927
"C4orf33",0.0246026708825903,-12.7440204671469,2.75604559560301
"ELF2",1.14124230306454,-8.58052538740613,1.70334348019923
"NDUFC1",1.72620695760242,-10.9700314145402,2.68098326752348
"NAA15",1.5271051598641,-9.8062772121776,2.04850410512439
"RP11-83A24.2",0.533878354190724,-5.74406526839476,0.778202734215799
"RAB33B",0.612933539803549,-11.3933869649063,2.21837835609319
"SETD7",0.50468996926614,-11.1479518313874,1.97377340917056
"MGST2",0.147379161239828,-15.1154386503665,3.51711305270718
"MAML3",0.50573374383888,-4.92837309554895,0.107780722887389
"SCOC",1.88954275954011,-10.6158715048986,2.41508144200062
"RP11-425I13.3",0.208609932283978,-9.14641492701127,1.11236728442528
"ELMOD2",0.218487219416905,-5.89499953363242,0.436801215824708
"TBC1D9",0.255600516848592,-14.1229218940924,2.76684911548344
"RP11-102N12.3",0.161265333450439,-3.35670564053147,-0.364233399837876
"ZNF330",0.227983111742134,-15.2542576788881,3.70572161342658
"RP11-362F19.1",0.212186533584483,-18.6282416237471,4.46762159147613
"IL15",0.328795929436984,-14.498408561904,3.23481520407009
"INPP4B",1.18514912333136,-10.298948818213,2.2678720875807
"RP11-223C24.1",0.0364964313205751,-14.129421776825,2.71303447289658
"USP38",0.0207480237540456,-9.11957166963116,1.76453980346561
"GAB1",0.10113970324637,-21.5296942364071,4.56056970577492
"SMARCA5",2.82764712752711,-7.28775414609841,1.35387397486361
"SMARCA5-AS1",0.128741919088294,-13.3868717446566,2.20383795692336
"ANAPC10",1.2627251676923,-9.27909487251671,1.80621286579554
"ABCE1",1.17992378683904,-11.1469969682562,2.47328781519491
"OTUD4",0.790937463153636,-12.7623220874011,2.57836161958716
"SMAD1",0.182059111483076,-21.5922367815889,4.68007861411036
"MMAA",0.512681726207642,-12.1129955289074,2.23679778725796
"ZNF827",0.233422155935629,-7.00948954835742,0.500583198831502
"LSM6",0.508689211686502,-10.5209874289587,2.66114614158913
"SLC10A7",0.0772657370325249,-6.03890150520392,0.450373287242004
"TMEM184C",0.505145580934287,-7.23288878454191,0.795711294417739
"PRMT10",0.652840618047183,-8.39915089932032,1.81584159644365
"ARHGAP10",0.287563451544282,-8.38940523851567,1.21360459453569
"NR3C2",0.275321960640055,-14.9267339066625,2.87649800702554
"LRBA",0.329500239365583,-8.63134328826723,1.73484885425515
"RPS3A",2.80833858460837,-3.49589508742672,1.79549864418577
"SH3D19",0.899013018392112,-8.26211140373193,1.27904882175363
"RP11-372K14.2",0.27011984123812,-3.66151154199283,-0.460434544908354
"PET112",0.478302983244357,-11.8465957702903,2.17891268253344
"RP11-18H21.1",0.134263834138126,-6.81264954535474,1.13804266660707
"FBXW7",0.456695101727264,-13.927217372535,2.96897817937636
"MIR4453",0.1651459425431,-18.6775876079461,3.78097572947508
"TMEM154",1.34015692713681,-7.61806875298747,1.49852126299931
"ARFIP1",1.12527893728231,-9.01750098675363,1.57401507643047
"TRIM2",0.12930360677986,-10.7529102966163,1.42838801530144
"KIAA0922",0.916762393191419,-11.0910149149258,2.35380812181031
"TLR2",0.27572607154405,-15.0249238969696,3.28248037496109
"RNF175",0.0987727650067197,-15.3114429055655,2.66840341917881
"PLRG1",0.193549348493753,-7.79105073272236,1.58882984282674
"MAP9",0.618659035496826,-6.61824840295353,0.670552445331967
"GUCY1A3",0.0309626422036072,-24.2884877941074,5.38094570232036
"GUCY1B3",6.3069633261685e-05,-27.133731745737,6.37015423254158
"CTSO",1.55817159929686,-9.6798752033888,1.88715292564718
"PDGFC",0.102728741276768,-17.9227592370456,3.62761796770732
"FAM198B",0.049779142877267,-12.9612200611013,2.30245927489332
"RP11-597D13.9",0.109265784707596,-2.54717573336565,-1.07454495559614
"C4orf46",0.44518551517072,-24.3917895793467,5.76204154531672
"ETFDH",0.599722427436246,-10.0475749279773,1.828391155828
"PPID",0.777115299507088,-7.69310758028433,1.53755893861958
"FNIP2",0.294088314821379,-18.869317428873,4.35644477360989
"RAPGEF2",0.405276188610832,-22.1381963807906,4.96887567170744
"NAF1",0.239022089571908,-12.2427178451871,2.50271484831989
"TMA16",1.59959384960223,-11.8948650546578,2.72978860303688
"MARCH1",0.510607378874614,-5.22427591247825,0.827213685395585
"FAM218A",0.108285316397175,-21.127624579944,4.34955674589957
"TMEM192",0.461417964353675,-7.62535759317827,1.33633866397006
"KLHL2",0.52486022788147,-15.4808914548487,3.28363469537516
"MSMO1",0.981044370356912,-9.18959096566524,1.70389194827035
"DDX60",0.683513007510457,-12.631867933715,2.69187253072117
"DDX60L",0.800157014013377,-13.2380459790812,2.91915976890041
"PALLD",0.193091174953358,-2.14783318344279,-1.01181154084737
"CBR4",0.453445009819256,-5.23567376495549,0.486169526337836
"SH3RF1",0.116571899818477,-17.2062425421859,3.49640278532294
"NEK1",0.162691292725145,-8.55947040903255,1.28766094093959
"CLCN3",0.175322568091594,-10.793960644876,2.09236093823522
"C4orf27",1.47648073300613,-10.0891432868996,2.12955944449152
"GALNT7",0.338095704805105,-11.0862551872619,1.82126302210842
"HMGB2",0.871983393585824,-15.1372050357953,4.25877610665579
"RP11-798M19.6",0.0947779871266516,-13.5820987907067,2.58249509961883
"SAP30",0.347039800174478,-8.97604527861004,1.21326495407209
"FBXO8",1.19890503172142,-10.2943403239319,2.01115989963759
"CEP44",0.530605232875135,-6.83041717313127,0.696463115158918
"HPGD",0.261317959211683,-8.3362847728626,1.33905925994732
"SPCS3",1.65677617714517,-13.9687923823374,3.49368885607512
"AGA",0.212474626949365,-6.9216611467939,1.25720693708129
"DCTD",1.31966417634152,-11.783380702512,2.74836886584104
"WWC2",0.101980794068649,-22.0983241295055,4.62677662105309
"CDKN2AIP",2.00890640880422,-10.6917525188973,2.25874154328557
"ING2",0.416869175962103,-13.0315259308108,2.99888538842754
"RWDD4",0.205714473722569,-9.97439625003707,2.17117682351807
"TRAPPC11",0.594139584145405,-12.4315588051776,2.4117241095277
"IRF2",0.638780241437328,-9.9019308637669,2.30274682348873
"RP11-326I11.3",0.868814055515315,-9.19571689556603,1.54917712180827
"CASP3",0.505272412947403,-13.598513870377,2.97711381595676
"PRIMPOL",0.502869546657604,-10.8334848418342,2.07506306178219
"CENPU",0.0576557223780462,-31.3151116114819,7.35965891245696
"ACSL1",0.102189278482561,-12.963732334602,2.61120552707115
"RP11-701P16.2",0.0756598587771553,-18.033740637216,3.45938044692606
"RP11-701P16.5",0.00253006626496211,-11.4930406006881,1.8904017023121
"SLC25A4",0.311358904145133,-9.68270417204961,1.81618266976047
"KIAA1430",0.131882910722775,-9.53877081320328,1.96791047673218
"SNX25",0.309278111842823,-10.0100153126957,1.47106103686346
"LRP2BP",0.396296321263457,-9.30810649284858,1.52376805570782
"ANKRD37",0.515569035436153,-13.1248606748908,2.67792227460134
"UFSP2",0.702529087398825,-11.0309410928798,2.3849308835459
"CYP4V2",1.12041747682296,-11.3576687915727,2.31940329472056
"FRG1",2.10858359919936,-9.02553935260861,2.08830909083378
"CCDC127",1.083444397835,-7.66424737707948,1.15499635985481
"SDHA",0.59074027933431,-8.33110871411801,1.88973230593786
"PDCD6",2.08829356485795,-8.59982990116971,2.25184176712185
"C5orf55",0.424868323898689,-9.85462696671062,1.53906961434889
"EXOC3",0.134587357153382,-9.01351124930107,1.67531467892231
"CTD-2228K2.5",0.323979104042854,-8.14838388792951,1.4134232739495
"CEP72",0.0527574581485822,-8.07546593417364,0.897862904480521
"BRD9",0.304749542940952,-7.51208776543189,1.47009650573288
"SLC12A7",0.928776561879052,-9.7779751920683,1.87367960443152
"CLPTM1L",0.810566295147171,-13.3412619359275,2.78778563883526
"LPCAT1",2.07343247760715,-7.97623782874081,1.51151475573751
"MRPL36",1.78622257805895,-11.1474440428751,2.60062757607011
"NDUFS6",1.70640657817894,-10.7767174770469,2.82415430121545
"KIAA0947",0.44710865118162,-11.8433118513877,2.41334155054607
"MED10",1.46209018499673,-6.28893158423967,1.48930806457815
"NSUN2",1.24634879309602,-11.3901334072565,2.38597272490737
"SRD5A1",0.58724349607641,-11.5345674260628,2.31855553294205
"PAPD7",0.227442290653967,-15.7621624608769,3.07785553543293
"MTRR",0.266740003643617,-10.8710296301644,2.16924509057367
"FASTKD3",0.210003310145401,-10.986221213691,1.91625351246259
"RP11-480D4.6",0.0946325139138174,-12.0108451747942,1.7003670096517
"MIR4458HG",0.183926102013016,-15.1385880020054,3.26362977375187
"FAM173B",0.269662714887044,-12.3029671666035,2.10943787315364
"CCT5",1.22713762832719,-15.2331139172986,4.05604295004817
"CTD-2256P15.4",0.15747997652856,-12.6007332625014,2.04687939634044
"CTD-2256P15.2",0.199725655217562,-12.8812103859869,2.21361264626334
"MARCH6",0.378199587535602,-8.23798784579377,1.6134650804997
"ROPN1L",0.0353355198586996,-16.7992841124827,3.35547432621123
"DAP",1.43130813089313,-9.09392380603521,1.89004234864641
"TRIO",0.457630370616392,-16.1906006438325,3.42455316988372
"FAM105A",0.658417716799565,-13.4035404150657,3.16088108352107
"CTD-2165H16.4",0.106836113177613,-8.29751222618264,0.654069202604687
"FAM105B",0.431769594759314,-10.7362471486247,2.04139870689511
"ANKH",1.41377483772126,-7.02474916932746,1.18742738988837
"ZNF622",0.802878492061015,-7.55251024690279,1.5485069821237
"FAM134B",0.678872643803584,-10.9637968604774,2.30627487886894
"BASP1",0.312366434819189,-22.1799496861427,5.43208049251593
"DROSHA",0.504360756504701,-11.6014486997027,2.10698065779076
"C5orf22",0.56858585940978,-8.78792632734991,1.28732987212349
"GOLPH3",1.4495264591847,-11.434251384093,2.5194909987152
"CTD-2186M15.3",0.440883823878411,-13.7222556226136,2.71761094328503
"MTMR12",0.366409648783078,-13.4783547929656,2.59119501765546
"ZFR",1.08221475261337,-12.0334523158068,2.60847568464426
"SUB1",1.10378750912868,-10.7220417329756,2.92884307092648
"TARS",1.17287309048171,-12.4236559879857,2.76496993286989
"AMACR",0.125771419953226,-7.75083851857541,0.537069005174023
"CTD-2517O10.6",0.00751840083066013,-7.87798276885579,0.574982509523172
"RAD1",1.2203784340425,-10.0059690331666,1.94765889902439
"BRIX1",1.16560463579458,-8.32902494795304,1.72649030061691
"DNAJC21",0.729172813425407,-15.6569191114678,3.62644091918132
"SPEF2",0.210525098003529,-13.3500924969064,2.71006045210311
"IL7R",0.52753089487158,-6.082746245578,1.78229622894369
"LMBRD2",0.151142591432884,-18.5045551875552,4.0222724904516
"SKP2",1.07081798818997,-7.87612976254659,1.28287502705001
"NADK2",0.0594570643460318,-6.5060739533882,0.447462223689788
"NIPBL",1.35565111519493,-8.93543596632745,1.83834610383113
"C5orf42",0.139915350471646,-8.03850582704639,0.662611141208779
"NUP155",0.366746577142682,-13.3902124757011,2.64945331021714
"WDR70",0.556916995367375,-8.87110487552654,1.65494724612612
"RICTOR",2.22226996782102,-7.70167823048775,1.59707233344579
"FYB",0.818416090390222,-8.00417176335265,2.22189141336451
"AC008964.1",0.627930244993543,-10.4076111132534,1.80132035850184
"DAB2",0.034085369966016,-19.8996783328931,4.5291246270175
"PTGER4",0.659192873652416,-8.78709734572073,1.96817419042602
"TTC33",0.496379193532515,-8.46992967635398,1.31638089091383
"PRKAA1",1.66384981584174,-9.80858799040833,2.02863329660675
"RPL37",9.20012308862864,-5.56003698341136,2.1264991049242
"CARD6",0.172008621371694,-13.4361789186599,2.3228146114484
"OXCT1",1.13840312282681,-12.6679599964006,2.77975405461518
"C5orf51",0.417708779018405,-12.6966654510143,2.35016423584991
"FBXO4",0.0820231164939585,-15.9810154826379,3.79373154032916
"CCDC152",0.134799874227759,-8.14094850070338,1.25456654854934
"CTD-2035E11.3",0.351889901967168,-7.16287879087241,1.41080672132326
"CTD-2035E11.4",0.141538040139498,-10.3314361768129,1.34324519345977
"ANXA2R",0.888218323404844,-5.24417935163232,1.10674673696574
"AC025171.1",0.177218350036896,-16.7145287233673,3.53149509359046
"CTD-2035E11.5",0.159258591590921,-12.4473753974953,2.00182562439788
"ZNF131",0.448235061611916,-8.92040089894961,1.87952782003848
"HMGCS1",0.314926579425804,-11.8341158896542,2.36843264283987
"CCL28",0.404944828238142,-7.16279839180864,0.986129401281761
"C5orf28",0.982615019258716,-9.86731738108178,1.80093838568769
"C5orf34",0.111155963698811,-17.7293627645098,3.46866384862241
"PAIP1",2.12825697513968,-12.6375137386023,2.94918791761087
"NNT-AS1",0.0329866920144044,-12.9120233969428,2.8536769101393
"NNT",1.18270457734171,-8.58071745125773,1.55710438882699
"MRPS30",3.10891322212209,-8.59899005640161,1.90715286264094
"EMB",0.209098538163556,-7.65923316736707,1.69109338684699
"PARP8",1.28751705240521,-7.99270719345045,1.56721757070866
"ITGA1",0.108126188420433,-15.6236336251266,2.81259767386623
"PELO",0.810112990822669,-10.4629502190883,1.98102592824132
"MOCS2",0.0335172798081785,-1.0189184012711,-0.530581742591824
"CTD-2366F13.1",0.144742062708443,-8.822696059001,0.895918985891705
"NDUFS4",1.2541354286546,-11.9453432907033,2.98407223411754
"ARL15",0.342253198631611,-5.40885240979871,0.135551801587711
"SNX18",0.793314353910582,-15.326752797836,3.51560575417037
"GZMK",0.0682929678248601,-1.33559100542331,0.099304574131926
"GZMA",0.131162851880405,-0.11139949758581,-0.119315453106334
"DHX29",1.81615553028141,-13.2701461356309,3.11573717809084
"SKIV2L2",1.30950767395154,-13.9008238501602,3.0686052634622
"PPAP2A",0.40852855632055,-11.8540151501976,2.2654316815811
"SLC38A9",0.349205962042138,-9.14151462234111,1.2622664005475
"IL6ST",0.433611505866745,-8.40838933187784,1.46633427863302
"CTD-2031P19.3",0.130657430747451,-20.2566154673449,4.15225820753855
"ANKRD55",0.401751562424457,-11.2883946800512,1.93694818418476
"MAP3K1",1.63552348325285,-11.0022619006433,2.34497770764544
"SETD9",0.170911627717852,-17.6778670851574,3.5264396106612
"MIER3",0.211538609157224,-15.6685746405507,3.0021022839195
"GPBP1",1.10632614733743,-7.36009420643619,1.64923925722419
"PLK2",0.153869809215393,-13.4325688981626,2.58974528138909
"GAPT",0.291143254248302,-8.73060892851484,1.82367184323058
"PDE4D",0.476697287496207,-12.5116888036632,2.492412572081
"DEPDC1B",0.0406488104659518,-36.462345479561,8.66987685196996
"ERCC8",0.107931983419748,-13.5747752922614,2.56610396720291
"NDUFAF2",0.549447861722339,-9.80711787388869,2.04675974326997
"SMIM15",2.05145025098185,-10.4669360459747,2.37903181488591
"ZSWIM6",0.0285845171795851,-11.628521229855,2.02385120879464
"KIF2A",0.685686217899094,-10.4798385837507,2.22349404157034
"DIMT1",0.199434973602479,-7.09522302444074,1.37426610822769
"IPO11",0.361585125871284,-14.4101473604002,2.85053947918257
"SREK1IP1",2.18172596119536,-7.77371247230551,1.6326094311027
"CWC27",0.136915850395792,-9.03701549720501,1.98002100802786
"ADAMTS6",0.25185062996844,-5.56588903827568,0.0911133119017334
"CENPK",1.26774176068267,-10.4155382455419,2.10933241766805
"PPWD1",0.92415192649879,-7.16081523682802,1.18321524805297
"TRIM23",0.0120175758753024,-15.6788778525922,3.40060985579615
"TRAPPC13",0.689445852866955,-15.3440338138406,3.42770260742446
"CTC-534A2.2",0.290208370550825,-12.9058335160833,2.28623297804068
"SGTB",1.01386435561947,-10.8953398078052,2.1566805914936
"NLN",0.0309755034519422,-16.062275916663,3.24282866942064
"ERBB2IP",1.45703989258951,-10.7223067477901,2.28587323304745
"SREK1",0.350068119510049,-12.348773325434,2.91822213316473
"MAST4",0.708118071915287,-6.17331204696479,0.697100480279839
"CD180",0.167971312462185,-8.75537319954847,1.5926935466693
"PIK3R1",0.17534792102155,-7.30364927746354,1.39528866121482
"SLC30A5",0.793215990492142,-11.558448716722,2.46420647031255
"CCNB1",0.0301534648277696,-29.4740443181947,7.06162024228783
"CENPH",0.56450519613978,-15.0973578393983,3.3649369030317
"MRPS36",0.618166002837136,-9.39887270256678,2.08515572595938
"CDK7",1.10310143387847,-9.48796125901951,1.70355410202477
"CCDC125",0.225863624301856,-17.4915116049768,3.55572241778401
"TAF9",5.06308225432886,-9.39996160733157,2.27871516907181
"RAD17",0.896378848196683,-11.0076223481284,2.08842817713718
"GTF2H2C",0.307384369604823,-14.1008113310739,2.73387903071851
"SMN2",0.302273713735901,-10.1936120287118,1.8313068321099
"SMN1",0.827190019410266,-12.6851764683534,2.71471592482469
"NAIP",0.0395767552849754,-5.16476048088748,0.167683698515824
"GTF2H2",0.0993930483456667,-8.32829535726787,1.31002177060804
"BDP1",0.964197064223406,-6.72147549085423,1.11966945587707
"MCCC2",0.848848100811448,-13.3333384421097,2.88502505560398
"MRPS27",1.49211172551317,-8.7901525406055,1.63697158961857
"PTCD2",0.342274328004894,-4.58416239612829,-0.111757189864485
"TNPO1",0.616177884426304,-4.72685866302281,0.368957781513515
"FCHO2",0.143704637989341,-9.3481420589014,1.05193816627179
"TMEM171",0.00746390735391103,-6.90349065230722,0.284017745657531
"RP11-79P5.9",0.156963177845609,-12.5823642790897,2.07242668317866
"BTF3",4.3766902501854,-6.81240127858197,2.34746717504588
"ANKRA2",0.187777674209501,-10.7313402365022,2.24076330273639
"UTP15",0.537356181133917,-11.4677675199901,2.09571686120725
"ENC1",0.15336220563556,-9.52706216539315,1.13992868977891
"HEXB",1.75286642565425,-11.6937897326728,2.82438197959877
"GFM2",0.534295121468551,-10.7482574935851,1.85621900341612
"NSA2",0.586518110635644,-8.03934858344167,2.03023939930387
"FAM169A",0.285270699596387,-10.8357495911079,1.69684617808302
"HMGCR",0.538639947926914,-14.9595644813094,3.08763100277009
"COL4A3BP",0.515154379961885,-10.1057289336542,2.02998939753232
"POLK",1.3364516810289,-9.09878788573176,1.76875416805508
"POC5",0.487522359668987,-13.244785848639,2.69994164799222
"IQGAP2",1.21031285879771,-12.015176517511,2.84084148476006
"F2R",0.0654298516733707,-5.65796759168042,0.425095181171344
"F2RL1",0.190932629177506,-13.7426382756631,2.41252779317285
"S100Z",0.187917265669736,-14.6657086438975,3.19866950425954
"AGGF1",1.00371565682993,-9.27272320088242,1.89364950139343
"WDR41",0.942368576805362,-15.6546331175313,3.63466446361859
"TBCA",2.13633191339212,-8.24691639748123,2.14953386459008
"AP3B1",0.974067467623441,-7.21947644842478,1.22368820341337
"CTD-2037K23.2",1.33196584972252,-6.92257347783595,1.04372735453601
"SCAMP1",1.38596322236789,-11.0621893963964,2.22147202478259
"LHFPL2",0.233002213775685,-6.71676163693549,0.413204959821571
"ARSB",0.164296532823919,-20.1381347713787,4.47694152756734
"JMY",0.271355045296535,-8.32269289268239,1.18549539804537
"HOMER1",0.0364612788076592,-12.4558217405624,2.2386603708456
"PAPD4",2.71533568193094,-10.2989750342504,2.25852601814313
"MTX3",0.17984863235255,-4.50677359116798,-0.327975222826635
"SERINC5",1.16011629547868,-10.7601719077095,2.33219889411163
"ZFYVE16",0.197980824641326,-11.9499700838354,2.30078126783535
"CTD-2015H6.3",0.0103528335522879,-2.03774712664537,-1.14186481499671
"DHFR",0.17578711441673,-23.0821212178635,5.50819560510653
"MSH3",1.02318690335778,-11.2279558155237,2.19082220864311
"RASGRF2",0.512146819612415,-14.5569218276538,2.96073128861161
"CKMT2-AS1",0.471747497217052,-6.88418733637547,0.839647529559059
"ZCCHC9",0.129148290806155,-9.77685006208052,2.13551194472763
"SSBP2",1.61309536030124,-8.57045126114799,1.66208551885422
"ATG10",0.838853075361486,-12.2675740855819,2.67950370235832
"RPS23",5.34522207735732,-4.51002978172917,1.99289535056345
"TMEM167A",2.33342863279149,-13.7292816341717,3.37233375806681
"XRCC4",0.273177395186917,-16.1773719352918,3.36377873857837
"VCAN",0.297073069202655,-9.90236996809833,2.31454000044159
"COX7C",5.23146243657658,-7.77149738465109,2.40835289384772
"RASA1",0.227112959485355,-9.08998325369583,1.38608303349189
"CTC-428H11.2",0.196430135100078,-9.76809987412644,1.27077732336659
"CCNH",0.827827878148491,-10.1722937007988,2.45726703771576
"TMEM161B",0.61528586870133,-12.519683008839,2.43750631544995
"TMEM161B-AS1",0.524674356326107,-10.7275561991865,2.11548545799239
"MEF2C",0.318998564855598,-7.25389228501192,1.42378223435547
"CETN3",0.469483512366988,-4.92856651649731,0.0856348998668051
"MBLAC2",0.323651741634165,-7.05360795091158,0.610778021722366
"LYSMD3",0.580696126075378,-12.512559609948,2.43542250501187
"RP11-213H15.1",0.112458502975678,-23.6506874017974,5.06790055792209
"LUCAT1",0.176047855888858,-11.8532079814061,1.85808423668852
"ARRDC3",0.132620279391725,-9.60424334121518,1.99112587089742
"FAM172A",1.38869914122162,-6.07621454598858,0.802249571837103
"POU5F2",0.445969049142682,-1.97154007132184,-0.816523520103485
"KIAA0825",0.103921456626377,-18.9058020945353,3.80825630190854
"ANKRD32",0.217034341933554,-10.1083737703953,1.83538443822703
"MCTP1",0.238385505633163,-20.1533579799687,4.59244353920696
"TTC37",0.653735231728059,-10.2609773966456,1.9535885948144
"ARSK",0.631334928894809,-10.1516124227729,1.72591219893842
"GPR150",0.289391084342312,-13.7649304697222,2.55646654114429
"RFESD",0.299349684549562,-8.17374063414202,0.927061508771246
"RHOBTB3",0.029809869286715,-8.19177941190942,0.852699537798027
"GLRX",1.34621170897096,-9.9641006615801,2.79425031331051
"ELL2",0.132963237548496,-23.814272240689,5.40501526544259
"CAST",3.01309554819802,-9.03921823231033,2.18068228899602
"ERAP1",0.295222439085853,-12.6416798103255,2.67957546725257
"CTD-2260A17.2",0.0616386786909351,-7.89599292573722,0.970761098158213
"ERAP2",1.21225188452077,-5.58252488527947,0.674313228959747
"LNPEP",0.346122110945839,-7.6458845119676,1.46479918229692
"RIOK2",0.0558762275140735,-7.40149733321411,1.39588889927797
"RGMB",0.0265481235500114,-13.1709151868281,2.50136350196045
"CHD1",1.06003687930244,-9.60894508755687,2.0312483493918
"CTD-2007H13.3",0.157236910159744,-10.8394562291462,1.52819784414979
"FAM174A",0.324320634332343,-13.0770769906295,2.73658532444258
"ST8SIA4",1.14478244174286,-10.0331929726854,1.97866530790381
"SLCO4C1",0.161607773178669,-6.48818638945961,0.234967434627874
"PAM",0.334512731289335,-4.25182742154583,0.00431333193306628
"GIN1",0.418669690497889,-16.8218679562238,3.52392452689578
"PPIP5K2",0.276064202363908,-11.4791498435447,2.31106759816443
"C5orf30",0.11387709541487,-24.867901171303,5.87455360912842
"FBXL17",0.100535281434111,-8.5642626751695,1.23050906728536
"LINC01023",0.17597228720178,-14.5914774326924,2.68838818056672
"FER",0.167760168937959,-16.8597728320178,3.39616478495989
"PJA2",1.78234915140408,-9.40238070228897,2.01237290642083
"MAN2A1",0.697840778069571,-8.77017931398645,1.37888568942353
"SLC25A46",0.765881291126502,-11.4599242008875,2.43261619766448
"WDR36",0.6401171804911,-11.2074459553781,2.06070479254318
"CAMK4",1.80253159912511,-7.49650493501663,1.55823128800514
"STARD4",0.18772563997216,-15.7289293945622,3.26936893303894
"NREP",0.42506659956565,-28.442585577756,6.73160129173744
"EPB41L4A-AS1",0.927447731335054,-6.83776930516929,1.57099332090797
"APC",0.0944114609654367,-12.5567759982508,2.44835640509341
"SRP19",4.64155690974412,-9.67418501733713,2.32190022032148
"REEP5",0.935132588911553,-11.3155726291878,3.04507182271783
"DCP2",0.184136934118045,-9.10696128008964,1.93873665574049
"MCC",0.131967655635852,-17.0572419735974,3.27404375771604
"YTHDC2",0.687088224648768,-8.33153027724501,1.44716257567679
"CTC-428G20.3",0.0997772826653606,-20.7735947484983,4.24819551853282
"PGGT1B",0.72170703316765,-11.6617418394283,2.32788782207648
"CTC-428G20.6",0.0725203749789252,-12.8884786251474,2.05757908700539
"CCDC112",0.789946559195747,-12.1287142138942,2.59575105324629
"FEM1C",0.428161742323723,-9.05631513007569,1.291016459631
"AC010226.4",0.274830517041303,-9.86179454118873,1.39025977965567
"TMED7",1.21415943907139,-12.3464416767564,2.75389366577364
"ATG12",0.592850920457033,-10.4749605291999,2.54715391680603
"AP3S1",0.794302751410303,-10.231705823354,2.53560317200018
"CTD-2287O16.5",0.254974408634842,-8.13840101128715,0.858862087330261
"COMMD10",0.1447072231363,-8.60061389236643,1.75306311571274
"DTWD2",0.108909175977811,-11.0247660862475,1.84631681737768
"DMXL1",1.52009396324428,-8.7578427062658,1.65793055643563
"TNFAIP8",0.782597073244663,-9.42242838854559,2.48363210591402
"HSD17B4",0.691101652864393,-12.9918697504719,2.85663766920588
"SRFBP1",0.984986445788868,-9.05148172757709,1.55041250196176
"SNX2",1.4663532758288,-9.35525852807264,2.38295901905997
"SNX24",0.298152840139434,-18.1140834138727,3.83578745624331
"CEP120",0.0749164312958956,-7.36520568953583,1.08056640902844
"CSNK1G3",0.377249560504722,-12.0953453273134,2.41292739458341
"GRAMD3",0.331694310781211,-8.1860030790024,0.963739067092172
"ALDH7A1",0.022505998790022,-26.1731873171584,5.82950496912666
"PHAX",2.78252998120925,-9.14112303981509,1.98515129182142
"LMNB1",0.0989175820981167,-17.1821776629997,3.9985114299408
"MARCH3",0.384015902241132,0.060567763063554,-1.4725439053718
"C5orf63",0.187698186279458,-3.74332552203409,-0.227156307409234
"PRRC1",0.600459022472196,-15.3610570547446,3.36913095743958
"CTC-228N24.3",0.909321801556943,-11.5041275344353,2.41626750495971
"SLC12A2",0.243455945722856,-16.7156159289502,3.37588469327472
"ISOC1",0.0760284495111583,-6.71751661329038,1.12273128081385
"HINT1",1.86085214577318,-6.63392930866162,2.05849486231095
"LYRM7",0.380831331852108,-11.3276096253014,2.37667890337199
"CDC42SE2",1.32249980836123,-7.0234804886079,1.71306219594725
"RAPGEF6",0.613001524126576,-6.56013882293246,0.785399874012103
"FNIP1",0.420783567976665,-11.705686683466,2.05957379024833
"ACSL6",0.682399268041503,-10.1386869343973,1.86051072075529
"SLC22A4",0.00408708432760513,-28.4331311713184,6.91938400442453
"SLC22A5",0.100188501920455,-14.5146318399618,2.8544748813161
"C5orf56",0.308963167189237,-5.83672812386209,1.1996370350989
"AC116366.6",0.145623614900832,-17.2305713747342,3.39705457188439
"IRF1",1.47015519640345,-6.69056744038258,1.70602069165205
"RAD50",1.11798168862052,-12.6707876979587,2.90520165380883
"KIF3A",0.0746335864395182,-8.89980690469147,1.56115060358495
"SEPT8",0.438417492606334,-24.8170489381216,5.706295560466
"SHROOM1",0.0362379885079738,-19.9181856072731,4.00273977417955
"UQCRQ",3.24307610009176,-10.8924255307284,2.93296138735254
"LEAP2",0.473400415392039,-12.1898753935833,2.24867279189272
"AFF4",0.847275633798377,-6.78674203707813,1.2393173024383
"ZCCHC10",0.208665261359968,-6.46565106174438,1.04591805198488
"HSPA4",1.08232070231757,-9.96760904408469,2.12600834137263
"C5orf15",0.152866367751005,-11.0203874695957,2.4820994657931
"VDAC1",3.82702566925315,-13.2403470201381,3.50349001362446
"CTB-113I20.2",0.00259020848250768,10.5758392444971,-4.50013346494863
"TCF7",0.843118010291338,-9.44583135653914,2.45277424823256
"SKP1",2.55178585340159,-7.85308486403218,2.22556862124751
"PPP2CA",0.434635903333714,-10.6997818418814,2.68018983626503
"CDKL3",0.278180129649183,-9.07351544159127,1.70246246534666
"CTD-2410N18.3",0.0997123804329062,-13.8988429588954,2.25528750437394
"UBE2B",0.633754559391112,-10.607184338547,2.63654980810805
"RP11-215P8.3",0.133285268605337,-13.9525462048514,2.44311385556043
"CDKN2AIPNL",1.04286956730165,-12.0985416579315,2.80719737489371
"JADE2",1.34145078293344,-8.72506988155158,1.70333265283968
"SAR1B",0.847243120969045,-13.0784330479301,3.01820567930607
"SEC24A",0.456673501600567,-13.0336048283377,2.5264518838889
"CAMLG",1.09199805017936,-9.59303458095607,2.47235753265016
"DDX46",0.732220014629767,-7.93591332737961,1.87533988719531
"C5orf24",0.455273110336389,-6.07345076564379,0.835364327266854
"TXNDC15",1.98989834381255,-9.96915047264418,2.1904912838534
"PCBD2",0.411347318378758,-12.0451118223629,2.3357054769113
"C5orf66",0.252976902988931,-8.01119539852964,0.821039940468973
"H2AFY",0.662317281311421,-13.0041387180994,3.63405787255923
"TIFAB",0.0491866531883912,-32.0166950034723,7.4817884135786
"TGFBI",0.624218986242711,-16.202612392713,4.17246112169844
"SMAD5",0.52542942548606,-8.27581121316392,1.11586174951097
"KLHL3",0.125806315113571,-14.6022850574961,2.59858893476026
"HNRNPA0",1.67720580772397,-7.80692341792531,2.21141899975185
"RP11-381K20.2",0.158441453676033,-30.4270039802375,6.95708356763766
"FAM13B",0.49614317101469,-8.59806926461213,1.35429027369431
"BRD8",0.994230619179945,-9.85656454746568,1.77214721583262
"CDC23",0.481731064467965,-12.4629839058424,2.47817221484787
"FAM53C",0.902576259355642,-9.85064155021851,2.04310734244684
"KDM3B",0.0695034752763693,-16.3337300890516,3.81554797909652
"EGR1",0.13247525533584,-8.4779481647524,1.58571637795637
"ETF1",1.64193957483911,-12.655900687615,2.88183450898528
"HSPA9",1.44857481455215,-10.8506279187696,2.65615390769866
"CTNNA1",0.45172223333746,-10.3889456071705,2.11598888401961
"SIL1",1.0740577113271,-10.7392989906967,2.18598288299623
"MATR3",3.18884513096255,-9.13012141890327,2.26176384196327
"PAIP2",2.63383208676764,-7.98563288741535,2.1023522493425
"CTB-43P18.1",0.152511088146665,-18.2385150219343,3.6543509515491
"MZB1",0.0327461739583129,-26.2461405831731,6.77257530416566
"SPATA24",0.367507879408479,-7.30428905915003,0.731354080247842
"DNAJC18",0.119631993879785,-23.9705352791081,5.40561050529599
"TMEM173",0.909749105607496,-9.37927749359164,2.21788618519126
"UBE2D2",1.27488898827931,-6.54731592873714,1.81163079677378
"CXXC5",0.397260349222983,-7.05978899826981,1.36247513318435
"NRG2",0.10869615560244,-3.88292288424103,-0.670110918556458
"LINC01024",0.0616469818638212,-10.1936356334787,1.54217090080985
"PURA",0.0141973145321561,-6.90004865905345,1.02323842562621
"CYSTM1",0.815705695326739,-15.0679091820434,3.61275156101135
"PFDN1",1.41855103144457,-10.5549621144157,2.55465332327664
"HBEGF",0.029775488181071,-24.0691728426456,5.89868151731104
"ANKHD1",0.138746416480698,-12.1648642014476,2.51597941765309
"SRA1",0.278481792759929,-10.3387680431492,2.47388073727172
"APBB3",0.925708117322341,-13.9239820215967,3.07889833503965
"SLC35A4",0.999508354733988,-11.3437388381212,2.50681541747344
"CD14",0.136757597401822,-9.87576640015351,2.59032012910309
"NDUFA2",0.657084565468212,-9.14320555242929,2.40978425003554
"TMCO6",0.654666405165674,-9.77778801925762,1.75424997388695
"IK",5.40008463077,-9.52485691634773,2.43658306221231
"WDR55",0.065227434237766,-15.2276189473803,3.66059916112682
"DND1",0.0550241167494772,-25.5475048750105,5.60297202962217
"HARS",0.27106830734526,-15.170427273259,3.82138087043042
"HARS2",0.423072728083792,-12.024040660895,2.32953483020188
"ZMAT2",0.787730313230293,-9.64407707040481,2.41080589247694
"TAF7",1.00312377210044,-10.1299613174998,2.62773102042021
"DIAPH1",0.256623983064121,-12.3125223047493,2.99611054032417
"HDAC3",2.82108084779254,-13.5733361464583,3.27769670513003
"RELL2",0.439718675291449,-13.1206439886736,2.65014365385725
"FCHSD1",0.572953302927646,-7.54961601614388,0.938696863049191
"ARAP3",0.237867607492206,-17.5159192161765,3.58589746162826
"KIAA0141",0.93831259480004,-12.4716516707743,2.71389814769786
"RNF14",0.0384451089255526,-3.61153101724747,0.151732045333098
"GNPDA1",1.02168692147027,-10.1769993611628,2.01128979015416
"NDFIP1",1.19675740408664,-7.71503864809118,2.04947077866711
"ARHGAP26",0.428611024993831,-9.51584874335801,1.78215445246242
"NR3C1",0.342099361835882,-4.52193838741165,0.73889331447487
"YIPF5",0.408019944450213,-11.2193972697447,2.5387521679743
"PRELID2",0.024563589303993,-3.91426732599508,-0.451509873199362
"LARS",0.133987234191579,-10.771579835121,2.42410321057527
"RBM27",1.03444529752099,-8.17176427657052,1.51021569751542
"TCERG1",0.601288749016368,-11.6833373944874,2.53940535501476
"PPP2R2B",0.111080780221899,-2.85189140739145,-0.457815365770345
"JAKMIP2",0.215682134926407,-4.75005103284006,-0.199971756053088
"SCGB3A2",0.214126128664417,-19.5073932430149,4.13617147885925
"FBXO38",0.409022335712081,-14.6344450974416,3.15847499508924
"ADRB2",0.280806168554251,-7.48911097481797,1.28309606372249
"GRPEL2",0.53357808035394,-16.5760095198112,3.55595029287409
"PCYOX1L",0.222489687344274,-12.539275386509,2.38187246244956
"CSNK1A1",0.82872169443137,-10.1080770413175,2.50004145948526
"ARHGEF37",0.539714073840256,-15.8387349947243,3.3613475488991
"PPARGC1B",0.0627870250543036,-21.5042069287774,4.83765593091713
"SLC26A2",0.30461577134229,-13.4572790815674,2.48426744643446
"TIGD6",0.218268246076177,-18.4576580324151,3.83442469562554
"HMGXB3",0.49875892161711,-11.3474266305473,2.01211898243155
"CSF1R",0.420112666479958,-19.6989493663138,5.06557319364297
"PDGFRB",0.0848160995623087,-13.8093517478126,2.22905554954975
"TCOF1",1.28404865935909,-9.27713896274073,1.87238515586735
"CD74",0.548465244186868,-8.42993083134387,3.12050848222348
"RPS14",6.51990272609421,-4.01832359008747,2.01646302722061
"NDST1",0.204179794719785,-11.3813679511812,1.77284729402411
"RBM22",2.46012740552488,-8.5084334170074,1.76686709642381
"DCTN4",0.160048199112605,-12.0759279058567,2.41281935792923
"IRGM",0.107835725292701,-7.42666547022989,0.394303960211886
"GPX3",0.0137933082122016,-20.2861200504839,4.20492183995978
"TNIP1",2.97583319528964,-9.76199385781099,2.35235326912893
"ANXA6",0.899469992251464,-6.74593220707393,1.74228942649775
"CCDC69",0.432805717002698,-9.24832650725221,2.18309189633052
"GM2A",0.517000371985403,-11.6125543842778,2.31832300086391
"SLC36A1",0.294738683069805,-19.4388230505228,4.21638900533699
"SPARC",0.0113144104375122,6.9872373837021,-3.22982545251196
"ATOX1",0.625096598464839,-11.3195459220541,2.77777435091425
"G3BP1",1.64192030630984,-8.78161157702052,1.94404892540982
"FAM114A2",0.443520177760847,-12.4072308055983,2.55554506039162
"MFAP3",0.340146805803529,-11.3017263418965,1.88467552405885
"GALNT10",0.186370897064991,-10.6085874757537,1.99869289781766
"SAP30L",0.348843171795473,-17.5420253065874,3.67088147342232
"LARP1",0.558916904812559,-12.8478569395158,3.0252743720024
"FAXDC2",0.0406098057406506,16.2893935526681,-6.89195557763257
"CNOT8",0.959362576882644,-8.33324391127819,1.69773643844059
"GEMIN5",0.254680243612295,-9.44409599139854,1.26667743024031
"MRPL22",3.52734454887157,-10.4745125546531,2.50719426462198
"HAVCR2",0.0927479933292136,-7.97702704621292,1.54893678276982
"MED7",0.0941383199238436,-10.9147391010648,2.1895869467913
"ITK",1.31011893378282,-7.76368928002557,1.57821138403108
"CYFIP2",1.16719676115757,-7.46815571650398,1.56714152890236
"ADAM19",0.662822816027445,-8.80262151649928,1.46123012372575
"THG1L",0.339807091082141,-15.318632301687,3.53761345333765
"CLINT1",0.693614293600842,-8.40524533999693,1.65728416522143
"EBF1",0.324427839560868,0.866378545900386,-1.74773779995492
"RNF145",0.872182446034416,-10.2173577334092,2.3157155599771
"UBLCP1",0.0790111731647186,-18.1432877713664,4.5011005999525
"TTC1",0.405194303995348,-7.60570778916649,1.6964878481675
"PWWP2A",1.27702460404704,-7.76473871962751,1.22554397073363
"CCNJL",0.100857295363602,-18.1778421989885,3.50105448189656
"SLU7",0.851740886918306,-9.10547859984379,2.12797774200898
"PTTG1",0.184633458663015,-21.7851624098277,5.45012687457597
"MIR146A",0.0862807833888835,-11.0803918623729,1.42573063884122
"CCNG1",0.547593221348008,-7.99372480253304,1.90897762471931
"NUDCD2",2.7065396847549,-10.9591784269272,2.63051250363172
"HMMR",0.178981522573629,-36.5323170497651,8.64767995189808
"MAT2B",2.89547381544122,-7.87032372791391,1.80881732988392
"RARS",0.265814003915113,-9.29891189760736,1.8892623787437
"PANK3",0.481672066389355,-16.5821307460351,3.64792806748787
"SPDL1",0.432077215261412,-12.2181572148649,2.24590043056067
"DOCK2",1.47281004665305,-10.9780874493277,2.56129214703766
"LCP2",1.29290668452092,-9.87611289010366,2.36776260557309
"KCNMB1",0.322794899092116,-16.3137066395571,3.5076851399151
"NPM1",3.36605378923525,-7.75455297577024,2.58412859887215
"FBXW11",0.818897742296184,-8.90899332098622,1.53275882078855
"STK10",1.59397904038499,-8.80989760358582,2.03435473265306
"UBTD2",0.203636216259772,-18.2417774859446,3.71966845860052
"DUSP1",2.22971809991093,-5.77724603585232,2.17541002468038
"ERGIC1",1.28208700861839,-8.66400541099501,1.77497293380495
"RPL26L1",0.542613149667248,-14.2330605061871,3.51060361346485
"ATP6V0E1",1.46237676401197,-6.45562733891741,1.91640685625158
"CREBRF",1.33500779801293,-5.57632282174655,0.750340896012023
"BNIP1",0.950335073846555,-11.6994994949028,2.46403107938881
"BOD1",1.52330381414071,-10.4647075431321,2.26818905410416
"CPEB4",0.594694980192383,-6.11330890497033,0.511137961903596
"SFXN1",0.623970930203462,-9.90685238114614,2.00393677559075
"HRH2",0.228687331923855,-18.5481754597347,4.44783490314737
"THOC3",1.29334350434674,-10.7932846416913,2.27160746756664
"FAM153B",0.394251936993218,-9.20208230873448,1.30840529143084
"SIMC1",0.378638510516114,-5.13511754192165,0.0835304220960646
"KIAA1191",0.545692782097214,-9.88807312760951,1.96602878942386
"ARL10",0.179609354508305,-4.49734359170932,-0.330813389467615
"NOP16",0.49541750312637,-11.9050744731465,2.52729116144069
"HIGD2A",2.33723547903564,-10.3341597301846,3.00084192456561
"CLTB",1.81508214940181,-12.8642006041876,3.36384356175701
"FAF2",0.532228696637324,-11.7989982208031,2.30877141175963
"RNF44",1.43338600629249,-10.5049884859065,2.26893356362753
"TSPAN17",1.18039920679529,-8.01412607661399,1.27744332787709
"HK3",0.506576813482448,-17.0900902138755,4.00080949275314
"UIMC1",0.087200537675981,-7.68387071024634,1.42314527763931
"ZNF346",0.519709974439687,-23.28016985037,5.46924128092969
"NSD1",2.11192540614919,-7.50336304020247,1.49489104975553
"RAB24",1.05606281347854,-12.1063373544702,2.91867080255355
"MXD3",0.300125600640513,-19.5871278967229,4.59447286374475
"PRELID1",1.35486928958509,-12.8278928447274,3.75965418705929
"LMAN2",0.862222851724701,-10.1863276025364,2.70243200611895
"RGS14",0.44207969865812,-8.90582256247672,2.03004091733171
"F12",0.443499669909707,-23.7587642663003,5.34590785455642
"GRK6",1.19155946227297,-9.71386268786884,2.43798216887951
"PRR7",0.2494855770747,-8.81162352867782,1.74373565734606
"DBN1",0.462699861634541,-10.7255840454378,1.82923906985134
"PDLIM7",0.543899107929927,-14.7426585530233,3.37390286169513
"DOK3",0.0360403562356479,1.3140606696768,-1.33256925538282
"DDX41",1.09559833620278,-9.80726642904367,2.02395627498021
"FAM193B",0.323371594029212,-6.15069552365222,0.341314709961801
"TMED9",1.23723758008999,-8.80290201485665,2.2734464931644
"B4GALT7",0.855509754461988,-11.9876766690982,2.50742458209101
"FAM153A",0.306215506058562,-6.12847127402238,0.317588102119107
"RP11-423H2.3",0.108266078936951,-9.3344338267191,0.962477356082749
"N4BP3",0.0269184261166337,-12.3775410205138,2.06581912596539
"RMND5B",0.285604044210787,-11.9085624064945,2.59287255131745
"NHP2",3.4787129413685,-11.1764930587644,2.9445442465186
"HNRNPAB",1.34699106884702,-14.3549540284957,3.45497622717897
"PHYKPL",0.668560050145084,-10.5475033165626,2.45262643008527
"CLK4",1.1499666715466,-5.08833679463172,0.612020629410382
"ZNF354A",1.03650615980439,-10.438080483103,1.9737161314388
"ZNF354B",0.50556502585756,-5.7836635869359,0.363666528789786
"ZNF879",0.270053495259567,-7.7473756868343,0.763083723836698
"ZNF354C",0.163013705382152,-16.8226768637936,3.27889895953913
"RUFY1",0.166457076896899,-10.4441713919611,2.32826589771034
"HNRNPH1",2.23940730343016,-8.94750537218053,2.06776784977253
"CANX",1.13029276240406,-10.9343675049282,2.72120779121104
"MAML1",1.05294609201112,-8.71841247946031,1.58178673297162
"LTC4S",0.0253829223141016,-13.5154877072549,2.6020391968525
"MGAT4B",0.403002425730036,-12.4981398504827,2.46123053246896
"SQSTM1",0.990518127149203,-8.43198417392022,2.10415353215766
"C5orf45",0.626370056061014,-7.36398896056348,1.26893724423425
"CTC-241N9.1",0.112900075061176,-12.6681144883351,1.94752883598745
"TBC1D9B",0.689371987634866,-10.8951804584784,2.19478165277234
"RNF130",0.621049269203079,-13.9328559611551,3.71156520214649
"MAPK9",0.292550035738828,-13.7633404828636,2.76726653283441
"CTB-129O4.1",0.0817316191239814,0.347646480857569,-1.95762473374395
"CNOT6",0.728578539104812,-15.6586910146822,3.38097762265613
"SCGB3A1",0.149157513239994,-8.65195489392287,1.75656853339317
"MGAT1",0.67377138546846,-13.7022650642226,3.48879967660264
"LINC00847",0.339188103208009,-9.55776219562084,1.89352934853919
"ZFP62",0.443499019325658,-6.35231689593896,0.814714381462736
"CTC-338M12.5",0.0348381452108049,-9.74497296121551,1.44076697998446
"TRIM7",0.392657245199422,-14.2751128404145,2.79825049177204
"TRIM41",0.968042297046492,-9.09111099088778,1.55175210303438
"GNB2L1",5.25374936628892,-6.02958224984169,2.38771715566265
"CTC-338M12.4",0.455129675411023,-14.9187778989958,3.03419810211194
"TRIM52",1.24735157913476,-9.61637054159773,1.76389403503414
"AC008443.1",0.0904063575179561,-13.6199989393798,2.17352835224356
"TRIM52-AS1",0.693683022206668,-9.79819365861645,1.90957002730398
"DUSP22",0.305104716002155,-9.33775787819461,2.0378166230776
"IRF4",0.225521831494558,-22.6475169592632,5.31779607519172
"EXOC2",1.13457303042398,-6.02967276781024,0.794872133496033
"HUS1B",0.21612077273325,-6.83143196404717,0.423545279021874
"RP11-532F6.3",0.00757417629234277,-17.7791477876864,3.80017763150599
"GMDS",0.720822809629494,-12.3920968068978,2.63277645098004
"GMDS-AS1",0.223460199839533,-7.27127802951276,0.948147095990511
"WRNIP1",0.414921205238027,-13.5666498736944,2.62889658740887
"SERPINB1",1.08264458682702,-8.63252914264981,2.39376809431055
"RP11-420G6.4",0.041523894213534,-9.32854921475723,1.23246393768157
"SERPINB9",1.59411862796065,-12.5126215403538,2.8609899166144
"SERPINB6",2.45183101452069,-11.4794789392405,2.9610166848744
"LINC01011",0.0601620201866604,-10.330608669886,1.67949663917923
"NQO2",2.2249847733331,-11.7683687370869,2.77248696296908
"RIPK1",0.592777217924688,-9.2877125696074,1.71860429154455
"RP1-40E16.12",0.371641096024467,-13.2824872378778,2.48067898051423
"BPHL",0.606766541174796,-9.67627300915883,1.57718629563524
"TUBB2A",0.0988521102831315,-11.6791443014476,2.34258612969995
"PSMG4",1.585360792872,-10.1307696105326,2.20762755702685
"FAM50B",0.165482086337199,-9.31300281972125,1.51044579584261
"PRPF4B",1.42633543477526,-11.5210707208322,2.53460860510663
"ECI2",0.45973787569489,-9.46066420259926,2.09622198757675
"CDYL",0.452851151985649,-7.03743076633873,0.878668905326348
"RPP40",0.861630826685123,-13.1063700014706,2.70829550003643
"RP11-428J1.5",0.356591695289116,-23.7913735677917,5.30366706769141
"LYRM4",0.380380074334186,-6.01640286579709,1.25217923234096
"FARS2",1.89704663276432,-9.98231756646989,2.06660372099256
"F13A1",0.0278512842169378,-2.60210668168274,-0.448618214465726
"LY86",0.392083393760644,-10.4335128488072,2.73207633257125
"RREB1",0.854050787089623,-8.69890180477754,1.47994165868519
"SSR1",4.17832114862982,-9.89584992308754,2.36336966304945
"RIOK1",0.0566827810891316,-9.29864807911826,1.88294712606936
"SNRNP48",1.42448189902035,-7.69831064135012,1.32871104780767
"TXNDC5",0.070353467077769,-27.0550789220114,6.29075873870214
"BLOC1S5",0.242116756509418,-13.6682054613642,3.03162302239058
"EEF1E1",2.06957282309054,-12.2879645901247,2.86382735682858
"SLC35B3",1.05115926984995,-8.68987313458022,1.52345148830477
"GCNT2",0.358681331059226,-3.22041344244298,-0.506685666926484
"PAK1IP1",0.526030569816488,-13.5108906305002,2.90433297976405
"TMEM14C",0.581499338055568,-11.4445896571765,2.89446366511612
"RP11-421M1.8",0.134200164767464,-25.5194500317454,5.64628873290771
"TMEM14B",0.872581644858465,-8.63317522460794,2.20952853928808
"SMIM13",0.518056790407019,-16.0057760669264,3.59623201414112
"NEDD9",1.43264945898523,-10.2397016114798,2.10925261984094
"TMEM170B",0.154625313346712,-22.6587159930528,5.05757230524959
"ADTRP",0.306944782587056,-5.05215909684022,0.559110020933888
"HIVEP1",0.530818743159018,-13.7229697882577,2.71781923704669
"PHACTR1",0.111697053234936,-17.873927119967,4.45323494871145
"TBC1D7",0.587008025091535,-14.3179757506131,3.189726945111
"GFOD1",0.772796256131432,-12.4794569558196,2.48941499038356
"SIRT5",1.10166994137093,-13.8391522828835,3.04341901586386
"NOL7",0.892643053562985,-9.67076375927506,2.49053989093824
"AL441883.1",0.0899059937394204,-4.71160656067871,-0.475058777352321
"RANBP9",0.608659836547123,-9.30345780843373,1.59255151396925
"MCUR1",0.674183337833366,-13.006177496826,2.99342130547252
"CD83",0.694939741914085,-12.1727483437383,2.86441378966415
"JARID2",0.105761368106201,-10.216286093009,2.09736117408539
"DTNBP1",0.810737460311228,-9.79128342067252,2.23119073927515
"MYLIP",1.65755913851683,-6.62265162444732,1.51160623236179
"GMPR",0.025969444324664,-12.7829026946156,2.76738064681073
"ATXN1",0.344534374093948,-7.53452071207434,1.24150231678088
"RP1-151F17.2",0.107676729818711,-6.22223713160842,0.0338815926194901
"FAM8A1",0.15913427251237,-9.66908150335447,1.67057645342734
"NUP153",1.14072620950821,-9.83367906650495,1.82788444210779
"RP11-500C11.3",0.542372826606729,-5.46567255692605,0.289241395066198
"KIF13A",0.132685063887931,-12.0319911964707,2.16783995326138
"NHLRC1",0.179675155407445,-5.77002609902068,0.051453293374986
"TPMT",0.918706812236046,-13.6703634688869,3.25372110220245
"KDM1B",0.490373766600235,-17.4993359130007,4.11833893916512
"DEK",1.28443507368413,-11.5910164627323,3.06398488017926
"RNF144B",0.219040397276314,-18.327570583864,4.25933438882242
"MBOAT1",0.380839941961735,-12.2488670472912,2.26596190277506
"E2F3",0.0773701048650531,-15.0762356679346,3.23917736664523
"CDKAL1",0.373920903594088,-8.91961325346064,1.48485013827807
"SOX4",0.0806561866821185,-16.8130241037481,3.9176967446387
"MRS2",0.179507201866103,-23.7872068365674,6.06395090734518
"ALDH5A1",0.414932452173207,-4.68986555289142,-0.0226907184117922
"TDP2",2.5265681986393,-10.5644067673089,2.37339601412917
"ACOT13",0.0480721045267754,-9.82917442119954,1.95991461750754
"C6orf62",2.09761666032074,-9.70371842705454,2.10972222734835
"GMNN",0.318967843419388,-28.2131812800929,6.95855746676481
"FAM65B",4.82534826083048,-6.62959947639515,1.68663158129399
"RP11-367G6.3",0.0193272638527599,-2.26851931424036,-0.633807357951444
"LRRC16A",0.093399746509554,-15.3365783783634,2.67573801532399
"TRIM38",0.868907933681736,-9.69471595029773,2.1684629710054
"U91328.19",0.134384263419682,-17.2529643681761,3.33076202826634
"HIST1H3A",0.142651284326726,-2.68361608388409,-0.945930222825864
"HIST1H1C",0.454640259786576,-8.6359032798145,1.81277978806324
"HFE",0.185455806483332,-9.22317458114334,1.10932748356659
"HIST1H4C",0.346397070982822,-19.3008709657036,4.94264221617313
"HIST1H2BC",0.102356227649286,-12.6868470587912,2.63720349913331
"HIST1H2AC",0.0206553593734544,-14.9071516988395,3.68396395187747
"HIST1H1E",0.64747355230096,-1.40545830961908,-0.877496876739755
"HIST1H2BD",0.101037628229137,-6.54368051633717,0.696744626624911
"HIST1H3D",0.395019487239984,-1.75137375900351,-0.921885672091913
"HIST1H4E",0.0772177087049745,-8.63941183517887,1.1135007027715
"HIST1H2BG",0.180116043703575,-3.48812507938963,-0.635066489614207
"HIST1H2AE",0.103761186882945,-12.01548047115,2.1238153045254
"HIST1H1D",0.417391011188678,-11.7185813178741,2.1314086270564
"HIST1H4H",0.0172790986953745,-18.1117148091006,3.65174847016883
"BTN3A2",0.630467798724581,-5.44805307358933,1.24882302471753
"BTN2A2",0.339513773829206,-9.76054100701521,1.72161162760288
"BTN3A1",0.113746934182292,-5.06678122537917,0.749302483030527
"BTN3A3",0.765659476716277,-9.26197823049511,1.8480774333771
"BTN2A1",0.754191690819131,-11.5656630717181,2.40172746010276
"HCG11",0.43903750433285,-11.9221051803128,2.15908506303887
"HMGN4",0.601632765589513,-9.67443844221479,1.86022709484866
"ABT1",0.276791289715318,-12.6188264918394,3.18509701741652
"ZNF322",0.270950424777921,-15.7501552257647,3.1688627638043
"RP11-457M11.5",0.0997213938996802,-19.141502524645,3.77922111110882
"HIST1H2BJ",0.0039602103462826,-14.5007667065491,2.98198056955825
"HIST1H2AG",0.159233176727534,-13.8279441065358,2.4653620805709
"HIST1H2BK",0.273297430555544,-6.90978854534647,1.36426542486735
"HIST1H2AH",0.0969394790280967,-4.01099897168361,-0.631428271194852
"ZNF391",0.0920970369494572,-10.8163906624419,1.3476678688784
"ZNF184",0.289238425734713,-12.8520695562689,2.3071499010068
"HIST1H4J",0.396662199749085,-4.36135132357117,-0.134643040156362
"HIST1H2BN",0.359132559532924,-8.12048342214701,1.16514450623117
"HIST1H2AL",0.107429308086252,-5.39682928636474,-0.213909196007081
"HIST1H1B",0.00126953521207609,-16.7852165028738,3.83033131730318
"HIST1H2AM",0.134751442384666,-12.7560628546816,2.12341764719372
"RP1-313I6.12",0.174848467702346,-6.61680683897221,1.22739510933111
"ZNF165",0.162548916906641,-7.67835407303668,0.590390617472935
"ZSCAN16-AS1",0.991850720098039,-12.8636460839098,2.86886754314626
"ZSCAN16",0.977102067643639,-10.0092020625167,1.89635548348287
"ZKSCAN8",0.49016265583232,-12.2436390956035,2.26442983433531
"ZSCAN9",0.140986755162016,-8.08541714595273,1.02699208148649
"ZKSCAN4",0.259586531479787,-12.9957106980326,2.33146448936648
"NKAPL",0.0216302754764896,-15.9145484029283,3.04589903390797
"ZKSCAN3",0.287195241053544,-3.01429848886813,-0.636220940622208
"ZSCAN12",0.185440980142211,-16.0598786388579,3.11580744560208
"HCG14",0.0894752959359768,-5.40766844151014,-0.265470937535058
"TRIM27",1.41894031697573,-11.0974305907359,2.40651778910681
"GABBR1",0.625941799989231,-14.4080344655016,3.07580608619825
"ZFP57",0.109134427524961,-15.4939405163942,3.12507031610258
"HLA-F",1.71420461352314,-7.19073440861042,1.89265326445538
"HLA-G",0.817421202102032,-4.42992148736981,0.100592462506831
"HLA-A",3.36961593828673,-4.41192631616566,1.88101273186626
"ZNRD1-AS1",0.294370911959911,-13.4650019886361,2.51903967848523
"ZNRD1",3.09642829234051,-10.7866747676259,2.61329701840432
"PPP1R11",3.5803955564383,-8.59889702673389,2.07076570925405
"TRIM26",0.877869017470457,-11.9249263662382,2.55136148090387
"HCG18",1.09822998726788,-10.3338443342706,2.06060838739177
"TRIM39",0.702930603821349,-6.70964553607079,1.15601250569824
"RPP21",1.83127273181641,-8.44754482860418,1.66224408670858
"HLA-E",2.88434524737401,-5.02882223338354,1.83207564425511
"GNL1",0.97548407522836,-8.77208550557273,1.74823452832475
"PRR3",0.495855507087376,-11.4434918264979,2.26394934709077
"ABCF1",1.14717086909561,-9.54275215762267,2.05059553602976
"PPP1R10",1.20616866369915,-7.57022583782508,1.40887883171454
"MRPS18B",0.835923630470009,-9.5308897122854,2.38108127728477
"ATAT1",0.390448859742009,-14.7658203273956,3.11491472213529
"C6orf136",1.0012914112983,-10.9233597635102,2.16079774932604
"DHX16",0.707771589722064,-10.5379560158446,2.00306857324469
"PPP1R18",1.16482907860693,-7.76125836693552,2.01568058664973
"NRM",0.352984760017565,-6.3212012163545,0.779576289835824
"MDC1",0.379912973337432,-7.66570304117176,0.838873496547306
"TUBB",1.40539845347714,-12.9812211485883,3.59143694268774
"XXbac-BPG252P9.9",0.247400593447169,-10.5422287466371,1.91489302041818
"FLOT1",0.497209291066697,-7.38472807592278,1.60459673027888
"XXbac-BPG252P9.10",0.197688966340576,-5.74408580926444,0.0722450696843405
"IER3",0.0967019301297588,-9.49328010400117,1.86111995896934
"DDR1",0.163436510046266,-8.17804632943068,0.739229654911476
"GTF2H4",0.108997369971511,-1.58140341948234,-1.36812772603354
"VARS2",0.156009811611193,-12.4374156960699,2.31014628810114
"CCHCR1",0.164559743439982,-10.1662354546922,1.65372273707367
"TCF19",0.231218542111693,-15.0336025048846,3.08909654758129
"XXbac-BPG299F13.17",0.447252993555524,-4.89881755461767,0.906185656938307
"HLA-C",3.95519064689606,-4.40367441776468,1.93809392832824
"HLA-B",4.39574076062121,-5.18746172383839,2.01193004906063
"XXbac-BPG181B23.7",0.151374260357388,-11.0544780941469,1.62275138091197
"MICA",0.829980454481028,-10.2998311512164,2.01642308766539
"MICB",0.338571402445419,-12.1178072710217,2.49362544190161
"DDX39B",0.816180381919678,-10.7488545986367,2.30233192278213
"NFKBIL1",0.0775775861631955,-6.4160195829067,1.00459431622763
"LTA",0.298456679829005,-13.4037338364136,2.82681036214558
"TNF",0.297480168532055,-12.7773496131218,2.58890003247791
"LTB",0.64417588931673,-4.16998193995868,1.64685371230603
"LST1",0.2139019353823,-14.268864445384,4.40910828260759
"NCR3",0.135794899484713,-2.51402398955942,0.17962229012936
"AIF1",0.235634977789279,-13.8688495406431,4.30553645439177
"PRRC2A",1.37597714543566,-13.5015271587427,3.05943160107305
"BAG6",0.761398023234352,-10.2483040019787,2.3330627191629
"APOM",0.302269414237033,-12.1776524355785,2.32937700772728
"C6orf47",1.0058316340197,-11.2983091285159,2.43399293299463
"GPANK1",0.657514834058774,-13.2630736870576,3.0504772325266
"CSNK2B",1.09085910171479,-9.08078007823331,2.47381298230931
"LY6G5B",0.0842355102890671,-1.08943582004425,-1.57370557531135
"LY6G5C",0.20539757463994,-18.5057377127368,4.03538306634565
"ABHD16A",0.371164480597408,-16.0163540758208,3.59928696754864
"LY6G6F",0.00292451120024991,-0.385283160436542,-1.47441415922333
"C6orf25",0.0232126475563423,-11.3053238739554,1.94192600072116
"DDAH2",0.294018556865352,-15.9586771587808,3.97615672622056
"CLIC1",1.68066810190275,-9.88341932554847,3.04986281378663
"MSH5",0.038512183808967,-22.9417196829941,5.06341916555504
"VARS",0.62120859903103,-12.2023790059972,2.50495707936601
"LSM2",3.42939874576329,-10.3362321774291,2.63876757003788
"HSPA1L",0.0130724362598031,-7.56849769658685,0.557638267719217
"HSPA1A",1.28500304169754,-10.7140031472323,2.40581156310159
"HSPA1B",0.36116691812832,-16.2582083979068,3.34671302553857
"C6orf48",1.51437301906256,-6.84822680726576,2.02994454155762
"NEU1",0.913837167711059,-14.0697991635571,3.3040703813277
"EHMT2",0.183155316212185,-11.9549100432992,2.58007895171285
"C2",0.438293766506592,-20.8432337915113,4.72771318040983
"NELFE",3.33724598840601,-9.5435357171702,2.23466913436916
"SKIV2L",0.397657889574964,-12.726739674828,2.60851661676143
"DXO",0.921201256158828,-8.05103998489459,1.40062937715445
"STK19",0.379609506768415,-9.58793891041048,1.40877254785103
"ATF6B",3.98097036985795,-7.46809676963951,1.68242180947792
"FKBPL",0.30269962981759,-16.8355386426752,3.52787597758783
"PRRT1",0.104980188759884,-19.0538339919494,3.88932839039711
"PPT2",0.203082269389394,-14.7006836701027,2.72024386958221
"AGPAT1",0.0446492691985757,-5.33180351029429,0.684552189343495
"RNF5",4.04312528680815,-10.3677700625535,2.5295526724476
"AGER",0.338064221967059,-15.7960729759046,3.21275679917777
"PBX2",0.798650872922989,-12.6077522131824,2.69571050049324
"GPSM3",2.73365955288095,-6.95486438347272,2.13516342329291
"NOTCH4",0.182514674844261,-27.0265437778347,6.35724917564532
"HLA-DRA",0.267092192465284,-11.1225577163377,3.80248277576598
"HLA-DRB5",0.364799530749479,-14.2936395991158,4.22516859795236
"HLA-DRB1",0.329964062134421,-13.816837999924,4.32343234379638
"HLA-DQA1",0.148316806352155,-12.3839453541267,3.54621173033772
"HLA-DQB1",0.188083090200008,-11.0376690326454,3.13348720888042
"HLA-DQB1-AS1",0.132185051206835,-18.6064743153774,3.67751651918179
"HLA-DQA2",0.175156187813111,-14.5496677363792,3.84502838828625
"HLA-DQB2",0.383527960658634,-15.6194961905524,3.57010984441528
"HLA-DOB",0.132850642074703,-3.09912325505765,0.0704753125616532
"TAP2",1.5267564314469,-11.0640956810935,2.48720445763866
"PSMB8",1.24588726133745,-9.02387813460951,2.59745605774726
"TAPSAR1",1.18783501171315,-6.73436075862702,1.62743132802322
"PSMB9",2.5581717759178,-9.01557749319877,2.6938762907432
"TAP1",1.85238737638259,-9.16350758115794,2.34554117672658
"HLA-DMB",0.317538686696135,-10.8447822775107,2.84324759736361
"HLA-DMA",0.302598710862575,-10.8628973695496,3.04834288497956
"BRD2",3.45701451576767,-9.93812304546637,2.43325470052617
"XXbac-BPG181M17.6",0.125574451519382,-4.81251603960066,-0.343305514022511
"HLA-DOA",0.170766276492678,-10.2458814003586,1.88135102374738
"HLA-DPA1",0.3624694485656,-13.5922534464678,4.26539051609751
"HLA-DPB1",0.345164989118457,-12.5909777343224,4.01061685109845
"RXRB",0.817426948523354,-10.1081770272935,2.07063908663051
"SLC39A7",1.61372255599043,-10.0743682652816,2.04799498773067
"HSD17B8",1.25440881513888,-11.9791366478382,2.65776053609523
"RING1",1.45940176324253,-12.0068741001108,2.68060638582817
"VPS52",0.527654677539525,-5.55311399185928,0.461936217020659
"RPS18",5.49358194007634,-4.18872417371643,2.13886704666487
"B3GALT4",0.41779358328925,-10.1246668841889,2.03268664432276
"WDR46",1.46086809660892,-9.03870972968895,1.896315953433
"PFDN6",1.83437967135639,-12.3059010672958,2.97371701971433
"RGL2",0.108578382257159,-8.28546436883426,1.55564532639192
"TAPBP",0.889550581600808,-7.47483653458295,1.90597964919589
"ZBTB22",0.585283091984877,-11.3683671326736,2.10795142758561
"DAXX",2.2654533053685,-9.98755587393843,2.21535250937932
"KIFC1",0.152715541301974,-40.375630338812,9.82813606095774
"PHF1",1.7267232974415,-6.35950299319421,1.20585176952758
"CUTA",1.80974664911487,-8.24191000775171,2.31367677010278
"SYNGAP1",0.373664697689391,-6.30888742082556,0.634164223963452
"ZBTB9",0.169872404375438,-9.50442172503589,1.164446277822
"BAK1",0.952399043918086,-15.6741065322219,3.70987025666821
"ITPR3",0.469073505170926,-6.57184399676192,0.746734093723412
"UQCC2",1.79487208073855,-13.7746532892502,3.37470597883183
"LEMD2",0.740308859855845,-9.6033791286794,1.95526316051642
"HMGA1",0.935863851589226,-18.9983610834843,5.01831568417932
"C6orf1",1.80586568162399,-7.96836361680121,1.64240184264346
"RP11-513I15.6",0.103464943545243,-18.4986444545225,3.72939321603162
"NUDT3",2.45320134465443,-11.6826067990243,2.73788466653814
"RPS10",6.98677936151191,-5.31663846932059,2.16359572763055
"PACSIN1",0.211525625875877,-16.029008256116,3.13210915980223
"C6orf106",1.05935020905848,-14.002580350223,3.10872822155729
"RP11-140K17.3",0.405141405231788,-9.50409632612253,1.67358938178844
"SNRPC",2.00396554976065,-10.5712474533938,2.7195725324476
"UHRF1BP1",0.106299844921032,-12.3718866506202,1.86039521645075
"TAF11",0.732490728035306,-8.4594720495629,1.78333671761898
"ANKS1A",0.188269937194321,-18.9385899012885,3.99581789548831
"ZNF76",1.07457061543931,-12.7336821117527,2.71409230693317
"DEF6",0.857016791527418,-7.97973875453672,1.86765843006319
"PPARD",0.200557001656737,-9.36590929006772,1.4485690756544
"FANCE",0.125641627923439,-12.0331171538841,1.88002008403067
"RPL10A",4.29599151566111,-5.38157500608158,2.26457639028754
"FKBP5",0.125194823030525,-8.05483652209358,1.75737219033719
"SRPK1",0.195151278389392,-13.7674267046446,3.1160980384956
"MAPK14",0.54852003776149,-14.1336691998645,3.34605331414768
"MAPK13",0.288719258968232,-6.60108949547253,0.884516748497686
"BRPF3",0.195710228634025,-9.17377025851005,1.09467699666785
"ETV7",0.166503745281521,-11.9764988870855,2.18611113123008
"KCTD20",0.633399379791317,-12.7018146502205,2.81141815831369
"STK38",0.131108174489882,-10.3657774045425,2.46557388081844
"SRSF3",1.46990824018355,-9.78932916350759,2.82768892055978
"CDKN1A",0.484990487916106,-13.4744065744847,3.23879462481082
"CPNE5",1.73361720573354e-05,-36.7944147688037,9.33968516741346
"PPIL1",1.33491085834101,-11.3878098621104,2.38832566151986
"C6orf89",0.529791440236081,-9.4276682222502,1.90801551496258
"PI16",0.582855174677874,-10.2193601446636,1.85672838447055
"MTCH1",1.02586331173494,-10.3951017614547,2.54351031433541
"FGD2",0.348047222338003,-13.7139563013245,3.10322154764158
"COX6A1P2",4.10479884486642,-10.834211166758,2.75645820914742
"PIM1",0.77606957194816,-5.29044865993681,1.14439023369702
"TBC1D22B",0.344875059685213,-8.85681946428482,1.37563327551526
"RNF8",0.697056290292916,-9.43892813635503,1.83675414122677
"CMTR1",0.584058156811024,-10.1308728955299,1.95188141495499
"CCDC167",0.764206265470783,-12.5456183974271,3.05333237660061
"MDGA1",0.0896922521970568,-10.9081651147999,1.37481172614248
"ZFAND3",0.947717505407533,-10.4656555951944,2.23190228682995
"BTBD9",0.531169640047733,-10.2304709996176,1.71338693749166
"GLO1",2.1607322581638,-8.0758137060332,1.83786141740386
"SAYSD1",1.10387471357297,-9.39920916549978,1.82221802139237
"UNC5CL",0.10764042036406,-6.62238217956139,0.153774240387951
"OARD1",0.218756898698312,-8.52056443573853,1.86212923067117
"NFYA",0.782248165764365,-8.6140490155369,1.33950622342783
"TREML1",0.000150737790294089,11.0387816955431,-4.70555151235245
"TREML2",0.261120154124651,-8.79277506006967,1.09280810350133
"TREM1",0.156402378429434,-10.5122798783517,2.11937671937398
"FOXP4",0.297314899381223,-14.2704360120912,2.72172265604818
"TFEB",0.519704935428658,-15.1487971690838,3.4826141742027
"FRS3",0.193315347969778,-17.1703316637874,3.46286889076083
"PRICKLE4",0.412644898927012,-8.65719480014236,1.17281554108866
"USP49",0.185800110699567,-13.8067594873013,2.43128805556746
"MED20",0.0546123921185563,-9.02091566378609,1.17841021396942
"BYSL",0.0839741657913314,-15.9392307899139,3.29478905167962
"CCND3",0.970732455697619,-5.85080632827214,1.61245767312863
"TAF8",1.30992302299363,-12.3759652127285,2.63855650424874
"MRPS10",1.11022329974355,-10.7212823181304,2.3591778421897
"TRERF1",0.523125758570958,-11.8479192723139,2.19822908314177
"UBR2",1.25198651476812,-11.8923101211318,2.61458227908986
"TBCC",0.51995711697237,-6.72900191270271,1.51958819035787
"GLTSCR1L",0.218714366307414,-11.8637387905339,2.32773339180186
"RPL7L1",0.301564156274883,-7.87222933539219,1.75070993115945
"C6orf226",1.23951489605659,-8.97651220075519,1.83650060314573
"PTCRA",0.0021620018495061,-19.4554771938404,4.66728939386778
"CNPY3",0.867233654236152,-10.7933926849283,2.9329302573423
"RP3-475N16.1",0.447443322816968,-21.0297172175264,4.73116593002889
"PEX6",0.710158700708804,-12.4217301204851,2.52477465331392
"PPP2R5D",0.643606870392742,-13.2714775391585,2.76199637860734
"MEA1",2.65009667394553,-10.6269311904965,2.57194727866057
"KLHDC3",1.84148690452637,-12.3614384975976,2.94044855129687
"RRP36",0.483878374452673,-16.6192884578052,3.6211112904241
"CUL7",0.182998768736747,-25.8035655389674,5.83953396798519
"KLC4",0.0572363991742838,-12.3236207826603,2.31873009462621
"MRPL2",0.392849933082742,-11.8231741845943,2.70260627586165
"PTK7",0.123434809501947,-24.6784992653407,5.35839207638189
"SRF",0.60478227634255,-10.2621961841805,1.77486175813512
"CUL9",0.307676317509833,-14.6468165027925,3.04973573120424
"DNPH1",0.819656661537916,-12.9990895375103,3.20838706092418
"CRIP3",0.06806062242808,-14.6938016348331,2.58631851897045
"ZNF318",0.284707521144025,-8.0905733800114,1.21640950042969
"ABCC10",0.00791862006011945,-5.25984423874107,0.463298680627722
"TJAP1",0.42608844894376,-12.7796522916267,2.61850846746392
"POLR1C",0.725819996189197,-7.72617117264064,1.16346883276565
"YIPF3",0.58817887718426,-11.0359375214398,2.62509669670347
"XPO5",0.265492624679358,-14.2248775870374,2.7836103791601
"POLH",0.146695687362065,-9.58866028344771,1.47210338890247
"GTPBP2",0.0223260498868561,-11.5544636435792,2.083234891895
"MAD2L1BP",0.236541467565301,-9.49075490485058,1.74779070996121
"RSPH9",0.0768856408053455,-0.173543117953595,-1.79793661774075
"MRPS18A",0.340397757832457,-9.60275376797677,2.06054875485915
"VEGFA",0.0207717268310421,-9.65245004906031,1.23653473103205
"MRPL14",1.03289638071285,-14.8033114098015,3.86463280423584
"TMEM63B",0.367822762021854,-13.9176161044829,2.6662053219297
"SLC29A1",0.170501277248399,-20.6669560478658,4.8182935942358
"HSP90AB1",2.11312866527539,-8.88118719712974,2.54605717449207
"SLC35B2",0.958793063697868,-8.52359350075584,1.50390297997582
"NFKBIE",0.606239808415412,-15.4260249896835,3.44252297066435
"AARS2",0.270424626118581,-13.3823330429691,2.42574082684706
"CDC5L",0.297135408725857,-12.412282327951,2.97040071939984
"SUPT3H",0.61580871676313,-8.50394677321468,1.66920629745928
"RUNX2",0.5402267643805,-10.4976403545978,1.92076040005698
"CLIC5",0.0823535290263092,-15.8540325510314,2.82660457951595
"RP1-8B1.4",0.269933298086637,-5.51732641181851,0.0972346585963508
"ENPP4",0.486482503060768,-7.73750698467777,0.934900787880188
"ENPP5",0.288415504843867,-7.49798701573992,0.708063713198806
"PLA2G7",0.0249895452590839,-12.286171880445,2.52016940743683
"RP11-385F7.1",0.140362235319263,-3.45601147829774,-0.712180954058562
"CD2AP",0.0407847729808441,-9.84168634732246,1.8590793115448
"MUT",0.584340404738894,-10.6314352808098,1.87549272999453
"CENPQ",0.0582457467381661,-10.8062947172572,1.8732971301632
"MCM3",0.231227319546826,-9.80173342724728,2.08613350782295
"PAQR8",0.628735990849401,-5.18828809579946,0.382011297623561
"EFHC1",0.886026656241269,-5.31383911491161,0.390490964326095
"TRAM2",0.315075856425738,-9.39830203458908,1.3230868874214
"TRAM2-AS1",0.201827879219005,-18.3535750130386,3.75190294902501
"TMEM14A",1.26171609118905,-10.4204023705904,2.05544483193624
"GSTA4",0.0511625894506408,-21.8581921309598,5.13461706731534
"ICK",0.261768872964189,-11.5066604947449,1.85511923094298
"FBXO9",1.19697523404041,-10.3052366013883,2.14773570545306
"ELOVL5",3.16744721988432,-8.55228293206045,2.03657688021551
"GCLC",0.146045326712037,-13.454722814562,2.584292959999
"LRRC1",0.0912306524324893,-24.2464641352465,5.23644308825638
"DST",0.0647246802781973,-17.214008680152,3.42275567003321
"KIAA1586",0.329546789980753,-13.8567713862444,2.74660463396927
"ZNF451",0.941003854368419,-10.4898569259724,2.08639070911819
"BAG2",0.566350854075662,-12.2107721940304,2.54183372870107
"PRIM2",0.508862957657457,-9.59201396073335,1.64785101195053
"XXbac-BPGBPG55C20.2",0.0146763327750771,-23.1145044515627,5.32202926396014
"FKBP1C",0.206123594020596,-13.7438079179135,2.46620290171102
"PTP4A1",2.41853350557968,-11.5924525926211,2.80653067871772
"RP5-1148A21.3",0.222798133934084,-25.604226020579,5.71331577926843
"PHF3",0.338926071911437,-7.69666500786906,1.55970432891198
"RP3-525N10.2",0.20491236073775,-15.5836262871045,3.04751200792506
"LMBRD1",1.61747785442666,-9.6697933728275,2.01817150713184
"COL19A1",0.0470553580252585,-1.53451024901858,-1.08420689140299
"FAM135A",0.215441103512646,-8.42226336733198,0.89741441730637
"C6orf57",0.378154330745879,-3.35246552899343,-0.452168673123316
"SMAP1",2.18910853586152,-10.333358758678,2.36940460796128
"B3GAT2",0.269698213534046,-7.12997831699402,0.579196735005333
"OGFRL1",0.845685954582474,-12.7855276448723,2.61466232740841
"KHDC1",0.278856005567182,-17.2219610888921,3.52237173163253
"RP11-398K22.12",0.179772972919233,-6.27750809471317,0.203453087883017
"DDX43",0.0924980344542488,-4.56972476925374,-0.0720797218130214
"MB21D1",0.252962404405998,-12.8654165169102,2.56858150505128
"MTO1",1.33250824965513,-12.944970735964,2.84297852947659
"EEF1A1",7.87206155396767,-4.92465691805211,2.27272808634184
"SLC17A5",0.574190109540952,-8.30849260572227,1.16385159397339
"COX7A2",3.50923542981541,-10.1236526781807,2.83491317505569
"TMEM30A",1.79107749168435,-10.8519995839502,2.46713354643915
"RP1-234P15.4",0.091651433208956,-9.68353971817809,1.01199347653347
"SENP6",0.980227955525832,-11.2470064175497,2.47853495170752
"MYO6",0.273606306654032,-10.2784765784806,1.55034318389864
"IRAK1BP1",0.143408318092692,-14.7861555156872,2.65226945623587
"PHIP",2.53053972067716,-8.0907023083483,1.6721082117875
"HMGN3",4.90199457711546,-8.67763312352123,2.20203034662783
"HMGN3-AS1",0.151549262711173,-14.2325266690532,2.52497570983197
"SH3BGRL2",0.160896928013223,0.880849837830681,-1.99681114736
"ELOVL4",0.0490795122919549,-10.0342902509997,1.56749133573166
"BCKDHB",1.12791808089196,-10.553566392525,2.01713433408132
"FAM46A",1.09362138168449,-13.8638019441421,3.30979063709862
"IBTK",0.445086338388378,-11.2835117896075,2.32254957834831
"UBE3D",0.387101500368194,-13.5978983126192,2.77511635782876
"DOPEY1",0.446075208876498,-11.8378227739033,2.12284554464489
"PGM3",0.313602093229667,-10.7048861854989,1.69299047488868
"RWDD2A",0.433411090638011,-12.5070252285082,2.29462257397534
"ME1",0.0900016269362599,-8.77595214611673,0.742241427219838
"CYB5R4",2.54067153300976,-10.8053717760798,2.55012047435769
"KIAA1009",0.381963993657778,-9.55310349527129,1.41222674815173
"NT5E",0.287755881920449,-8.07058958337079,1.11912364592162
"SNX14",0.12803538647052,-12.103755520752,2.7287180574501
"SYNCRIP",0.828619707731924,-12.5187217788555,2.97769930223199
"RP1-3J17.3",0.905158251491377,-7.60349075988939,1.44380497710168
"RP11-393I2.4",0.00526497491807732,-5.64558397358134,-0.139163453239005
"ZNF292",1.64002349360355,-10.6283049008125,2.2538869519595
"SMIM8",0.253945441286588,-8.57153784134321,1.3464422914966
"RP1-102H19.8",0.323793130370617,-7.20741672395818,0.656606269331262
"SLC35A1",0.261898379959541,-10.0689412137661,1.96273357461058
"RARS2",1.31146632032564,-9.68793696441779,1.95454184161338
"ORC3",0.670919763980806,-10.5148315698298,1.96584143227019
"AKIRIN2",1.6536788890978,-12.8663122870691,3.23477772034274
"RNGTT",0.259554634388596,-8.50969167326302,1.3903455096261
"PNRC1",1.46018278540787,-5.12044043503118,1.52943977464555
"PM20D2",0.268496595505135,-6.66223531280751,0.692285029087739
"UBE2J1",0.758122294710538,-17.4365831570684,4.54196182135975
"RRAGD",0.191139076965288,-28.1213519257027,6.51339947668793
"ANKRD6",0.112118527334787,-16.2058058356725,2.98206521079329
"LYRM2",0.158146964895455,-10.7229995833564,2.44514701350419
"MDN1",0.526113101115831,-14.1168669594876,2.90357226684113
"BACH2",0.721411604872887,-6.61853464913162,0.834665123035514
"MAP3K7",0.0905554742802492,-10.8830909246093,2.28000306484445
"MANEA-AS1",0.269868095557998,-4.83691582915113,-0.106843456726994
"MANEA",0.46332429192686,-14.9558734597448,3.04497964641782
"UFL1",1.3400971381255,-9.37601828885446,1.93182205759274
"GPR63",0.00544821077190934,-10.2175441857819,1.22437991449728
"NDUFAF4",0.284791081402003,-7.95182983345407,1.60978849802386
"KLHL32",0.091580125477815,-9.86599422752085,1.06613346327861
"MMS22L",0.197674802128461,-12.9624806984068,2.47485958097276
"FBXL4",0.997340342020652,-6.50712627035424,0.780648372300454
"COQ3",0.480141121504497,-12.8163065597878,2.50799497445137
"PNISR",1.24352341472278,-6.07631994482687,1.62415647918884
"RP11-98I9.4",0.123250742151068,-22.3671414254362,4.90046061094299
"USP45",0.191425603280386,-13.3843488696034,2.36102507953359
"TSTD3",0.190598201006021,-21.4636609257883,4.61341317551359
"CCNC",1.89764308416896,-12.4216337808273,3.00330548148414
"ASCC3",0.713129025276845,-10.6665248615403,2.17087803747501
"RP3-467N11.1",0.29016131685958,-16.4946458981871,3.33186911846555
"HACE1",0.270006860153604,-4.20220748493407,-0.29761286431916
"PREP",1.06155801062573,-12.6983171021406,2.77110850367836
"PRDM1",0.513893606547398,-9.19192922421059,1.53600721573515
"ATG5",2.60833337543047,-10.3886147903625,2.35361219093437
"AIM1",1.41235979284329,-9.17895713437458,1.86208539841208
"RTN4IP1",0.178501246886704,-10.7517337984438,1.83693642136226
"QRSL1",0.257866991224313,-5.90911684824093,1.00389772410265
"C6orf203",0.987838451197401,-10.6802120885052,2.14226194860111
"PDSS2",0.802561268560278,-8.96580235570731,1.6087517105582
"SOBP",0.107812479751587,-15.1549846688269,2.67595039449178
"SCML4",0.672776183911511,-6.90340971959905,1.30413303948853
"SEC63",1.33517190146358,-12.0410353480739,2.81555126540833
"RP1-191J18.66",0.112600071151879,-12.9789227134268,2.0388678225354
"OSTM1",1.23749071681129,-10.5031261577132,2.24695742955401
"SNX3",1.35664167628675,-10.2918872112637,2.96895014251121
"LACE1",0.355749070210084,-18.0652622485539,3.83818839287806
"FOXO3",0.881856838161717,-8.60727335113133,1.51420679591705
"ARMC2",0.349157343881465,-13.1390007296944,2.49203346030435
"SESN1",0.351999204004132,-9.10231479706582,1.63729804214423
"CEP57L1",0.522787621062218,-12.2166328047152,2.27745605949413
"CD164",2.62493859173097,-8.51745332938984,2.29750082265509
"RP11-425D10.10",0.17970400176725,-6.11755700824763,0.155570969767112
"PPIL6",0.0898503810274523,-4.85646267882498,-0.431402669038473
"SMPD2",0.222840302407969,-15.7185304876888,3.49362401757226
"MICAL1",1.16159260192778,-14.9134266056385,3.55377321882515
"ZBTB24",1.32564592338859,-10.9516218670873,2.27816580628079
"AK9",0.334588459824232,-4.37601484521691,0.0415504265439266
"FIG4",0.735589278036336,-12.8330010490765,2.72750035048693
"CDC40",0.171261375327121,-6.34445296318998,1.25409389127237
"DDO",0.0995055890476594,-17.0772573358379,3.18226097159092
"CDK19",0.0317704752291233,-9.82699686800502,1.85080605463247
"AMD1",0.623389407139056,-12.0053394896209,2.98184381367879
"GTF3C6",2.8930754132661,-12.4836973917475,3.16394474454764
"RPF2",0.463757811295217,-8.66748135160249,1.60369078903388
"KIAA1919",0.449580995167704,-6.66934834534193,0.594160021679995
"REV3L",0.834534985950962,-12.7231324048764,2.57306398620203
"TRAF3IP2-AS1",0.225130157588464,-13.9509576047064,2.52676226976326
"TRAF3IP2",0.19292110297804,-8.36007056279267,1.15089038160699
"FYN",1.94744247542698,-6.92717345959971,1.56795055816868
"TUBE1",1.04949413641131,-6.6832984611975,0.848838438351665
"FAM229B",0.376533204501026,-6.14536675683279,0.385780275578926
"MARCKS",0.437905045158097,-18.555692570835,4.41049787197439
"HDAC2",0.250055221333248,-12.5328205415678,3.0356282362605
"NT5DC1",1.59440562059391,-6.94837791792312,1.33730431541069
"TSPYL4",0.910051506578692,-10.0754974712274,1.83661038891219
"DSE",0.255676062276492,-17.7927317734851,4.02336332913488
"TSPYL1",1.47510476137671,-7.69420324669668,1.572650506709
"FAM26F",0.520053602183579,-13.0093815790994,3.55378965935477
"RWDD1",1.10706395772605,-9.30328266273588,2.43021523737856
"ZUFSP",0.0528928346675589,-9.51760833175395,1.73043258546139
"KPNA5",0.755105282544478,-6.74961366848292,0.878628773881922
"GOPC",1.52437342283503,-9.12962109014477,1.75950220414108
"DCBLD1",0.727725996812677,-7.67790065748783,1.03389656379457
"NUS1",1.26038213505974,-11.877140153031,2.52534564903032
"CEP85L",0.0682260206440694,-8.15769802678228,1.40953333395463
"MCM9",0.512601494145146,-9.29027433351107,1.4058214255064
"ASF1A",0.604803556387608,-8.78734252472413,2.01435454698701
"MAN1A1",0.169088847611332,-13.0995552874916,2.27761232555682
"TBC1D32",0.287995011515333,-4.95049617419702,-0.0533771322677237
"HSF2",1.05113899608058,-9.77220914919324,1.77292950234916
"SERINC1",1.1309327323759,-9.24750684689674,2.12253760176038
"PKIB",0.127969814677038,-29.0191630172546,6.81103619297196
"SMPDL3A",0.0715827665220521,-24.0075863071676,5.83312339605866
"RNF217",0.105455410197132,-8.85453822368729,0.819863753745585
"HDDC2",3.16686532705176,-8.41184390393616,1.94941323387079
"NCOA7",0.426645208958055,-11.2827845482263,2.26202787034867
"HINT3",1.0277323602673,-9.20484259047866,1.67149093385877
"TRMT11",0.919727751267136,-8.78125095007164,1.43260156162007
"CENPW",0.106188224199849,-26.1451522827447,6.2794097166081
"RNF146",1.43928533006214,-9.53630372291336,1.84490589959686
"ECHDC1",0.202252782135631,-7.82390633706673,1.75858865544137
"THEMIS",0.373910492209552,-14.347251469198,3.41474531720243
"PTPRK",0.378850661141062,-5.91687751324199,0.31750300775781
"ARHGAP18",0.157437705971122,-10.5622053241038,1.91415883436092
"L3MBTL3",0.16785479982148,-7.8089333770332,1.07277247655723
"RP11-73O6.3",0.115197903363164,-17.3185558980541,3.30510304973267
"SAMD3",0.297376584611945,-2.13068321339722,0.0729695053994184
"TMEM200A",0.0903270280146085,-8.22978253996317,0.579552076297007
"EPB41L2",0.209782697837608,-20.2836725465771,4.45815269428884
"AKAP7",0.439462892858706,-9.43977979236918,1.85082539430768
"MED23",0.913537925489189,-7.70432964385904,1.11380052182098
"LINC01013",0.0115984990054967,0.564568014269556,-1.81170076638503
"STX7",0.67650418598382,-10.2555205553009,2.47007997792215
"VNN1",0.203463855532574,-17.6719223149202,3.72483947018991
"VNN2",0.380325460046534,-5.33370065327421,0.626619801123438
"SLC18B1",0.546448256340358,-12.2030750992359,2.49112550479179
"RPS12",4.55438316274413,-4.04638763243481,2.05648491333078
"TBPL1",0.140874388348402,-6.24925636888698,1.1452734765246
"SGK1",0.117304850337489,-15.1181255239467,3.60355473440474
"HBS1L",0.568873437402538,-14.4544545349353,3.2693770778657
"MYB",0.040097562181872,-3.18155634919409,-0.605207042147619
"AHI1",0.807832202675094,-7.55426190426126,1.03868095499114
"BCLAF1",1.64975664291373,-7.74522332323449,1.65667125803083
"MAP7",0.150947799121699,-17.1577740904912,3.34186859476862
"RP3-325F22.5",0.00350756060837746,-9.4699416480573,1.42543142786866
"MAP3K5",0.51326522860161,-13.3233923487585,2.6206793336147
"PEX7",0.525761390747257,-11.4386789330252,2.19094764655192
"IFNGR1",1.37512329927602,-13.629714922806,3.34665270946519
"RP11-356I2.4",0.227607551138167,-8.62257737889124,1.40801846933466
"TNFAIP3",0.773195184576741,-8.32343724870176,1.98984554810768
"PERP",0.144877215781956,-14.2086669312294,3.10290871166206
"HEBP2",1.03123927050301,-12.7942869572964,2.99170955390572
"RP11-390P2.4",0.315772084657738,-19.2488359425688,4.17830917998063
"CCDC28A",1.59438030869816,-10.7556091347613,2.4779942835933
"REPS1",0.865858377595461,-14.8119052617607,3.35362732496891
"ABRACL",0.717822225683675,-11.6542742059035,3.18385258326831
"HECA",1.48974674236294,-9.9942418042547,2.01386969950584
"CITED2",0.55660126455597,-7.67943178824059,1.95463556572322
"VTA1",1.01048842454186,-10.6231590395943,2.26550358525905
"HIVEP2",1.46017538094523,-8.5907592797933,1.52020138162707
"AIG1",1.3108256557104,-13.3933883244025,3.04253914168535
"ADAT2",0.133132361705304,-17.088456002207,3.35590579771841
"PEX3",1.03921370087235,-10.9083898093508,2.21936220148499
"RP1-20N2.6",0.086545021875396,-4.32833748763134,-0.590667138441518
"FUCA2",0.767041737722441,-16.5196360005637,3.9369396212965
"PHACTR2",1.02774195656817,-9.18800921110369,1.66256972611302
"LTV1",0.16580133049145,-9.97653997295646,2.1702576914149
"PLAGL1",0.0537099937419715,-11.3043867463914,1.94165045676857
"SF3B5",0.831325337196378,-5.40216995126417,1.46940045305326
"STX11",0.288052404090158,-13.6660801264181,3.55243159591813
"UTRN",0.465802815674511,-11.9411313465147,2.85411030780629
"FBXO30",0.23463672836505,-8.61260067226278,0.977727154264832
"RP11-545I5.3",0.000960850790299465,-15.9922287728348,3.39659720494579
"SHPRH",1.19758960672744,-6.80792875724647,0.924277798676721
"RAB32",0.284237944100194,-14.481079185764,3.62070233263816
"STXBP5",0.261176079567228,-16.7311064068386,3.38036979726442
"UST",0.0888518966572038,-9.0282778030862,0.817311513758572
"TAB2",0.263472339933492,-11.6755786163559,2.45383881456983
"ZC3H12D",0.485687612679337,-17.5847782214252,3.77038277757222
"PPIL4",0.0807983409771953,-8.49374208469677,1.60038025292494
"GINM1",0.164372606978898,-14.2288425128742,3.43012172714883
"KATNA1",0.752180427641395,-13.2088884978292,2.91981711227928
"LATS1",0.396686784891279,-10.2303270316937,1.98111656204497
"NUP43",0.452266386204936,-11.2912614256855,2.128348950508
"PCMT1",0.960703796293258,-10.029895944515,2.60001866832391
"PLEKHG1",0.226445588213336,-8.39561341275729,0.913279195808295
"MTHFD1L",0.48949589902473,-15.8942028283977,3.29407368609957
"ZBTB2",0.966211151075215,-11.5019006935374,2.37960248536196
"RMND1",0.855289925388406,-14.1816183588707,3.00412850997147
"C6orf211",1.02465682473363,-15.4216867985787,3.61809813313797
"SYNE1",0.534997846988326,-4.42853095391667,0.473827707317586
"FBXO5",0.333543321318142,-10.3128282803864,1.59330859756359
"MTRF1L",0.289221712103476,-15.3692265346732,3.33047042378732
"IPCEF1",1.70443004326462,-10.2404162776732,2.0834662610707
"SCAF8",0.363849944091806,-7.72673248547166,1.04838619708177
"TIAM2",0.0190255980210148,-21.6631526934677,4.59863684349624
"TFB1M",0.492463791518629,-11.9720914194286,2.45961792753524
"ARID1B",0.115053090489943,-11.8289860816247,2.25067627079056
"TMEM242",0.166361928867338,-10.0302368633586,2.2916449145245
"ZDHHC14",0.253570903878701,-16.0071517389759,3.14900161740382
"SNX9",0.147871019191651,-15.0410895854581,3.57164292570021
"RP11-52J3.3",0.137485508306125,-7.18573279614511,0.759632955479333
"SYNJ2",0.324562003494584,-7.29748362523737,0.68343229156549
"SERAC1",0.156411804414794,0.220385725306048,-1.76216363026665
"GTF2H5",1.52431418541556,-10.6158248105551,2.27385870326509
"RP11-732M18.3",0.0980600451491112,-12.2211030265031,1.81601338056996
"TULP4",0.515204894645721,-11.0173577646026,1.9543554967622
"TMEM181",0.147723325117465,-6.88002346977471,0.781585576220394
"DYNLT1",0.561876525212841,-8.8322305976736,2.21528378703739
"SYTL3",0.718943726340834,-5.0805975104473,0.492248601942364
"EZR",1.93164125598247,-9.11751451373543,2.27737712190929
"C6orf99",0.0878358472902615,-2.12691115243883,-1.25760594444121
"RSPH3",0.255811111130926,-12.4338615121406,2.16678541995649
"RP1-111C20.4",0.180630013360022,-8.91894473230774,1.01907587891993
"TAGAP",1.21519552868276,-5.07267380925914,1.060422279229
"SOD2",0.569183678636898,-12.2518173990995,3.25794343148814
"WTAP",0.679875705871813,-7.26168030815512,1.71410915214535
"ACAT2",0.278945860023253,-9.70117939402419,2.10752023421638
"TCP1",0.650390073041983,-9.11113576218103,2.23915962551314
"MRPL18",1.32953420292038,-10.8102572726924,2.76935919187723
"IGF2R",0.810247516889566,-3.1837377785977,-0.172350384586916
"RP11-288H12.4",0.120815471342219,-15.1932849211737,2.73208890894106
"RP3-428L16.2",0.0425086173927024,-10.7774691899508,1.66063688013185
"MAP3K4",0.494612791430093,-10.7014688139099,2.04624953512647
"AGPAT4",0.431885159378694,-12.2341383127541,2.47520241616599
"CAHM",0.0527460845564988,-6.87629958440539,0.540875881459356
"QKI",0.506963239903552,-10.191992703807,2.04956842345763
"SFT2D1",2.92410393393445,-11.8941976137137,2.98889980809259
"MPC1",1.44804294641545,-12.7235104261371,3.2540275330515
"RP1-168L15.5",0.107343805014331,-19.5484287662953,3.89640524702314
"RPS6KA2",0.204744721522963,-20.7249585580364,4.43262280348636
"RP11-514O12.4",0.0796316021978715,-11.5486624072397,1.95729764769602
"RNASET2",2.1939925701881,-10.7268194767854,3.1349501118979
"FGFR1OP",0.48651759300438,-5.42175330846588,0.410275323334756
"CCR6",0.126233806069036,-8.54272460756493,1.5165018957032
"WDR27",0.174102745787175,-5.56713927836061,0.309442179159389
"C6orf120",0.377321554674476,-13.1667141770799,2.70856407443886
"PHF10",0.256428864466976,-13.3092741769389,2.76746179778953
"RP1-266L20.2",0.0529707892291338,-13.641554801795,2.17985115801859
"ERMARD",0.29114296455699,-11.3199541266436,2.06959387148468
"RP5-894D12.3",0.013755710538754,-25.1512258265072,5.54284363260579
"DLL1",0.145164185544856,-11.4875501630559,1.6846579151116
"FAM120B",0.98574671559734,-12.6016379407513,2.76323807452186
"PSMB1",4.07981651141544,-9.89004078498423,2.81812751928459
"TBP",1.1941588627131,-7.6680191825561,1.24375823728855
"PDCD2",4.43363486217796,-9.57836493920327,2.394976265592
"AC093627.10",0.360375446409081,-5.2410506099595,0.100652055167114
"FAM20C",0.121039968690264,-16.5371587159032,3.25430109447982
"AC147651.3",5.20101006636087e-05,-26.8913517552312,6.48614366504915
"PRKAR1B",0.404825187065313,-19.6740133419837,4.55560474132127
"AC147651.4",0.315210178344872,-13.327957179046,2.46316568900788
"HEATR2",0.196363852736474,-15.7089487207188,3.06239457994072
"SUN1",1.25074576164603,-8.78757787022034,1.58878144265484
"GET4",0.285590295496589,-9.22745577987821,1.22163753629989
"ADAP1",0.524772296764865,-12.7210541964787,2.69082357893001
"COX19",3.02537408411487,-9.76540131492011,2.21294009013424
"C7orf50",1.35441752140505,-10.2941877350594,2.54982219010703
"GPR146",0.436847228589598,-13.5430271057487,2.59765289055058
"ZFAND2A",0.956644861201435,-9.66482833266343,1.91158889965716
"AC091729.9",0.120189448895667,-12.5987606679754,2.32149397866144
"MICALL2",0.0864948832275321,-14.7353996652619,2.50015574667231
"INTS1",0.503134257825908,-13.5530304895501,2.7762596374212
"MAFK",0.209024164166148,-15.9904566213367,3.46251598292794
"PSMG3",1.52320962416133,-13.8299441284221,3.31745806059317
"PSMG3-AS1",0.197532368414739,-4.61363889190157,-0.267146874476446
"MAD1L1",2.22437908888369,-8.71655387174335,1.92996282274939
"FTSJ2",0.391039383037657,-15.6073539478311,3.72912829320003
"NUDT1",0.307074418132286,-11.1847946267178,2.69463788682001
"SNX8",0.582167127436871,-14.8653932768248,3.19673960499839
"EIF3B",1.05198210897732,-13.9961384097657,3.21038531202227
"CHST12",0.546566181371053,-5.10560183981703,0.934658403719643
"LFNG",0.562527657569613,-14.5994894026103,3.41062729660448
"BRAT1",0.0913150713948201,-6.49393755129898,0.936055833754937
"IQCE",0.0127378422810817,-0.736160544963864,-1.32685044945668
"TTYH3",0.368745907431755,-18.6887398303894,4.48178060233003
"GNA12",0.420879652626761,-9.12449180288947,1.31119312257553
"CARD11",0.366391918321845,-7.26231785986486,1.13766940503039
"FOXK1",0.374656574306379,-12.7155397373436,2.51757191991314
"AP5Z1",1.32012973966738,-8.40891915527978,1.52737438505598
"RBAK-RBAKDN",0.385738179546219,-8.65425130409845,1.41738170341643
"RBAK",0.163217001870155,-18.7418648082471,3.79949658269447
"WIPI2",1.15593519040597,-11.7584249947804,2.83009516445581
"TNRC18",0.222666635602045,-7.46065997886156,0.903127360828909
"FBXL18",0.18592347906302,-13.8108639746604,2.46036700745091
"ACTB",2.68511692878225,-8.90751664114044,3.46803919098598
"FSCN1",0.0415848878998903,-26.8066735463024,6.00649868468407
"RNF216",1.21466274514943,-8.19425130706825,1.61823285916956
"OCM",0.111816140264175,-10.9583163006901,1.44353621073105
"CCZ1",2.39377024555275,-8.62167334576871,1.97361179187173
"PMS2",0.529989202188499,-7.70998505444133,0.958019607032157
"AIMP2",1.31653454903456,-15.4460922370559,3.68261519362387
"EIF2AK1",1.8318922839879,-11.2077599539232,2.63384351138745
"USP42",0.262807459698639,-11.395640751884,2.16556888429487
"CYTH3",0.0895775582622088,-6.85952493365712,0.170188226544847
"FAM220A",0.158991570628199,-12.0900866137696,2.19685289742341
"RAC1",0.981224012717895,-10.4174636778818,3.04136148940039
"DAGLB",0.0331789014523868,-6.09552952425012,0.65265177557965
"KDELR2",1.01205599057631,-12.2593258872131,3.17294338806706
"FLJ20306",0.127127898785525,-3.26826591589631,-0.809334316509499
"ZDHHC4",2.04264305261602,-10.9257429356781,2.44045429188972
"C7orf26",0.128636669836029,-10.8037195092034,2.39832170173992
"RP11-611L7.1",0.116915055815146,-10.9972837591781,1.95750047693445
"ZNF12",0.0754768223014564,-7.00632076411304,0.628083840275408
"CCZ1B",0.171724274126323,-10.9492606943147,1.88436138636241
"C1GALT1",1.26729041473937,-9.41544800674118,1.97265572051946
"RP5-1159O4.1",0.127924200348537,-1.02012762915922,-1.49219213084002
"MIOS",0.937617828525873,-10.4746321525023,1.96452409896246
"RPA3",1.62402192077873,-12.1081551905658,2.95579473312529
"RPA3-AS1",0.894724807216986,-6.99515747369478,1.1204543035284
"GLCCI1",0.147678373129626,-6.9328656010718,0.860513387929574
"ICA1",0.0843816213180969,-10.7298225414003,1.90443688259917
"NDUFA4",2.35104379288565,-9.79270535580053,2.86465063169381
"PHF14",0.199027109022103,-3.51937176562613,0.473282850690527
"TMEM106B",2.5739394794879,-8.10021403466056,1.60390225213346
"VWDE",0.148466845656152,-27.0301010473542,6.01796459515571
"ARL4A",0.499536470058521,-7.42027516857093,1.71848792313413
"ANKMY2",0.428688094931588,-12.1388608756169,2.35609995416007
"BZW2",2.72749301054657,-13.9398046160005,3.40207400960809
"TSPAN13",0.118490920427249,0.74616677497895,-1.07946066325462
"AC003075.4",0.176940558286273,-7.63615880180169,0.926021958936454
"AHR",0.408829557162403,-16.8191595160333,3.81629047470646
"SNX13",0.614524333154319,-14.4692516345678,3.14653269640591
"HDAC9",0.0181530720584593,-15.7374573642941,3.61114017110682
"TWISTNB",2.03303489049971,-12.1693435015142,2.76999553172529
"SP4",0.817536513680286,-9.37179280330648,1.59518107208773
"CDCA7L",0.147087993968702,-5.93585398580859,0.805883989783882
"IL6",0.0196347395778744,-9.40064096624951,1.46852008506203
"TOMM7",6.07642077969033,-5.58477114300762,1.83623564693012
"FAM126A",0.527388123391993,-11.531077582115,2.2302599204766
"KLHL7",0.748717308203899,-13.7883549270665,2.93878948804157
"NUPL2",0.528083508772078,-8.221716351495,1.63644860762664
"AC005082.12",0.00639904676456906,-19.8875170104083,4.69521293853202
"MALSU1",0.65405684695877,-10.0743956582503,2.21407692761567
"TRA2A",0.417169897405877,-7.25985266758836,1.4503937333297
"CCDC126",0.968451051963979,-8.26390785400258,1.4271774289005
"FAM221A",0.034089490506663,-13.9548642049596,2.76460010356783
"MPP6",0.0230840210153845,-28.1453432149547,7.02169601902683
"OSBPL3",0.585898417650004,-11.7046276792193,2.16522624413193
"CYCS",2.74528373986138,-12.165261110785,3.3412659873662
"C7orf31",0.527004572584655,-10.3997150743408,1.78166770354351
"NFE2L3",0.0645091026290311,-11.7495245273887,2.00044343641709
"HNRNPA2B1",2.10842607633442,-8.66419453817797,2.63899856887451
"CBX3",1.22437017825846,-10.5786924190556,2.70996218104606
"SNX10",0.35265802526069,-10.0759884714313,2.35372156366565
"SKAP2",0.229439970838954,-12.0925514995537,2.80979016972406
"HOTAIRM1",0.590968755473957,-13.685427116907,3.25354641675732
"HOXA9",0.181485108515023,-24.8227187368064,5.53136389027616
"HOXA10",0.110602774394204,-21.9659793852928,4.58904179630044
"HIBADH",1.32753380435568,-10.9372635220088,2.29322349878661
"TAX1BP1",2.88695534311825,-8.41684527686383,1.96634216194123
"JAZF1",0.0876057163311244,-4.33618185337401,0.20482495039354
"CREB5",0.0666535648370312,-5.03004226511342,0.0220337000188283
"CPVL",0.30898755848003,-18.8683557981801,5.04471180399707
"CHN2",0.0233712280266114,-17.489066233586,4.05047120921912
"SCRN1",0.283597606551782,-18.5499536466005,4.10456459953487
"FKBP14",0.115307322343981,-14.1873442163835,2.43828251672614
"PLEKHA8",0.0514407994070799,-15.165160392703,2.9458924191331
"MTURN",0.0425995274283867,-13.0941718213222,2.29948615752753
"ZNRF2",0.121886004127805,-20.942968547737,4.39298154454838
"NOD1",0.292814889941333,-15.1747362786272,2.98508519404935
"GGCT",0.796510564101015,-16.3125361755885,4.05792392596132
"GARS",0.28530890139728,-10.5614535262019,2.35382339013838
"PPP1R17",0.0507708149434522,-22.1319785175677,4.96711183130373
"LSM5",2.3386190090709,-10.469500458788,2.49086118315853
"AVL9",0.568727437236274,-6.18023140556798,0.660856584394203
"KBTBD2",0.64328024838711,-11.3644831221038,2.20990350825388
"NT5C3A",0.157466496652241,-6.39558680201064,1.30088254410881
"RP9",0.812624799571452,-8.89710454345175,1.69634402538272
"BBS9",0.635294685832428,-16.8532378058805,3.67213946130529
"DPY19L1",0.0502938735188905,-12.2853940255214,2.21663836225381
"HERPUD2",0.220353837217855,-8.90937821859746,1.98664945732377
"RP11-379H18.1",0.122590161847459,-16.4885737041193,3.10904382174748
"SEPT7",1.38950190719162,-7.44622742138258,1.99420051918324
"EEPD1",0.173358040090972,-11.0032541792104,2.19637102003327
"AOAH",0.943383655383654,-11.1513048238533,2.73603281622734
"ELMO1",0.333921680265516,-11.5828221370992,2.68461779003187
"GPR141",0.215091884316678,-10.5184305688646,1.54198565623178
"EPDR1",0.0691487514858951,-20.0125126350485,4.02984385332419
"NME8",0.00749935580896188,-4.30494537740503,-0.496219479926034
"STARD3NL",1.37972649900451,-10.3496793990735,2.31741186326252
"VPS41",0.688409968559113,-10.3520431457552,2.0317620704946
"YAE1D1",0.0909264624013342,-7.67333587327216,1.01731945982531
"RALA",1.68991008023745,-11.6023063784785,2.67949514894233
"LINC00265",0.143512131084516,-12.6136834787474,2.01608365745777
"RP11-467D6.1",0.0550231802606741,-11.6692433722917,2.06136998394413
"CDK13",1.34684399237373,-7.99273054759253,1.31738298730536
"MPLKIP",0.72558233040995,-11.8623770784614,2.92609632279131
"PSMA2",0.832403814176807,-10.3234516083404,2.70633229491063
"MRPL32",0.718657241510817,-9.18191817519589,2.11621903569243
"STK17A",0.522245617325409,-3.96201239795554,0.979380208624599
"COA1",3.85998083932694,-10.8563247892172,2.59962382985573
"BLVRA",0.481787232871142,-12.0883797909579,3.18741147617131
"MRPS24",0.364692976647297,-10.7630818674603,1.79489418741657
"URGCP",0.0705328702662179,-4.91616264681958,0.410565171654801
"UBE2D4",0.0306659839298146,5.5739292050227,-2.67449259055252
"AC004951.6",0.852180384458336,-8.35148499068812,1.28755851356109
"LINC00957",0.0985726534166596,5.41469067524914,-3.58492530103096
"DBNL",3.68740535252122,-10.2742179695097,2.67617559791491
"POLM",0.97860402243347,-8.00717319348053,1.44155497878517
"AEBP1",0.00203236270214678,0.884101656539454,-1.69740248561336
"POLD2",0.291806391086305,-12.0957744341398,2.80346251979547
"YKT6",1.36335753334089,-14.3405557752257,3.27428805493719
"NUDCD3",0.459664979723214,-10.0639926413292,2.12614435981217
"DDX56",0.085350305979959,-3.55071058795334,0.260590591147953
"TMED4",0.589957024463772,-5.69772521717154,1.21569811019152
"OGDH",1.23012086464907,-12.0909855933808,2.69468800207141
"ZMIZ2",0.413303549779217,-11.4574743521731,2.15639908829666
"PPIA",7.81486726489891,-8.43178730381292,2.63400643440821
"H2AFV",2.58446978060042,-11.9789709870774,3.2084362437764
"AC004854.4",0.0203716341388925,-3.35856715060925,-0.64540908783327
"PURB",0.425748388152024,-11.8809097662051,2.28054826580596
"RP4-673M15.1",0.290432810121803,-9.92733658969874,1.42871457617673
"MYO1G",0.988030601550538,-10.4493342756241,2.74304452675838
"SNHG15",3.25599674730344,-8.46001824888936,1.97241202842984
"CCM2",0.689496590866137,-8.70694533180328,2.04696673924398
"TBRG4",2.14608058015679,-9.75228595946849,2.04047875707991
"IGFBP3",0.324566829627616,-4.03988036743772,-0.291597347666609
"TNS3",0.221618733220604,-12.805640640721,2.32612864546385
"HUS1",0.685939597892067,-7.56530389195669,1.39402637588203
"UPP1",2.5102688241613,-8.57366939540166,2.01177565076485
"IKZF1",2.66635764613112,-8.29525080900337,1.94340657364284
"FIGNL1",0.378153996443656,-3.95303670653343,-0.271350247739479
"SEC61G",2.89688589471529,-11.5404236974896,2.81421868364515
"LANCL2",0.201940622274167,-10.1103606250676,1.66831465801394
"VOPP1",0.30918673201149,-11.5829852212009,2.73226918909378
"GBAS",2.35130261598599,-11.7453832699999,2.79495745559963
"MRPS17",0.592989943250716,-12.4825571225327,2.61713409929265
"PSPH",0.182372737144186,-9.31496076965057,1.10828254184469
"CCT6A",0.842421011098902,-12.0163994336582,3.07603582387092
"SUMF2",3.27076034976043,-8.58690176895358,1.88881183107489
"CHCHD2",5.29331200864168,-9.69910851691142,2.98439626243507
"ZNF736",0.316816765393119,-11.5327693032804,1.93672828692695
"ZNF680",0.411236936585436,-11.038919119432,2.04060278809011
"ZNF107",0.415042214718819,-7.71686246461474,0.881124879901124
"ZNF138",0.884625356693639,-9.44158766795702,1.76028145443064
"ZNF273",0.483872587740465,-10.5185143876052,1.76826545685213
"ZNF117",0.0790342447957095,-20.0170702824623,4.34613985438328
"ERV3-1",0.0844207957223964,-5.31820172127543,0.764404714053741
"ZNF92",0.0769216987234911,-3.7893903969101,0.295935144216784
"VKORC1L1",0.459520639718867,-13.1414812619342,2.52718716724373
"GUSB",0.178407586320557,-16.2662009150832,4.1906946051812
"ASL",0.711946866966052,-16.3264904977902,3.83128443600753
"CRCP",0.238528147764299,-16.711766354525,3.75387758916402
"TPST1",0.306091356985867,-5.25212859193312,0.0552693346367166
"GS1-124K5.3",0.196725665135812,-9.65421715681905,1.23705804056279
"GS1-124K5.4",0.361270596169573,-2.82223202394358,-0.62683676351784
"GS1-124K5.11",0.182415109484783,-12.9233541543413,2.22596882829988
"KCTD7",0.34688038590354,-11.6314287583955,2.0247053888745
"RABGEF1",0.336102362700125,-13.953105056165,2.66159317187788
"RP11-792A8.4",0.0935817145175914,-9.28900624900514,1.87158143560929
"TMEM248",0.585923128558817,-11.5395891697295,2.83058242767545
"SBDS",0.980703839699882,-7.02610071838097,1.67911603701635
"TYW1",0.808168567190932,-14.0201923679753,3.03483784605544
"RP11-166O4.6",0.157232756736796,-2.16634459785132,-1.06706955818288
"AUTS2",0.523648587473111,-6.47142411201067,0.579402863522194
"POM121",1.24801064454069,-9.65172052802527,1.94145384068957
"RP11-313P13.5",0.186962788826828,-10.9351188793201,1.64132263824203
"NSUN5",1.1897393556978,-8.76241161758189,1.73539590068175
"BAZ1B",1.19073870306229,-16.179818077416,3.81909768580414
"BCL7B",3.44386564208469,-10.3429665152357,2.49929788657889
"TBL2",0.54618864212729,-14.6511652874985,3.16875316016082
"DNAJC30",0.392052968812279,-13.4716755828649,3.05323017989836
"WBSCR22",3.69591313986112,-10.2270951860416,2.53368225352559
"STX1A",0.179713893032218,-5.03984490035633,-0.167676000067341
"ABHD11",0.828596222684627,-16.3943217307897,3.79715019396266
"LIMK1",0.124578928659146,-16.7396369575733,3.69337702310512
"EIF4H",5.57557008126918,-9.9653413453854,2.55974785444512
"LAT2",0.207320190933892,-5.64464480473853,1.05583038885456
"RFC2",0.206978111000476,-13.5961520539077,3.14519745734873
"CLIP2",0.0875374113042499,-3.95841258286495,-0.702389864896596
"GTF2I",0.449110704129558,-14.8307223515517,3.18667978826391
"NCF1",0.371072555532667,-5.2112489885879,1.12091143102541
"GTF2IRD2",0.378890787067838,-6.44444419850043,0.767359614545156
"WBSCR16",0.63628979047711,-12.639732716541,2.4563665592855
"GTF2IRD2B",0.986367383607029,-9.147320315605,1.6383658172239
"POM121C",0.958911688494968,-11.2643738568794,2.31005209245238
"HIP1",0.224350245385865,-12.2794415692422,2.31539419450372
"RHBDD2",2.43736050074916,-9.63382062881413,2.07122139227083
"POR",1.44875474674735,-11.7566627133117,2.50218598503869
"STYXL1",0.74483204086449,-12.47370112994,2.66362837735418
"MDH2",2.16424120873965,-13.6507638213453,3.75201616389216
"HSPB1",0.607416629057615,-10.453682879988,2.53310560464274
"YWHAG",0.266760032445109,-14.8066592886983,3.20292179643161
"ZP3",0.684536422968389,-13.7374966126945,2.923990349058
"DTX2",0.118285356582754,-11.7724586923469,2.24152838931654
"POMZP3",0.439170199380569,-13.8772588272079,2.94386519756213
"CCDC146",0.16974955930564,-19.5723057925162,4.07223123214517
"FGL2",0.268835903338606,-13.7554582184034,3.56410580021907
"GSAP",0.475374481675805,-7.31564117107706,1.26661137725847
"PTPN12",0.433562530305648,-10.6189263226697,1.92407921071373
"RSBN1L-AS1",0.236338026892115,-10.5237822182779,1.80914037573957
"RSBN1L",3.45335486333986,-7.39505939292773,1.56652206952956
"TMEM60",0.255552403977804,-7.15007769607467,1.34072281741569
"PHTF2",0.863214666232629,-13.5061635244585,2.97797465631531
"GNAI1",0.191099806818648,-23.1995860993816,5.13642605168459
"CD36",0.327416417896801,-11.8833878217577,2.6987969179255
"HGF",0.11053066075177,-13.8260553445623,2.33253809839854
"AC074183.4",0.298184972611416,-10.0193348302569,1.47381434769402
"KIAA1324L",0.0897705704866988,-5.48877196407895,-0.241080988987249
"AC005076.5",0.239270831079352,-16.4364520065737,3.35126745647628
"DMTF1",1.46761800737421,-7.89351441478168,1.42557551701032
"TMEM243",4.54774539089236,-7.57254356708946,1.81619815422118
"TP53TG1",3.11710430118109,-9.49170568482902,2.12044925521338
"CROT",0.126748919060912,-5.41415497304071,0.32834562900119
"ABCB4",0.196519889697986,-0.582638118831302,-1.48777169964374
"ABCB1",0.0897821981057015,-3.21048879934618,-0.377612830093684
"SLC25A40",0.331655800753152,-12.9451016913738,2.69310627034327
"DBF4",1.34454354845236,-9.1600134841788,1.71202090957729
"SRI",3.46731734317645,-9.6609298960031,2.5288833276919
"STEAP4",0.108821217468822,-12.2900757175048,1.92095917581247
"GTPBP10",1.00771641066394,-9.17913248501487,1.57773245939547
"CDK14",0.234504515907022,-14.5372553454646,2.7213013251958
"FZD1",0.221631407012966,-26.6304487417048,6.17278312669921
"MTERF",0.597020246043836,-4.99409164900638,0.1766655857359
"AKAP9",1.51739102751428,-9.44190944102368,2.20648437896102
"CYP51A1",0.279003392932645,-13.753911273072,2.57095820248729
"KRIT1",1.22224009917251,-11.1712534617879,2.27571086215937
"ANKIB1",0.831549398348617,-12.390927211827,2.5049445201403
"GATAD1",0.597584603872314,-9.92120400454123,1.84485999877719
"PEX1",0.777172344566076,-5.85797437188973,0.51392970134577
"RBM48",0.173407597524944,-4.90662469704887,0.387929490438609
"FAM133B",1.17140893569856,-7.24915852879825,1.45661517569964
"CDK6",0.486150461194919,-15.4949852023641,3.51967640542272
"SAMD9",0.391404036775354,-7.88279733310001,1.38047610323682
"SAMD9L",0.484379478066283,-9.00174849544412,2.03030768717661
"CCDC132",0.643282216988607,-7.59785320689411,0.978861993886191
"GNG11",0.00497405792569045,8.90237294343568,-3.58026409558294
"BET1",0.0655528476625699,-10.8953183868608,2.41011629100046
"CASD1",0.180337762304816,-12.6330063415405,2.11527422720021
"SGCE",0.107699718890656,-5.76425875558292,-0.103525014380233
"PON2",0.203882437883822,-20.7850497068809,4.79864152124192
"PDK4",0.149531673488725,-25.7643867554114,5.71500083617339
"SLC25A13",0.59013535366859,-13.1745215536826,2.63665653503643
"SHFM1",4.25394065793326,-10.4268051576314,2.66115875641154
"ACN9",1.50989555403832,-9.20605582766193,2.03995997883408
"ASNS",0.86705689820056,-10.2935737837039,1.85453169613583
"LMTK2",0.154344867135586,-14.1403954181681,2.46360670688004
"TECPR1",1.38369781340976,-11.9451495160704,2.63000912385509
"BRI3",0.521003799366001,-13.4640539074222,3.64614174741271
"TRRAP",0.937722629301057,-12.9866039620559,2.68436638440994
"AC004893.11",0.0089576306018024,-15.1219246434102,2.71127683401311
"SMURF1",0.195854202842886,-14.646647285987,2.8480281887774
"ARPC1A",1.12338575489563,-11.7943070175884,2.90010856366678
"ARPC1B",1.84606261979813,-9.62422174264064,3.0812956975959
"PDAP1",6.50076062271428,-8.76372185021629,2.12513735377601
"BUD31",4.35536125314046,-9.4356322561651,2.44559760392724
"PTCD1",0.161382804673028,-5.98579222120103,0.42404038980497
"CPSF4",0.966834114859895,-13.267744607747,2.97877246603618
"ATP5J2",2.87634902071574,-11.1203180897873,3.04731161118167
"ZNF789",0.258111535737204,-17.0674490622748,3.74228473183138
"ZNF394",0.265502242894877,-10.2738704213031,2.38981295647379
"ZKSCAN5",0.321187460607366,-10.3978159656778,1.61838306124641
"FAM200A",0.367791984548445,-7.9942250336034,0.936505890868268
"ZNF655",2.08281649926916,-8.12313749685626,1.68677581428682
"ZSCAN25",0.502242687042506,-7.05023202352483,0.741362376488253
"CYP3A5",0.482878259083719,-7.74487265278575,0.93708869516548
"TRIM4",0.639647287828612,-8.55529543233646,1.63058176146568
"ZKSCAN1",0.62245454757658,-7.91148177222941,1.4333186419402
"ZSCAN21",0.29646254202106,-9.74987023291148,1.39417416543398
"ZNF3",0.0907220207792569,-13.0472080396183,2.76926848224884
"COPS6",0.886004174989312,-10.863916245685,2.78454150267905
"MCM7",0.362182289342425,-20.6609363098195,5.07520354681898
"AP4M1",0.18196052602081,-9.55270906471192,1.58868210211907
"TAF6",0.796800681950994,-8.6101323772421,1.61171811135918
"CNPY4",1.07503408409777,-13.3981292761749,2.83505342479632
"MBLAC1",0.0138551160634416,-17.3750843962382,3.40479193402533
"LAMTOR4",2.15468900045235,-8.51306910030628,2.49223046294969
"C7orf43",0.691003076916395,-10.4612567149544,1.89107534812437
"GAL3ST4",0.12684767824799,-9.34347466435752,1.01092707694169
"STAG3",0.0746438778613159,-7.09288568208078,0.86748247196538
"GATS",0.0912963135458193,-2.72936955172318,-1.07458372062657
"PVRIG",0.175537267633074,-6.78940645708443,0.674154312366091
"PILRB",0.180587123133895,-3.58871961822332,0.30265410678991
"PILRA",0.403259636989111,-18.8595612094187,5.01690276649711
"ZCWPW1",0.0843212424991009,-7.23650944863004,0.87965984297422
"MEPCE",0.620292742768598,-11.2043987459425,2.36061003704747
"PPP1R35",1.70319617610993,-10.3846403587531,2.21222196066247
"TSC22D4",1.92521119543167,-6.42292577302069,1.42916439190931
"AGFG2",0.27442691428293,-10.5439996273892,1.93439341296997
"LRCH4",0.663903442407195,-8.12848176886648,1.85694721048713
"PCOLCE",0.16736000436157,-11.3600574994628,1.71285184812928
"MOSPD3",1.05886380755764,-8.47554674802503,1.59988868354718
"TFR2",0.235087806267752,-2.15698377071968,-0.958392951333636
"GNB2",1.25371766030901,-13.5026705318708,3.67900745870082
"GIGYF1",0.653881190687545,-9.60344572614594,1.58064804772571
"POP7",0.328328391794468,-16.0850291687334,4.02769134184491
"SLC12A9",1.04743424025853,-12.6634198008181,2.82536351860555
"TRIP6",0.220514847188034,-17.0510982098391,3.62871724893131
"SRRT",1.27199516611136,-9.9208351484611,2.05296411275204
"UFSP1",0.138144248923054,-23.2519803619898,5.08809261358206
"MUC12",0.0877310000066285,-15.0507208900835,2.64552227763522
"RP11-395B7.4",0.119913889713542,-14.0135953299182,2.42651717755386
"TRIM56",0.464178518184044,-8.33986439656721,1.4828573678599
"AP1S1",0.9160777490553,-15.380380967586,3.63413400438601
"PLOD3",0.9194205952897,-11.1802274757224,2.16652989022524
"ZNHIT1",5.13849989106837,-10.484539907892,2.78503241467222
"CLDN15",0.214064040855831,-10.4662671991024,1.78285509477068
"FIS1",2.2290242022715,-10.0555210520041,2.73468416163523
"RABL5",0.290105116648218,-15.6963764190748,3.36988777534241
"CUX1",0.5122087787075,-16.3887392882749,4.06528075597836
"SH2B2",0.354767111261959,-17.2952160875813,4.04572732623725
"PRKRIP1",1.02679316468541,-10.8881258390754,2.32092521253709
"ORAI2",0.904768165611009,-5.40968233992807,0.855535619638576
"ALKBH4",0.153402683019163,-9.71491267378442,1.8754245054822
"LRWD1",0.857492452833902,-11.9628225985974,2.43490418076385
"POLR2J",4.78239002373612,-9.02496121975103,2.32006490672845
"POLR2J3",0.732516894386667,-6.05792267359129,0.898241379386315
"FAM185A",0.183768881787061,-16.868243333251,3.56361582205527
"ARMC10",2.43504273515571,-13.9221045166947,3.31753311072146
"NAPEPLD",0.421047336608909,-7.83843924786039,1.10297269643524
"PMPCB",4.69546861561154,-9.84978773276598,2.40189390973341
"DNAJC2",0.188443230270846,-6.02035435357038,1.15901349670558
"PSMC2",1.53399481749893,-13.6230893580874,3.48644974263446
"ORC5",0.774989237581955,-13.9572609950769,2.90085830518113
"RP11-325F22.2",0.560420565823333,-6.51002439571142,0.61078752617806
"LINC01004",0.407130975093489,-10.1019065233664,1.8496865923529
"KMT2E-AS1",0.954158041841882,-7.05944416594661,1.26879842595987
"KMT2E",6.28978480720859,-6.74272721225037,1.63105512915928
"CTB-152G17.6",0.00189646009987459,7.2803213701403,-3.64114185814821
"SRPK2",2.44322625508851,-8.23733588314938,1.79586901413794
"PUS7",0.179277127187172,-4.59359949738469,-0.301847121751952
"RINT1",0.700442069564681,-12.7790976650623,2.50535302995895
"ATXN7L1",0.529156845868224,-10.7618523302405,2.15922917459522
"CDHR3",0.327471326229521,0.0861179397552753,-1.52504761717788
"SYPL1",1.80677435380672,-6.35541458131402,1.3511597911681
"NAMPT",0.96927972874249,-16.1146274453821,4.07254389453133
"RP11-22N19.2",0.128095867039933,-18.5217298746281,4.20585969832882
"CCDC71L",0.413100257194065,-7.9334394195658,0.945471973120888
"PIK3CG",0.528995962599415,-13.226946832592,2.78517586884876
"PRKAR2B",0.0234116629735864,-17.4320399658184,3.45535546443503
"HBP1",0.0783929681311962,-10.4099248682921,2.47088796383423
"COG5",0.572055514270745,-10.385391960107,1.90557700569828
"DUS4L",0.491810855419949,-15.671290304897,3.27414309821289
"BCAP29",0.883040982042377,-13.6864841287411,3.15254971270054
"AC002467.7",0.555116059127392,-17.8256538803445,3.89640286193991
"CBLL1",1.45223129818584,-8.59248077280706,1.60114586100808
"DLD",0.987919140594267,-15.2807542168718,3.73111555770781
"NRCAM",0.093970461248684,-12.49002469777,1.84150581606679
"PNPLA8",0.233137903767254,-12.6811203059535,2.86669032827731
"THAP5",0.119121600315449,-11.4647530581189,2.09483191144671
"DNAJB9",0.528225054398421,-7.98520098157724,1.85532243212824
"IMMP2L",0.729715723981862,-7.61285082852429,1.28019772034366
"LRRN3",0.169512452118828,-8.49784091417732,1.27691257360606
"ZNF277",0.54641628429875,-13.4904988524271,3.28907785667408
"IFRD1",0.598322551606006,-7.69019718394343,1.77339710386905
"TMEM168",0.320589056629119,-6.84902451776698,0.772362731920241
"C7orf60",0.762091335542298,-4.40691368142017,0.0730249268363176
"LINC00998",0.318762228983127,-11.6948280739496,2.33757704710418
"MDFIC",0.714971606381422,-11.8332365646552,2.46949022400458
"TFEC",0.0477884367247942,-12.6002244714813,2.30890275903202
"TES",2.30755546332812,-9.67011895114126,2.17279800143706
"CAPZA2",0.745291248290514,-11.6366111202268,3.05932344059289
"ST7",0.0825175211041765,-13.4939765817887,2.52750789302052
"NAA38",1.21469346023965,-7.0134717439968,1.55880066306052
"ING3",1.92660884601808,-8.35914137043141,1.61650099940196
"CPED1",0.0823192015481045,-22.5312422949158,4.88369329508688
"WNT16",0.0946584905022516,-0.679815692292378,-1.69883891126602
"FAM3C",1.13098017346518,-7.5205913664754,1.36676812355307
"NDUFA5",0.814385144598128,-9.34443844583859,2.29702317353576
"WASL",0.0755182756701193,-7.14212450049178,0.668541337034999
"RP11-390E23.6",0.0657223836639756,-16.7878799065828,3.7072927735177
"POT1",0.209937965956435,-14.6156021520951,3.11187817915305
"ZNF800",1.10530753339474,-7.82588216411458,1.3981606481416
"GCC1",0.484346423618435,-10.2183654049298,1.82606521405393
"ARF5",5.07359069986939,-11.8995267892499,3.24037181965107
"FSCN3",0.0899955567655771,-10.3803898139517,1.21861144097332
"SND1",0.863058543150562,-10.7359251904819,2.50772025254599
"RBM28",0.736715520119189,-11.3288546217744,2.28378268429294
"IMPDH1",1.04691841924181,-14.2632364131716,3.51053287436524
"HILPDA",0.0417161927808336,-8.00585445524043,0.839967435213321
"METTL2B",0.544905756388495,-15.015186103072,3.30487565806446
"RP11-212P7.2",0.340145291308018,-8.14434365565507,0.951367202492
"CALU",0.69562856672638,-12.0951706127086,2.60108981304564
"ATP6V1F",1.66292732180184,-8.7659292200054,2.4206934774591
"IRF5",0.986541002692497,-17.0921695803968,4.05435754098966
"TNPO3",0.427371639875266,-12.0811326740619,2.5079767032683
"TSPAN33",0.0440409714029453,-20.3237645094357,4.5680484283421
"AHCYL2",0.250153829793058,-11.8381791332157,1.97291515318558
"SMKR1",0.536921559994723,-8.89706279019686,1.31962767625075
"RP11-448A19.1",0.316901837642608,-19.3219790049779,4.18289270337715
"NRF1",0.906939722520353,-6.36568220427699,0.710186347701491
"UBE2H",0.302782515348418,-11.4269768554111,2.24917329601259
"ZC3HC1",0.206407880470807,-11.457138032312,2.14905573943976
"KLHDC10",0.134576845974198,-13.4559752961086,2.73373934410789
"RP11-775D22.2",0.125889396486115,-16.9266556742207,3.19146504266839
"TMEM209",0.742141653535646,-5.36872372938526,0.353635164549682
"CEP41",0.463912354789968,-17.4472692578005,3.73074196186995
"MEST",0.121891503885046,-17.5130551492737,3.58507019307573
"COPG2",0.0730133077187507,-11.6117960307508,1.97585614500369
"AC016831.7",0.277686429392203,-8.91456152004503,1.454081843991
"MIR29A",0.207782742852615,-15.306822175695,2.89685765205966
"RP11-138A9.1",0.777574737112067,-7.48356794015209,1.16660800844442
"RP11-138A9.2",0.0595296395302415,-7.49330534992866,1.08936325578801
"LINC-PINT",0.475399323494085,-6.6841119914782,1.32436847533188
"MKLN1",0.102776212753062,-20.6084176860935,5.13332707762279
"CHCHD3",1.01430653982511,-14.3594239088621,3.51631415032239
"EXOC4",0.297931014765588,-6.84257027922583,1.17615452301961
"SLC35B4",0.13603751299216,-13.3265016737242,2.69597587643202
"AKR1B1",1.93781718759413,-10.1472238332443,2.49318984597159
"BPGM",1.19562025440516,-9.45111161312494,1.89912958956965
"AGBL3",0.165439345637798,-14.897925073975,2.74996762039093
"C7orf49",0.78355830399738,-11.5988161742524,2.5194955006611
"TMEM140",0.030615387741867,-5.26302807453386,0.686305060147768
"WDR91",0.089425311801235,-4.90706755035244,0.13188695592222
"CNOT4",0.470794798489793,-9.7283834472977,2.05577618727857
"NUP205",0.393235882257031,-10.4872907016992,1.70110443115971
"C7orf73",3.87092971547818,-10.802472011983,2.73672732653198
"MTPN",1.11793131753622,-11.1600248627755,2.74287424963957
"AC015987.2",0.236046501776405,-17.2776378141841,3.74866659533252
"CREB3L2",0.521115205490594,-6.39672008759821,0.855505690730251
"TRIM24",0.306077568668409,-5.40722914021075,0.1017484706362
"SVOPL",0.107563648844059,-7.21479609586648,0.331000251784905
"ZC3HAV1",1.14334893548765,-5.36532375511285,0.980939617332998
"TTC26",0.130318433001865,-22.4645454064977,4.82680106432506
"UBN2",0.164770682730062,-9.80345553415637,1.54668333974849
"C7orf55",1.65370800688574,-9.08247071711201,1.90450684558737
"C7orf55-LUC7L2",2.48525832748574,-9.57120654672958,2.17593257924455
"RP11-634H22.1",0.246775992922452,-10.8634056493403,1.66563295498288
"HIPK2",0.633148980352241,-13.1617736840162,2.74606507582775
"TBXAS1",0.507743400644884,-15.7268796638586,4.06671705581305
"PARP12",1.58214732603946,-9.76985691308322,2.0802286286451
"KDM7A",0.994048626330045,-10.8120123389287,2.06365072012292
"JHDM1D-AS1",0.274269358596333,-15.7656882538374,3.20394227558802
"SLC37A3",1.09282025576075,-9.94296142074824,1.84220687957175
"MKRN1",1.91431003665643,-9.37376065047535,2.36403730876696
"ADCK2",0.851086261845696,-13.1121191233118,2.74680309693385
"NDUFB2",2.62386184847252,-8.56630448703482,2.32077438805993
"NDUFB2-AS1",0.0303721026261435,-9.56284910735467,1.2594690317664
"BRAF",0.669312552391838,-12.6239493305996,2.60926710378597
"MRPS33",0.164465569149741,-10.0024198250679,2.39382338278408
"AGK",0.489098947897851,-9.97454446887775,1.88204503728643
"RP5-894A10.2",0.201875658671501,-8.71653315550224,0.984820149000873
"KIAA1147",0.071042012492428,-5.55441493249543,0.295146582838359
"SSBP1",0.607232381167238,-9.26550385907194,2.42399850331791
"EPHB6",0.370367675114017,-7.81114233788097,1.1678450335703
"GSTK1",3.1567529703325,-8.96858260530137,2.65397472706823
"CASP2",0.637617151397685,-7.00674546234585,0.803198519487449
"CLCN1",0.172997038844629,-15.9626219336856,3.0598691922331
"AC093673.5",0.441243617429019,-11.4614361830151,2.40377552888677
"ZYX",0.578552494581219,-13.7406727695216,3.56699530027359
"EPHA1",0.40849112901809,-14.8734472577035,2.99774980833082
"EPHA1-AS1",0.692029765744421,-10.7742242460771,1.96282217461104
"FAM115C",0.455408149085251,-9.95530324036857,1.58036360081803
"FAM115A",0.483880253813585,-7.02938002092102,0.724330673012315
"OR2A1-AS1",0.360576655756447,-4.06349763159551,-0.252802489677049
"TPK1",0.978214794670434,-8.65930707184889,1.5025314701591
"CNTNAP2",0.206841482034462,1.65226058604741,-2.17213461984762
"RP5-1136G13.2",0.288260273544499,-15.167328098202,2.99955224532516
"CUL1",1.67091427922071,-11.3508041747409,2.44698010009986
"EZH2",0.36546577538612,-25.5793671015266,6.265937082205
"PDIA4",0.767527447707557,-12.8819724050378,3.08695535219301
"ZNF786",0.872233699110253,-3.2140979760952,-0.244963204508328
"ZNF398",0.130047594340086,-13.4386364580667,2.66358589642479
"ZNF282",0.215141515186028,-12.0428074285274,1.9909986607098
"ZNF212",0.043743511634287,-4.99338152162778,0.127253905656873
"ZNF783",0.611674149341244,-6.43975194985366,0.617373934165723
"ZNF746",0.257677789302338,-14.77672685868,2.98149442699755
"KRBA1",0.269885179733992,-4.22422318813367,-0.290989252889693
"ZNF467",0.0969298956377688,-13.8292800910398,3.16913483906788
"ZNF862",0.315067663058917,-9.63627432607172,1.36058171792068
"ATP6V0E2-AS1",0.0921759424550268,-10.308530778256,1.19732498026649
"ATP6V0E2",0.255442617742208,-8.54312288858543,1.87390251231678
"ACTR3C",0.0941437892748642,-13.4058034156025,2.11067770444503
"LRRC61",0.271021825879663,-13.539239784697,2.70191708646117
"ZBED6CL",0.29916817177162,-8.6255468656398,1.06118760839961
"REPIN1",1.61285615294372,-10.3973452572218,2.24480574495844
"ZNF775",0.379102060543884,-6.86794377402274,1.20291794463717
"LINC00996",0.00871345981996952,-14.3634014522235,2.4897697045514
"GIMAP8",1.03301190360012,-12.7821463456615,2.76045835206137
"GIMAP7",0.998526445819267,-4.8062134746614,1.46269473662088
"GIMAP4",1.03361946461934,-8.0962039113401,2.33652354082545
"GIMAP6",1.3429585542634,-7.10934865003625,1.45619926716365
"GIMAP2",0.585704850650652,-8.92657399596327,2.24294177161068
"GIMAP1",1.30925066062183,-7.93821867712938,2.12127896515299
"GIMAP5",0.419793309049942,-5.5142225017632,1.41674147676776
"TMEM176B",0.147379277866636,-17.2983774653211,4.39945149558217
"TMEM176A",0.116745042813135,-15.765401796769,3.61575098395814
"NOS3",0.00873492739439712,-16.3838364434013,3.18218154527138
"ATG9B",0.808607407985755,-9.80369940787384,1.69744265694827
"ABCB8",1.08043240529899,-8.91787809186425,1.52097586125547
"CDK5",0.248113009253444,-10.3060086986693,2.00714931767699
"SLC4A2",0.627398141142321,-11.9712304881877,2.37660418277759
"FASTK",0.507833913594173,-10.2078182892313,2.29176580161975
"TMUB1",2.29711155693159,-10.7667156976799,2.49841112186098
"AGAP3",0.254238231362994,-15.4268535633727,3.05837557753588
"ABCF2",0.976325635112968,-10.2932247317414,2.05820484453462
"CHPF2",0.0319270836637411,-2.76456801008815,-0.194487784244973
"SMARCD3",0.0375691637836872,-5.66133236430618,0.694696160916441
"NUB1",2.29371524451734,-7.85616853557925,1.65799773725405
"WDR86",0.115470970323323,-11.2416653215931,1.92320669006181
"RHEB",1.29494623364347,-12.9145252234389,3.27482150421115
"PRKAG2",0.772429144265695,-11.4927237143211,2.53657946514804
"PRKAG2-AS1",0.462202180606092,-10.6446489301301,2.1485983526145
"GALNT11",0.930217315884544,-10.1700078834165,2.08629489019467
"KMT2C",0.961392042870228,-10.8772588363614,2.4065379909411
"LINC01003",0.14811717189782,-10.4973526310873,2.29359624121131
"ACTR3B",0.147873223618887,-5.88753696866944,0.383834019315957
"PAXIP1-AS2",0.418184382898193,-13.1783772591,2.4911028500962
"PAXIP1",0.0857774735614557,-17.2336651824839,3.54569461412834
"RP11-5C23.1",0.199560249266058,0.506728692694352,-1.79399570071647
"PAXIP1-AS1",0.0802935623791205,-6.52931458122072,1.0540167025562
"AC144652.1",0.0728517604333445,-17.4192117663943,3.69641322391336
"INSIG1",0.516335525605662,-15.2910434548372,3.76273000535589
"AC009403.2",0.192441616300003,-12.4662182881973,2.42966729694603
"RBM33",0.930063208897505,-11.668383532255,2.61297092561009
"C7orf13",0.221490108076235,-17.871801843043,3.76598537893007
"LMBR1",0.973211103483498,-11.1292526954886,2.21702288217258
"NOM1",0.300235646256003,-13.6231069680632,2.91934872927059
"UBE3C",0.982893052795458,-9.85138124273988,1.78114049125336
"DNAJB6",2.66917636705278,-8.97133580098307,2.19817103139464
"PTPRN2",0.0998799158222917,-9.24082771896667,1.74864748373198
"AC011899.9",0.0793020929898542,-20.3768334711376,4.61677299761602
"RP11-452C13.1",0.0472188450779215,-17.7513407498494,3.37765247582688
"NCAPG2",0.0889549747280765,-17.3362385134372,3.59397273099079
"ESYT2",0.93188888757481,-9.74376532090222,1.89670610663432
"WDR60",0.180316726817684,-14.1676980856784,3.05406574092411
"PLCXD1",0.25315252336239,-18.5707949149445,4.22682910283451
"GTPBP6",0.233490738570029,-10.7502922063168,2.47168476694337
"LINC00685",0.296227860382676,-4.20670703163201,0.0712116054800594
"PPP2R3B",0.159022068426474,-21.9277933858049,4.71209131027123
"CSF2RA",0.317511481749097,-18.0571366967635,4.32816486992616
"IL3RA",0.0620993498207969,-19.1727953044914,4.18671631220097
"SLC25A6",4.49917471438507,-9.32018781600824,3.03177951185916
"ASMTL",1.88118742632671,-8.88265117393067,1.75624291719215
"P2RY8",2.5466318438186,-6.09346876970418,1.11453910011314
"AKAP17A",1.64304261602692,-13.5534846718067,3.16176725662523
"DHRSX",0.821811777370316,-11.5739955183901,2.410971207208
"ZBED1",1.63812957686255,-9.27281283842809,1.79066475397259
"CD99",1.45075948049871,-5.64553680265653,1.64561427663643
"ARSD",0.0211195911174765,-27.4741902041838,6.88257633874699
"PRKX",1.33743927493002,-8.7655659645297,1.69021647225794
"RP11-706O15.1",0.00777108582677645,-14.8193609123414,3.3009624705839
"HDHD1",0.427680168188667,-18.960162620105,4.32436841848821
"STS",0.0800917102209157,-19.9530002272166,4.01274453050787
"PNPLA4",0.56546290416819,-13.6763964277235,2.9208854027155
"TBL1X",0.584199992606552,-11.5208058321281,2.25025128384751
"WWC3",0.232256672824822,-6.74014080617439,0.796808607385837
"HCCS",0.104062003964604,-13.0346208526512,2.98203617992356
"ARHGAP6",0.00323293509568429,-0.159702860968803,-1.75500042724104
"MSL3",1.59120491677912,-8.54122389112238,1.83185545953865
"PRPS2",0.0879336944309691,-6.4093651025699,1.08153635094507
"TLR7",0.183204996221382,-15.3607450734698,3.17352220140857
"TLR8",0.232209492859511,-18.9250568725597,4.20172944245393
"TMSB4X",6.25788085644408,-4.24006294451651,2.39045371704421
"TCEANC",0.346402180583768,-14.9429346831681,2.95001295116793
"RAB9A",0.179520695052949,-5.61231811782048,0.996249750792587
"TRAPPC2",0.409092794067577,-9.30583360187047,1.71282232816594
"OFD1",1.18050733316434,-5.15382883169585,0.865347610014897
"GPM6B",0.358789958327862,-3.21901563667754,-0.50710717789288
"GEMIN8",0.856312602399602,-13.5348052930062,2.89816033563811
"FANCB",0.268016339410929,-6.8911576616727,0.507973044658027
"MOSPD2",0.789267352932557,-6.40370022715005,0.68344255925792
"ASB9",0.101072783937583,-16.5121416762441,3.0181246941359
"PIGA",0.565062056080095,-14.0012740988391,2.87768481757374
"TMEM27",0.110914536140413,-11.2223928704488,1.52154567638057
"CA5B",1.04724466762698,-6.27057130542366,0.853436494679497
"ZRSR2",1.6430783784634,-9.21749884254415,2.00119351771268
"AP1S2",0.555036829782323,-14.2278388582557,4.05105206029453
"CTPS2",0.0247695188845104,-14.8458735366097,2.76257923283634
"SYAP1",1.19434318871204,-11.1917085060075,2.49850854499338
"TXLNG",0.84862160757068,-9.33146813938046,1.72037696344665
"RBBP7",1.05275692526194,-8.62985047857608,2.01963027938169
"REPS2",0.0100179332852221,-28.9430398115679,6.94369245127324
"SCML1",0.896867402413295,-12.199652684248,2.45448185475551
"CDKL5",0.0894774437493508,-7.24044119641169,0.284160773694272
"PHKA2",0.632475921212966,-17.1584925088485,3.8070059551179
"PDHA1",1.44321509243661,-10.4557573384633,2.33309797531072
"SH3KBP1",0.346278726662065,-6.44847276426692,1.4697270540915
"CXorf23",0.169124244696559,-22.9871955988017,5.04645329403749
"EIF1AX",3.22749495979965,-11.6271377007911,2.81487096392714
"RPS6KA3",1.14073098599083,-11.9878326182238,2.60051234198777
"CNKSR2",0.0899566161285122,-7.68437171413253,0.416817915494741
"MBTPS2",0.559255239981048,-13.8869465400266,2.77551456474173
"SMS",0.881822543057261,-12.7972118172608,3.30784482078043
"PRDX4",0.269136723222139,-18.163518112795,4.69678441707619
"ACOT9",1.02382626184512,-13.752839644203,3.20453828198708
"SAT1",0.529054131427561,-11.874270923407,3.7895771578022
"APOO",0.621718041238891,-15.803244469868,3.53294208709166
"KLHL15",0.155948409205114,-22.5622884468132,5.08907103172648
"EIF2S3",1.02543651702697,-9.36128020717436,2.38148282172791
"ZFX",0.0415782046814858,-10.0889741350206,1.840577110977
"PDK3",0.912436272862776,-12.0435052375198,2.47190040625076
"POLA1",5.60266014311793e-05,-24.5306814488132,5.41156994395626
"CXorf21",0.505600463250376,-16.3127305342204,3.59053371960407
"GK",0.421748720325821,-12.2477681180345,2.4086461454625
"TAB3",0.350015841775432,-16.6645226813832,3.50473697902834
"CYBB",0.509363577457385,-13.93544859118,3.52121797790234
"DYNLT3",0.892094304484553,-7.53106395624772,1.55668771908825
"RPGR",0.505242758288395,-10.0378281942266,1.65659586424787
"MID1IP1",0.36840234506808,-9.9945935005759,2.42509134201434
"BCOR",0.565299157828514,-11.9232771261482,2.22934725440056
"ATP6AP2",5.89869573735302,-10.4229402806425,2.73218805343471
"CXorf38",0.645258301275341,-11.1654472543187,2.17750228001975
"MED14",0.573139193540338,-8.29365209121458,1.1503331700207
"MED14-AS1",0.204830185425555,-13.5924159422587,2.67973415077999
"USP9X",0.563752012853964,-14.7685227805585,3.35724692095931
"DDX3X",0.960317211580088,-11.4635887375442,2.72840111088487
"CASK",0.265850601134844,-11.5591878943509,1.90985929056509
"GPR34",0.0626386418192911,-17.3544858118851,3.43291751219234
"GPR82",0.337080014636678,-7.24062821385139,1.05273904225431
"EFHC2",0.154937507220753,-12.0466950557454,1.88401483625955
"FUNDC1",1.15843617071899,-7.76195917914835,1.30882962026293
"KDM6A",0.54015708211662,-5.64619770831945,0.343205772002777
"RP6-99M1.2",0.161118042979817,-8.30819428643887,0.777958668624152
"KRBOX4",0.0660372641758049,-9.42369778204576,1.87924838099907
"ZNF674-AS1",0.0821470056061289,-19.2452493679278,4.16088838649345
"CHST7",0.346139274936415,-18.942010233562,4.41542073832994
"SLC9A7",0.0383333326704895,-25.7908279993839,5.80300589857205
"RP2",0.887706047394961,-13.6423522245836,2.96718881554691
"NDUFB11",2.2753562020401,-9.3139308078128,2.59466586959986
"RBM10",0.811430559395257,-8.0915843786461,1.46126810564968
"UBA1",1.55890002924027,-11.8405596190431,2.68459105650722
"CDK16",0.0954186765835254,-12.2966260853303,2.64786393141721
"USP11",0.551803976899102,-5.93030049285434,0.836125984057066
"ZNF41",0.193511421646485,-14.1270733783743,2.57821859277258
"CXorf24",0.126411949782239,-11.6865079661476,2.15991056129751
"ARAF",0.880339269844054,-11.7021245947733,2.69307266249279
"TIMP1",0.525429642426746,-15.1158827436377,4.3688030184075
"CFP",0.34830496383351,-15.9516887732567,4.4451344137216
"ELK1",0.628067891565898,-15.6402425355914,3.51772261917903
"UXT",1.45059701683214,-6.96265991513816,1.91623627578611
"ZNF81",0.252650766595225,-10.7138356340084,1.6609037292943
"ZNF182",0.207170926536247,-19.5800510993166,4.34340006108017
"ZNF630",0.010802195087515,-11.2159251165508,1.60455009570753
"SLC38A5",1.01062730641146,-9.50502563359915,1.67386337282081
"FTSJ1",1.81174316269498,-8.39219680561382,1.55785255178684
"PORCN",0.0993598673084015,-11.4086246844332,2.0503640242906
"EBP",1.49633655565819,-10.202782860819,2.40685268881501
"TBC1D25",1.00680654776708,-8.59017604526885,1.4089989860224
"AC115618.1",0.0707306793688825,-14.2829996197659,2.74205471355973
"RBM3",1.64699197872241,-8.4231953144122,2.58540295720557
"WDR13",0.969710498767795,-12.2570153955485,2.86338027130319
"WAS",5.32840617960704,-10.1480701511021,2.59989820919658
"SUV39H1",0.435126372519762,-17.2173109771913,3.66440799030165
"HDAC6",0.400423001803876,-12.7277870341429,2.53541033322299
"PCSK1N",0.317476366560937,-9.90550415746983,1.97399263785461
"TIMM17B",1.43304978303281,-12.0009284963116,2.94005023801656
"PQBP1",0.470142452448595,-5.59815937977894,1.19493282289375
"SLC35A2",0.0629539886482062,-12.5614897158501,2.76788511586247
"PIM2",1.02669272813739,-6.69020905068523,1.47842443505514
"OTUD5",0.350911386936612,-11.3535947629113,2.48355878513728
"GRIPAP1",1.49994135762144,-9.48691357014569,1.86469604470197
"TFE3",0.456305824132945,-14.8262931851961,3.15346970849506
"CCDC120",0.210147137960748,-12.0776577479039,1.95213857741273
"PRAF2",0.175724957396849,-5.51451696567157,0.854130177837759
"WDR45",0.226177490542913,-8.76811246572415,1.92225237413376
"GPKOW",0.0436276190531036,-1.97504707045979,-0.202267176446114
"MAGIX",0.172352764163194,-16.7313140335528,3.25241195868286
"PLP2",1.10341150413962,-8.96496862065438,2.46587614549816
"PRICKLE3",0.180769499624784,-13.0923008877916,2.50178106908921
"SYP",0.0528267390315278,2.49440672266344,-2.6752316607626
"CCDC22",0.159429615502085,-15.4593951059479,3.72396498134481
"FOXP3",0.20174561228814,-14.5019444566407,2.66226313382183
"PPP1R3F",0.389345022831069,-13.1369890879616,2.45239788708018
"RP11-348F1.2",0.169609267151515,-13.5919216549495,2.33756931517893
"NUDT11",0.0246649642407548,-14.1279124553424,2.66245616609224
"GSPT2",0.482036684661588,-14.1024235976797,2.83830044394142
"MAGED1",0.703310376505064,-14.9022134838497,3.18217620051068
"TSPYL2",0.311830500090612,-8.3233471296727,1.60796869606878
"RP11-258C19.7",0.150554445934748,-14.9327433940641,2.72939810615023
"KDM5C",0.252978562396534,-13.25028058788,2.70154453628457
"IQSEC2",0.320246483384077,-14.1087279593461,2.78701559093318
"SMC1A",0.546093565386825,-14.7531827170535,3.36512958098417
"HSD17B10",3.19413478907946,-10.7323819196905,2.73923844094915
"HUWE1",1.47220705359165,-13.1481263934953,2.94912595833189
"PHF8",0.532512746680982,-10.5633934075376,1.9461586512544
"FAM120C",0.047934525439614,-7.02781392307647,0.745134221745388
"TSR2",3.93308932910017,-6.75233386106979,1.34659887639018
"GNL3L",0.921590261757518,-7.64781416155293,1.10280026336434
"MAGED2",1.1748260364319,-9.91819676456272,2.31563605431425
"APEX2",0.429602023755225,-14.100468130959,3.05359129164658
"FAM104B",0.863541801125899,-10.7012336424928,2.13788673363563
"MAGEH1",0.0988141951611967,-9.01224499674101,1.9137379078309
"USP51",0.0101561400427207,-3.26633087346528,-0.769527176891117
"RRAGB",0.452995002178943,-7.1039853508019,0.89844787306514
"RP13-188A5.1",0.0563113891812255,-1.39704641990194,-0.925334036489467
"KLF8",0.102555593646557,-6.09653009822817,0.398365857255356
"UBQLN2",1.65996931089967,-7.4998204934344,1.4346998938013
"SPIN3",0.161572698635055,-5.13438668389872,-0.170926558854656
"SPIN2B",0.558912036962276,-4.34549582693952,0.190001714914675
"FAAH2",0.174890251236118,-12.7979104681879,2.42672503087454
"ZXDB",0.451446981787038,-6.08922100686633,0.421084260900561
"ZXDA",0.060862244127751,-8.53445381445166,1.05111987582189
"SPIN4",0.213463558001071,-11.287249057313,1.74512188985048
"ARHGEF9",0.262853652036828,-10.4836145863338,1.8151633084786
"MTMR8",0.107372170174916,-6.78770082503021,0.20326367528884
"ZC4H2",0.348654859318177,-11.4538048730093,2.13302671212353
"LAS1L",0.305719341601854,-11.4829904361453,2.49499296010208
"MSN",3.00117963443688,-10.4437032317399,2.79396763183011
"VSIG4",0.00579610947529564,-21.8133296932791,4.6414489472056
"YIPF6",1.4624325935127,-9.7895533259398,1.8735624820692
"STARD8",0.136719843203415,-12.4000056753981,1.98790504908979
"EFNB1",0.0672718652193869,-16.8446071357056,3.54394171056643
"PJA1",0.0212285031127099,-11.6280312349959,2.47615866095603
"EDA",0.0164361761032462,-6.79862065857192,0.359285564965951
"IGBP1",2.69083030004925,-8.63686015583531,2.26856159982308
"PDZD11",0.65247503482451,-9.13999299945871,1.92764931685777
"DLG3",0.108528280723876,-8.98477694299092,0.858588021782475
"SNX12",0.958651317193981,-10.8233341015364,2.1514176120219
"FOXO4",0.0957962112327077,-12.4492072959642,2.25102271305944
"CXorf65",0.110868961596139,-10.2786122491415,1.74599517018312
"IL2RG",2.28659365834006,-5.16640997099083,1.41468523897692
"MED12",0.488894993630674,-7.87310044765817,1.13962079051203
"RP5-1091N2.9",0.202614441974774,-12.9418718525317,2.63693827415525
"ZMYM3",0.527071148534011,-13.9854095388642,2.83197827730342
"NONO",0.760510266767492,-9.39052055851808,2.31476740857447
"TAF1",0.0762760850543169,-13.9771500475169,2.93865946214705
"OGT",1.43661135714151,-8.98886855310413,1.80412232147403
"ACRC",0.143202058019781,-8.79892863174475,0.888855957527397
"CXCR3",0.156925466467159,-13.0549945396338,3.01696474448532
"RGAG4",0.147524029536759,-22.0736422484424,4.71559817738215
"PIN4",2.01932405834812,-7.89733863674134,1.68775903624971
"RPS4X",5.66439431510375,-4.59643401355077,2.14133907077124
"HDAC8",0.461559663605546,-16.7136429959949,3.74882082302185
"NAP1L6",0.22632904294612,-8.73272607224583,1.01338783321093
"NAP1L2",0.168785773996451,-14.1478845284933,2.50023512372454
"CHIC1",0.404683299090046,-9.15395107456412,1.29416103602357
"JPX",2.16392971866716,-10.5724748936691,2.26929606231786
"FTX",1.22144711196442,-5.08908786678846,0.416809213604239
"RLIM",1.03553109114309,-13.780255255077,2.95583598273226
"ABCB7",0.605115609424333,-12.7841967200559,2.76775786083384
"UPRT",1.0728688345665,-13.6030481410682,2.95179746542368
"PBDC1",0.654308018372002,-10.6367072438619,2.42746971772558
"MAGEE1",0.0569326267813368,-12.0762380825089,2.07962112780495
"ATRX",2.22060906059078,-8.04190007200667,1.73633826813068
"MAGT1",0.94152415031579,-10.7988681515224,2.23903396565986
"COX7B",0.588158327936462,-12.9429432052146,3.25266033230192
"ATP7A",0.231579736012665,-17.3942108197827,3.55073563989768
"PGK1",2.09958421281623,-11.4921127976874,3.31326032853832
"TAF9B",0.317848569225237,-11.3350834217608,2.17278530215139
"CYSLTR1",0.724296631405065,-16.2413451534705,3.83421182671749
"P2RY10",0.125653306917325,-5.1115747513428,0.661888417942409
"GPR174",0.227095631830381,-13.1974215649953,2.30628439406065
"ITM2A",0.308812017790696,-6.82038957798821,1.49658618716998
"BRWD3",0.125237851690966,-12.7662769029696,2.37054391457454
"HMGN5",0.347167836651245,-9.64090294983433,1.42442880616472
"SH3BGRL",1.47434064756531,-10.2547911242528,2.93772459171028
"HDX",0.257918991872135,-15.8541503051208,3.1260967138196
"APOOL",0.00837545218279574,-14.8023473797994,2.7220968734168
"CHM",0.261117600212074,-15.6041949985809,3.09228504198622
"NAP1L3",0.155147354481691,-15.0705228500826,2.73522935593468
"DIAPH2",0.346633758081998,-16.6806899574859,3.72778542848732
"RPA4",0.0750737573421806,-11.1744446612027,1.45352633435564
"CSTF2",0.258103081774308,-20.6351311065086,4.6048532537081
"TRMT2B",0.68758203507181,-7.79912438927755,1.17486820882438
"TIMM8A",0.414310298802402,-10.4357215393627,1.86326289256392
"BTK",0.214289776954231,-14.0560808575357,3.49504841341673
"RPL36A",6.82701878734926,-6.1849405465997,2.20967460552298
"GLA",0.436221707622136,-16.7209387550499,3.9176776274466
"HNRNPH2",1.47744272881869,-11.0823370321345,2.63100970452702
"ARMCX4",0.161465776057692,-8.07438568740516,0.708371722345644
"ARMCX1",0.0621459893185539,-13.1005317803651,2.37990327739606
"ARMCX6",0.215779110323628,-9.1142722588175,1.10283615316729
"ARMCX3",0.420538618211821,-8.80870791042382,1.78530534371113
"ARMCX2",0.0704235577545517,-10.7542914376476,1.72348695347384
"ZMAT1",0.722670561297801,-5.47539572304565,0.378128678408011
"BEX5",0.321019777837132,-7.84920775335646,1.22861258637789
"ARMCX5",0.0128209665655509,-11.5457849261062,2.30352822096309
"GPRASP1",0.144520426779753,-8.28713378358292,0.736641507328496
"BEX1",0.140116617820305,-15.8083300277865,2.95012871359061
"BEX4",0.347605584957854,-7.98338922981087,1.79203439693106
"TCEAL8",0.484094448053827,-4.03005499806867,0.636848873508983
"BEX2",0.458839053447965,-6.75654581784071,1.39401519853996
"WBP5",0.0466154770383461,-18.0930342765394,3.82972547493554
"NGFRAP1",0.237390356098158,-13.9056372068502,3.47630576425175
"TCEAL4",0.110875872867811,-8.46639368238775,1.70692810965176
"TCEAL3",0.439030564996777,-10.1989386127676,2.01113300573498
"TCEAL1",0.181073137992016,-11.7807773752418,2.50023993580623
"MORF4L2",0.375513568634032,-8.76061330478717,1.96783137443838
"MORF4L2-AS1",0.106639772173971,-9.24974828632917,0.937325801501619
"TMSB15B",0.251497208223921,-6.01319126658131,0.225045338754793
"SLC25A53",0.673727160725416,-12.5502655369896,2.45425225157496
"ZCCHC18",0.0833226471812728,-5.27757996672804,0.126210490536314
"FAM199X",0.371089571170667,-9.86346378691881,1.68033944060243
"CXorf57",0.147764223385127,-17.7282757094856,3.59898172065943
"MORC4",0.0213242605656005,-11.8499369266789,1.88516592155645
"RBM41",0.257381939854474,-6.08479225709217,0.614358306591989
"PRPS1",1.12243929716632,-7.85991181582083,1.64710785706245
"TSC22D3",2.42558094703213,-4.69255271210095,1.59040494246191
"MID2",0.125395593804779,-3.0797500952978,-0.866390208492585
"VSIG1",0.266256651351377,-11.6923097088877,2.17037011309656
"PSMD10",0.530584206202773,-11.746306619432,2.4140342059188
"ATG4A",0.888474832677769,-10.1235433253946,1.9174689865691
"NXT2",0.0262712312799784,-10.6395917046587,2.2594236302798
"ACSL4",0.519576078147498,-12.6812422326568,2.5483921621689
"TMEM164",0.148305145360525,-21.8279942437229,5.07741861100893
"AMMECR1",1.01576644512888,-11.2151015364118,2.16609174258854
"GNG5P2",0.0884161329500518,-9.56135754180135,0.975721594379276
"PAK3",0.00532591258393719,-3.61729290911994,-0.750391647649237
"ALG13",0.235079994210337,-9.31595695191148,2.01279529990856
"RP1-241P17.4",3.99769853431862,-10.03052383879,2.36580874984061
"WDR44",0.298760986559616,-9.5113533006171,1.37170138782727
"DOCK11",0.77411046588716,-10.256042049524,2.05346788556098
"IL13RA1",0.104663232240709,-19.9485843841089,4.73158694031702
"LONRF3",0.0117079928686304,-15.2964479150209,2.80108706196645
"PGRMC1",0.138531807860733,-6.92311006781694,1.16857829138004
"SLC25A43",0.14394324874795,-13.3268684338536,2.55886955456756
"SLC25A5",1.64462520816496,-12.9802500342401,3.8197387946741
"CXorf56",0.901081493867051,-8.8252260702394,1.4455977255153
"UBE2A",1.53223599996913,-13.6131592538161,3.43490522127587
"NKRF",0.621652732715886,-8.96357094031807,1.37520089391616
"SEPT6",1.27658749360675,-7.18130726037475,1.72181377032663
"SOWAHD",0.522248090956441,-15.7344451630098,3.31244206737371
"RPL39",0.74762779440819,-9.4500953635609,2.54480666740098
"UPF3B",0.410825224722519,-7.77863632442746,1.56822313159645
"RNF113A",0.293604534926698,-10.6737823690114,2.62226984048456
"NDUFA1",7.13377143927651,-9.57367802944634,2.57912690226592
"NKAP",0.135631239326672,-13.5534163317047,3.29599011141955
"ZBTB33",0.282243968353362,-15.6854720197381,3.27825402967431
"LAMP2",0.326131574516376,-13.7491388371696,3.2579491003833
"CUL4B",0.0243927773046524,-16.4486456782958,3.75956838531514
"MCTS1",1.22140469715973,-11.5224512741646,2.74455125697249
"C1GALT1C1",0.0613286490124265,-11.9903096981307,2.52933193686227
"THOC2",3.4719683959426,-8.45168679562119,1.78859561578629
"XIAP",0.559925072710814,-9.32736995905264,1.86503114081017
"RP1-315G1.3",0.141748603005853,-3.6747926892177,-0.646082028435001
"STAG2",0.814962254088576,-11.9750910317805,2.60464903531149
"SH2D1A",0.237419243170024,-1.13961209401389,-0.278309549351113
"TENM1",0.21303028084669,-11.0157247033099,1.68869140314959
"OCRL",0.0987309660146373,-18.9172128733572,3.76712592071385
"SASH3",2.35007898104096,-9.20437693367763,2.13519494181265
"ZDHHC9",0.220118952497388,-9.61618018033352,1.27525756749016
"UTP14A",0.844568232323042,-13.6569512363023,2.95939707916787
"BCORL1",0.280667585812123,-23.2964469727286,5.23799538622366
"ELF4",0.714138403586091,-14.989287002193,3.38785171072526
"AIFM1",0.837866482146186,-17.0066544258035,3.94804930642081
"RAB33A",0.639846069956553,-13.0431851363733,2.79274124005837
"ZNF280C",0.238147076434691,-11.3401490483294,1.80610425956039
"SLC25A14",0.0241902918824593,-10.5880810723522,2.02727434763797
"RBMX2",1.48712028100806,-10.6310108692337,2.40248652608379
"ENOX2",0.144959251997295,-9.93407212294064,1.67817159041466
"MST4",0.995394095807169,-11.071285655924,2.34803155027032
"RAP2C",0.917899815512312,-15.5325240601276,3.58749543309772
"RAP2C-AS1",0.106747234842411,-4.13381982005415,-0.594348349250898
"MBNL3",0.414564634082433,-15.9306911314777,3.3046479755983
"PHF6",0.414067824468887,-9.95411995859096,1.85454738638726
"HPRT1",0.355067095581206,-12.4306343066359,3.05908746517093
"FAM122B",1.28951974737552,-9.14298988692945,1.77143767605899
"FAM122C",0.286467057500055,-7.13654696539947,0.84179934651734
"MOSPD1",0.610994831215588,-5.76019116664902,0.547129800761028
"SMIM10",0.111748815931976,-12.0819901426493,1.77504893683466
"FAM127A",0.325196240514089,-11.02951460019,2.39500457508089
"FAM127B",0.60375859993317,-11.4590289729212,2.37732510006805
"ZNF75D",0.414927914052267,-11.0099994183493,1.8550532539059
"DDX26B",0.315828170889226,-19.1175737368137,4.3471044403322
"MMGT1",0.926466600830891,-13.9249803584434,3.07201450140142
"SLC9A6",0.423910166612959,-14.6877176996959,2.91840874063384
"FHL1",0.0443780461042801,-1.11865835567221,-0.587891354856962
"MAP7D3",0.220771017086353,-13.5267409857034,2.88671476450203
"HTATSF1",2.70652028650908,-9.39718119433134,2.09831642331775
"CD40LG",0.393132707727971,-7.16950586444616,1.51777654590984
"ARHGEF6",2.14049408727361,-11.4745350439272,2.52720515421844
"RP11-1114A5.4",0.139612715376039,-11.9544134875402,1.82219355043624
"RBMX",1.4240434368781,-8.12558016638214,2.15263138926631
"ATP11C",0.386514663524883,-9.3109187195893,1.3537566915436
"LDOC1",0.949245299991556,-7.2277512778676,0.978156186641512
"FMR1",0.219850981738436,-10.6439454204287,1.83516866229597
"IDS",1.02600970674508,-7.32995982387779,1.84120866615642
"LINC00893",0.144386882625636,-9.65468872984308,1.14284655371429
"CXorf40A",1.00325808745913,-11.5797824761895,2.36131385820317
"TMEM185A",0.625407234370524,-15.4797578343289,3.32200198624878
"CXorf40B",0.832134014392743,-11.4560601430932,2.48012991958112
"LINC00894",0.12946997493558,-13.9965547657299,2.38245555709348
"MTM1",0.281668957721997,-10.4394683046708,1.89745793352089
"MTMR1",0.301507861116229,-13.7667557940016,2.75003550459834
"CD99L2",0.657620762916017,-14.7909627509176,3.11486379044443
"HMGB3",0.157338321572153,-23.6585565186003,5.63457295925729
"VMA21",1.00192645320517,-13.5946790615268,3.32367414640254
"CETN2",2.08112554734482,-9.01825461865374,1.8127744725113
"NSDHL",0.176254131581514,-9.7754394862033,1.71421260162546
"ZNF185",0.0349075299022177,-16.4110770846242,3.45555459641935
"PNMA5",0.0901237189981135,-16.1745694893626,3.21908663759426
"PNMA3",0.11628131166964,-12.6847243936079,1.95241224391909
"ZNF275",0.294596512352202,-13.5358952363966,2.48952772915782
"HAUS7",1.39804189794666,-15.4626327896475,3.53854634062826
"FAM58A",2.32380900375095,-9.96672973672192,2.16110459074169
"RP11-66N11.8",0.0681404240716758,-7.71428074818121,0.823557891533828
"BCAP31",6.11290938011069,-9.60903904292329,2.53077227701983
"ABCD1",0.381642000876742,-9.72412965315209,1.47590470376468
"IDH3G",0.62824062373068,-12.5889974056219,3.32982719578893
"SSR4",3.59098948405582,-7.70142306866294,2.26300881348813
"PDZD4",0.0141974220784656,-2.3685765109055,-0.763921453208655
"ARHGAP4",0.905801260219507,-11.3846518889474,2.79452160447059
"NAA10",2.35013142400957,-10.8052739814282,2.72349394093968
"RENBP",0.890866679823012,-11.8405377565953,2.56534968408148
"HCFC1",0.580691459016727,-14.3359974052773,3.27021885816895
"HCFC1-AS1",0.118448561313607,-20.0867104331682,4.1035059786241
"TMEM187",0.766152817357516,-10.9250478100475,2.11674764206031
"IRAK1",0.206271948650275,-16.3349733101456,3.72679623149261
"MECP2",1.62123554750447,-6.52807918344124,1.16870694583026
"TKTL1",0.071205595598763,-9.93303430432015,1.65293315937276
"FLNA",0.602120794413984,-9.3711988858863,2.41489320595117
"EMD",1.7305199988038,-9.67506511131905,2.19501231268053
"RPL10",10.2971810683055,-3.79535465146784,2.16087546707035
"DNASE1L1",0.484573745421895,-16.6926284900361,3.91578738228685
"TAZ",0.768705861667815,-8.15562107397238,1.59636008743178
"ATP6AP1",0.529661083701438,-12.1578536553809,2.90199729749503
"GDI1",2.19175300725461,-11.4093386857462,2.56040568092647
"FAM50A",1.53829519493853,-11.8079363895082,2.8603643273982
"PLXNA3",0.16381427770818,-12.8755525656093,2.12756423797729
"LAGE3",3.09200485356547,-9.60366134205683,2.22788660592117
"UBL4A",1.24615695084497,-10.2066626453382,2.20145522805141
"SLC10A3",1.04985869318903,-9.1886135529494,1.59592992174251
"FAM3A",0.353974623318392,-8.4886384892148,1.58887100573229
"G6PD",2.08988426568079,-9.53903581548744,2.10952273757641
"IKBKG",0.1854697215747,-11.591714901038,1.8091674786756
"GAB3",1.03379756753684,-10.0525162959264,1.85545561437032
"DKC1",2.13887383007529,-8.66441275401212,1.73736170893663
"MPP1",0.180295290859697,-17.87148512096,4.54817546767361
"F8",0.355696328646718,-14.7756973941834,2.91627533347637
"F8A1",3.36822016955839,-9.65255949506059,2.28538344330404
"FUNDC2",3.45487787162889,-10.8538011924373,2.68775406467119
"CMC4",0.216636852699423,-19.7003562054101,4.10899112384116
"BRCC3",0.713244059647762,-12.4174793438861,2.5811955468107
"VBP1",0.825261297268362,-11.9132993610867,2.91455010880094
"RAB39B",0.329272662886287,-14.421264391428,2.7823618134593
"CLIC2",0.158372664217866,-32.623740346037,7.88475738938723
"TMLHE",0.691157020955891,-12.4508980491323,2.56355197567531
"VAMP7",2.18174684330681,-10.0504727275946,2.18248100904208
"ZNF596",0.013875711467698,-12.6515216482659,2.06179551814578
"FBXO25",0.116628888897493,-5.83118502124661,0.861702121584988
"ERICH1",0.434363278299251,-9.71113561783905,2.29565097937938
"CLN8",0.288309262327889,-9.85280658133319,1.93496802956945
"CTD-2336O2.1",1.89254290633838,-7.89614006835248,1.44755484801773
"KBTBD11",0.481350846106079,-8.38258191192289,1.13711247958453
"MYOM2",0.011892738167943,-4.1894201889276,-0.136107852994189
"RP11-115C21.2",0.445649339701215,-9.95662204642263,1.81725063931634
"MCPH1",0.816780142865408,-9.98922118438288,1.85118686771458
"ANGPT2",0.0303995677178745,-9.90423362687329,1.36049160126796
"AGPAT5",0.683444186681849,-12.1028746701421,2.33091887503716
"SGK223",0.569624932355566,-13.328419125269,2.7308893544056
"CLDN23",0.0374833535263457,-20.4236019444498,4.24432183391975
"MFHAS1",0.413245279612809,-8.9597398573388,1.24982718393186
"ERI1",0.678750583004801,-11.8275451156831,2.2649108021062
"PPP1R3B",0.29319071096671,-9.31292899591822,1.26489997589024
"TNKS",0.318929143554959,-6.23043699149357,0.588138388383832
"MSRA",0.619137778620358,-12.4994509226246,2.89488705072421
"PINX1",0.898772386618079,-10.4789309923638,2.06168762970491
"XKR6",0.190506130764169,-16.8167607553243,3.30771986863721
"MTMR9",0.267893848141107,-7.96911900312899,1.34350922533213
"BLK",0.118689854218929,-3.19371315956186,0.137111467320714
"NEIL2",0.662075878438214,-9.23214926116679,1.65919939835775
"FDFT1",2.49096903950996,-10.905619811732,2.64725571722653
"RP11-297N6.4",0.016419087208982,-6.2387734508624,0.191859880500898
"CTSB",0.543974042222384,-13.8344842086923,3.72918527073584
"RP11-481A20.11",0.179680865222152,-5.47676320136651,-0.0364947084916278
"LONRF1",0.0408996196851599,-4.11299293327562,-0.209266061277929
"MICU3",0.174216801524836,-6.75744145774309,0.767721921557666
"ZDHHC2",0.405395547434916,-17.5133784185927,3.796012975742
"CNOT7",0.72553550327911,-9.7733979196985,2.30283468399625
"VPS37A",0.978072890643456,-11.041831546037,2.31022820570402
"MTUS1",0.108724751801475,-11.1577471255903,1.50245470458506
"PCM1",1.36668281523676,-8.66897964417081,1.75646042258276
"ASAH1",0.614940083551695,-13.2431754365865,3.63600288943419
"NAT1",0.486957134328902,-13.7803684898394,2.74444406805008
"CSGALNACT1",0.992726604054496,-7.94292997802142,1.28250406349078
"INTS10",2.90717895628628,-8.86908743674337,1.93181191060482
"ATP6V1B2",1.34573590976997,-12.6206575952433,3.01343683810272
"GFRA2",0.0384838186692378,-31.8984937109462,7.40795545592867
"DOK2",0.629848313437696,-9.44680870923726,2.49197719888511
"XPO7",0.523213801160511,-14.1301366751674,3.00079163231213
"DMTN",0.00585121285829816,-8.95395485496014,1.4466514207649
"FAM160B2",0.3560585846577,-14.6517601101402,2.96753194656804
"NUDT18",1.27805715603369,-9.10287538025783,1.63746338178637
"REEP4",0.641664131511005,-14.2098200694374,3.2497477282042
"BMP1",0.0896715360179465,-6.69513307554338,0.120959312620484
"POLR3D",0.7710949737021,-8.28841421213338,1.44816847331745
"SLC39A14",0.215283269646313,-6.01143769341902,0.178385454072861
"PPP3CC",0.6623921891759,-5.5101915823567,0.978476114040677
"RP11-582J16.4",0.0915519850432842,-1.05098201503597,-1.58544464214853
"SORBS3",1.24836575106822,-10.274315184251,2.02652424839312
"PDLIM2",1.90756994032823,-9.89726605372777,2.42611770629009
"C8orf58",0.480260031641591,-10.396120292861,1.72149095746499
"CCAR2",0.989567895205801,-10.2398883971156,2.10930744623885
"RP11-582J16.5",0.111923491642555,-17.4897112635008,3.47203714212035
"BIN3",1.06047538119118,-10.5183070382554,2.23902003297137
"RP11-875O11.1",0.161779335145212,-4.50877930445061,-0.359086873573762
"RHOBTB2",0.279765974054864,-9.98421328423053,1.44552393641221
"TNFRSF10B",1.10375994509802,-11.21145923719,2.21939735035055
"TNFRSF10D",0.257586447204009,-9.5953763359399,1.29103561085201
"TNFRSF10A",0.694498299510037,-6.77385262179024,0.870587514471227
"CHMP7",0.863912560758806,-10.2831868776855,2.27380069569907
"R3HCC1",0.785784950030795,-8.30474201392956,1.6313301402772
"ENTPD4",1.11889852913664,-7.94958222959997,1.31230144912417
"SLC25A37",0.73490314492672,-10.1260957876504,2.01221933282139
"ADAM28",0.143500886800973,-6.29643982184451,0.907416439196605
"DOCK5",0.246520330744871,-16.0324466229116,3.48198313662145
"KCTD9",0.118861353157195,-16.4475703091035,3.41566500136404
"PPP2R2A",1.74359521767257,-8.72995201234068,1.7726929118584
"BNIP3L",1.21135840422478,-8.55826816017976,2.05662649380765
"DPYSL2",0.449728070053777,-18.3783509555538,4.23834235525864
"TRIM35",0.640793516653492,-9.49700067802352,1.53282398117083
"PTK2B",2.11721131934156,-6.93850336517458,1.37611192249739
"EPHX2",1.16137894505368,-7.78633966810245,1.4593582556774
"CLU",0.0146719781372521,12.0050586124798,-4.63542909525139
"CCDC25",0.244424582320898,-12.9902061474571,3.13491986376476
"ELP3",0.791351447000971,-14.1409835001381,3.14891429887893
"PNOC",0.103144186704328,-5.03630434821227,0.564845878790387
"ZNF395",0.244878008688548,-6.206059449253,0.644218948086272
"FZD3",0.194852116198924,-1.69640286404626,-1.12239305773963
"EXTL3",0.270698204700434,-7.07639565140288,0.563221252718267
"INTS9",0.259716569718992,-9.26379767123849,1.45538070929177
"HMBOX1",0.109856605307587,-4.9179740493802,0.657192840766246
"KIF13B",0.504142444325318,-11.2370629836362,1.99996271367912
"DUSP4",0.0245584028439775,-14.4582768052092,2.75881759244756
"TMEM66",2.40503056591896,-6.04623795059947,1.96731628344505
"RP11-489E7.4",0.425420178718001,-10.365140285388,2.29031914186033
"LEPROTL1",1.06076553440384,-6.05976816746398,1.48314764853184
"RP11-51J9.5",0.744330322402692,-5.77874974084376,1.11899673270339
"DCTN6",2.13621365131574,-13.1019776230532,3.12942055713486
"GTF2E2",2.66805903157546,-11.1252993311884,2.5715443374867
"GSR",0.874802113276189,-9.09170129418731,1.66082296167069
"PPP2CB",0.341817049062388,-14.8289796429541,3.07738355206088
"WRN",0.433077532355799,-4.96516600844046,0.072616312791308
"NRG1",0.191293849980984,-8.99576127455666,1.66360076434197
"RP11-11N9.4",0.0568655844176754,-12.8215126342738,2.29819857956027
"FUT10",0.242596612447486,-10.1515773287337,1.45552149711625
"TTI2",0.683603444208796,-10.7151975525562,1.92367712717516
"MAK16",0.464150810040334,-17.473867112125,3.78462818658201
"ZNF703",0.17772332271924,-17.8011206183677,4.24907088358075
"ERLIN2",0.5773855790504,-9.7461250809875,1.59779903212101
"PROSC",2.88267476267343,-10.7635472126446,2.49859429783689
"BRF2",0.666823658363656,-12.2903607614022,2.48100801055653
"RAB11FIP1",0.884474018766959,-10.0791902472637,2.21252100194518
"EIF4EBP1",0.689164832076866,-14.3288272532934,3.66979115170204
"ASH2L",1.32934843912104,-11.7278344075661,2.54998237709852
"RP11-90P5.2",0.125611378481882,-5.59723560251363,-0.107390010049744
"LSM1",0.680203105476726,-7.99959320704004,1.88167387666409
"BAG4",0.0502582681674522,-4.66385694582736,0.0953855524172463
"DDHD2",1.22646517447678,-7.22099676007092,1.05577161920197
"PPAPDC1B",0.306847762249512,-4.22329796330753,0.560779708530795
"WHSC1L1",0.879354842848462,-6.0651718799151,1.28865164751546
"RP11-350N15.5",0.479371318616455,-9.55005347949746,1.47184740045687
"LETM2",0.255153130549999,-10.1664262484051,1.48029242343152
"FGFR1",0.18322793110387,-15.2584268162975,2.85501587973982
"TACC1",0.411403800231871,-11.1450655764038,2.56337495827068
"PLEKHA2",0.449059072156748,-3.33192550043791,-0.0414771986890683
"CTD-2544N14.3",0.0898584107527671,-2.24516004131334,-1.22165222615285
"TM2D2",1.0833022001796,-12.370147561253,2.75399819135276
"ADAM9",0.0936212050645299,-20.3389293328134,4.47393816875922
"IDO1",0.015312424737426,-34.4639233871084,8.41907886394375
"ZMAT4",0.00757260754072101,-3.1400268878628,-0.848142957876902
"GOLGA7",1.0155849212281,-7.74017019683091,1.78504393053264
"GINS4",0.217088510859479,-14.8682322502435,2.76909701603382
"AGPAT6",0.94371916132602,-8.86967880992786,1.64545201198107
"ANK1",0.0298343910476519,-8.04118950616016,0.807920135650533
"KAT6A",1.13946306495043,-8.81148276845305,1.76567390407865
"RP11-589C21.6",0.0520657886988924,-4.96139635499498,0.569523662226034
"RP11-589C21.5",0.191634937056875,-13.2267576956049,2.26146020530786
"AP3M2",0.0787113877122251,-7.36803244278211,1.27257080242568
"IKBKB",0.412728607135465,-10.3374373304758,2.16859961386729
"POLB",0.777562314747566,-14.4877790094695,3.06183394375061
"VDAC3",0.425304827316963,-5.93441468116861,1.32119052755333
"SLC20A2",0.0284599949474892,-21.7592351197028,5.22620782919929
"SMIM19",1.22447949755555,-7.43589826760835,1.54655531975998
"THAP1",1.58836689574459,-10.1226929484902,2.08708626857305
"RNF170",0.418976306069319,-8.37587104524706,1.40212555073157
"HOOK3",0.725803263062932,-12.10930107663,2.72452185716478
"FNTA",0.558174639085643,-7.92877251031374,1.87489027934222
"POMK",0.143570869164903,-18.4082965145662,3.66481241849194
"HGSNAT",1.54594329597955,-9.46878406614796,1.91790524812494
"SPIDR",1.15238993931719,-7.09848119389504,1.00602463978611
"CEBPD",0.31637266078297,-9.94046671115016,2.69076038051098
"PRKDC",0.645063868373001,-10.697842920339,2.26747675069045
"MCM4",0.102438211630037,-25.9098484674334,6.14287694496056
"UBE2V2",3.81902002037975,-8.77927990540283,1.95434629851479
"PCMTD1",0.526419831857204,-8.44457184390812,1.67072875565225
"AC090186.1",0.089704281426948,-6.60907053136962,0.095176849227416
"RP11-110G21.1",0.524153893854624,-4.58121614079602,0.014246526516926
"RB1CC1",0.884930212177342,-11.9056082661032,2.54865361651038
"ATP6V1H",1.62082899734637,-7.265529721343,1.40849004467337
"TCEA1",0.972454420375947,-9.02001676678803,2.29624519822841
"LYPLA1",0.550718812707825,-9.85649816174467,2.43437490785596
"MRPL15",1.32280689467543,-14.439266311704,3.51555276831775
"TMEM68",0.551333121262669,-8.77496678482315,1.42489120855295
"TGS1",0.889605256714829,-9.59625355824166,1.88305126226075
"LYN",0.447961016361402,-14.2754668577084,3.76463667696019
"RPS20",4.25595817115959,-4.53572885165248,1.84371112124244
"PLAG1",0.234651438623608,-10.5719690915507,1.55779042085515
"CHCHD7",4.1015953553589,-6.63745028212595,1.38145960834334
"IMPAD1",0.685842191325863,-14.6828396466565,3.16135672067655
"FAM110B",0.108600295745957,-21.5267055454817,4.55971699734922
"UBXN2B",0.680219688473996,-14.8108666586141,3.15566503271382
"SDCBP",1.52449460830017,-11.2064697732407,2.97415130124116
"NSMAF",0.104780804370057,-7.353953813421,1.19432148447511
"TOX",0.217969052593248,-5.47497026832404,0.413181596057361
"RP11-25K19.1",0.105538434530088,-6.0816975997187,0.566448545198468
"RAB2A",0.447618731849417,-13.2104362840702,3.46267486468462
"CHD7",0.0296078180647531,-7.0345118616835,1.12071761567687
"AC022182.1",0.108860156524225,-9.67857243017379,1.06462046440339
"AC022182.3",0.0659318988309841,-10.6202451112097,1.95062143902863
"ASPH",0.182323749644086,-9.38739417966926,1.44489980710171
"GGH",0.269490602628645,-23.9952801169452,5.59562109503145
"YTHDF3-AS1",0.508210333705623,-10.1121292780351,1.66883614350273
"YTHDF3",1.16915977354666,-12.4471055202952,2.65932054824633
"ARMC1",2.21148777750618,-9.44603502574843,1.98164598071141
"MTFR1",0.414866869699855,-11.0631344334778,1.88321125364566
"PDE7A",0.783863334531505,-6.84578260174022,1.17908844055204
"RRS1",0.17872060161747,-13.4672262778999,3.22611673947005
"ADHFE1",0.469497234464478,-4.35431027222306,-0.086596051543868
"MYBL1",0.355176305217071,-8.17728817037266,1.32573037943517
"VCPIP1",0.928002279512848,-3.68036382558669,-0.086661299041777
"C8orf44",0.0179602133570778,-10.7109468532741,1.9371334393535
"SGK3",0.345597938063135,-8.99416021281307,1.41623990585908
"COPS5",1.20007528075601,-12.3924733817561,3.17879174264045
"CSPP1",0.501889678391897,-13.3976872010159,2.83492465162313
"ARFGEF1",0.526902279646569,-12.3867110375008,2.54479857843894
"NCOA2",0.258197312349715,-15.278516053102,3.37628433605927
"TRAM1",1.56031850078575,-9.80884944204592,2.47882500170203
"AC120194.1",0.443139839765005,-12.1909654151345,2.24899228050473
"RP11-382J12.1",0.126341945917645,-8.52408540305684,0.767419024269089
"LACTB2",0.914091683416151,-10.6452655182467,2.15839952882206
"RP11-383H13.1",0.16053172518141,-9.6789785023284,1.18495084810398
"MSC",0.194407068848605,-8.84585913008605,0.99738231615889
"TERF1",2.13454398447738,-8.48113968001873,1.79602370903805
"RPL7",3.68671900010774,-4.15821619835976,1.87846458288125
"RDH10",0.11285714020339,-23.4455862045149,5.06144780617418
"STAU2",0.113091711897893,-4.71242216681448,0.411729523011094
"UBE2W",0.477494347556432,-11.3704526871345,2.0391521272776
"TCEB1",3.37822329638655,-10.5330730777963,2.56059968218926
"TMEM70",1.75386197482848,-14.2773384030662,3.43103266864636
"LY96",0.328344382415397,-18.5305773071496,4.06646604166055
"GDAP1",0.436572862015142,-14.8858134572105,3.02461616096099
"PEX2",1.48208522638946,-8.46853870443084,1.75933366635841
"PKIA",0.04802960803509,-10.3280506517727,1.54708098337262
"ZC2HC1A",0.498340225486181,-17.3131802313109,3.8656033975367
"IL7",0.343050010165485,-11.3228694776347,1.89089567651644
"MRPS28",0.29521049614215,-10.2894835458869,2.22220682935707
"TPD52",0.606367044536982,-9.08831155161686,1.98685080537321
"RP11-92K15.3",0.0913902172967779,-2.96915949116449,-1.00184445639455
"ZBTB10",0.105883818801023,-9.51054942667121,1.69087659235159
"PAG1",1.8515405142599,-11.0596611937692,2.56090829098426
"RP11-1149M10.2",0.089425108138868,-8.04150214069313,0.523405593717586
"FABP5",0.272992581293791,-22.2564304550345,5.59370812520927
"IMPA1",0.538873301074421,-9.89809751096421,1.8717289884353
"ZFAND1",2.64455418637178,-9.2046249820935,2.14007832969286
"SNX16",0.391613140616779,-7.24057864687951,0.726237064786355
"LRRCC1",0.323133799578391,-11.1596565326381,1.82695466878359
"RP11-219B4.7",0.00244788996088804,-10.5734571125308,1.48075496460955
"E2F5",0.0732981971012303,-9.35199460413872,1.30938444918999
"C8orf59",1.34507592712494,-8.87608352587063,1.70313489552265
"CA13",0.233065164315906,-3.99529167091027,-0.402981879880656
"CA2",0.0160680016750355,-6.31470824137436,0.895187405891369
"WWP1",0.509340195373845,-8.6873599568582,1.52656929929373
"RMDN1",1.23140714682502,-16.1880740602169,3.8439280096047
"CPNE3",1.03393826936189,-9.32479312829326,1.87332742233101
"RP11-37B2.1",0.388743572481688,-9.04431798219221,1.26170788817988
"RIPK2",1.34679163371369,-14.2247888215561,3.4187937307005
"OSGIN2",0.195551998580553,-13.4917406873523,2.73678591647358
"NBN",1.11884549269573,-10.3418230684398,2.09932090594593
"DECR1",0.915708519479665,-12.1733206810399,3.16719739723862
"TMEM64",0.464957771287422,-11.2250886093585,1.98648089443636
"C8orf88",0.223847115425552,-12.809512584831,2.23778562604402
"TMEM55A",0.124985269812315,-3.52071396774753,0.238393825280771
"GS1-251I9.4",3.12742491673262,-6.49948778452857,1.14020961969933
"OTUD6B",0.470205336076313,-10.4139432896679,1.87715557110391
"LRRC69",0.122811152038175,-8.29267712752514,0.698539326990994
"TRIQK",0.246420128741846,-17.2768077408277,3.88750946231163
"RBM12B",0.336014383745598,-14.1238572796021,2.77952733021806
"TMEM67",0.0532181515747977,-9.56210681163187,1.33864283591671
"PDP1",0.725628970007091,-6.44920026719709,0.668607741855638
"MIR378D2",0.0963973294346872,-20.0694427977013,4.04619781361886
"RAD54B",0.204104535421536,-17.5512623852179,3.52029889315612
"KIAA1429",0.0383632257705348,-9.93461705434826,1.91267100465621
"DPY19L4",0.00971766274736882,-18.4225423515596,4.30945175862746
"INTS8",0.817412587451617,-8.79018254758631,1.55692539811871
"CCNE2",0.113755609480434,-22.6437297691948,4.78207733753759
"NDUFAF6",1.13254337129396,-6.83437272577493,0.985526984572816
"TP53INP1",0.106348088159352,-10.6466110030035,1.73495631161464
"PLEKHF2",0.748585946657187,-5.30387648605715,0.893757366212762
"C8orf37",0.0923196775204376,-11.167953692453,1.45160829040648
"UQCRB",1.15760439828872,-11.5031562836978,2.80254480646236
"MTERFD1",0.0567790141020849,-14.3454717397862,3.23777756352276
"PTDSS1",1.60785651211104,-9.96286849807664,2.23507763209486
"CPQ",0.123373525887029,-3.44563306464343,0.256933286444396
"TSPYL5",0.107597044787176,-7.93202508409171,0.545132145552565
"MTDH",2.73882439330049,-13.6137567919724,3.7045905351176
"LAPTM4B",0.0296141904367904,-17.0982488889906,3.52520999511321
"RPL30",4.68983584099853,-3.65610926915271,1.73195904480452
"KB-1208A12.3",0.334968630647151,-12.7918958990175,2.51710269670303
"HRSP12",0.728016650266507,-13.9656429258399,3.0366036264254
"POP1",0.291088978812916,-11.9894814522644,2.08680533731794
"NIPAL2",0.551222751740843,-17.0676365763734,3.67798027259388
"STK3",0.0555993719369928,-15.9494641786972,3.33327834978457
"RP11-410L14.2",0.118461279011126,-9.12892378145965,1.31250460979728
"VPS13B",0.414776901075067,-8.71084407818924,1.44466497009156
"COX6C",2.94443905102204,-9.76082560360728,2.77043240717165
"POLR2K",0.143493804557133,-5.04705326226707,0.799099075434696
"SPAG1",0.216898693080807,-2.48863325397541,-0.882171323009074
"RNF19A",1.44505060301868,-9.41393913383661,1.78021084079515
"ANKRD46",0.599934373929727,-10.8983716776276,2.07852107307031
"PABPC1",4.32098036748962,-7.95901724819952,2.67019818404918
"YWHAZ",4.03875749257899,-8.8518624432594,2.40952878508629
"KB-1460A1.5",0.105167483117954,-11.9764860657086,1.74396986814692
"ZNF706",3.78678875008819,-10.4751230554996,2.83692005697589
"NCALD",0.269809345515598,-7.43683139706067,0.922672371945141
"RRM2B",0.532602601061323,-10.8721387240918,1.89266889347614
"KB-431C1.4",0.340973454980076,-3.12528178776187,-0.550850942520618
"UBR5",0.72359599601012,-8.48929641078963,1.45230691612302
"KLF10",0.302548282858108,-16.97799440949,4.08507855060324
"KB-1732A1.1",0.233686381726703,-8.33149415297694,0.894226904329534
"AZIN1",1.89858773867979,-12.9042755141196,3.01585190850155
"KB-1507C5.2",0.289640024958781,-12.8501697784613,2.28883315949832
"ATP6V1C1",0.156521380754364,-8.97149245715753,1.672386844547
"BAALC",0.119280800003095,-13.1304479938357,2.12861515019182
"FZD6",0.143087059792927,-14.6781358707532,2.73904293313262
"SLC25A32",0.863428678507983,-8.74303535907525,1.49297840315111
"DCAF13",1.30370724161273,-10.5767114951371,2.32528397313924
"RP11-395G23.3",0.272105238546883,-17.0523531045285,3.45189497661528
"OXR1",0.590946476615781,-8.21505813616944,1.34142148871466
"EIF3E",2.22286705591136,-8.6633184001609,2.38651550220756
"EMC2",0.333674379193327,-14.0073862755373,2.94745670894041
"NUDCD1",0.0471379966294275,-20.2573150923418,4.96355920996608
"ENY2",0.930748682184484,-12.4215668346688,3.25764774812398
"PKHD1L1",0.127433156087622,-2.24950726679874,-1.11810945769254
"EBAG9",0.926232375688349,-9.48384724406564,2.05516872880856
"TRPS1",0.441602949420136,-13.9795070813296,2.93934527278243
"EIF3H",2.28621176620391,-8.77486412294336,2.66707984258669
"UTP23",0.907634852393546,-10.3910748754802,2.01267816969494
"RAD21",0.353888485997368,-11.1057995568112,2.68173981867522
"MED30",0.201830412088192,-2.8374522788231,0.33856235656986
"EXT1",0.329851519859805,-22.7882214318481,5.15301667510815
"SAMD12",0.0149556592447414,-11.218683676458,1.64010832102176
"AC023590.1",0.341315281705951,-11.1821622960796,1.84949325058597
"TAF2",0.620332601203237,-10.7446411410741,1.90879556625384
"DSCC1",0.000109525839730658,-38.4937137735331,9.23685607947236
"DEPTOR",0.0170922372556973,-22.5194962772522,5.01812004445966
"MRPL13",0.939688592676134,-14.1816436177075,3.26175622895533
"MTBP",0.124615005191454,-16.213168861337,3.10204723327304
"SNTB1",0.432314304709082,-12.7763484674825,2.51255834617991
"RP11-713M15.2",0.108038820418731,-7.79953695229725,0.505612718301579
"RP11-44N11.2",0.715795779351824,-9.3846843800085,1.54637751217144
"ZHX2",0.666257022488363,-9.44475395258246,1.65077812900156
"DERL1",0.249705828125066,-8.51653927372143,1.94426832438173
"TBC1D31",0.398782347899311,-11.5836695374095,2.03623624062958
"C8orf76",1.16797062287089,-10.1764086847058,2.05639855549543
"ZHX1-C8ORF76",0.233788985511034,-5.14391091465509,-0.0576458572323844
"ZHX1",0.47839054085945,-11.7687701559242,2.3543065822671
"ATAD2",0.483935666820213,-14.6212394695318,2.96923266427185
"WDYHV1",0.0199392105057737,-18.5368961176696,4.45664450062627
"FBXO32",0.629860452102402,-8.05600063161156,1.365707191088
"FAM91A1",0.487081101816453,-8.96758483012855,1.463528170353
"RP11-383J24.6",0.14005643730424,-13.1080711207156,2.48299046014808
"TMEM65",0.43082810264389,-16.1346960795797,3.33854408229219
"TRMT12",0.390134803014321,-12.5150894672784,2.45896603275108
"RNF139-AS1",0.633631165096995,-5.93626923332277,0.47586920571381
"RNF139",0.328963996591458,-7.08410866273124,1.57706007981761
"TATDN1",0.950980759417731,-8.08449397570389,1.2378497509782
"RP11-158K1.3",0.241400742238265,-16.8448921782729,3.3686820833747
"NDUFB9",1.77037446194336,-8.15034242405054,2.28262925706374
"MTSS1",0.561001065382009,-13.4015669858527,3.2687999666391
"SQLE",0.229820169262317,-13.0232798175342,2.60747579174795
"KIAA0196",0.0279020556296021,-7.63426708175201,1.34149214028577
"NSMCE2",0.610970544618925,-10.147567189985,2.11953157276115
"TRIB1",0.303966229661017,-18.8715388737376,4.45905215281121
"LINC00861",1.76742752733542,-6.62338892921263,1.27726453022046
"FAM84B",0.638843180040781,-14.2121555841774,2.90669581736837
"RP11-89K10.1",0.0878587583428438,-19.8695314186467,3.9887558203832
"PCAT1",0.0249175924095376,-2.5972386604129,-0.849290695456201
"POU5F1B",0.107864216226699,-7.12923274621584,0.305423330103597
"MYC",0.355094903075718,-7.32659347646308,1.70137497711057
"FAM49B",1.26522023671897,-9.88221297634114,2.66715447266604
"ASAP1",0.427762455705463,-14.6058457679726,3.3037526825951
"EFR3A",0.308125755082411,-13.4452111473602,2.90982767177985
"TMEM71",2.13195508235883,-8.5541157758415,1.68399737179706
"PHF20L1",0.897694645510017,-10.6159482653836,2.38708519032215
"SLA",0.138061923627753,-10.6684782578231,2.59149613948528
"NDRG1",0.489684820420464,-12.3219118194434,2.70327741893661
"ST3GAL1",1.92600722847775,-9.58902071478575,2.15461629867402
"RP11-629O1.2",0.247887549119818,-9.68381160821431,1.33761973230543
"ZFAT",0.0568660620049559,-22.6151089982261,5.13736253176073
"TRAPPC9",0.298717271314499,-8.38205124020737,1.30868626685869
"CTA-204B4.2",0.251885758613168,-5.63142184261345,0.110746979349054
"CHRAC1",1.45232665828083,-10.4502723069734,2.33005260264439
"CASC7",0.0512661256233907,-21.6688197442753,5.31517271525543
"AGO2",0.209053288494252,-14.5704744430317,3.05816838922099
"PTK2",0.036353897059962,-9.68427493178854,1.42282729618864
"DENND3",0.464318194940337,-12.9018275211865,2.81499352170345
"RP11-809O17.1",0.269637921059641,-13.1459261470361,2.37544522362932
"SLC45A4",0.126924640340291,-11.2134539444953,1.56441570403702
"GPR20",0.152543751774769,-25.2642261152738,5.57460743027505
"PTP4A3",0.624865525106687,-18.5490318642726,4.56076404842356
"TSNARE1",0.0439353782545719,-12.9954029841083,2.3124722953809
"THEM6",0.0950482185986682,-7.31350229346447,1.09601646277951
"LYPD2",0.0111713699406493,-28.1170227736324,7.00949904942067
"LYNX1",0.130401426473773,-17.1902489689358,3.35127474352066
"RP11-273G15.2",0.233467065329443,-17.3976884058414,3.52860839177646
"LY6E",1.55936265262488,-9.69745663207855,3.04166856456075
"C8orf31",0.0221033199009392,-15.138937316437,2.82021047581166
"ZFP41",0.0854325060491188,-18.2904286300075,3.63079201266971
"GLI4",1.23674177061173,-11.3349342956732,2.37585119372888
"RP13-582O9.5",0.807075516119049,-10.0859069175748,1.7995974336811
"ZNF696",0.183547375730165,-14.7888032670404,2.71814669530803
"RP13-582O9.7",0.211117680280128,-8.29967336952364,0.860979152395365
"TOP1MT",0.0947315598904752,-10.9721643276898,2.26659822944861
"RHPN1",0.326269217405596,-11.4247472107582,2.11667234354265
"ZC3H3",0.982560564231057,-12.771341127754,2.63215662392505
"RP11-661A12.5",0.0811815451224496,-10.4441165942034,1.23748509376482
"GSDMD",3.49782703389318,-9.00085663620175,2.17581319376356
"MROH6",0.180745349311828,-12.4772806133179,2.33287545476131
"NAPRT1",0.479624357519285,-12.9631946485368,3.28363459865158
"RP11-661A12.7",0.575846510122672,-13.8952647467737,2.84681420499654
"EEF1D",4.17000054767033,-4.16606746338005,1.70874926054991
"TIGD5",0.092477075157704,-11.5901867609653,1.57629831057557
"PYCRL",0.0668197668522934,-11.4243122706552,2.00141074307497
"TSTA3",1.75815739595834,-7.33281927969576,1.51094834638687
"ZNF623",0.450361717514937,-8.69319379448335,1.19557732307612
"ZNF707",0.0592643866655968,-5.67017076354347,0.197601784514057
"SCRIB",0.254722936627078,-15.8415473156211,3.17879770060742
"PUF60",4.38757628727316,-9.25874440931516,2.24269566241857
"NRBP2",0.207791598633692,-14.5303388448732,2.67054919047123
"PLEC",0.93998765107293,-12.6729502366306,2.86642903797433
"PARP10",1.52269429107221,-9.44607750836201,1.97103346198551
"GRINA",0.676027808275255,-14.4859792413525,3.64133945806974
"EXOSC4",1.23591058454556,-13.875114355138,3.16543152416638
"GPAA1",0.750649103479675,-10.7738286450267,2.52601603063224
"CYC1",2.50457324777903,-12.7664843136905,3.34278373344106
"SHARPIN",0.278311381462706,-10.012538096827,2.32959949412985
"MAF1",0.912205794239754,-8.99265969850771,2.29851098872941
"MROH1",0.440130830603366,-11.586668602927,2.04910765854025
"HSF1",2.4156439068945,-10.9293024343432,2.53804711810099
"DGAT1",0.288186949510302,-13.7921814913917,2.87243294757524
"SLC52A2",1.70615024296413,-10.4700771305098,2.2624359224602
"FBXL6",0.543847920947293,-14.236475058186,2.87733897429742
"ADCK5",0.47560385380909,-11.0764678977508,1.97173189358762
"CPSF1",0.766221512544705,-12.0055366549156,2.48985453376598
"SLC39A4",1.27169503107709,-7.61115729144234,1.31656145392812
"VPS28",0.922941038428395,-7.66547230733404,2.07948426052106
"TONSL",0.256463876123695,-27.0193178587324,6.14589821414393
"CYHR1",1.02772089605833,-5.94864633260884,0.828706725667614
"KIFC2",0.298395767781018,-13.3784590852078,2.50873648662347
"PPP1R16A",0.539990555928911,-6.77771723785196,0.680769653478295
"MFSD3",0.279731220109793,-14.9507201117624,3.10380804073185
"LRRC14",0.764350775479722,-10.5926296296594,2.02391006285731
"C8orf82",0.537866508555727,-11.2259329494029,2.20978626831435
"ZNF251",0.426150597250278,-15.3756349986654,3.14365656166282
"ZNF34",0.537134510985232,-11.0301167797017,1.94877251134539
"RPL8",4.77187798527826,-5.7066481457256,2.35421594347201
"ZNF517",0.0963456339079505,-12.6935519336596,1.90139197939385
"ZNF7",1.10236267133116,-7.08938158955686,0.984468521056789
"COMMD5",0.289384315157417,-12.5902408136096,3.00459345370897
"ZNF250",0.681466314529884,-11.8852401630354,2.25173444865329
"ZNF16",0.147758585523359,-3.82514105146019,-0.234235188924179
"C8orf33",1.34187733072382,-9.28893852280033,1.81703315826973
"CBWD1",1.32520619858049,-14.2187475599046,3.42577150262401
"C9orf66",0.288972529115554,-20.2408065398214,4.60802976759033
"DOCK8",3.27851470393936,-9.60494680148146,2.26685343683725
"KANK1",0.168202407989792,-23.4658767871161,5.11084565066992
"SMARCA2",0.488389570288833,-9.8914313503695,1.92734777210478
"KIAA0020",0.954552966444367,-7.4583723226926,1.29194193220183
"RFX3",0.550552394236582,-9.9650256957423,1.63512518012476
"RP11-509J21.2",0.00556705438207739,-18.0989708266219,3.61406759620263
"PPAPDC2",0.0167433060355727,-11.4622697910478,1.842054598382
"RP11-6J24.6",0.21447816230194,-6.94809861885679,0.458375566461557
"CDC37L1",2.09930246425863,-9.90658909628879,2.06164436457302
"AK3",1.44945249198979,-10.2485785195107,2.18030054402774
"RCL1",0.047130115834853,-1.77517420884091,-0.547979275426127
"JAK2",0.386360562264152,-19.8423582109514,4.56180793660058
"RLN2",0.0239337605947274,-9.97002054454082,1.5216610284797
"RLN1",0.113059501277905,-16.4982055335988,3.06706301397486
"PLGRKT",0.524349801146828,-8.53673341818003,1.82099827357679
"CD274",0.0101168034086672,-7.51607280079085,0.506871114333918
"KIAA1432",0.621893989536174,-9.47005248819459,1.53318498447307
"ERMP1",0.209320067673214,-13.9433070547899,2.54791671104185
"KIAA2026",1.48682508001718,-10.2480129412146,2.09637348882496
"RANBP6",0.193111935418579,-12.8509662675701,2.46314614193416
"UHRF2",1.16404250418608,-11.5882784085064,2.40137766721665
"C9orf38",0.23090534071963,-0.683305738067938,-1.4061718448089
"KDM4C",0.914003694223028,-8.34549809942321,1.52000569300443
"TMEM261",1.19847335574952,-9.76833700219538,2.32380529571314
"RP11-408A13.4",0.0874130370914135,-1.07538791967919,-1.57799388561387
"ZDHHC21",0.706510514876041,-9.93634351203922,1.71620287692661
"TTC39B",0.743963250449081,-5.05054334124803,0.258511506546555
"SNAPC3",1.20310109513824,-13.569130630952,2.97218079070085
"PSIP1",0.908992147181583,-9.70673569470527,2.44343449543738
"CNTLN",0.164211798705743,-19.2895408216295,4.27241838245542
"RRAGA",2.09358666576343,-9.79382351036727,2.23917385569057
"HAUS6",0.69528747100707,-11.3238430387948,2.13791014508794
"PLIN2",1.41105978455573,-11.1847292616944,2.69115601442836
"DENND4C",0.472799172627704,-13.9401635649668,2.9217703567003
"RPS6",4.60531414880056,-3.50578220604618,1.97385881406801
"MLLT3",1.24850876865196,-8.24765942194768,1.4223747620399
"FOCAD",0.199015754756271,-19.3722028426137,4.04502222049781
"PTPLAD2",1.15011320601026,-12.3817967284852,2.98863360521577
"KLHL9",0.535417486548872,-8.51629313656333,1.34242745744978
"MTAP",0.668476039407546,-9.8584365446581,1.89026239664923
"CDKN2A",0.00652696736933342,-2.46603472726509,-0.36085194937583
"CDKN2B",0.156056851378824,-20.9324881553671,4.42816016211364
"CAAP1",0.75466844600451,-9.62249324925837,1.73369333073091
"PLAA",0.480394779004381,-12.8040961909948,2.68966552750875
"IFT74",0.214645656670486,-13.3730109289073,2.76871914556531
"MOB3B",0.245931801698473,-18.8643010443455,4.01559305385863
"C9orf72",0.682731638039932,-15.5251767995207,3.52840334061097
"ACO1",0.345032294158374,-12.7389520038411,2.33590841408179
"DDX58",0.802365436343169,-9.79827464284466,1.89666224927753
"TOPORS",0.86674866950732,-10.0637064040408,2.011882687235
"TOPORS-AS1",0.749198032899799,-7.6778159817379,1.52891455859513
"NDUFB6",0.611388390274677,-12.4623363771554,3.14298665296055
"APTX",0.574174082242809,-7.99761823885628,1.39702866081741
"DNAJA1",1.12969893279524,-9.85001822328791,2.64353150687224
"SMU1",0.263443427830004,-13.9707571249294,3.24565359695332
"B4GALT1",0.778185678462341,-8.88616316234002,1.68229956599733
"RP11-326F20.5",0.155897402381134,-10.3118510865896,1.3722899268221
"BAG1",2.28777597167164,-10.7613054852777,2.71437891421834
"CHMP5",3.61570572121544,-11.2226968654672,2.92149625462794
"NFX1",0.396759776784876,-10.0265006733181,2.02334733133779
"AQP3",0.265521063256322,-9.77020345103202,2.50473562045152
"NOL6",0.489570656448462,-18.7700350889277,4.12348597695457
"UBE2R2",0.48684564075294,-16.4309712273802,4.10080232150391
"UBAP2",0.0610332885533756,-13.1715106870479,2.70394863265323
"DCAF12",0.542854706654911,-14.2257060323957,3.12469664721856
"UBAP1",1.8295125125732,-11.5928076713628,2.50312115151337
"NUDT2",2.30108021663041,-12.1369897811207,2.89925085698656
"FAM219A",0.0704147482510724,-10.4204922864993,1.62507232603029
"ENHO",0.0335090159349232,-27.386239129217,6.7652468124846
"RPP25L",1.15822450272063,-8.94053465641605,1.94221261394992
"DCTN3",1.21927490113939,-11.7347712100535,3.10173912153267
"SIGMAR1",1.50353860908243,-9.28360840320605,1.8306942208929
"GALT",0.185364546506392,-4.94120071859979,0.727191752433188
"IL11RA",0.269652686942509,-7.13955387464916,0.834317180056585
"CCL27",0.128688546233995,-17.813223431849,3.44833092954731
"RP11-195F19.5",0.274833225934768,-10.6614215701238,1.62641167067476
"DNAJB5",0.116305101483174,-17.8520900008897,3.4595745231094
"VCP",1.84699122707974,-10.1751317083367,2.4559700124593
"FANCG",0.0852193030263825,-21.7091494348885,4.97376600177911
"PIGO",0.564571543011276,-11.4262184501762,2.19346773572845
"STOML2",0.338927547921483,-11.9474259290701,3.00753445595555
"FAM214B",0.382236442602904,-17.0739514077253,3.92682801930187
"TESK1",0.111804389023194,-11.9226643248941,2.22014607891191
"CD72",0.103535353166504,-0.6334090816364,-0.663669988736205
"SIT1",1.00086410200667,-5.58486458788239,1.13555959692314
"CCDC107",0.484660707578426,-7.73711155215154,1.8492200394945
"ARHGEF39",0.0264758985936226,-19.2816462510665,4.01900665765477
"TPM2",0.0070236015658308,-7.69663237891775,0.627238914387649
"TLN1",1.76775637341663,-12.5557033166564,3.13589814989082
"CREB3",1.22462789027169,-10.8886116903878,2.33458664496849
"GBA2",0.311362725924057,-8.214309296183,1.16984584399407
"RGP1",1.13866007750953,-5.77814834858976,0.604013605703753
"RP11-112J3.16",0.161647195679225,-5.95363863756685,0.0749069248483658
"NPR2",0.0968133667665362,-15.0282393835516,2.58572430680135
"SPAG8",0.0958104213171764,-13.5632969005492,2.15689443366335
"HINT2",2.02225136220352,-7.49554479168118,1.65587015158219
"TMEM8B",0.0474199117391035,-18.238767766225,3.88813806643702
"RECK",0.41696418847115,-12.7280957467154,2.60345435123044
"GLIPR2",1.50700372772758,-8.84895123048097,2.2488184648648
"CLTA",2.56925146900527,-11.1496447511691,3.01859220941645
"GNE",0.160316497659487,-3.90474329005492,-0.541122611485783
"RNF38",0.79020816374717,-8.81988806579823,1.5618351769011
"PAX5",0.305680107887097,1.42986173282387,-1.7403036847924
"RP11-297B17.3",0.0105341140430164,-15.4972275851501,2.8206810817519
"RP11-220I1.1",1.59770551467406,-7.14935907239164,1.3262304982023
"ZCCHC7",1.08203665796453,-8.45334397808997,1.73162378253026
"GRHPR",1.13865777716376,-9.81214144983823,2.33737783944016
"ZBTB5",0.0300191361067782,-20.6666242576241,4.35213270366881
"POLR1E",0.688670125333155,-9.14836358943696,1.68472055806627
"FBXO10",0.000118786270927169,-27.0459848705448,6.07321835374267
"TOMM5",1.14381775407463,-9.96510084904863,2.13059207824256
"TRMT10B",1.038978983049,-8.44523058530974,1.4978355031326
"EXOSC3",1.86587216328293,-13.7673561363194,3.20680908739513
"DCAF10",1.38053366890386,-6.39464475202314,0.896919423479409
"SLC25A51",0.633781898903829,-4.41969093322071,0.0222009406479494
"ALDH1B1",0.359400867021996,-6.83042027852528,0.575656183108785
"ANKRD18A",0.0073575204333791,-22.0421083671365,4.80810552415709
"FAM201A",0.251855617500325,-4.62008013405342,-0.192704688763796
"RP11-262H14.1",0.171273634230715,-15.2208105451055,2.94201038571773
"RP11-262H14.3",0.721656753262523,-15.1325475654211,3.31367010612149
"RP11-262H14.4",0.133108377237529,-14.749115217433,2.94920875484658
"CBWD6",0.359914062358634,-8.52857319733842,1.09510111386959
"CBWD5",0.778716757294564,-14.7663462008879,3.1150674357536
"AL591479.1",0.198513962620502,-7.431664934824,0.57667211201766
"CBWD3",0.116801915447392,-14.2835233773886,2.46641315310846
"RP11-274B18.2",0.0880835184470977,-11.0923719492152,1.94746821682833
"PIP5K1B",0.300954315365751,-10.7508815183326,1.706547860812
"FAM122A",1.40150381903305,-10.3297276777927,2.18791540070795
"FXN",0.164051025675815,-8.99769009414777,1.90226500166213
"TJP2",0.0763134866685468,-19.457972934125,4.20450087228514
"PTAR1",1.26474105251906,-12.0370935828321,2.5068760913942
"SMC5",0.85719819214356,-13.3382815086963,2.94832631548787
"KLF9",0.529133285833561,-15.1588813016309,3.42615171865036
"TMEM2",0.332469229610378,-8.78226910438933,1.57315921931911
"ABHD17B",0.0205417210299606,0.552071979081516,-1.20017304859999
"C9orf85",1.43272263210455,-11.6101364872748,2.46228182871273
"RP11-63P12.6",0.421331163204005,-14.9528719494924,3.17638423348175
"ZFAND5",1.7510819113941,-12.8706883699886,3.34135401182067
"ALDH1A1",0.0487745546994174,-13.1038979805358,2.55657346999178
"ANXA1",1.064036916573,-9.64134403614419,2.98318493391191
"C9orf40",0.110496163152826,-22.8138411915347,5.14200591921917
"RP11-197P3.4",0.0897898427987397,-7.08523931521426,0.237739693095369
"C9orf41",0.977113239182016,-13.0098982791438,2.73145831593743
"NMRK1",1.82795247847284,-8.84735303336084,1.96841883591855
"OSTF1",1.59696312092628,-8.74797491705897,2.33687009397785
"PCSK5",0.21179811526988,-12.6022970501549,2.40031697066075
"RFK",1.19332707823987,-16.8499684323065,4.02702598252467
"GCNT1",0.304749972343648,-10.6060684014356,1.86802876408816
"VPS13A",0.0858710273715107,-8.11242055670437,1.47523373796041
"GNAQ",0.442902528566236,-13.5691516960171,2.86992301261902
"CEP78",0.158799178585671,-5.32512654247313,0.504571481025044
"PSAT1",0.244111305882431,-16.8540641656715,3.43592792626263
"TLE4",0.651118875270127,-9.66111810955195,2.24908488204318
"TLE1",0.247879342308785,0.376171210736038,-1.27344488029563
"FRMD3",0.0248024731265471,-34.9528925744418,8.30562126079962
"IDNK",1.43094572263734,-12.4571826012242,2.74532012039329
"UBQLN1",1.90851548495714,-11.9045721865322,2.75066135034317
"RP11-522I20.3",0.303962626142791,-16.3910746781937,3.32056091515443
"GKAP1",0.31713175854269,-7.87584003872969,0.855518728576385
"KIF27",0.185630478442171,-10.6087518552147,1.51932945071637
"C9orf64",0.263818693023401,-9.79884558663418,1.70249036318595
"HNRNPK",4.63580033455588,-8.67926877854773,2.49173125668953
"RP11-575L7.8",0.0329658735429894,-30.8405989629018,7.40349461913165
"RMI1",0.191929042006248,-15.2529328244714,2.8534158542241
"AGTPBP1",0.651743263092696,-13.2667953217802,2.93365254023957
"NAA35",0.930762771162738,-9.29352560098754,1.72031737322433
"GOLM1",0.4969981314202,-19.0883900036405,4.23772449503211
"ISCA1",1.74894580899668,-9.2312511764866,1.96357503354972
"ZCCHC6",0.727035793195291,-17.1324531495324,3.96057573127797
"DAPK1",0.337664979288575,-13.9482912228105,2.86225715112093
"CTSL",0.284586791354769,-19.538857098579,4.93193734203885
"CDK20",0.144266608662684,-16.6565561048555,3.19656649832486
"SPIN1",0.0456734767084128,-0.235438434433693,-1.05773838542882
"S1PR3",0.122966236311898,-8.40652877750669,0.732433812639308
"CKS2",0.605939485067036,-16.7380475429046,3.99239714638752
"SECISBP2",1.42912809866538,-7.25310625844884,1.4312274603315
"SEMA4D",2.12545469589248,-9.77512725855036,2.18247083478535
"GADD45G",0.0509515946839678,-11.215715328717,2.03046468796957
"SYK",0.959669926025572,-13.2159411890696,3.18512933605969
"RP11-305L7.1",0.110687828384351,-2.48183260281896,-1.09437701309264
"RP11-305L7.3",0.00530239826447935,-8.17453106073632,0.617426995701629
"AUH",1.10921219599888,-9.88038684092697,1.88575505426755
"NFIL3",0.083851180867935,-13.9560416334558,2.66245016456816
"SPTLC1",0.114485190863935,-10.7005257092772,1.92680789318582
"IARS",0.850198038759754,-12.0837687666135,2.61214784232028
"NOL8",0.805795366035691,-11.0600811510852,2.2923587241498
"CENPP",0.313705836038638,-12.6026014767351,2.25080098567831
"IPPK",0.0846594305984793,-7.92338732121635,1.02137441221804
"BICD2",0.468519068012639,-10.0950236691014,1.86301863826633
"ZNF484",0.138204548388683,-16.7232011084805,3.25005955728014
"FGD3",2.05088530968186,-7.65278270440941,1.5826440361377
"SUSD3",0.578221992583116,-10.2215741115893,2.51063008183549
"C9orf89",0.778018633057848,-10.8195183097207,2.59313835274433
"NINJ1",0.722156160234513,-14.4691529407568,3.79303334466009
"FAM120AOS",1.44765622374381,-8.6667234122919,1.69474125227296
"FAM120A",0.124371217880302,-19.3919573588626,4.83019488025361
"PHF2",0.3589585052084,-7.1710965554451,0.677170283751858
"PTPDC1",0.239101519078151,-11.7155007908065,1.89476166499683
"ZNF169",0.429012523381431,-8.30573941628679,1.0686137560063
"HIATL1",0.9130106932114,-12.7279417237138,2.60340937408976
"FBP1",0.306189457954893,-15.5210095022299,3.80321572401214
"C9orf3",0.342290349391375,-4.74104640305939,-0.0646609407617231
"PTCH1",0.231804648860785,-0.0899069765442671,-1.58714321731739
"ERCC6L2",0.0395629744429521,-9.02660881523486,1.44773331022205
"LINC00092",0.180040653846062,-9.19841503182968,1.07371791981256
"SLC35D2",0.606630245979365,-14.4370506806657,2.9887552261478
"ZNF367",0.0829856282950343,-23.4954661590406,5.15700464969359
"HABP4",0.484186364749625,-7.2789112362844,0.798583214818643
"CDC14B",0.0341330548730871,-4.77084924374163,-0.147404758337952
"AAED1",0.753417451726524,-10.2905665577988,2.18865201276653
"ZNF510",0.271512838491996,-10.3576248422576,1.55581125324738
"ZNF782",0.240740733814734,-14.0865540394886,2.68475670260739
"HIATL2",0.271056083234176,-13.6339964442692,2.49933985690689
"RP11-498P14.5",0.161911707697748,-7.46735002213224,0.527472592597014
"CCDC180",0.269357795356912,-22.5768752140478,5.01169537518673
"TDRD7",0.667245428583249,-8.20908535855385,1.17620043286041
"TSTD2",0.451302636015094,-5.36628476528691,0.2049696485641
"NCBP1",0.425906860256406,-18.6479617964298,4.31555591415451
"XPA",2.11606470689419,-9.37064432819967,2.08034237555243
"C9orf156",1.41269014877327,-9.29799367803686,1.71426616448272
"HEMGN",0.0265399831330096,-11.639684723518,1.95135802006965
"ANP32B",3.53101239238095,-9.71434962032932,2.74664717585982
"NANS",0.53962178537212,-16.0147532313388,4.13728110178744
"TRIM14",0.18098836833814,-13.0665271673382,3.05167574109873
"CORO2A",0.507361978871202,-17.4590645808334,3.76948606164443
"TBC1D2",0.387988258710445,-17.80096577809,3.97713739756699
"ANKS6",0.160376982218924,-11.3842431027617,1.68892535297308
"GALNT12",0.111095235671536,-18.4816816895114,3.58885834378466
"TGFBR1",0.0873620062440448,-12.3056354332221,2.3035317221585
"ALG2",0.759740171707308,-10.7574383898801,2.16491951167475
"SEC61B",1.06485563093871,-8.9705930798632,2.42092274408851
"NR4A3",0.329289330743325,-10.942414674242,1.79401408326744
"RP11-60I3.5",0.15694211756638,-13.2213390203652,2.1944534442479
"STX17",0.166753518263854,-7.76460497691576,1.34268850377198
"ERP44",0.608166805769122,-11.2034263674035,2.87602100687036
"INVS",0.048326373020711,-0.634016339954044,-1.35794488569718
"TEX10",0.52961674814989,-13.8283144407814,2.803352093189
"MSANTD3",0.281867418179013,-15.9107905285405,3.26017493390293
"MRPL50",1.6405895074568,-9.37796124092977,1.87991704183573
"ZNF189",0.244997413809529,-18.3839134515015,3.87743824769016
"RNF20",0.39896798441378,-8.04942435970705,1.34184165226151
"SMC2",0.0187437355342199,-13.0843750587171,2.94550145330989
"NIPSNAP3A",1.15550637724621,-15.8913998376137,3.91267493945158
"NIPSNAP3B",0.00527417669320664,-5.07702787263238,-0.31009085053562
"ABCA1",0.110120222700781,-19.204691749737,3.79742889513872
"SLC44A1",0.196242495801628,-12.9324664828851,2.72710978009173
"FSD1L",0.106604793845924,-14.4350803512671,2.51072391093324
"FKTN",0.195422185080114,-7.28305584613311,0.532357260368467
"TMEM38B",0.907378815223258,-10.0268312267683,1.97361779756804
"RAD23B",3.35330542260884,-13.3196207677164,3.32041656717265
"KLF4",0.388173674955333,-15.9898048710495,4.18410365696962
"IKBKAP",0.683741111888059,-12.0523270172857,2.33076154474109
"FAM206A",0.278566000035875,-14.7881081853778,3.00718325510584
"CTNNAL1",0.000116198448731549,-23.6912735677366,5.42506354048523
"TMEM245",1.21979314319772,-8.59953937228481,1.47248089407779
"TXN",1.04047853068986,-13.216872503767,3.50038089618711
"KIAA0368",0.477170291680771,-15.0554247087935,3.29654281563128
"ZNF483",0.138945760809754,-16.9893495142204,3.29306929042137
"DNAJC25",0.517675314451918,-9.9251165426258,1.59332447054555
"GNG10",0.481149134754709,-15.7647001915666,3.50697314149781
"UGCG",0.132706971545833,-5.22550289742344,0.38754435663546
"SUSD1",0.130427440263497,-14.9686697991133,3.20145856837647
"PTBP3",1.4143664978151,-11.941654835165,2.63580460507223
"HSDL2",0.524850104147976,-15.4770436366558,3.51075969505308
"KIAA1958",0.269074410009261,-16.5352871732343,3.34364179690607
"INIP",0.0861157686366044,-8.60969635157641,1.6758012072892
"SNX30",0.235199583950416,-9.63412426408628,1.54685095182258
"SLC46A2",0.205489307106935,-19.235337178217,4.2798184883338
"ZNF883",0.0161662724505013,-21.4514335262936,4.57633728963448
"SLC31A2",0.302377207096933,-18.7199065010641,4.8759827948129
"FKBP15",0.901756025484117,-12.7027412115328,2.88546584953593
"SLC31A1",0.375205752854844,-17.6963720882177,3.86929333764978
"CDC26",0.222146369326935,-19.2690846969158,4.06776922922721
"PRPF4",0.73708652891267,-12.4365412949819,2.64216848374567
"HDHD3",1.77287750601717,-7.85272931551395,1.38534099691846
"ALAD",0.631061927898558,-13.976849750109,3.02674603176192
"POLE3",1.99133874276395,-10.6411419795825,2.38880305239861
"RGS3",0.444424624020127,-8.12861654346223,1.41084624769301
"ZNF618",0.229724436303265,-19.7123895575773,4.17001499851333
"AKNA",3.19764802490116,-7.54473123882873,1.69066352405879
"DFNB31",0.30067643307635,-7.33280225771778,0.676928085047049
"ATP6V1G1",3.49873062609007,-6.64986327959084,1.9864341878661
"C9orf91",0.120783398816693,-18.2216573589618,4.08246594969078
"TNFSF8",0.354838959974803,-13.7116028456613,2.78553416505986
"ASTN2",0.160699351213396,-7.82462240128896,0.633981723970866
"TRIM32",0.274794734737039,-9.9153034920265,1.4060800602876
"TLR4",0.641396423668472,-10.338484164063,1.8202825304382
"CDK5RAP2",0.648953482989427,-9.94313264347253,1.79223831529308
"MEGF9",0.207251011338931,-10.2398149426372,1.99513784495484
"FBXW2",1.21268300168026,-7.71168934146828,1.41494217326077
"PSMD5",0.875230878849875,-8.71836307923459,1.48569059536317
"PSMD5-AS1",2.49514660131137,-5.45457590307752,0.993040112537095
"PHF19",0.548051188312677,-18.072314511608,4.41192006205296
"TRAF1",0.827053418542937,-11.1673050823464,2.25611681925539
"CNTRL",1.26715543674895,-9.10553430374032,1.87268177267774
"RAB14",2.60588107601569,-11.3591959238512,2.71179840049197
"GSN",0.312305065363252,-16.3712370316336,3.9882422132259
"STOM",1.72490885704768,-7.19016351398756,1.41638823807587
"TTLL11",0.185492604183245,-15.363403846619,2.93864766003838
"NDUFA8",4.65023626510307,-10.7610874824642,2.64442751702625
"RBM18",0.891051837379158,-10.4154082587457,2.20885231135442
"MRRF",0.514483996104764,-16.0816270548363,3.69638999826504
"PTGS1",0.11414838091436,-12.1842376183616,2.33130551086434
"PDCL",0.489474774502785,-9.01130145562417,1.67785050502484
"RC3H2",0.33230804990908,-11.1837328642017,2.19264283919383
"ZBTB6",0.179891372254718,-4.79983249954566,-0.239815792620408
"ZBTB26",0.0863349139555325,-14.1619775217516,2.33237701434149
"RABGAP1",0.317757580728383,-9.14283723464975,1.53941210979218
"STRBP",0.458238996280711,-6.84816402745883,1.03483798686398
"DENND1A",0.205622080907023,-13.5884232516517,2.93114607132182
"NEK6",0.39486665859482,-17.8226613609494,4.01890038288471
"PSMB7",2.63272814379278,-9.88326548954262,2.66069882160836
"RPL35",7.14294806213674,-5.09457313691367,2.07046333391427
"ARPC5L",0.61642004889635,-9.13406780151766,2.29164323483974
"GOLGA1",0.530476476451219,-6.46737231901083,0.588301311800226
"SCAI",0.0167663169845222,-9.30213053576814,1.75060496861739
"PPP6C",0.162524953067763,-8.02636406000161,1.85279830345624
"RABEPK",0.675192106067301,-15.6056150574883,3.62341464571592
"HSPA5",0.851232777717182,-11.5524941142978,3.01454680690017
"GAPVD1",0.963100035414063,-6.93266722494901,1.03643026641564
"MAPKAP1",1.14550007193891,-14.6352869132334,3.4659021391772
"PBX3",0.201352567766206,-13.1120386758776,2.53946571634613
"MVB12B",0.445350090275733,-11.1566518522451,1.93426042818091
"ZBTB43",0.274877107046789,-10.7451735286107,2.08707187277038
"RALGPS1",0.258122693326852,-9.17330338383167,1.18647690084921
"SLC2A8",0.297167317802027,-21.9734188417803,5.11859228175651
"ZNF79",0.177877040672531,-7.94596168568481,0.701504812397691
"RPL12",6.96091926919816,-5.03683849753555,2.21914324381814
"LRSAM1",0.108429229402241,-10.6269108709405,1.72915148816678
"FAM129B",0.0572692760944224,-17.4724192212749,3.6332946751089
"STXBP1",0.092262960306334,-11.9119031247079,1.67119913980471
"PTRH1",1.02172656462328,-11.1078874135565,2.33235097232262
"TTC16",0.118484292806102,-5.36757716509865,0.3060012279178
"TOR2A",0.380165042394111,-13.6853864291231,3.27837829413598
"SH2D3C",0.467332353362563,-9.52579199858354,1.88412405548958
"CDK9",0.515797102764458,-9.94881933464238,2.03362686202498
"FPGS",1.60443235946554,-12.2294647255963,2.64901233598386
"ENG",0.190335892636867,-15.0738094082703,3.09021178173958
"AK1",0.396428196921101,-5.55412235609264,0.222925755317324
"ST6GALNAC6",0.460424272416907,-5.78734587149132,0.753159183653732
"ST6GALNAC4",0.285859131856427,-10.7154586267028,2.03009291894936
"DPM2",1.62715121021062,-11.4048853501941,2.64439179801442
"FAM102A",0.678510255854187,-9.36029463977296,2.0431452841025
"NAIF1",0.478195058719547,-13.5791093629123,2.77683714553008
"SLC25A25",0.379712722403354,-11.781629121977,2.38188400561031
"PTGES2",0.132192730856703,-12.5647873168499,2.948713553283
"C9orf16",1.11881676803268,-7.51625677675273,2.04045229369745
"CIZ1",1.21454691497164,-12.9877089610899,2.85542593857309
"GOLGA2",0.189024990685003,-13.540002790946,2.92537061731067
"SWI5",1.26034457982124,-8.05636469064504,1.51887984937873
"TRUB2",0.196095787825436,-12.6954567013404,2.76111657067723
"COQ4",2.4987114133396,-10.1325827261254,2.17972908849801
"SLC27A4",0.143641734068811,-6.6521981179091,0.248797233381552
"URM1",0.719883681644784,-10.4802575522321,2.53797087863206
"RP11-339B21.11",0.116861004216555,-11.6568300755152,1.6951960468273
"CERCAM",0.0898867937574346,-7.35790230630216,0.319278691867396
"ODF2",0.831481278848926,-9.07475489098353,1.59985319371398
"GLE1",1.33100009985998,-11.4035015069901,2.31367714569828
"SPTAN1",1.14933851848927,-7.87352345344014,1.51486157909591
"WDR34",0.277948624887555,-12.7756120923655,2.5351283037291
"HMGA1P4",0.0932566197872636,-12.4294972966331,2.23094347495149
"SET",1.59494450295149,-8.73673988354965,2.03861635958296
"ZDHHC12",2.33629026462044,-12.6138050101027,3.12316233057744
"RP11-545E17.3",0.705202546753268,-11.0193269187166,2.03484774238082
"ZER1",0.318589069798415,-10.1241091891964,1.52164271024203
"TBC1D13",0.516759160402134,-11.1016270364948,1.96979493701958
"ENDOG",0.331665346105868,-18.5010721347464,4.22017948479013
"C9orf114",0.876132558984426,-10.8246163751774,2.23519630935241
"CCBL1",0.0691032486239877,-8.86548796815094,1.26939472653691
"LRRC8A",0.682801542956016,-10.1846775524513,1.87404364649076
"PHYHD1",0.0899868425626294,-8.50006950526717,0.660097117395296
"DOLK",0.332865319950114,-13.6854360705733,2.56765232686874
"NUP188",0.446205762782424,-17.3008408153241,3.71256064061649
"SH3GLB2",0.442209439352124,-9.87089514796098,1.70384863321884
"FAM73B",0.333113890094232,-12.1802538324995,2.33816245007955
"DOLPP1",0.453550916590864,-13.3661148401371,2.5703348383534
"CRAT",0.694828787103342,-15.1942532674893,3.30393259096576
"PPP2R4",0.78171600794287,-12.394019563504,2.74198813872107
"IER5L",0.212572072429532,-19.9782300415606,4.29406325645272
"RP11-65J3.1",0.230658961470586,-19.3476753477515,4.49894377004769
"NTMT1",1.13078281191997,-9.00164627476601,1.90342870157962
"ASB6",0.544889940978057,-10.4176484980621,1.89723248712113
"TOR1B",0.399341613653598,-12.6149168515357,2.50929935618104
"TOR1A",0.480070309065538,-7.14797539108314,1.39247034333924
"C9orf78",2.71743503901581,-8.13984902713741,2.12280605588391
"USP20",0.0854176553614347,-12.5561718152418,2.67708161043499
"FNBP1",1.39243972061816,-8.3698517183129,2.07620285963421
"GPR107",0.328757250916843,-15.978281069515,3.42768541137489
"FUBP3",1.22090438376131,-7.8210864291144,1.4017118309126
"EXOSC2",0.638684217027503,-13.8044640284761,2.99817381224765
"ABL1",0.161758168159429,-13.8269382274286,2.81115951593478
"FIBCD1",0.035026497541626,-28.3396143264485,6.51205049952007
"NUP214",0.399261006418103,-10.2383951390688,2.56015084087935
"RP11-544A12.8",0.615402281641767,-10.067161397389,1.82875538899963
"FAM78A",0.640086375290816,-11.5212588099358,2.50618008146382
"PRRC2B",1.72657675911358,-6.70448217211807,1.09930880082364
"POMT1",0.017555660576902,-9.5884746904993,1.83821565190095
"UCK1",0.064553072071046,-11.6124615304226,2.54189817200436
"RAPGEF1",1.14862393566938,-12.0827165101254,2.54241739253408
"MED27",0.137199562339642,-11.9617796261615,2.48868017850815
"NTNG2",0.0726497373629204,-22.5515870933339,4.75586402227194
"SETX",0.182160084001291,-11.5979797436437,2.59425432408924
"TTF1",0.31885263181812,-8.64594097905764,1.684342536674
"DDX31",0.219227725566855,-18.0423341067511,3.77906084638681
"GTF3C4",0.166235322445845,-14.3622369672512,2.56287702414495
"C9orf9",0.111016088422778,-12.0832795636522,1.77542870982348
"TSC1",0.246502339435937,-14.134581765269,2.85721669127616
"GFI1B",3.011072978322e-05,-28.748242061271,6.89028882554328
"GTF3C5",1.42396912154616,-10.8548539603107,2.21349431576179
"RALGDS",0.29677981166086,-6.24494866412135,0.738280830835909
"GBGT1",0.00938919792699117,6.42531077176855,-3.04255316285576
"SURF6",0.0252199910517071,-20.6410949486282,5.16123269728746
"MED22",0.403051013404819,-11.1011703046599,2.05888629968417
"RPL7A",5.04597365327496,-6.0204161744274,2.39422894522066
"SURF1",0.477281733384026,-7.47981738935004,1.77983277797078
"SURF2",0.956337878229996,-10.6866802387956,2.49017496584289
"SURF4",2.303677594246,-8.36903888889062,1.81856455929675
"REXO4",2.19460269276452,-10.5656393459023,2.28857728402922
"CACFD1",0.0213791702782678,-16.794957283073,3.30140160754945
"SLC2A6",0.575140474790064,-17.2615600155518,4.20072418846606
"SARDH",0.0419943615392979,-9.03407659180235,1.14521685590839
"VAV2",0.239155463187732,-19.3854296283722,4.21746809563358
"LINC00094",0.413083685962989,-9.60245638571151,1.61775502387817
"BRD3",1.18288065698812,-12.8187163165143,2.75723457215995
"WDR5",0.162110426630207,-14.9729777505321,3.3158386642238
"RXRA",0.113083139985434,-17.0400082560323,4.27666604197715
"FCN1",0.16978439028404,-11.6110267144791,3.54844814752425
"OLFM1",0.0151877890011415,-23.1430252826571,5.12041945738819
"PPP1R26",0.121883190520835,-19.4639213811295,3.92454819087629
"MRPS2",1.71680674604356,-10.3205464478996,2.24349312260731
"CAMSAP1",0.440303620164208,-11.7092427405483,2.15755273041832
"UBAC1",1.28725438285981,-15.5736080470943,3.66438673591905
"NACC2",0.354256485760265,-15.2648038550848,3.24482976019155
"RP11-83N9.5",0.110270241813118,-10.2501625086216,1.23404021231345
"C9orf69",0.0775510374602645,-11.7904080422167,2.47089373428404
"QSOX2",0.324213593588231,-5.18051678318221,0.0509369169096967
"DNLZ",0.200963135472264,-1.85444460786806,-1.10082816214492
"CARD9",0.240191491549204,-19.0726542441739,4.4818346669396
"SNAPC4",0.112395255246972,-12.666653916507,2.34137662332989
"SDCCAG3",0.566464902632009,-11.3332857596747,2.05622947664692
"PMPCA",0.321473496965846,-8.08072462449337,1.47844310615998
"INPP5E",0.236229397137371,-12.0253622552774,2.00764943895774
"SEC16A",0.562954260163324,-11.5353704188601,2.35622455676727
"NOTCH1",0.922475208174872,-10.5115817074067,1.9594920257788
"EGFL7",0.00771173620879666,-18.7877134606708,3.99358304149195
"AGPAT2",2.02108946400189,-13.3947503304588,3.20911332549855
"SNHG7",0.775685044392755,-4.10598610636742,0.921251704207415
"LCN8",0.130986774133257,-2.85649712821684,-0.371986828465525
"TMEM141",0.313310848053821,-10.1512497552077,2.42294846137837
"CCDC183",0.0918051124671255,-14.4656936525715,2.42127864192783
"RABL6",0.065803576274933,-15.9197116553772,3.90495241675614
"PHPT1",0.606484662313862,-11.4696865442583,2.93360758625106
"MAMDC4",0.380438244539885,-22.0338916123557,5.09791056865559
"EDF1",3.29227370982242,-7.50698084560336,2.27227786875119
"TRAF2",0.873083829412666,-12.3714218698851,2.56334885070865
"FBXW5",0.638135290808948,-10.7347868144864,2.63875201105295
"PTGDS",0.00925727755330272,-5.98456944063148,0.679372771184769
"C9orf142",0.71871322267913,-5.50039514684881,1.30394174909847
"CLIC3",0.0588620041215667,-1.62537420722806,-0.163756995537859
"ABCA2",0.489969563449791,-1.95606427084939,-0.797920887963417
"C9orf139",0.0957314016473752,-13.0079363564285,2.41464488216135
"FUT7",0.167362957436094,-9.70612332184712,1.96470760660099
"RP11-229P13.20",0.191704776349975,-12.5096447131031,2.07905989791665
"NPDC1",0.119286695626827,-10.7758444433183,2.21798067014537
"UAP1L1",0.0759046844955493,-10.5397619651315,1.66024810542162
"MAN1B1",1.18125092026416,-8.68834995301015,1.65031712211846
"DPP7",3.22516067188434,-9.18767899963619,2.32197524639662
"ANAPC2",0.521531639520954,-9.65853878672337,1.80121574126476
"SSNA1",4.9758961906756,-9.94193161163928,2.54801828386704
"TPRN",0.164366458612776,-15.0778706713485,2.77171106723432
"TMEM203",0.537523676072874,-7.55440930286697,1.5227530342242
"NDOR1",0.210267582878174,-14.9628617733722,2.86692848592384
"TUBB4B",1.48011734047757,-15.0182174005355,3.88444040779318
"NELFB",0.0175689974446644,-5.59935837283402,0.594635048187053
"TOR4A",0.237195436832415,-16.1524919461628,3.50186345982831
"EXD3",0.159698124082177,-9.30782669879873,1.40025883564937
"NOXA1",0.434679129954646,-12.1488435842499,2.20211237927803
"NSMF",0.410899584219722,-16.8668729289202,3.79857759855851
"PNPLA7",0.194721678893935,-10.1099775365563,1.37193420116393
"MRPL41",0.775480357470616,-11.9531542633975,3.04238960123918
"DPH7",0.963062972600354,-12.839612997037,2.80621567106898
"ZMYND19",0.245490228744503,-27.0642822959604,6.15840896709496
"ARRDC1",1.86978349858606,-12.1517422669941,2.95028668593753
"C9orf37",0.0195891847413149,-8.42102002382985,1.44011767077401
"EHMT1",0.394079395275016,-8.79380734839494,1.64095534081619
"ZMYND11",0.818567874963555,-10.2390776259201,1.83849258736987
"DIP2C",0.160007914594092,-11.4465480255628,1.70729039280333
"LARP4B",1.36027921799686,-10.8603475221631,2.23980750205852
"GTPBP4",1.4475174447866,-12.5397230856317,2.87070743600334
"IDI1",0.344146309498046,-9.89496866787373,2.36678486001442
"WDR37",0.385796873416023,-7.01281630885527,1.08044392290617
"PFKP",0.634876712014175,-9.98741876080713,2.07901870365581
"PITRM1",0.368552831719764,-10.9372372291185,2.16897178006089
"KLF6",1.3650708419618,-6.43531261971008,2.04557301780011
"AKR1E2",0.134778049538642,-21.3796642849766,4.47373281209648
"AKR1C3",0.0473874939078446,-2.86028200086671,0.0285099709244497
"NET1",0.370532437367504,-9.84183900315935,1.48380332368973
"ASB13",0.444539539947264,-14.8502685869777,2.96570352133045
"FAM208B",0.412581367316395,-10.9400899352735,2.09076956016837
"GDI2",1.3918919357535,-15.3945365098083,4.29375298859427
"RP11-318E3.9",0.0831511575626426,-16.9918251207605,3.47577950179415
"ANKRD16",0.0666921850968008,-5.46614821296338,0.152709905301831
"FBXO18",0.91898320491277,-9.77397343924092,2.00762093210286
"RP11-536K7.3",0.0351550596018071,-14.302658787142,2.65285641873807
"IL15RA",0.347213397288172,-10.9720928779443,2.08369794106108
"IL2RA",0.117812994203775,-9.6735611486621,1.6718972365461
"RBM17",0.805080912095172,-13.996499142222,3.64679152538596
"PFKFB3",0.122867325475506,-17.2405437308019,3.84469037432973
"PRKCQ",0.739601561518578,-7.4825392505289,1.15839970715033
"PRKCQ-AS1",0.683562644054808,-5.65604466197995,1.22264140941759
"SFMBT2",0.336579471715362,-14.3509963135709,2.80680684534012
"KIN",1.44298275961677,-10.3121158558264,2.21239723276013
"ATP5C1",1.43575263551808,-13.4556444840826,3.71957925644564
"TAF3",0.553964100092794,-8.75954454971703,1.7405849660663
"GATA3",0.512806245102024,-6.50912183729948,1.2185916061596
"CELF2",4.2117946392527,-7.23769366149087,1.77462993915487
"CELF2-AS1",0.110631094313491,-15.3384614091091,2.72947185980217
"USP6NL",0.181270753402398,-17.3672407501443,3.80285882285651
"ECHDC3",0.116751305428156,-17.5518473489286,3.41730444832607
"UPF2",1.62109932330874,-6.62461732313324,1.2336835756042
"DHTKD1",0.491614288217448,-14.0928201406258,2.82562734720747
"SEC61A2",0.0957627530970322,-15.9672957875905,3.08891762279973
"NUDT5",0.361628021347953,-13.4070719861883,3.4020180726671
"CDC123",0.411086038260939,-6.82385786701009,1.49563490790631
"CAMK1D",0.11451709830305,-7.33914632969505,1.3839875327142
"OPTN",0.631399010036294,-5.91859175012964,1.23637864088543
"MCM10",0.827064966179668,-68.377568795573,16.9418128171846
"PHYH",0.538324300971331,-9.29260082376688,1.76701620550972
"SEPHS1",0.813096321250074,-15.8691267922653,3.608631435276
"PRPF18",0.597916770426696,-10.4910930541098,2.41891183863257
"RP11-295P9.3",0.0510723638428948,-13.2559458040399,2.56063368174062
"FAM107B",0.395536603694348,-8.21322890065687,1.94907498760797
"CDNF",0.0128226442354536,-17.9170852453427,3.56153247672848
"HSPA14",1.64568339607203,-12.6741055925641,2.87508543850845
"RP11-398C13.6",0.179109277387595,-6.36685520231346,0.23018917861441
"SUV39H2",0.0219858678994943,-14.8905840795856,2.74782725942434
"DCLRE1C",0.577843292743858,-6.64548851435005,1.03306782744614
"MEIG1",0.00526456734456175,-6.50290755901164,0.117992656186081
"RPP38",2.2478131331512,-9.88805992811123,2.15646282226848
"NMT2",1.90134268320149,-6.59899389656052,1.08334826276267
"FAM171A1",0.126632795558243,-16.1568532889302,3.01265446423031
"FAM188A",0.828363101007244,-12.8332711144183,2.59908308363314
"PTER",1.14882353694952,-7.24949717557249,1.04624050926618
"RSU1",1.34605896553641,-9.80200394903321,2.30470446238573
"TRDMT1",0.630157173386976,-11.0864118876736,1.99247265377032
"VIM-AS1",2.36368317085943,-8.20109964233531,1.71847958690013
"VIM",1.74448723711767,-10.5356715020649,3.49299938618604
"RP11-124N14.3",0.411327490665435,-14.8031615326617,2.97731009287818
"PTPLA",0.107159862607482,-11.8946637269087,1.71986013652995
"RP11-390B4.5",0.00974232567813731,4.00283960801264,-3.03892173524722
"STAM",0.617817538537663,-14.9221246472061,3.11310998036932
"RP11-499P20.2",0.120693144714866,-17.3187122098337,3.38847342574694
"NSUN6",0.588469807551438,-8.62878702187028,1.26756597602882
"ARL5B-AS1",0.167276746563636,-13.5736212185445,2.3630599805898
"ARL5B",0.375519106246551,-11.7633624083903,2.08900603377659
"PLXDC2",0.212680978237567,-16.0465411954463,3.52646589323983
"MLLT10",0.210146348538077,-8.99031729292138,1.81053756889569
"DNAJC1",0.591132242012798,-9.22633472473868,2.07875669320096
"COMMD3",0.630496886121197,-14.2853081547084,3.6579171939232
"BMI1",0.719505048998347,-13.8452052240869,2.86138278779218
"PIP4K2A",0.418927146211404,-10.8740177832079,2.12930545913509
"MSRB2",0.661367454881566,-10.9006244301206,2.42010155682841
"OTUD1",0.263997298626599,-15.4487566618193,3.55086740375584
"ARHGAP21",0.147336311123527,-12.0759895938185,2.19271870618501
"PRTFDC1",0.148403809971576,-14.3422207081234,2.52261160474622
"ENKUR",2.20637792332219e-05,-27.2184249070433,6.28972962367397
"THNSL1",0.267411455152103,-12.1438856374755,2.04246921704821
"APBB1IP",0.879956123991701,-9.41474768056937,2.30617308546119
"LINC00264",0.135900279370215,-10.2835057216502,1.32906535282444
"PDSS1",0.33388500619739,-15.6272583675911,3.31765067500965
"ABI1",3.35216717194517,-7.9450624718568,1.77920533169097
"ANKRD26",1.0718152269421,-14.7840776793981,3.22300300890955
"YME1L1",3.98647215338925,-8.75302014341963,2.11269567322345
"MASTL",0.247269860379575,-12.6532438239422,2.23112024163588
"ACBD5",0.317093091098922,-7.66373988349816,1.16907410159574
"RAB18",2.31955587076513,-8.9907325368353,2.07409467943283
"MPP7",0.462447157564965,-11.0375858457073,2.18592242530452
"WAC-AS1",1.04138453178453,-11.6709601046426,2.62281961235521
"WAC",2.81749080400202,-8.91550504834612,1.93724354860567
"PTCHD3P1",0.621884982251748,-8.01714115749098,1.10327538365295
"SVIL",0.782305169859067,-13.8220839093874,3.04211419582333
"MTPAP",0.490838284486865,-13.0245425726415,2.53338609836567
"MAP3K8",0.101255029443599,-7.02676019221373,1.3392575973193
"ZNF438",0.311055438071219,-11.630717695852,1.98141759267571
"ZEB1",0.418099814380953,-14.5497353326976,3.09274776692065
"RP11-472N13.3",0.0909820095487671,-12.980117282605,1.98564938739223
"ARHGAP12",0.452472625478073,-8.12854666830387,1.02815208287362
"KIF5B",0.329446747834347,-8.89585165967571,2.23520411087012
"EPC1",0.938316740148376,-9.11721926175379,2.22119600325354
"RP11-135A24.4",0.147048243746587,-16.8020146559694,3.23875920205262
"CCDC7",0.339996138873523,-12.857778415109,2.34139690466595
"C10ORF68",0.0866478297517922,-15.6241982736601,2.75962532391431
"RP11-479G22.8",0.0165388689373148,-7.79347581750082,0.656091648165491
"ITGB1",2.1214832687195,-8.52140817325608,1.72645248711
"CUL2",1.03596812443722,-11.785552804109,2.36897940914371
"CREM",1.78836809425164,-5.71787790441157,0.935689155088274
"CCNY",0.631560459391985,-10.5779281187669,2.15698630786661
"RP11-324I22.4",0.0081222775390326,1.01756510286405,-2.16335219974137
"ZNF248",0.331416162041554,-11.4112682061247,1.9168976464641
"RP11-162G10.5",0.229043644456175,-3.50631026270559,-0.550386676494147
"ZNF25",0.44324806894409,-16.4644702668207,3.59951915230427
"ZNF33A",0.748256240326313,-7.63554212745762,1.34186933127836
"ZNF37A",0.224407233907654,-5.35800126562217,0.443553625562255
"ZNF33B",0.719828541205286,-8.44420569368817,1.37098071557474
"BMS1",0.922707369536063,-10.9009941719777,2.26616151652275
"RP11-351D16.3",0.25165845793062,-7.63466459730785,0.709000423493401
"CSGALNACT2",0.65184157913321,-10.6820211688758,2.15956300547215
"RASGEF1A",0.211853387344935,-16.0825321463356,3.19238607739426
"HNRNPF",1.31860836711538,-9.55137523769935,2.64982891838003
"RP11-517P14.2",0.215252671544061,-6.23932943600854,0.246582510186791
"ZNF487",0.721491996661732,-11.12430493154,2.1703640292797
"ZNF239",0.092495679235824,-10.3988161151509,1.22406903940414
"ZNF485",0.357084293928728,-12.2667604672738,2.18322419839551
"ZNF32",0.414532819613325,-6.04735918595133,1.13164216977815
"RASSF4",0.530257798098199,-13.8536474670717,3.22193904872593
"ZNF22",2.69436286243231,-6.29058641024099,1.17180840499397
"ALOX5",0.686712086121297,-13.0950950762267,3.17990934466477
"MARCH8",0.138702344822098,-12.6336802130863,2.55885756452233
"ZFAND4",0.0231605345347078,-12.2032561536895,2.45006869458299
"FAM21C",0.363624396347168,-9.00787831652736,1.23714342446992
"AGAP4",0.0102337840128094,-9.42780791739369,1.07557162640284
"FAM21B",0.225189384754336,1.48996365570438,-2.09550265480002
"MAPK8",0.161803568407523,-9.51414682542423,1.73377801937278
"ARHGAP22",0.0357090526696198,-16.068720641671,3.11837510253638
"WDFY4",0.484791608111573,-11.1353389178913,2.10812362268942
"C10orf128",0.423075127654798,-16.0861281431438,3.63329562284627
"ERCC6",0.29743006799591,-19.1635309237915,4.08172291066975
"PARG",0.385367784354445,-9.28626242178593,1.31954922501138
"NCOA4",0.465886766939413,-7.87067388891183,1.83198532721172
"TIMM23",0.707164251236827,-13.6289053004662,3.0265881490192
"LINC00843",0.214166856306808,-3.01522863670206,-0.722855809434478
"AGAP6",0.247508943410818,-9.52901356743519,1.2713918210976
"FAM21A",0.193924370163543,-21.0962699024565,4.50859357467997
"ASAH2",0.169280294185152,-18.3797337859733,3.69509813736856
"SGMS1",0.31785381753961,-13.5952992425555,2.80868418971496
"RP11-50E11.3",0.182051108346554,-14.593350825714,2.68893474471172
"ASAH2B",0.258910147053423,-11.4893331545099,1.8500198265618
"CSTF2T",0.903531742332444,-7.83144640493556,1.3448828926725
"ZWINT",2.81949760065898e-06,-34.0177579598596,8.42539932418537
"IPMK",0.342415383025216,-16.3395658361145,3.49708549417178
"CISD1",0.0909930011491719,-14.4734225358175,3.44266828444936
"UBE2D1",0.206405228835936,-11.4261331256985,2.8197227358069
"TFAM",0.0896414839669024,-13.8469484405632,3.17426248358742
"CCDC6",0.561393891705243,-14.3937003245511,3.17752251926641
"ANK3",0.526789253486036,-12.3585647849606,2.3289643093809
"CDK1",9.90531461412771e-05,-39.7945345685686,9.63164688191267
"ARID5B",0.306011615915362,-9.39464503785921,2.19819498238439
"RTKN2",0.0591619211865823,-5.37246589434391,0.108457783217477
"ADO",0.180041617031096,-12.5912350260267,2.45042140514921
"EGR2",0.2518431429789,-5.64568024360642,0.115018270414718
"NRBF2",0.369443360335746,-12.8161269258214,3.07264827258493
"JMJD1C",2.44072317853251,-8.49243631383874,1.77327146192785
"REEP3",0.0793089296857755,-13.8742762869708,3.10413189216278
"SIRT1",0.00729162354515604,-6.75460955669047,0.831799579254288
"HERC4",1.74852058452831,-9.94496866559855,2.05785192279298
"PBLD",0.110401306506346,5.62744367743654,-3.59446697373884
"HNRNPH3",0.425538086435876,-8.01988496870517,1.96110300833992
"RUFY2",0.275190206815155,-11.2062612389054,2.02768738147471
"SLC25A16",0.418640450558985,-10.0241937720335,1.57707239870213
"TET1",0.104846928274012,-10.7227539764584,1.37389805082639
"CCAR1",1.69365513704334,-11.4654428094487,2.61812958816018
"DDX50",0.933752319256449,-9.85022859036731,2.16827285550336
"DDX21",2.87910364398614,-9.12401210858425,2.17137220691246
"KIAA1279",0.506452986845141,-10.500519101013,1.76296478912288
"SRGN",0.860184568183057,-10.1144656389654,3.1727182264468
"VPS26A",1.61408618000893,-8.73892285025438,1.79216852702672
"SUPV3L1",0.727851044858179,-5.5345771590388,0.511823562797724
"HK1",0.97119268484336,-11.5475802346514,2.63912961010598
"TSPAN15",0.0107190654631771,-2.20877003376838,-0.602779096952656
"C10orf35",0.301775189854327,-11.2376239611959,2.05368893680387
"H2AFY2",0.718420908089635,-13.3059971544371,2.70422723066102
"AIFM2",0.190083555689152,-20.2289922575485,4.34292895577865
"TYSND1",1.54934526380451,-8.04090919332644,1.41279829709247
"SAR1A",1.64518001487435,-10.3352558605284,2.29200162082591
"PPA1",1.15472071421068,-13.0302464028064,3.61184048509309
"LRRC20",0.185025929094195,-23.3442208487022,5.0327266978121
"EIF4EBP2",2.02043604259781,-8.69091687890235,1.84503456987422
"PRF1",0.0948663034171734,-1.64239042014351,0.273215618993348
"SGPL1",0.69673478734522,-14.9886905487927,3.17226565539313
"PCBD1",0.72088650390094,-11.8188182578899,2.68503322350379
"SLC29A3",0.445683740844706,-17.2715901011598,3.71543603246069
"CDH23",0.73990502081609,-19.2772924728339,4.56239016277187
"C10orf54",1.28378081656157,-11.3678570898345,3.21506111723242
"PSAP",0.638858052889747,-12.9246776168845,3.95467961362999
"SPOCK2",0.855992661584167,-5.93576087427121,1.38014304210086
"ASCC1",0.585369115457162,-11.9518815301613,2.46615408819971
"ANAPC16",1.76116829612821,-4.12565026185992,1.13970976775737
"DDIT4",0.595165473482465,-7.22463274789463,1.79916838543272
"RP11-442H21.2",0.251653049482435,-6.17866706710714,0.274545094700049
"DNAJB12",1.27266500465727,-12.7374615955935,2.92460641904002
"MICU1",0.0806727599583879,-18.5671330402747,4.56798812952143
"MCU",0.397222630018614,-8.51029702752208,1.10347684743774
"P4HA1",0.576019085078646,-10.3787670986519,1.97495065425328
"NUDT13",0.177435443287383,-9.64876394108564,1.20721365004633
"ECD",0.459754715861146,-8.34044076378055,1.4830276287741
"FAM149B1",0.32897956829006,-13.0056633791043,2.3846909783153
"DNAJC9",1.01267743078859,-12.161998051038,2.85999184860529
"MRPS16",0.639341305205386,-11.9867893676443,2.96229369343524
"RP11-152N13.5",0.367904497578047,-16.256434262756,3.34619915752662
"ANXA7",2.38570712425841,-9.41813788929731,2.39484907476954
"MSS51",0.125762598388,-4.8798386439843,-0.32304246390801
"PPP3CB",1.95948100372873,-9.14897424049788,1.77581837906068
"RP11-464F9.20",0.2938941670268,-8.14960785403696,0.919892167977132
"SEC24C",0.238124751810973,-13.1084761201433,2.81176673762494
"AC022400.2",0.107634059876486,-10.1244316019186,1.19679834645611
"FUT11",0.772285508766565,-1.54482544398068,-0.675845749554446
"CHCHD1",0.399000490930762,-8.77557399720184,1.90890542430766
"ZSWIM8",0.120666880590707,-9.26759547983518,1.56443095921263
"NDST2",0.254119275208495,-12.2004269732869,2.29224799529672
"CAMK2G",0.129014071174174,-10.2214062679691,2.26010283385033
"VCL",1.42795538765808,-14.6608474965409,3.36980488746636
"RP11-178G16.4",0.00386607345529204,-12.0747051163645,2.042414099202
"AP3M1",0.204877025653433,-17.555028426085,4.1843281706178
"ADK",1.09690381259489,-8.59435535599014,1.95276324261469
"KAT6B",1.49625935694404,-5.79288734856068,0.686931796145969
"SAMD8",0.959159858157744,-14.715467397956,3.19273747847406
"VDAC2",2.93393640810869,-9.80458047287523,2.60370631721014
"COMTD1",0.451837588103413,-14.8963654666585,3.48981113997732
"ZNF503",0.00304507755793308,-24.0610474385021,5.70676782558222
"C10orf11",0.173685725586731,-18.6026685408665,4.36536616569362
"KCNMA1",0.611838062722604,-33.3098702298946,7.8982153560413
"POLR3A",0.644693493618382,-10.5139655967599,1.84898769810929
"RPS24",7.20945655381108,-5.89296419844232,2.2147415682938
"ZMIZ1",0.76868856585017,-17.1332761416793,3.89143897870796
"PPIF",0.248963090925792,-14.4790794482655,3.38873589721648
"ZCCHC24",0.122418191541534,-2.44664568122313,-1.05827412040903
"EIF5AL1",1.54995616755846,-13.2422297153767,3.18040778455336
"RP11-506M13.3",0.0163401700180047,-15.0103608670217,2.7520304616204
"RP11-119F19.2",0.43062654061269,-20.9425907437735,4.70636214289814
"RP11-773D16.1",0.474765211425981,-9.11912053631142,1.34445204141062
"RP11-182L21.6",0.560572826517767,-4.81794503936646,0.105190717946716
"SFTPD",0.126306571846106,-27.7255559388998,6.26224539409844
"TMEM254",0.520137460338932,-11.3832737945286,2.19284521871099
"ANXA11",2.16775554637155,-8.55183353059357,2.21045230521538
"FAM213A",0.212692835587261,-8.23960341961688,1.22867123569898
"TSPAN14",1.99267678696349,-12.2262669563691,2.99711351888286
"RP11-338I21.1",0.0117059314621954,-14.3977436315373,2.53883765022078
"GHITM",1.9110847149545,-10.758408497288,2.99153021545437
"CCSER2",1.53246476243342,-7.2196228608658,1.39491785767769
"WAPAL",0.409734990010956,-8.32946879135631,1.58446818103162
"BMPR1A",0.0993585090874073,-15.3149574607911,2.66942901001434
"GLUD1",0.985423469645328,-10.479849716506,2.53857951606392
"FAM35A",1.28069903994197,-10.6269645879356,2.08595662771308
"NUTM2A-AS1",0.890763474223874,-13.7933438603673,2.92478696587321
"LINC00863",0.250692377136211,-11.4712596281015,2.0877081627764
"MINPP1",0.530247372327692,-11.4129301490941,2.25983697240659
"PAPSS2",0.0351665149650997,-26.0378030116736,5.9050312179218
"ATAD1",0.219158190698704,-4.62026106313774,0.474728633597214
"PTEN",1.48106512520271,-13.5989737847085,3.19277728124082
"RNLS",0.27229852501771,-12.5524653701328,2.20157183306671
"LIPN",0.206635207684766,-18.1880761388248,3.7041803687202
"ANKRD22",0.00965976349883742,-12.614444109621,2.21974517112704
"STAMBPL1",0.854944674174581,-9.41413690847061,1.69100550285492
"ACTA2",0.435225223132307,-11.1772994197044,2.08814972383083
"FAS",1.22867344569017,-13.940694270523,3.18195081010451
"LIPA",2.03031766312918,-12.8385318859695,3.13938506184401
"IFIT2",0.0996579469903452,-7.78522804703319,1.56475288302003
"IFIT3",0.319697205701904,-11.3764834978299,2.78459048508487
"IFIT1",0.145844260577147,-13.4262873926662,3.33931669784231
"IFIT5",0.135959951153925,-10.8573410179027,2.29284868157595
"KIF20B",0.357352602360261,-11.1177495013927,2.12075489368195
"RPP30",1.30425520222799,-13.0163309771846,3.01832727959973
"PCGF5",2.28171727538159,-13.3033602081182,3.33282435717508
"TNKS2-AS1",0.143743165890545,-5.18021564294911,-0.192548496379781
"TNKS2",0.28102791251735,-6.05383936706283,0.676540206405658
"FGFBP3",0.495781342077225,-8.9231800815485,1.29723640522182
"RP11-402D21.2",0.0898299963103574,-5.3402124984153,-0.285761560971276
"BTAF1",0.767590649267658,-12.3413415746613,2.45531612032278
"CPEB3",0.410845670797894,-15.836767251124,3.28925865915874
"MARCH5",0.326513616308611,-8.98893334043698,1.8738258904163
"IDE",0.648228905302012,-11.7051601006252,2.22903869474739
"KIF11",0.0320194569063573,-25.8561675213375,5.99695304772842
"HHEX",0.429347137192035,-12.4022080623314,2.95940576116695
"EXOC6",0.0351264272324206,-11.6071831684158,2.49715441895499
"MYOF",0.36801118499217,-23.070726859699,5.42843705686486
"FRA10AC1",0.804525109523099,-8.96356050515207,1.83973881434692
"SLC35G1",0.28801456981381,-5.02235733478911,-0.0318149687032985
"PLCE1",0.0461358853371053,-3.3493470120838,-0.535099208798947
"NOC3L",0.417671792548905,-9.57547326491511,1.61673649178123
"TBC1D12",0.269974815714927,-10.1455826820402,1.49319957133774
"HELLS",0.427162876680644,-10.769058012644,1.82022098200076
"PDLIM1",0.157695315751451,-6.86056080733179,1.2982245804825
"ALDH18A1",0.618601671280662,-9.62500790312553,1.69300281812498
"TCTN3",0.691854505597558,-11.760043296106,2.54948781171099
"ENTPD1",0.417025977060346,-12.1083938374542,2.70399415953691
"ENTPD1-AS1",0.403223115657601,-7.96748712494332,0.955584056950221
"CCNJ",0.242202776644584,-26.4894619395587,6.03111285709646
"BLNK",0.0874063585006343,-5.73967770038144,0.836583061617135
"TM9SF3",1.32349717811569,-13.1713352536139,2.90587132175823
"PIK3AP1",0.598202605119465,-15.1562377386406,3.62936956099551
"LCOR",0.869485451770251,-12.9824181629255,2.82881393578787
"C10orf12",0.165951430596343,-12.3816490653594,2.013471426187
"RP11-175O19.4",0.111230990412343,-1.21554398073815,-1.47960879412061
"ARHGAP19",0.0101451852072669,-7.47500629922821,0.494618433515658
"FRAT1",0.0376392798045374,-9.36012519161699,1.77097998845564
"FRAT2",0.748432594374697,-13.0080535288,2.97834894615468
"RRP12",0.851936745381437,-11.0905746670421,2.20146247531904
"PGAM1",3.53699554717959,-12.9472880787735,3.46078068163607
"EXOSC1",3.97819720806866,-10.8665180505578,2.63276103263632
"ZDHHC16",0.79067349408753,-15.8671259542197,3.63807717021291
"MMS19",0.71280807042952,-14.6744497007639,3.19119979245311
"UBTD1",0.291024978558307,-8.41209778836088,0.997844440543222
"PI4K2A",0.522670131143443,-7.99462358020006,1.03245415501184
"MORN4",0.142524579045381,-9.6840138191567,1.15153872121295
"AVPI1",0.437603399536753,-16.1229288205773,3.37215854738488
"MARVELD1",0.280200857235494,-25.5162447886085,5.72608562395272
"ZFYVE27",1.16787222381162,-6.03596600043138,0.69013204048235
"GOLGA7B",0.322911339808587,-9.348554863081,1.29236541258728
"R3HCC1L",0.416613961925537,-8.87119522796297,1.49204025291719
"PYROXD2",0.173414281751165,-14.1139701702616,2.7999731096309
"HPS1",2.41007705974908,-9.96420206489498,2.24033400273604
"GOT1",0.406461670779398,-17.0108561034634,3.8613881825291
"RP11-441O15.3",0.0911441433662507,-10.2251697761506,1.1726256102934
"SLC25A28",0.278714765747361,-13.0328744073665,2.54509819930612
"RP11-85A1.3",0.295959979446493,-15.7435369064124,3.1327510289637
"CUTC",0.709435951763442,-9.49066850858819,2.12240247469183
"COX15",0.637144021631188,-12.2903160779248,2.48099494539407
"DNMBP",0.392867782850653,-8.53988225542306,1.11224960840721
"ERLIN1",0.360197814358576,-9.35669184795243,1.32595189384768
"CHUK",0.834731313626588,-11.9806127718734,2.39039662077404
"CWF19L1",0.570809038967548,-12.9050181747113,2.63809666554644
"BLOC1S2",2.23707993560446,-9.09845206141422,2.19687920285247
"SEC31B",0.612497059908238,-11.3678915276274,2.10781182323816
"NDUFB8",2.1267988383995,-8.25104818286769,2.27749783259429
"HIF1AN",0.427780853102444,-12.730343359192,2.72788880736902
"RP11-179B2.2",0.218971238934325,-15.8278257148407,3.04839471536127
"FAM178A",0.849522677559552,-10.4442012274702,1.89885017674054
"MRPL43",0.755694712112252,-6.99026378372169,1.61547145441011
"C10orf2",0.189959022662609,-6.96987925096745,0.73798128222708
"LZTS2",0.00230887723796514,-4.33079145875728,0.0641530814341716
"PDZD7",0.138395918283539,-9.43299628201196,1.07711059684653
"SFXN3",0.197267983740122,-10.3849691950197,2.01088419976338
"KAZALD1",0.113305717023693,-21.1760104088132,4.36339950468318
"BTRC",0.27133008299354,-20.3967142715762,4.53684010917393
"DPCD",0.0317289258414799,-11.7969565788043,2.0143805371274
"POLL",0.528069260748418,-13.7684900359077,2.98771287581267
"FBXW4",0.0207875015081113,-10.0401393855182,1.82080060938678
"NPM3",0.331087945778509,-20.1559921757206,5.15620831490304
"MGEA5",1.56684627369463,-8.43845325120782,1.85014408869505
"C10orf76",0.779676764963425,-11.9137590926042,2.45500493937249
"HPS6",0.913725925236159,-11.7974637697938,2.32572679153979
"LDB1",0.291859830610655,-15.8360432811298,3.44609181713738
"PPRC1",0.228229447312586,-9.57649109889879,1.62381850019319
"NOLC1",1.75403739367292,-11.6526156131783,2.52309033085848
"ELOVL3",0.0826170865310661,-0.627538767697911,-1.71482247649194
"GBF1",0.748050852505998,-6.61797875007891,0.83949725188098
"NFKB2",1.38089625659381,-8.28941209465311,1.59997038068935
"PSD",0.0950051455206245,-15.4900053634418,2.72049595402561
"FBXL15",1.43195651837678,-10.082270218753,2.38429172561874
"CUEDC2",3.80268724332596,-11.37362410808,2.7639744455569
"TMEM180",0.21235226694293,-13.9072256575268,2.53737359326033
"ACTR1A",1.55174350539414,-12.6749654022918,3.06116799265883
"SUFU",0.373513717822328,-9.91366584500305,1.51875692260884
"RP11-47A8.5",0.211639055602862,-18.0958895007675,3.70508131280246
"TRIM8",0.411976759165621,-10.3770528314767,2.28767334054268
"ARL3",1.35400347459231,-13.1004539906602,2.99083098516791
"SFXN2",0.200213423514483,-13.1675390053019,2.29753055000486
"WBP1L",0.456208604942917,-9.49274408850871,1.81650509025575
"C10orf32",0.110864666618849,-9.84854865228023,2.35246367880423
"CNNM2",0.353237039589144,-9.27962313804466,1.30314675845167
"NT5C2",0.983849115006792,-11.3473815158891,2.37345906947258
"RPEL1",0.109917216912354,-12.2698512144722,1.87573021528561
"PCGF6",0.350708620435477,-7.97097129105591,1.26466793395305
"TAF5",0.0161738550134274,-7.46300216086902,0.732712118346915
"USMG5",5.73438173933752,-8.92509951970507,2.19023657882404
"PDCD11",0.549403987076826,-12.8607208145176,2.60709885706938
"CALHM2",0.483090860139406,-13.9087413550387,3.36335958528031
"NEURL1",0.242625796050187,-21.7152584396832,5.21377982606098
"SH3PXD2A",0.179245474051369,-7.68153013147285,0.622738708988799
"OBFC1",1.12783364526711,-7.50264292478213,1.48807005801151
"SLK",0.830915609009655,-5.60118953164747,0.457428047045122
"SFR1",0.201879202170678,-10.9425368423315,2.30779025486073
"GSTO1",0.742983863799295,-13.4577247243796,3.74484656315023
"GSTO2",0.0817632542780873,-14.9096854298681,2.5510918381331
"ITPRIP",0.448134483109461,-5.33624841856522,0.371746133424163
"XPNPEP1",0.484797325860464,-11.7447565278476,2.57605383284895
"ADD3",1.7569193278132,-7.74446880150686,1.86111470056947
"MXI1",0.406929021024206,-7.37495749212397,1.04909733937422
"SMNDC1",1.17956446687043,-12.8664676001479,2.87718750890612
"DUSP5",0.3164146901876,-14.6509655140734,3.34734879874169
"SMC3",0.522441742892941,-8.34663518034331,1.74103410705028
"PDCD4-AS1",0.385733854654401,-7.99917160753506,1.323156719945
"PDCD4",0.94078973741936,-8.22236163838244,1.98994681175121
"BBIP1",1.16474005537857,-10.3762601666247,2.10656586539438
"SHOC2",0.105555564170046,-10.3491466297679,2.28411120956611
"GPAM",0.14364470836651,-5.58129733238574,-0.0720882305339715
"ACSL5",0.940124570587556,-8.45365562362085,1.52268296527796
"ZDHHC6",1.60265785059742,-9.06657404388412,1.88696866204388
"VTI1A",0.0761420284228936,-10.7338844524019,2.3762517699599
"TCF7L2",0.294826918848434,-21.9509412587912,5.44771233894509
"RP11-57H14.2",0.0936501792833966,-16.3742880059231,2.97804026367397
"CASP7",0.895926418746451,-15.018133641448,3.3289213945366
"DCLRE1A",0.111211351432951,-23.3732381086209,4.98926587890396
"NHLRC2",0.584624417932903,-12.4018497607642,2.36954458123715
"C10orf118",0.584745362844516,-9.11786435814295,1.77182285521664
"AFAP1L2",0.022978414349763,-17.2562904844314,3.51087266908954
"ABLIM1",2.0454615449798,-8.49566561575053,1.73644022822223
"FAM160B1",0.275480776182664,-10.2873822573963,1.53507445676127
"TRUB1",0.806658222037901,-10.787820653218,1.98709769303595
"KIAA1598",0.241176680017293,-20.5017152122649,4.58071931397887
"PDZD8",0.199838298099018,-10.2140925906661,1.69889525857465
"RAB11FIP2",0.27480621575585,-8.40246022221456,1.2091270389666
"FAM204A",0.655814773883554,-9.18444119981439,2.16578337760831
"CACUL1",0.780204524330969,-9.4118369404198,1.85059234609861
"EIF3A",2.10682075030681,-13.6594273299853,3.39522585966472
"FAM45A",0.349797225346345,-11.3733653992608,2.69072514145891
"SFXN4",0.776862726224487,-12.448868416638,2.61138133080356
"PRDX3",0.320985999627751,-16.6853444941372,4.42546754562107
"GRK5",0.629153010979001,-6.89192190472499,0.889609545365072
"RGS10",1.24991506642306,-9.47506001014275,2.69745452723315
"TIAL1",1.76858613724399,-12.0943535009321,2.94191632872034
"BAG3",0.20131089215511,-11.2542065587765,2.005000315821
"INPP5F",0.394119030306381,-12.5076165706365,2.28177220256331
"MCMBP",1.78863997623079,-10.1448240758954,2.19871380453068
"SEC23IP",0.780845032188655,-13.1434398796146,2.79299835539368
"WDR11",0.523614118360613,-15.4823079395465,3.51969425902291
"ATE1",0.82883814649042,-7.52952672270956,1.0313409483853
"NSMCE4A",1.55838027256318,-11.2841093987026,2.58383740500036
"PLEKHA1",0.127032670094598,-3.90816226837548,0.376981669981795
"HTRA1",0.0897481235132893,-7.22304672855285,0.278959178652148
"CUZD1",0.0897945492794294,-1.92239752189702,-1.31982420059017
"FAM24B",0.68251727575735,-14.3452969812326,3.07450783858986
"C10orf88",0.261563166587865,-9.00149423353422,1.37784338809877
"PSTK",0.550917274234364,-6.73492278445497,0.820056492068516
"IKZF5",0.556975546617767,-14.1336773715361,3.08967079107015
"ACADSB",0.752260519033156,-4.68591751908626,0.263340998161254
"BUB3",0.942923888328781,-9.02594591838719,2.28813025868735
"CHST15",0.418820040549211,-14.5337365983088,3.20997967388165
"OAT",0.12583292596734,-10.5004735040686,2.26572591080195
"LHPP",0.704689051839912,-11.3777281515509,2.41950691684706
"FAM53B",1.12434408229999,-10.5832250084627,2.05256955072241
"METTL10",0.779076605441045,-12.4686531088292,2.81524527232425
"FAM175B",0.817062778436433,-11.12208014765,2.23902956463925
"ZRANB1",0.607113536616049,-9.45162432432021,1.51086526447611
"RP11-298J20.3",0.161421829419851,-4.09609806944117,-0.483415825382669
"CTBP2",0.0525967893818541,-21.3867357471173,5.27766688447425
"RP11-383C5.4",0.0204366598834656,-6.76419766165298,0.489348452959016
"EDRF1",0.536139898704562,-9.07231791430279,1.36177295761174
"UROS",2.77744220038033,-10.747408970393,2.56435483402044
"BCCIP",0.941351952616041,-12.0147823484863,2.77689998119521
"DHX32",0.470750022375824,-8.3563757186807,1.10737114037583
"FANK1",0.0142098668926347,-11.7443035027256,1.79500973254396
"PTPRE",0.91777740896363,-11.0091543008295,2.57584841243909
"MKI67",3.14603506626358e-05,-37.7344111520212,9.23541691886081
"MGMT",0.6858246586669,-8.64597366501476,2.05693108024006
"GLRX3",0.429069989027618,-12.0638740852525,3.02458630272514
"PPP2R2D",1.0464159297855,-9.44723543272471,1.68203933872429
"BNIP3",0.786156233845984,-7.84590798536528,1.35807972668646
"STK32C",0.121893301201343,-18.6138486812054,4.44424044322301
"LRRC27",0.143059680649782,-10.700872111041,1.8001453341948
"PWWP2B",0.403969107852119,-15.4979790427849,3.38605474770472
"RP11-432J24.2",0.00460725617869207,-19.4712088802963,3.97097559298671
"C10orf91",0.348174902493239,-14.1669810898124,2.7082194062304
"INPP5A",0.103157436242112,-8.46497378097647,0.703942303054394
"UTF1",0.133690038454693,-24.344046176814,5.45946226987683
"VENTX",0.152447335439305,-15.0565555416074,2.73115632208284
"ADAM8",0.32270877365602,-8.3115818224863,1.72806294396525
"TUBGCP2",0.787269599208377,-12.6538247570178,2.9021006010111
"ZNF511",0.85990412205532,-9.41410027989281,2.13586865615753
"FUOM",0.671395132744263,-14.050152906169,3.39232124595592
"ECHS1",0.669432331312961,-10.749747294823,2.64969317227717
"PAOX",0.639609969568966,-9.53442458273785,1.67180874910143
"MTG1",0.598056820379279,-13.8010879006901,3.01725151728058
"SYCE1",0.00584380726007577,-15.862655447453,3.36827451806908
"BET1L",0.692617821394408,-12.4297628311024,2.68977058278174
"SCGB1C1",0.00921811369144993,-2.10398648140765,-1.02510925101085
"RIC8A",1.72117711162112,-10.2580566393572,2.24968487200931
"SIRT3",0.611176787501096,-13.2011853066561,2.62043227916612
"PSMD13",4.91645052974249,-9.20542556250244,2.24483711959656
"ATHL1",1.57372984967777,-8.89379043037472,1.67043909736752
"IFITM2",1.25852910452704,-10.3024011916771,3.28004075309132
"IFITM1",1.36235981734695,-6.3921433722574,1.86470144666147
"RP11-326C3.11",0.112449601033019,-11.3320633216498,1.55392476892558
"IFITM3",0.203603547287858,-17.1384911961037,4.95767367639822
"RP11-326C3.12",0.185500451644076,-12.2390966297836,1.99958996834897
"RP11-326C3.15",0.0248658682684047,-8.40479645543983,0.892223857552381
"SIGIRR",1.46807286920934,-8.73603862755083,2.21067897710057
"ANO9",0.152813437503951,-10.0153582912519,1.70999360379466
"PTDSS2",0.232836460061614,-15.5101359200432,3.23759211249336
"RNH1",1.69043886470174,-13.4809731050917,3.73588742673721
"HRAS",0.719065161914853,-10.5570187549121,2.16811396348269
"C11orf35",0.125446945492596,-4.69984741394355,-0.377226916636971
"RP11-496I9.1",0.117879056420728,-8.25888760832075,0.688477681385929
"RASSF7",2.99366081482575,-6.68534698952734,1.267050729829
"PHRF1",0.655725001412025,-8.92733360671461,1.41839227424431
"IRF7",0.497056148090849,-12.4429398777595,3.23149231882695
"DEAF1",0.547331671071003,-14.085326607973,3.08392564101474
"EPS8L2",0.456210728906442,-6.13275527263383,0.795258783494904
"TMEM80",0.171394216779086,-9.4742683631353,1.98290393795268
"TALDO1",0.572645359096328,-9.33220210690127,2.6639830774098
"PDDC1",0.737606696338042,-10.7559138794296,1.97111453250515
"AP006621.5",0.219707375390706,-6.98707618126837,0.762305948887647
"SLC25A22",0.442126443469365,-17.7534919938316,4.00563032369843
"PIDD",0.3565765349522,-16.1528135640015,3.49424561600853
"RPLP2",6.19145195298567,-3.6440916794631,1.84947797375077
"PNPLA2",1.23354070319859,-13.6681110439252,3.21626796014094
"EFCAB4A",0.0236561502723122,-19.7438326815646,4.00502984790311
"CD151",0.849003567458247,-12.4876325498461,2.79504835918989
"POLR2L",3.31612141266067,-9.53109770822761,2.61400007315862
"TSPAN4",0.172097043257665,-17.6614186485185,4.24730303812862
"RP11-1391J7.1",0.223491858455367,-19.0386733143297,4.00157768755955
"CHID1",1.18067623035905,-12.060084451075,2.7915865910712
"AP2A2",0.953364457004478,-13.3780920552277,2.88231350263252
"TOLLIP",1.26359633292334,-10.1204492110141,2.23485400774646
"TOLLIP-AS1",0.633335217114797,-5.10654824185419,0.227932013457733
"MOB2",0.220336166141368,-7.38062695293138,1.54031480762231
"DUSP8",0.0897294829699345,-6.70684811900263,0.124468346697881
"IFITM10",0.0998724314516744,-15.6831625419974,2.77681354326261
"CTSD",0.749220610607789,-8.75293622136128,2.28553493992924
"TNNI2",0.0480982604082201,-20.8520973161006,5.15829948212036
"LSP1",2.68482659054313,-11.0945516993046,3.27863356973858
"MRPL23",1.16070250504045,-11.8446153803916,3.22790729124614
"ASCL2",0.532723259115668,-9.95641453683436,2.1704975674016
"C11orf21",0.459272019488059,-12.0305778471043,2.80161039038084
"TSPAN32",1.04470844318768,-6.72259441124397,1.30662678349519
"CD81",0.406266331043017,-9.00719056313628,1.84907624565524
"TSSC4",3.6371185155226,-7.93860284517608,1.70391928919777
"KCNQ1",0.695154014638154,-16.369491908947,3.71952905320929
"KCNQ1OT1",0.0245014707898462,-6.94039736362553,1.2317378144064
"CDKN1C",0.148136496975812,-21.5238819681366,5.44606613808532
"SLC22A18AS",0.214120956939901,-6.76952761971269,0.405058950592551
"SLC22A18",0.545470312277382,-10.4719624754411,2.05211032050144
"PHLDA2",0.04216981659673,-14.7558189801129,3.09711298829205
"NAP1L4",0.518394445258257,-8.65674017824882,2.02887762337786
"CARS",0.096626483048038,-6.75446786515421,1.29491154176286
"OSBPL5",0.566842143510152,-11.8622375008116,2.19311734783379
"ZNF195",0.0809687677490861,-8.31192015315876,1.48388299057482
"NUP98",0.328057114266287,-12.3009166738163,2.65819034600444
"PGAP2",0.305813205691957,-9.41523887861158,1.7173538835089
"RHOG",1.24581476935751,-12.5915731830619,3.59263362657573
"STIM1",0.389497649128656,-12.8058037510952,2.81707973892069
"RRM1",1.15544663063554,-18.2392972939732,4.35330316098857
"TRIM21",1.3298320596031,-7.76236790856065,1.30251699583716
"TRIM68",0.387485698976438,-12.9621302095664,2.41485375796537
"TRIM34",0.112541153615009,-14.5620787806942,2.50278691870231
"TRIM5",0.708904534651076,-12.0719120392871,2.4888069196005
"TRIM22",4.66092483937946,-8.64820819912908,2.12812755700227
"FAM160A2",1.08440159780605,-8.67446147364793,1.5189005888892
"PRKCDBP",0.138494239346635,-18.3387109803768,3.98738640480692
"SMPD1",1.17025384285235,-8.86196983499847,1.72567540678431
"APBB1",1.1783621341065,-9.49782153406237,1.82744631349556
"TRIM3",0.27326782202464,-10.8145592914123,1.67157313189376
"ARFIP2",1.52244063941315,-10.3066930356785,2.2012547686422
"TIMM10B",0.244903518838072,-5.2389206150086,0.764229499818675
"DNHD1",0.362480465193618,-13.6904579616044,2.59989244467392
"RRP8",1.54367282980147,-9.72806878179265,1.91611367957074
"ILK",0.81894746417433,-9.4182629828612,2.19057616771658
"TAF10",0.0645680136143747,-12.9333724564755,3.05730492937559
"TPP1",1.75834298437984,-11.7870859608912,2.81239779289338
"DCHS1",0.107225419206746,-16.4913878688058,3.01209113011332
"MRPL17",1.02503423622903,-13.0211905926345,3.04824251827017
"PPFIBP2",0.299166538790904,-17.1458387725915,3.70054079047559
"CYB5R2",0.0741336504946609,-20.8080034485498,4.2580528418857
"EIF3F",4.80744335636246,-7.18609598674577,2.18778103798467
"RIC3",0.171084250338438,-5.02075945273229,0.902235016261172
"STK33",0.102205685485304,2.48275121700065,-2.67162365383712
"TRIM66",0.299277695225753,-9.39405380915219,1.28891446658616
"RPL27A",6.60625748630177,-4.17600374861546,1.96644240359335
"AKIP1",0.333141344571662,-10.0830459353727,2.04529870154431
"TMEM9B",0.740583543278658,-8.71774802016646,2.16198726171208
"TMEM9B-AS1",0.173454994726431,-22.3107261936112,4.7392053539441
"DENND5A",0.0919318430405159,-16.4567827067633,3.85704755723657
"TMEM41B",0.978428050412785,-6.97986514890014,1.09265057872039
"IPO7",0.376822168554001,-10.4377399990339,1.93228540800174
"CTD-2371O3.2",0.148806480788192,-15.0515843108186,2.72970660894235
"ZNF143",0.873005000647846,-10.8711898479856,2.21828404767568
"WEE1",0.228494155648814,-15.1032711307027,2.9809244616323
"SWAP70",0.14549364234485,-8.51589082559201,1.71135225687206
"SBF2-AS1",0.16628078198159,-21.1512186735968,4.55434950719865
"SBF2",0.472872453273382,-13.1443729326866,2.68361547360211
"ADM",0.0980582006143675,-10.6784129818615,1.83566250396691
"AMPD3",0.206221418274304,-9.31687065563379,1.43407679436112
"RNF141",0.922756146583745,-12.6545671321952,2.90595516462553
"MRVI1-AS1",0.150316799496341,-2.48101715114937,-0.971635506935452
"MRVI1",0.248650417660728,-19.8313706137183,4.27322984968411
"CTR9",1.11785925899564,-11.2262426028596,2.37247672105133
"EIF4G2",1.52226177242864,-8.64367385535184,2.30529260417739
"ZBED5",0.495832804947862,-12.1079097364569,2.45354898619068
"ZBED5-AS1",0.0345213981760837,-8.85621630849973,1.66223681857047
"CSNK2A3",0.0897157185835598,-11.3089358225139,1.49325933431717
"USP47",1.56482335660372,-10.5921697817523,2.19735326187905
"DKK3",0.219200568055196,-11.7013286388166,1.86704241200789
"MICAL2",0.486016590780299,-8.993431254761,1.30726400863762
"ARNTL",1.10710758150722,-10.0763066252692,1.98494724282504
"BTBD10",0.771025350882788,-14.2295442538504,3.10017040436132
"FAR1",0.658773943309418,-13.9635711872613,3.04442641984461
"RRAS2",0.562361166873881,-6.46764272515635,0.974928108455946
"COPB1",1.23835100638919,-9.37178850545046,1.94003403164392
"PSMA1",1.31706011022036,-10.3409971789812,2.71903529934208
"PDE3B",0.551427666352453,-13.3058836382264,2.97928764899878
"CYP2R1",0.854625837002668,-10.6569749354567,2.05213678903619
"C11orf58",2.1138495618262,-8.3387863224465,2.28544219604749
"PLEKHA7",0.0916687890430876,-21.0341925893242,4.4572236442411
"RPS13",4.01031938138151,-4.70373004410491,1.97212231741849
"PIK3C2A",0.216837300914418,-14.7283124761166,3.14460442253555
"NUCB2",0.825505556329557,-5.61140744227092,1.06936868709857
"NCR3LG1",0.125697783597591,-4.81748923007614,-0.341808510181283
"SERGEF",1.26411242440673,-9.72245396166838,1.9835071881826
"SAAL1",0.079441098759679,-13.2694705675693,2.90910909286131
"HPS5",0.456175050301965,-10.8117606341544,1.98752887151407
"GTF2H1",1.67437155928822,-8.74284454953211,1.69517150117983
"LDHA",2.2646770207333,-12.9403795901436,3.76478388640917
"TSG101",3.03337203133119,-11.2944504403888,2.70053886272194
"UEVLD",0.449125899467949,-12.8795036601693,2.49099157382167
"SPTY2D1",0.147261087774303,-6.74615106800857,0.882512305161719
"TMEM86A",0.0155945448471775,-27.1239267775712,6.09493130264208
"IGSF22",0.0300278879903067,-10.7647148855763,1.61466874723585
"ZDHHC13",0.833781940817512,-10.1596890857531,1.81512255517233
"HTATIP2",0.654754808161673,-10.947273433894,2.67434282596661
"PRMT3",0.296798568360295,-10.5782897683004,1.85156413871427
"FANCF",1.11996901763695,-7.64226000323519,1.22131893851797
"SVIP",1.26557747611713,-4.20090258184097,0.688475266781558
"CCDC34",0.571330437470811,-15.1753677234366,3.25474003011056
"LIN7C",0.571778085186492,-15.0608487745548,3.33680410933094
"METTL15",0.461213407473692,-12.034116111493,2.19194071668779
"ARL14EP",2.8178644438654,-10.8954973129046,2.57157305685673
"DNAJC24",0.585650543413719,-13.1711284101014,2.58548685807042
"IMMP1L",1.06214892373087,-11.0291851554265,2.20397529703082
"ELP4",0.263252390601152,-12.1292957775795,2.38698411464475
"RCN1",1.24229540003216,-11.3550717172964,2.26596850990979
"EIF3M",1.60942032244487,-9.02671177077745,2.45348422796908
"CCDC73",0.0929160877590131,-14.6190851325245,2.46614689296076
"PRRG4",0.024751701804769,-7.5142637713778,0.627224894410253
"QSER1",0.198792949673957,-22.6594973849471,5.03511396076077
"TCP11L1",0.0478447503764278,-9.01813048835154,1.15961923766803
"CSTF3",0.317455842570393,-9.08952306675396,1.73385446297883
"HIPK3",0.580885319661678,-12.0287052574309,2.56963126445398
"CD59",0.442894100718201,-12.8693871898206,3.02713958699295
"FBXO3",0.269569441275177,-8.59015845526231,1.6569335005815
"LMO2",0.293046605661668,-18.9784333742851,4.50928650965423
"CAPRIN1",1.84536927970169,-13.0882996869718,3.04962756678055
"NAT10",0.556829312466268,-13.1445461533508,2.76115716020383
"CAT",0.389105693847226,-15.4662225608929,4.0746509254716
"APIP",2.29044345771472,-13.4981256065878,3.25082793294049
"PDHX",0.999509510361939,-16.178526643597,3.75181743325408
"CD44",2.394299708709,-8.23058491059836,2.34360342857423
"TRIM44",0.444864604318198,-10.818139012031,2.24468272139751
"LDLRAD3",0.0445875732508966,-17.3194923318037,3.52914213443993
"COMMD9",1.01241975247623,-12.6358936593871,3.15319188860943
"PRR5L",0.019970751978898,-6.7420876557486,0.784164233804
"TRAF6",1.01403830380266,-11.7178430799621,2.34915622050532
"C11orf74",0.16703808261842,-16.1278008113932,3.38492506262602
"API5",0.621936230964583,-11.5431982919596,2.58729780161916
"TTC17",1.61572892982116,-10.6731892370379,2.36011475414063
"HSD17B12",0.58414559924922,-12.1632778002513,2.679546412452
"ALKBH3",1.52080941742624,-12.2120428513056,2.68644940292452
"ACCS",0.245485078094508,-10.7503196323648,1.65263089213277
"EXT2",0.912891122527507,-9.70103714165015,1.78446761295577
"CD82",0.183306288434793,-6.26288459133038,1.1419022910385
"TSPAN18",0.413767968653412,-14.5575237337004,2.89345189884689
"TP53I11",0.240955813878811,-16.9723943710381,3.63999853921413
"RP11-430H10.1",0.017056274157695,-10.8638212214755,1.5664942655581
"SLC35C1",0.315018177694944,-11.9783153536238,2.36128274784
"CRY2",0.533976198057019,-11.2132242138099,2.0209627140043
"PEX16",0.309310193892314,-7.18499193276133,1.58315623349394
"GYLTL1B",0.449724189493092,-0.968782229231476,-1.12046541632591
"PHF21A",1.51711371550675,-8.11636368733076,1.39051590984679
"DGKZ",0.511967498267479,-7.81950005113154,1.68238829327025
"MDK",0.0133644684475648,-21.7187052589329,4.61447657740066
"AMBRA1",0.417093484194662,-10.827382090565,1.81382691517073
"HARBI1",0.161138930010584,-8.63622293211754,0.875504789919237
"ATG13",1.02603108710206,-11.2219413565196,2.36297080593908
"ARHGAP1",2.21459621493016,-11.34278915661,2.55432081917133
"ZNF408",0.0702914972966277,-10.2211238914724,1.56624531942576
"CKAP5",0.30481439608079,-17.4835190421057,3.80799778893887
"C11orf49",0.710171982789729,-13.4781452067237,2.77454211865573
"ARFGAP2",0.579440487465486,-7.16366729694398,1.4935652737035
"DDB2",0.156331313526014,-10.7959618314049,2.30301260524082
"ACP2",0.136616763092903,-19.0660080247615,4.40680049592158
"NR1H3",0.352901117806013,-11.6690546232021,2.02209242227442
"MADD",0.0337125478035703,-0.933206398706581,-0.674366948975521
"SPI1",0.365503308037082,-16.7617501749448,4.69926099792625
"RP11-750H9.5",0.132609162157136,-14.3626556766005,2.48955166439986
"SLC39A13",0.380147017533125,-15.3173229762349,3.26005785211731
"PSMC3",3.43428123312054,-11.7044262641289,2.98052949494746
"CELF1",0.319594243945056,-7.84996199742113,1.69041891948982
"NDUFS3",1.2339060880613,-13.8218460408033,3.60476731189245
"PTPMT1",3.99999245179462,-9.26113229533781,2.15586184760349
"KBTBD4",1.57082781528571,-11.7193157916378,2.46013096918136
"MTCH2",0.246659123061615,-11.590146275659,2.76224883707768
"AGBL2",0.0885347543957946,-2.89853821008883,-1.02326084664023
"FNBP4",0.19204061355299,-10.3676388625066,2.37943909097839
"NUP160",1.91848733633769,-8.74735917581608,1.77608222628812
"PTPRJ",0.135697077961247,-5.66107075320653,0.304877743051908
"SSRP1",1.86995707010879,-13.000183800576,3.12491024711096
"SLC43A3",0.338684535159861,-16.3176281175149,3.79516278700919
"SLC43A1",0.356200554962806,-13.4775410823872,2.52270449010805
"TIMM10",1.34095526866635,-15.4580736280907,3.80955957914873
"UBE2L6",1.03045884889164,-10.0989715078191,2.79855333279642
"SERPING1",0.041124164905218,-14.6793393122879,3.07489615398912
"YPEL4",0.00551377744355625,-11.3036147656591,1.5455266389794
"CLP1",0.466970848902258,-12.4915017143015,2.47321745600911
"ZDHHC5",0.300241430784152,-17.1391700218004,3.86570219032108
"MED19",0.597832216887173,-10.1681593517935,2.13207276034005
"TMX2",0.142059869028351,-11.0405260176498,2.71850450955826
"C11orf31",3.52128088298739,-8.96227048644801,2.5402337627576
"CTNND1",0.104548470788586,-15.8633079100688,3.2598958479568
"LPXN",0.736017989575978,-10.2241178884877,2.32945923675149
"ZFP91",0.141110888805392,-8.82173317530932,1.2452658474211
"RP11-142C4.6",0.0136101647963168,-7.88499001983236,0.651966912819087
"FAM111B",0.0143814215393322,-11.4061074903271,1.69537050388497
"AP001258.4",0.0843246466229677,-7.21279660042529,0.917270470101412
"FAM111A",0.436466841586718,-7.91250958747495,1.37483442203263
"MPEG1",0.613360479944905,-14.2874361878742,3.6236764352521
"OSBP",0.230689024490419,-9.29536782377412,1.4467951522922
"AP000442.1",0.143661942106611,-6.18277990460867,0.1082731819153
"PATL1",0.500504886952479,-15.3945926458671,3.37884129327678
"STX3",0.444208896727111,-12.100574383743,2.38487233615665
"MRPL16",0.926398864301703,-10.9416837302637,2.63879091760914
"MS4A6A",0.138774253677908,-8.35925753332958,2.17712398703477
"MS4A4A",0.195372893491651,-22.9852591908563,5.78261458615875
"MS4A7",0.193451186561862,-19.0883036989062,5.18477363051588
"MS4A14",0.140238605652458,-20.3068069058498,4.55106733598456
"MS4A1",0.137781380240036,-1.58853692468469,0.149803759157184
"CCDC86",0.706073413297169,-20.4538047063666,4.72845697153826
"PTGDR2",8.21232075721033e-05,-25.1877473747955,5.72327014445949
"PRPF19",0.332709859407075,-10.184626283072,2.25794403588434
"TMEM109",1.02991910396547,-9.41747837411265,2.21112988586272
"SLC15A3",0.497883292082668,-13.0826721120801,2.7962639234693
"CD6",1.1767887174348,-7.11218668826571,1.49116382213455
"CD5",0.435181658488089,-9.09772774470324,1.96076604451236
"VPS37C",0.0680403181778174,-17.9801093711163,3.97923407096764
"DDB1",0.791790666921983,-11.9344330619429,2.7302619273593
"DAK",0.119166068728233,-13.4338712117508,2.88191194048269
"CYB561A3",0.381190521293187,-6.85369716136702,1.38856830701366
"TMEM138",0.238341530568981,-9.12821014803792,1.95206938703238
"TMEM216",1.31284503552633,-8.82100083583039,1.70416988174135
"CPSF7",1.22736153743245,-8.34291293930375,1.52748329652305
"SDHAF2",0.559811149837081,-7.43213940802622,1.64311441460809
"TMEM258",6.231629657693,-8.88944734570867,2.37048288607798
"FEN1",0.439198581708249,-23.6051204918128,5.8213634643173
"FADS2",0.4061664069286,-9.71728242789524,1.65162299305314
"FADS1",0.0132483042744297,-9.04131881299865,1.61529239984143
"FADS3",0.268413702131329,-10.3024883490696,1.75302923328077
"BEST1",2.50501037951553,-7.49832740272145,1.66989580964705
"FTH1",0.85029119216915,-8.97453856352085,3.54268755236675
"AP003733.1",0.133259917183799,-12.5835022910594,2.84870106580154
"INCENP",0.15746765447059,-16.9804641829625,3.29049410516207
"ASRGL1",0.183926533983791,-16.9862911842686,3.82168018345694
"AHNAK",0.805855093538836,-9.64997846429926,2.57634655811893
"EEF1G",2.73315722633859,-8.02170771672652,2.02469587463886
"TUT1",0.599231808369735,-9.20819098748943,1.56443654604091
"MTA2",0.204726937991741,-12.2877047903651,2.39244161917425
"EML3",1.249152070986,-9.30436249618192,1.90295654678402
"ROM1",0.115313568226614,-14.1879405692595,2.43845696456229
"B3GAT3",0.474652681656906,-7.17849209282246,1.44144884260034
"GANAB",0.289952491790554,-12.6783098323212,2.90922745236317
"INTS5",0.834121657741517,-6.14086891024164,0.779415871826503
"C11orf48",1.23425835397619,-10.0796186783693,2.44395991647767
"METTL12",0.331661439506763,-7.62235281235211,1.39272428238004
"C11orf83",0.896579295496634,-7.26406279868868,1.43698098826877
"UBXN1",1.42256579593261,-6.3422326612008,1.83042186168357
"BSCL2",0.307912956920385,-16.4199539099116,3.42113581423336
"GNG3",0.00610582958096556,-4.92621143594129,-0.147040837037966
"HNRNPUL2",1.02529792985986,-11.5770290206936,2.53154401386571
"TTC9C",0.896855991849752,-12.2705672037814,2.65522900944067
"ZBTB3",0.16888260342326,-0.324825829399304,-1.59552285989964
"POLR2G",0.846206075565037,-8.36426017665992,2.14381173650821
"TAF6L",0.0392638640738966,-13.593200227668,2.89667037261596
"TMEM223",0.551601769606416,-11.8661734435984,2.73800361405098
"RP11-727F15.12",0.0557372303044025,-12.8882059651384,2.40622982074896
"TMEM179B",2.90720499587628,-11.1158018055795,2.78899684274103
"NXF1",1.60286436417652,-10.4891975089977,2.33562374360919
"STX5",0.807044261349938,-11.4601250030511,2.80199896216973
"RP11-727F15.9",0.12936728703502,-6.10378245625674,0.832487878962341
"WDR74",2.15087610492539,-9.0452205526475,2.03445148206853
"SLC3A2",4.32012727051162,-8.96533277340977,2.15248200297778
"LGALS12",0.0207765800488064,-17.4873873008484,3.43729203592058
"RARRES3",1.06561602254995,-5.64413558283237,1.62757961306264
"HRASLS2",0.0204987101825439,-30.537527643377,7.32118591259
"PLA2G16",0.31727457613443,-6.97494928520143,1.16095634335065
"ATL3",0.400872659730307,-15.1309001751195,3.37035983028766
"RTN3",2.00041432156594,-12.3034746030402,3.06115188335735
"C11orf95",0.108990870998525,-9.21514699167912,0.927047392896573
"C11orf84",0.125560049061375,-21.9237196703925,4.67290252763495
"MARK2",0.61830484206537,-14.1709017136881,3.07863208472314
"NAA40",0.394223770438959,-6.67710959607134,0.558362794694576
"COX8A",2.80424068690253,-11.8768807736564,3.33883837108428
"OTUB1",0.969344783105071,-10.5992300987241,2.6574549230827
"MACROD1",0.487743276307993,-10.6879858509202,1.80746347311479
"STIP1",2.58694620595812,-10.5039561910841,2.32484692641876
"FERMT3",0.354391018556149,-8.21846144556507,2.04228534501137
"TRPT1",0.738729014419715,-11.0335478898487,2.36808176392514
"NUDT22",0.832196327643969,-12.9561225023308,3.15652807793479
"DNAJC4",1.50642940637254,-10.2870361045823,2.45637775054041
"VEGFB",0.50178231925213,-9.38964400570368,1.45558258250955
"FKBP2",0.40669698143526,-13.1774590990619,3.38728976122803
"PPP1R14B",0.142772759661308,-21.4403812449903,5.19720024394973
"PLCB3",0.131616456911527,-15.199503202153,3.06723172493353
"BAD",2.4581232667987,-9.14787490453012,1.99340207753611
"GPR137",0.784553490341381,-16.1398812043845,3.63495374619706
"ESRRA",0.812942564565246,-11.038143453819,2.08564367444145
"TRMT112",2.11269391930694,-8.0837483529155,2.20638152367362
"PRDX5",1.70361797434036,-8.1816619785999,2.21653936320489
"AP003774.1",0.6028164723604,-7.93704817852807,1.26359686896914
"CCDC88B",1.071521143231,-5.26113687657281,0.596437804256714
"RPS6KA4",0.744698939666199,-17.9956109275985,4.37894545952315
"AP003774.6",0.166165247953256,-17.3269387269435,3.74227852435176
"AP003774.4",0.0741438875848353,-16.7550413938137,3.08871086939334
"RASGRP2",0.821780549038397,-7.285456166914,1.83046793232395
"PYGM",0.14972079358906,-1.28095254171641,-1.37201603453507
"SF1",3.86580806864128,-7.2244805636346,1.86802098681985
"AP001462.6",0.0105603370808518,-0.296183773090303,-1.67243774631136
"RP11-869B15.1",0.127055488548454,-9.60611845098018,1.08885320704837
"MAP4K2",0.655551149473611,-8.8773226227989,1.66558355365496
"MEN1",0.542108199719971,-9.4619751263181,1.62178743220685
"EHD1",3.22117762658887,-7.90885139295535,1.72260830499981
"ATG2A",1.10953993493384,-9.22597496285336,1.86780285295728
"PPP2R5B",0.63922348205879,-15.3196719759306,3.24506200329922
"BATF2",0.0885799917692576,-19.4996316941474,3.93482027946809
"ARL2",0.339299554715334,-7.79368687108815,1.73921630712525
"SNX15",0.824714150660459,-14.9125690376296,3.2751341375968
"SAC3D1",0.51815492450706,-16.2667254067499,3.76037945953541
"NAALADL1",0.323279552196553,-2.89623681350879,-0.202372476866377
"CDCA5",0.000220210603644031,-35.6937253986391,8.586324951839
"ZFPL1",0.988663140618434,-14.2953027350418,3.32254167541622
"VPS51",0.686946558564125,-8.99244796662122,2.10944486299209
"TM7SF2",0.762563273317743,-6.17846243206746,0.602478349310243
"ZNHIT2",1.29998055266218,-10.3028560348969,1.97442066891492
"FAU",11.7136506697206,-5.26617474826567,2.13586471608853
"SYVN1",0.0480254141583966,-2.36926749012513,-0.241548428234112
"MRPL49",2.15162764359854,-9.0280583969017,1.89626299368875
"AP003068.23",0.166938874318078,-28.3550903251887,6.47941349224703
"CAPN1",3.18496262404112,-9.23435110449998,2.14236925969014
"POLA2",0.406940616318148,-15.9337963854467,3.3396722595511
"CDC42EP2",0.288210351180973,-16.2024837487131,3.57152822810927
"DPF2",1.7204369635144,-9.00763001896209,1.81165608186774
"TIGD3",0.161642011404781,-5.14952199323402,-0.166379087625128
"SLC25A45",0.534696286656596,-6.80129575484905,1.26837550818032
"FRMD8",1.39959303815733,-11.5292423273775,2.45566481860761
"NEAT1",1.34642349607003,-9.36806056038715,2.91757204696901
"AP000769.1",0.0673877771078898,-20.9728238813201,4.35743053016637
"MALAT1",3.23113112280363,1.30993938824052,0.830916637629941
"AP000769.7",0.0877318939303743,-14.1212926472206,2.4189588390548
"SCYL1",1.77180842398421,-10.4778073077849,2.1864812961122
"LTBP3",0.968074298154899,-8.63986178510217,1.58070976288989
"SSSCA1-AS1",0.091521159749337,-9.7102850231019,1.01993150429932
"SSSCA1",1.48701347637274,-10.0528457699144,2.27463663380784
"FAM89B",0.43035176297232,-13.579989873008,3.3374312807731
"EHBP1L1",1.17276361199531,-13.3138077898987,3.00734239865311
"KCNK7",0.131960514063036,-20.1676040263981,4.20922596454894
"MAP3K11",0.604442015732495,-11.4081009999876,2.57825588113789
"PCNXL3",0.125191674981979,-12.8267401312815,2.38824181122232
"SIPA1",1.22908290478394,-5.06052095407142,0.836555020685158
"RELA",2.72146395720186,-8.29602223227478,1.63777883561727
"KAT5",2.33052659587081,-7.53122603427903,1.41724580444712
"RNASEH2C",1.72882323245128,-9.30115026420688,2.28273237840174
"AP5B1",0.27642650284471,-12.5956642840761,2.57559480665567
"CFL1",5.36708449122154,-9.11678139461217,3.09587912120746
"MUS81",1.2435846247545,-9.40064049070998,1.83659304056148
"CTSW",0.263542973718317,-0.280230061238816,-0.008823990191994
"FIBP",2.34539442663468,-13.3355030919287,3.46472423923335
"CCDC85B",1.59640755706333,-9.03445809417547,2.46974743650067
"FOSL1",0.0848816148949729,-24.5498343626217,5.3220985016541
"C11orf68",0.128130763512193,-6.69130518392059,0.709328576440411
"DRAP1",1.5933889269006,-10.5382898972922,3.04895851015878
"SART1",2.75966525091284,-10.5911793758032,2.39217535026867
"EIF1AD",1.11992187645931,-10.0958428887478,1.9564717430463
"BANF1",6.18381842191418,-9.38640105011468,2.41378901734276
"CATSPER1",0.244212672832091,-9.0764727106497,1.73000905184908
"SF3B2",1.35527648793087,-10.1123683353736,2.58262939752751
"PACS1",0.100820105194271,-3.09118010462007,0.106399195680214
"RP11-755F10.1",0.0740332423142548,-15.2047733175685,2.6372705762169
"KLC2",0.631221374871276,-10.8945600067795,1.97641068050834
"RAB1B",0.257334251232348,-15.315767041542,3.76195885903458
"RP11-867G23.4",0.11332738803432,-11.3235644733113,1.55141594892538
"YIF1A",2.80204932367072,-13.5771016067975,3.34269309322498
"CD248",0.106654324832494,-15.12839872683,2.66819254773727
"RIN1",0.35889686701465,-16.2297491463875,3.65127144175746
"BRMS1",1.99441619838446,-11.4108994268536,2.78051573307041
"B3GNT1",0.222742619140604,-10.6271771411663,1.83023278973095
"RP11-867G23.8",0.103703521874378,-16.036359463527,3.05067980150399
"SLC29A2",0.215116380983798,-12.7671774575691,2.18017127650669
"MRPL11",2.86603458911519,-10.2634622915716,2.53259560792703
"PELI3",0.237353597262678,-21.6765701867157,4.79984076607884
"CTD-3074O7.5",0.520486638683313,-8.88916238920935,1.44657637707658
"DPP3",1.37306539379935,-13.9525912855735,3.12687443114423
"BBS1",0.213137578683557,-11.2853811696451,1.76815106191686
"ZDHHC24",1.90500663006399,-9.60202996993788,1.97425565032099
"CTD-3074O7.12",0.138430295497915,-16.1161681556296,3.03964352411509
"CTSF",1.34987442614802,-5.77274571695053,0.650357109309072
"CCS",1.48218106562757,-9.79468009282238,2.24748371919587
"RBM14",0.532072954397977,-16.8256455738159,4.23094113508094
"RBM4",0.256040685200966,-10.6655041348314,2.56381083664318
"RBM4B",0.45549656605964,-8.32682297977322,1.34131722336433
"RP11-658F2.8",0.250280495986941,-10.2011068789846,1.47015567515836
"C11orf80",0.367946898446112,-10.1664522680044,1.59337571558292
"RCE1",0.0810943188310415,-9.06412882314403,1.83226706228534
"RHOD",0.112357626236207,-25.4950307018229,5.58823070744595
"KDM2A",1.971792379249,-8.13426045020158,1.59881356318561
"ADRBK1",0.872841502368015,-14.5320343754716,3.64288690053354
"ANKRD13D",1.72685126162443,-11.8889829315189,2.72180120638039
"SSH3",0.076539593329176,-19.0305077387363,3.97421971413039
"POLD4",1.70236146927606,-8.8585422836562,2.41347614222616
"CLCF1",0.0770599047941303,-12.7585653538888,2.41521352147603
"RAD9A",1.52259975721668,-8.63434528151657,1.68940806491267
"PPP1CA",2.82016849030742,-10.7951700140308,3.14900838723135
"TBC1D10C",1.45586241252067,-6.12362858720763,1.55017459720052
"CARNS1",0.141818194382603,-10.8655211878781,1.50111268638291
"RPS6KB2",1.551738956202,-12.9460447328181,3.17540579107531
"AP003419.16",0.153709824349823,-2.69584720518035,-0.906541155056627
"PTPRCAP",1.15149500795724,-1.01752355067465,0.464689051032961
"CORO1B",0.32628838338465,-12.2287126262165,3.20000809784002
"CABP4",0.089700341363291,-6.18015061683198,-0.0334223421343194
"TMEM134",2.91615440660546,-11.6821150985547,2.87438752763551
"AIP",2.43312603871605,-10.6737890686201,2.68884945353919
"PITPNM1",0.0877915314439279,-15.7952183428765,3.54472297128539
"CDK2AP2",2.09783677065374,-12.0761253727038,3.07587430242374
"GSTP1",0.528222187716057,-11.7868298204656,3.56118425911123
"NDUFV1",1.71143063857382,-11.6775848222396,2.90067737354429
"NUDT8",0.49270951725761,-14.8641800563858,3.02929816938112
"ACY3",0.0269447109225231,-33.219606954999,8.21327204862535
"RP11-119D9.1",0.179722965708564,-6.48120869100545,0.26439730289873
"UNC93B1",0.807925578854009,-16.424170266264,4.14908083984635
"ALDH3B1",0.334891832298147,-18.3943973673924,4.38481049987616
"NDUFS8",1.16984806682315,-9.82091255851495,2.55962915808623
"TCIRG1",1.51006300333572,-14.2413581815731,3.55334947575704
"RP11-802E16.3",0.327155747923576,-16.7511211448592,3.71042771655437
"CHKA",0.252853391205565,-14.4798163511201,2.88321953765695
"SUV420H1",0.929334256926933,-8.3960064025982,1.50256596090139
"C11orf24",0.451691783743276,-11.1348446546978,2.20581888161501
"PPP6R3",1.51115795920547,-12.7936692381374,2.84337912088505
"MTL5",0.45105479214103,-16.1720877957516,3.40867012029884
"CPT1A",0.0907644852317077,-17.780436556924,3.73964748415707
"MRPL21",0.738944324866212,-9.74741303785049,2.40578353392129
"IGHMBP2",0.360895955922036,-12.3018468807872,2.20782224573558
"TPCN2",0.582111769393154,-21.0881831863164,4.85854909181367
"CCND1",0.148408723734778,-12.4555574047567,2.004229875923
"ORAOV1",0.333293696880535,-9.56926786888373,1.72751585349006
"FADD",0.655315734212775,-8.43872762852093,1.46809127660469
"PPFIA1",0.578423123372935,-9.57945570912024,1.54860924259137
"CTTN",0.00664035789153454,-13.0293623080893,2.17269236388938
"DHCR7",0.357621680672865,-1.62441888467551,-0.989245434928512
"RP11-660L16.2",0.626558412630984,-6.78251211424779,1.24407760294147
"NADSYN1",1.25731430407942,-11.2810079662703,2.41688985644453
"FAM86C1",0.348689372622691,-9.43948275181611,1.35044441314662
"RP11-849H4.2",0.457228591224181,-17.7106199969237,3.80664361929131
"RNF121",0.353201237569181,-14.848532294547,3.24169606929914
"IL18BP",0.59580784902067,-10.8200967341698,2.03906118143296
"NUMA1",0.789882098582817,-10.1116131984924,2.04290953272774
"LRTOMT",0.129225507287165,-17.0262679223714,3.26506446493791
"LAMTOR1",1.140366121683,-9.06035707433315,2.48098519624879
"ANAPC15",1.92665301558819,-11.3053421505152,2.75531320657195
"FOLR3",0.0749440013633863,-8.05453975823778,1.69083012769286
"FOLR2",0.0929105605965758,-17.7653834764414,3.78215336714093
"INPPL1",0.426404119140078,-9.76831912896129,1.75667464420162
"CLPB",0.346468933906433,-10.9860044961254,1.79174558752704
"RP11-169D4.2",0.42790736044441,-1.67195643213928,-0.919585123121869
"ARAP1",0.212087162828749,-14.4902803218839,3.44226907286475
"STARD10",0.334823919547551,-9.70375523535939,1.41342346794907
"ATG16L2",0.313938519235702,-14.1900763157387,3.43820196366666
"FCHSD2",0.878495955521599,-6.19338330935863,0.802475157075513
"P2RY2",0.176546075251483,-20.2745422654841,4.37885782966006
"RELT",0.218529974615751,-19.1484056619986,4.80237946764063
"FAM168A",0.135849744090247,-14.5980431427758,2.91763367529659
"RP11-809N8.4",0.0268106922601795,-17.1810228604847,3.44078991284233
"PLEKHB1",1.57940982681557,-8.80566903819757,1.63265454376791
"RAB6A",2.83286151783132,-10.4354780160641,2.41985555307526
"MRPL48",2.02346043568684,-11.399797816949,2.67883374832521
"COA4",2.43411918862673,-9.29034576890216,2.11693175211126
"PAAF1",0.472268566358862,-12.1249959880253,2.52869691816742
"UCP2",2.03414899148607,-8.37764652050752,2.49133455734399
"UCP3",0.161805738426456,-4.56555184325804,-0.341996028585248
"C2CD3",0.156465095603565,-18.6439335811419,4.1315343929539
"PPME1",0.426655367341325,-15.023367339222,3.18232879787928
"PGM2L1",0.0126532638043936,0.635163592862292,-1.17465963435789
"KCNE3",0.53163802174483,-13.8742601059682,3.02259002270194
"LIPT2",0.077790322273578,-5.83553103724485,0.454209935890686
"AP001372.2",0.271645196133502,-10.7250278231801,1.64517214107506
"POLD3",0.659352313963934,-16.024591073785,3.56645802736692
"RNF169",1.02743808752879,-8.96149366020191,1.52384427116875
"XRRA1",0.174387733692426,-6.75733135441244,1.20024207984668
"SPCS2",1.4392959454229,-9.66750727423161,2.58970220761291
"NEU3",0.158884474525611,-14.378926463261,2.59852613559575
"ARRB1",0.432496215918654,-17.0247532648476,4.11185379505521
"RPS3",4.66899014191005,-3.53734513815903,1.9232821491105
"GDPD5",0.506663181994361,-8.4050696187673,1.14377845221671
"SERPINH1",0.349003360866337,-12.599616573004,2.28080230618764
"DGAT2",0.219297841237719,-17.8344873482863,3.67786359719893
"UVRAG",0.592238431124421,-10.4185244589406,2.1666580955859
"PRKRIR",0.378689894786385,-12.4285626975821,2.42625020723796
"RP11-111M22.2",0.173831576410744,-7.73325829231624,0.638151936141949
"RP11-111M22.3",0.078864958433862,-5.10457352801929,0.288913587533863
"C11orf30",0.45366789802602,-9.41209597763238,1.66184998791696
"AP001189.4",0.0102638701008897,4.05844388394568,-2.70075398960644
"ACER3",0.330755456376833,-19.0028563818073,4.2900653377198
"PAK1",0.729985550507761,-18.2854536394116,4.52596871098886
"DKFZP434E1119",0.165964850871573,-10.6464042200365,1.47117925394615
"CLNS1A",0.632679880592237,-10.865438424769,2.85109442618472
"RSF1",2.1231203338283,-6.63178276908383,1.38459198142509
"AAMDC",0.703638155757555,-10.6356741631734,2.12571941168571
"INTS4",0.695168276166008,-14.08925024791,3.0767646087296
"NDUFC2",1.61845970561816,-11.5695753648089,3.08534736037398
"ALG8",0.48597415143564,-13.80856287696,2.97330529107597
"KCTD21-AS1",0.108779738159013,-2.1063534734285,-1.20842522462706
"KCTD21",0.263191273698728,-16.9544474028568,3.46496866721368
"USP35",0.179907923057932,-7.24359618603303,0.492151819735764
"GAB2",0.167269400089515,-19.9272571006996,4.5279343858619
"NARS2",0.756662071925214,-10.5938456733631,1.92346424150753
"PRCP",1.23667771136149,-11.8554228805691,2.76411891707392
"C11orf82",0.0775568890415305,-19.2690294644784,3.86846457825742
"RAB30",0.0961025800982672,-4.35997250138006,-0.0225861313280835
"RAB30-AS1",0.753250957782298,-9.65855146337018,1.80121947392954
"PCF11",2.23760191109785,-8.00720430448185,1.51262334815509
"ANKRD42",0.512633519829146,-13.2780348847359,2.59786051009668
"CCDC90B",2.00214537684582,-10.2161703990981,2.37488879683859
"TMEM126B",0.420295410969907,-10.0296943014618,2.39353987115396
"TMEM126A",1.82536312146468,-10.5262964416081,2.39640539533376
"CREBZF",1.09284487087606,-7.8740329112422,1.289942879819
"SYTL2",0.0446684413145069,-3.63140043185981,-0.113372865290119
"PICALM",0.117621479154727,-13.5503693546001,3.15716543751742
"EED",0.872937687548484,-5.25551241066875,0.523113717655814
"C11orf73",3.30656904947788,-9.25640042877435,2.16465846935388
"ME3",0.147811742753716,-13.4258577939462,2.25441366176757
"PRSS23",0.10058145290962,0.504635116355232,-1.07675681163856
"TMEM135",0.0919129511067036,-13.2619808334812,2.45968282090444
"RAB38",0.19513667108115,-3.24347659069644,-0.680174351632831
"CTSC",0.676079485304914,-11.9947402503011,3.2906239161686
"CHORDC1",1.22532958189499,-8.51045725423925,1.62664702721035
"SLC36A4",0.762377210611212,-12.8884459409906,2.7981419310428
"SMCO4",0.330965762049328,-15.1484398093798,3.88615508890015
"KIAA1731",0.152799128836564,-8.73031695242065,1.22937040516947
"TAF1D",0.670044041203261,-6.97528096567036,1.56685941189993
"C11orf54",0.481632083545312,-15.9904974265267,3.48396147504691
"MED17",1.10967284011758,-9.75364890789002,1.99943097065259
"PANX1",0.283176946322051,-13.2894020945764,2.62900867865178
"MRE11A",0.0458377774231138,-5.24106839917409,0.466604888250452
"ANKRD49",0.113684750283475,-10.2635915219533,1.91755317486555
"PIWIL4",0.103930248611943,-20.8182467302637,4.26098706991744
"FUT4",0.0589233956076124,-12.2392130397207,2.12746130044839
"CWC15",0.39651170320758,-10.1152246480074,2.55721870085966
"KDM4D",0.0924139763682138,-11.4815829448351,1.54424144116592
"ENDOD1",0.435087956512914,-13.3798488630685,2.68080089630332
"RP11-712B9.2",0.269789725738417,-8.95204446209383,1.12089846879624
"SESN3",0.642053687579819,-13.1658245210479,2.8438091132967
"FAM76B",0.160967537941219,-13.4225056705472,2.80601394505279
"CEP57",3.13138908866375,-10.4134029445984,2.40166893155272
"MTMR2",0.59652360903214,-9.16165652638296,1.45018482155279
"MAML2",1.0237834204769,-10.4065861428861,1.97394143834166
"CCDC82",0.900374328993332,-6.43021879599073,0.982134086929163
"JRKL",0.307156618235823,-8.20251282257632,1.16635002285877
"KIAA1377",0.0341555497834348,-4.26450073910687,-0.299628594682986
"BIRC3",0.339551476785289,-4.53937192655558,0.824493150763856
"BIRC2",2.36910129508562,-10.7829508845484,2.36499536487699
"TMEM123",2.77929721066568,-6.63089906760129,1.82948909182278
"RP11-315O6.1",0.064240897443306,-13.4802406957762,2.13252419299379
"DCUN1D5",1.56962926618521,-12.0309930206327,2.73494429393497
"DYNC2H1",0.0897338850842863,-6.75372641162493,0.138508622163732
"PDGFD",0.1239884497125,-3.14299690204564,-0.462752037851371
"CASP4",1.08321802587037,-9.28666433488835,2.51764830691291
"CASP5",0.0776339890765367,-22.0823172485928,5.03013616728366
"CASP1",0.975792069645869,-12.2446201503961,3.35115271440859
"CARD16",0.966651152374788,-12.6514051200756,3.4928285043131
"MSANTD4",0.383430890153856,-15.3102663710337,3.09940864409358
"KBTBD3",0.140590196381467,-7.7176985254849,1.0871660329287
"AASDHPPT",2.18778443789243,-10.6514202099259,2.31183463888938
"RP11-819C21.1",0.0688471597128988,-1.64419365802213,-0.998801626665948
"CWF19L2",0.516547914338234,-6.82696708470283,1.14664591772079
"ALKBH8",0.113280058074114,-15.336682235876,3.10708080999029
"SLC35F2",0.200270273495044,-16.3564094734103,3.41561028532534
"CUL5",1.20102934601463,-8.18145158748903,1.39926208362741
"ACAT1",1.39090004374858,-15.3355635869001,3.72763989296418
"NPAT",0.98399358959901,-7.50753656399839,1.2490188184891
"ATM",1.01217070158675,-5.83425149246107,1.20091180788174
"KDELC2",0.144139096348572,-11.9924633193501,2.16821958013037
"DDX10",1.12477025359801,-13.736441141334,3.01722005091303
"RDX",0.424628040469338,-7.44010450431284,1.17260959964505
"FDX1",3.56099973216635,-9.88294309067575,2.40911084928485
"POU2AF1",0.0923704893573609,-11.7250088708102,2.46506354448874
"LAYN",0.143870261750011,-4.83414745929759,-0.29661057963964
"SIK2",0.424711433399785,-13.0400879221937,2.5283465728103
"PPP2R1B",0.0562664150418516,-10.107003734818,1.71276614565169
"ALG9",0.154383816201634,-18.0832171818014,3.6435231351971
"FDXACB1",0.060107461772253,-7.97846531203617,0.886022838097362
"C11orf1",0.488461321285965,-10.4320029508141,2.0206504989663
"DLAT",0.477077464701417,-14.0542740264902,3.05368600057733
"C11orf57",0.325614981820843,-12.1671618514763,2.54488924424551
"TIMM8B",0.979304265659386,-13.251077656079,3.3071982383879
"SDHD",4.1492721084182,-11.9411059702942,3.08535423715412
"IL18",0.399896102200424,-14.3967831009665,3.00032129846918
"BCO2",0.17715954635354,-8.16446792641821,0.766543469513188
"PTS",0.384079050442221,-14.2512275509257,3.10196509505689
"NCAM1",0.251665927465114,-5.75760314476085,0.148539619713786
"TTC12",0.320607255910277,-10.537808716791,1.64372775047907
"ZW10",0.63190955699802,-12.2681408105424,2.39394257980632
"USP28",0.432785187677312,-12.9880265863184,2.76046656916213
"HTR3A",0.0748991533613299,-21.2347836675235,4.43233685336196
"ZBTB16",0.290460021525888,-3.19050984409998,-0.175123211382471
"C11orf71",0.402718997468491,-12.6179520383714,2.49626367739307
"RBM7",0.0879715316799716,-5.94568739445547,1.08760091566355
"REXO2",0.240813741039357,-9.14270786054798,2.14337132644649
"CADM1",0.0120362501935716,-13.9019964347926,2.39386212714095
"BUD13",0.852828629201049,-13.2105156635766,2.808162239931
"ZNF259",0.91666690185993,-10.2148442643266,2.2462758183816
"APOA1",0.0899094007993691,-7.71419361004598,0.425722908975362
"SIK3",0.566138111144195,-12.5736875303579,2.53542528819317
"PAFAH1B2",0.58286180793904,-13.2848063158726,3.00620977652967
"SIDT2",0.779872836072683,-13.5321879566203,2.92309641985549
"TAGLN",0.102772883601657,-14.4532604101692,2.83659988537378
"PCSK7",0.381183091250543,-1.66667390274615,-0.0125886043685694
"RNF214",0.302518022141953,-7.64148402210339,1.28256988210447
"BACE1",0.170264334288178,-14.7483696367172,2.67561485697283
"CEP164",0.157670628726875,-10.765358399517,2.25331678453471
"FXYD2",0.0558686521767997,-7.76621351617235,1.02883759432706
"RP11-728F11.4",0.0900684282897252,-4.10236179867838,-0.658898712051078
"FXYD6",0.0874228212045212,-14.532037383809,2.99975521815324
"IL10RA",1.36470384452881,-7.30984619092133,1.77000703273872
"AMICA1",0.849299371105369,-10.7216546231297,2.88635227974917
"MPZL3",0.443840729588238,-12.8776774196984,2.42754592510653
"CD3E",0.852720089224682,-5.06330489154541,1.52081862589552
"CD3D",0.683224253600566,-3.86210402548855,1.26786383410922
"CD3G",0.790281212788942,-4.24399690927115,0.897781677239073
"UBE4A",0.664183299164452,-10.1284173122028,1.96239594559783
"ATP5L",3.58982928338834,-8.06070497375871,2.50356591740881
"KMT2A",1.8138988840729,-11.1291443183002,2.54814615374446
"TMEM25",0.452208360097344,-6.63907329293158,0.585135325222452
"IFT46",0.066656824138091,-5.08915517896584,0.0397569824477037
"ARCN1",1.34741053802236,-10.3906022307868,2.1535357530421
"DDX6",1.44618040428235,-5.65536233348671,1.10408707423792
"CXCR5",0.828478213700752,-1.62456985681061,-0.737040651208284
"RP11-158I9.5",0.143437033254596,-15.3597216396842,2.81952313806796
"BCL9L",1.34542975382271,-8.82093482558911,1.55823451524398
"CCDC84",0.798857255903481,-12.0503999294122,2.54347383077431
"RPS25",4.99365312285135,-3.92971095688398,1.79406621971256
"TRAPPC4",3.17928466684134,-10.9960039214056,2.66270848177084
"SLC37A4",0.238967196084704,-8.45748656454611,1.20799719593376
"HYOU1",1.08475626082879,-9.37167784424068,1.69179002373602
"RP11-110I1.13",0.130341689476748,-17.9425909803414,3.53031544503751
"VPS11",0.77684452979632,-11.5240635969456,2.34898398105253
"HMBS",0.576166441429303,-15.9501685963232,3.57054047260463
"H2AFX",0.514766390043323,-19.2887650181658,4.6740712451875
"DPAGT1",1.20688920046233,-14.9871254094642,3.40766795344204
"C2CD2L",0.267397927643524,-15.4163144739782,3.31775648773622
"HINFP",0.349324552570406,-14.0612089282679,3.0181457271266
"NLRX1",0.266176318926171,-8.71517007693623,1.05064359150118
"CBL",0.505641788853372,-9.44594412110647,1.87846834306622
"RNF26",0.0651860168060053,-6.43945604493252,0.810211625154617
"PVRL1",0.17599648470761,-15.6666781262182,2.94318432724812
"OAF",0.0582326365513904,-13.8895322603828,2.76638619613766
"ARHGEF12",0.0739149156205835,-11.1896692739348,1.85170258475073
"TBCEL",0.209251091637532,-12.9129525622869,2.22291931990969
"SC5D",1.03555953503421,-8.66663969311505,1.44675984716281
"RP11-730K11.1",0.144351198341261,-8.99908010207988,0.948319692527445
"SORL1",1.12096088297279,-6.48484367333918,1.33873755075977
"UBASH3B",0.424351781762971,-16.413277192669,3.60613663289427
"CRTAM",0.243128518437084,-7.71627529967311,1.22764867901629
"C11orf63",0.133703839500796,-21.2168906505922,4.47126966413473
"HSPA8",2.84035032786851,-7.93963297248305,2.4710717560783
"AP000783.1",0.319931474276764,-25.7841635355023,5.97685958496479
"GRAMD1B",0.133608810327292,-18.1747681086531,3.63595099380794
"ZNF202",0.249065656199442,-9.6950852086791,1.32054272897494
"VWA5A",0.356120513348141,-11.7705815248176,2.06557724273441
"TBRG1",0.840305053933698,-9.56951876184045,2.16405417038858
"SIAE",0.173408348797311,-15.3287717423516,3.04648318392482
"SPA17",0.173301908429913,-10.7282706100919,1.55461642745235
"NRGN",0.0366410946345877,-10.8390762608276,2.33510142017767
"RP11-677M14.2",0.114758901147039,3.43511208166099,-2.91037138558147
"VSIG2",0.100813843790415,-9.89835630428519,1.12979890657963
"ESAM",1.15539872964613e-05,-29.4321494806178,7.12513836528218
"MSANTD2",0.061386976284487,-9.74418212513903,1.40939115164725
"ROBO3",0.192447055780516,-14.0003980768675,2.5645965195266
"CCDC15",0.121300409865905,-15.4867784832404,2.77271458019319
"SLC37A2",0.125430201236846,-15.7237088206217,2.95977591111632
"TMEM218",1.10184602838229,-13.7508818483532,3.12175916033505
"FEZ1",0.307697048833938,1.23478588598265,-1.92889558977225
"EI24",0.413234466882645,-11.6767145834437,2.74100636007352
"STT3A",0.0615077688153122,-10.6394806598687,2.08563673060075
"CHEK1",0.125846881042952,-23.3996594435101,5.26714907975969
"HYLS1",0.31959813461012,-7.18328816071275,0.96495356377584
"PUS3",0.707007905656182,-14.1092807851131,3.07403848843417
"RPUSD4",0.0797916320230286,-14.98586938428,3.44429694914206
"FAM118B",0.475045270823753,-15.0342819057386,3.31040909075722
"SRPR",0.28493094122657,-9.16426886693224,2.04084019326648
"FOXRED1",0.689434089193397,-12.0489406008869,2.42103308959496
"TIRAP",0.0396585275651432,-5.0391730183975,-0.0461338060265914
"DCPS",1.11178602123764,-14.5208274516385,3.47494131585719
"ST3GAL4",0.200793771543151,-12.2826516905911,2.48938722393032
"ETS1",0.316171068241178,-7.31216538454508,1.56075920002447
"FLI1",1.77523160495792,-9.89614494746664,2.32729966481282
"SENCR",0.0476757885911812,-8.65951549738001,1.3016901275352
"ARHGAP32",0.128341664700824,-22.3184248998595,4.85669632250603
"TMEM45B",0.168110885177187,-11.671650135022,1.77361312010682
"NFRKB",1.04447370539427,-15.56093299272,3.57029059889678
"APLP2",0.665141445447113,-8.89269743529495,2.17920950057819
"ST14",0.388806301805084,-20.1386747182512,4.47709575409531
"ZBTB44",0.812099975964502,-4.75303935115238,0.298003330604228
"RP11-890B15.3",0.101060951191374,-12.2765522637564,1.83233670875288
"SNX19",0.634481840400364,-9.11082021600207,1.54683444815762
"IGSF9B",0.121830900541946,-15.1924277160469,2.68687528361375
"RP11-713P17.3",0.0977251689873913,-14.6958047120055,2.48858006408282
"JAM3",0.125458069142537,-6.66202432032418,0.211785067796889
"NCAPD3",0.477970411168048,-13.0356718805575,2.49625918738302
"VPS26B",0.178656481136582,-7.49081526711983,1.51861982071859
"THYN1",0.324137448908351,-10.254695620376,2.52581989039767
"ACAD8",0.839980691093534,-10.2135859412104,1.97998861324464
"B3GAT1",0.161778454737256,-6.7401100723387,0.310308995866629
"RP11-598F7.3",0.0439057604488965,-31.2801316914852,7.3787701759306
"SLC6A12",0.00746918273959699,-19.8090852951894,4.02378008058637
"KDM5A",1.38228662459446,-10.8023620532116,2.43310868562353
"CCDC77",0.363003449310474,-12.2888219620777,2.38535867257508
"B4GALNT3",0.146227080146182,-2.59614522107216,-0.972440272520601
"NINJ2",0.330677881029486,-16.4949346000818,3.82958256172007
"RP11-218M22.1",0.0340907666366099,-7.29721933744058,0.7811350102785
"WNK1",0.23034308577267,-4.79253992651144,0.774258852118233
"RAD52",0.099937797682249,-14.1465314769899,2.42634303184459
"RP11-359B12.2",0.0990208306273632,-13.1126475520238,2.07814000183143
"ERC1",0.351633568358215,-12.695032433333,2.30875564910367
"FBXL14",0.0824561800873053,-14.8006529069532,2.69086943200083
"ADIPOR2",0.0259507312720596,-11.2613009732811,2.32277764325648
"CACNA2D4",0.395826796044131,-10.0284795156363,1.95767578293051
"DCP1B",0.346896740543466,-11.2782824178125,2.08150528342231
"CACNA1C-AS2",0.414911197532735,-5.06030838669365,0.0883735133777385
"FKBP4",1.17855677519152,-10.2176154541042,2.17512947081575
"RP4-816N1.6",0.30607546087896,-3.78876965271204,-0.384386368336697
"ITFG2",0.904704431998085,-7.90205470568149,1.52504960667278
"RHNO1",1.96400385067412,-12.128378832529,2.70345915922538
"TULP3",0.0418448291042694,-12.9777611412025,2.39153703655345
"EFCAB4B",0.328751644189465,-11.3434418273356,2.19266595428987
"PARP11",1.50199510433567,-7.96313666927363,1.38683331064048
"RP11-664D1.1",0.368110241729575,-10.2800893684852,2.22820482912789
"CCND2",0.22546603290621,-9.41094391596868,2.01488890062374
"C12orf5",0.924314827957798,-13.7014223812683,2.89269166113811
"C12orf4",0.713281814806228,-10.9207181555635,2.03260434965155
"RAD51AP1",0.0705726790163861,-27.3244280641823,6.26344972544865
"DYRK4",0.466286296376899,-10.4109771125545,2.22195900495779
"NDUFA9",0.655829288391789,-11.2539968653501,2.79085318160041
"CD9",0.0313100904902029,7.44387756267245,-3.17316993808576
"TNFRSF1A",0.276886340330977,-15.4097218224375,3.917104106877
"LTBR",0.405853096490433,-16.1801247588677,3.6862833942611
"CD27-AS1",0.17295338704704,-16.6854646921164,3.81933071901586
"CD27",0.586120123298469,-7.54188578242943,1.92788583418456
"TAPBPL",1.32598110083749,-10.7204712259897,2.37557793799466
"VAMP1",1.00375587946885,-6.26675737208751,0.714474620109221
"MRPL51",0.734777202653053,-11.107442809582,2.89161093515589
"NCAPD2",0.401872850779329,-17.56991878937,3.95285777855341
"GAPDH",1.85725073449957,-10.9531543816625,3.62870084243999
"RP5-940J5.9",0.769902172928183,-14.6498586837992,3.27503381350998
"IFFO1",0.0526709822120714,-4.2022779568599,0.33336342505648
"NOP2",0.230700091716124,-11.8556605865292,2.45382588823668
"CHD4",1.3739204213355,-12.3071483167502,2.87656799575324
"LPAR5",0.0803384696518063,-5.05509880549796,0.363569041390852
"ACRBP",0.000133252005295344,-22.1573146540214,5.50846649625635
"ING4",1.95735095003265,-8.57627773620526,1.8795567475156
"ZNF384",0.469314279904989,-7.81149670828902,1.32028907724635
"COPS7A",1.18112643656846,-13.1824704429874,2.92675596999716
"MLF2",4.01356819919109,-10.6375258374469,2.5953430915629
"PTMS",0.194365663930806,-15.798332920486,3.64214569667757
"LAG3",0.083381400087269,-4.86952476839158,0.491009679400745
"CD4",0.671698832053346,-11.9874550260731,2.95864453779125
"GPR162",0.278706097093892,-16.0549929839025,3.20441302610683
"USP5",0.0956721226598145,-9.73051892737843,2.00569632450588
"TPI1",2.80080089847616,-13.2261381337696,3.87945613545059
"SPSB2",0.275362621459944,-7.91630936734729,1.52393822095024
"LRRC23",0.689904805539061,-15.1881356486704,3.22259486810541
"ENO2",0.193519766435207,-6.20187850328523,0.720620156818183
"ATN1",0.338162175704123,-10.5558171193736,1.66498223702727
"C12orf57",1.09160554069983,-5.66781550984509,1.42703486521077
"U47924.31",0.0995156456905408,-11.5997639099148,1.63291612906157
"PTPN6",1.15257885884121,-12.29940234994,3.38716585003462
"EMG1",0.261317800838134,-7.01430726707845,1.47452360068229
"PHB2",4.09784703318889,-10.7519997413308,2.75191758981282
"LPCAT3",0.561402822632301,-13.9102469369772,3.15218739878848
"U47924.30",0.157061858055164,-10.7050048907626,1.48849064321947
"C1R",0.00532471077522343,-8.33434267588587,0.66504015825332
"C1RL",0.64982313746598,-14.9510048967073,3.16132806239693
"C1RL-AS1",0.259643991912369,-11.2098377967803,1.84172566498294
"CLSTN3",0.0488576653247719,-5.63085101112161,0.41699799209585
"PEX5",0.681612809196264,-11.8452211844582,2.24000440484367
"CD163",0.0904334778127907,-5.9569985403763,0.514343084331375
"CLEC4C",0.0102037446911187,-28.5737650010156,6.74993616293607
"SLC2A3",0.580889591162068,-5.38954231788382,1.30696474518662
"FOXJ2",0.535421642805829,-9.07321786811354,1.36203913248795
"C3AR1",0.222237797989515,-16.8608745844334,3.89055586790172
"NECAP1",1.77368110780036,-8.86328511860428,1.74839516313253
"CLEC4A",0.311709567395395,-15.6846628986297,3.65194944214149
"FAM66C",0.0897171517517808,-6.58144445852863,0.0868992037630023
"LINC00937",0.0657757960960501,-3.20098229752745,-0.311367738417897
"RP11-90D4.3",0.0947928692167115,-12.345764114911,1.79903622631097
"CLEC4D",0.0902167848541986,-11.8460429539796,2.16880616770847
"CLEC4E",0.134991694066684,-7.8034445514898,1.29098460952715
"RIMKLB",0.36345584850645,-8.22520830300481,1.00509326302045
"PHC1",0.467515152775935,-10.1489757407227,1.6593573778946
"M6PR",1.06967199083828,-12.2150398272247,3.24002067014779
"KLRG1",0.156811524325252,-4.37453534820206,0.79987565428783
"A2M-AS1",0.0967679386171008,-6.11655687786249,0.502926471813387
"A2M",0.0837719783459292,-16.7179489747006,3.21437697469055
"PZP",0.117601087129342,-14.4176323604846,2.60982877731652
"LINC00987",0.55272841778415,-8.89479441756662,1.31895648210061
"KLRB1",0.0793702538980861,-4.61124169892828,0.639565347693306
"CLEC2D",1.72286058181777,-8.34745494456171,1.77480102195867
"CD69",0.651423825298453,-4.30168729226683,1.14841871321213
"KLRF1",0.0802050560731071,-1.10753984694226,-0.753733750085669
"CLEC2B",0.148503920718089,-7.33816372263084,1.5868316107966
"CLEC12A",0.219409909580381,-14.6595863407764,3.40021382814599
"CLEC1B",0.0046193073471402,-18.6457549288533,4.09953367171333
"CLEC7A",0.353995615344511,-16.5855627453946,4.14139672231536
"GABARAPL1",0.942133151203922,-11.0449651891031,2.48470509554328
"KLRD1",0.101493878537944,-0.32841014032311,-0.64767941684502
"KLRK1",0.114014068905171,-17.1972926100114,3.26995630669793
"KLRC4",0.184611089743815,-23.1927229851704,5.10466323113099
"KLRC2",0.0226903385878936,-4.27734140920108,-0.173855329577589
"KLRC1",0.0357580536741575,-3.22880881039188,-0.135867636415914
"RP11-291B21.2",0.0659612902479151,-9.40289498227738,1.90938046679082
"MAGOHB",0.467150311548705,-11.1118045094493,2.46121854771428
"YBX3",0.651397922871685,-7.65848613403229,1.64970443367174
"PRR4",0.264463022619958,-5.00236331879994,0.597730598797861
"TAS2R14",0.127504204859035,-11.3524234008281,1.64481437966287
"RP11-434C1.1",0.0607243424896744,-13.0040888975971,2.35166994123846
"ETV6",0.671502008318646,-13.9613448296552,3.09675180028178
"BCL2L14",0.0898404322652704,-7.97003275737338,0.502084476583143
"LRP6",0.125944080461228,-9.3919692790707,1.02532000236514
"MANSC1",0.12775579499813,-18.6214610864939,3.68184053973963
"LOH12CR2",0.109025762115636,-13.4567544375229,2.7990146040388
"LOH12CR1",1.73890131834999,-12.213167235142,2.71050758406893
"DUSP16",0.319689793935241,-14.6137987619693,2.85420795702552
"CREBL2",1.51833208251664,-10.7093652009017,2.3012646575048
"CDKN1B",2.02766416468681,-8.71546420763262,1.98917993889467
"APOLD1",0.249423795431406,-8.31003297430329,1.37396078917079
"DDX47",1.25685560903921,-8.56156767579927,1.46126209816135
"HEBP1",1.68780117166649,-13.5567876552802,3.21623960462915
"KIAA1467",0.0969946711100609,-22.3294231699625,4.7883817043828
"ATF7IP",1.43623271388803,-9.1783885437106,1.79971642610382
"PLBD1",0.142773835473384,-12.8100024262879,3.20144184830955
"HIST4H4",0.649273006730577,-15.4786571365766,3.27458454313252
"H2AFJ",1.23492258390381,-11.3987731313843,2.86556940977373
"WBP11",3.2316618044414,-7.24122370816268,1.44961697168717
"C12orf60",0.110856203871447,-1.06662669842466,-1.52502774802655
"ERP27",0.228105366525981,-14.1941467819835,2.66295105596356
"ARHGDIB",3.70158486861668,-7.68588906659521,2.64929542595762
"PTPRO",0.136518470700418,-15.9248027020649,3.30294159793885
"EPS8",0.299589668203115,-20.8732400995476,4.62640360250778
"STRAP",3.28669909000877,-10.9482656908015,2.75817505492073
"DERA",0.978054094864326,-14.7301628947392,3.50986643177602
"MGST1",0.130594150795989,-10.7672660613256,2.18129122759393
"PLEKHA5",0.276593605492997,-12.0689259267438,2.04071657728728
"AEBP2",0.339251592465087,-7.78667833594566,0.845085154970306
"PYROXD1",0.68056001438911,-11.7398477844927,2.39588294373868
"RECQL",1.73841783249664,-11.5785601748861,2.64516325951915
"GOLT1B",0.358256938824823,-11.768864719467,2.68991656452623
"C12orf39",0.0848183789895552,-9.16224176417502,0.857144227338684
"LDHB",1.32455697167136,-7.37319185468351,2.38558943424173
"CMAS",2.17666500443106,-10.7456373546899,2.38455683405692
"ST8SIA1",0.27270227995563,-12.9057549744743,2.26599366679611
"C2CD5",0.505607317490459,-14.7264100733878,3.12447140212171
"ETNK1",1.45394446547779,-8.77225983330286,1.7541197770001
"BCAT1",0.170365746861149,-28.5841245190833,6.57958117733114
"LRMP",0.713120990708771,-15.5278409177194,3.72928102675955
"LYRM5",0.367717146288307,-8.17143482940326,1.7047833696663
"KRAS",1.99998992289955,-13.3740849564844,3.25974056742069
"SSPN",0.0159295468462914,-10.8573558757973,1.66384911619544
"ITPR2",0.250293270126839,-12.1761178683418,2.2944275556275
"ASUN",0.319229061632739,-10.1300043088215,1.92777216816612
"FGFR1OP2",0.732491178959556,-7.27676582393445,1.67279127754717
"TM7SF3",0.125047394004628,-12.1471056543406,2.76173004462413
"MED21",0.417026058456116,-11.2231153271717,2.09469226797342
"STK38L",0.429547587727749,-18.0936686797494,4.24455754708217
"PPFIBP1",0.105573289926394,-2.69093650553528,-1.03092849732246
"RP11-1060J15.4",0.146520018560408,-10.6488612424927,1.43710162217409
"MRPS35",3.26056726533604,-10.8055098671175,2.5652432523352
"KLHL42",0.752864721866683,-14.2514302917673,3.06323255002377
"CCDC91",0.283578229537062,-10.9338890179991,2.64537388218893
"FAR2",0.465063352538055,-22.1264232652892,5.16188449113199
"ERGIC2",0.890656170865487,-9.53915055346152,1.98736608142386
"TMTC1",0.114227165819718,-19.9629051890742,4.06796257465123
"IPO8",0.424299566241201,-13.7551764339141,2.78203781252599
"CAPRIN2",0.349545529982255,-16.4610743639044,3.41957318587199
"DDX11-AS1",0.125640866662834,-4.88690554378563,-0.320915694122653
"DDX11",0.267198256329048,-9.53807349714728,1.31359492579773
"FAM60A",2.49162159931776,-10.7103805659745,2.43630110957985
"DENND5B",0.010278518628184,-32.5272443411683,8.0813132448775
"METTL20",0.250481379072744,-7.46928226155492,0.659749249666962
"AMN1",0.448770599719452,-2.60398144961445,-0.44805323513406
"H3F3C",0.482665299326257,-8.45206360073457,1.14692823375183
"RP11-428G5.5",0.0282361776664024,0.738093717674231,-1.50456512927441
"KIAA1551",2.74915893197478,-7.50032271726523,1.52497784567382
"BICD1",0.38786278167865,-9.16991194221562,1.29888482110452
"FGD4",0.133315323731682,-19.8853531608009,4.56646588198461
"DNM1L",0.891747177288755,-11.939355078168,2.45004339885454
"YARS2",1.44802840132783,-10.3500798185558,2.08713617738664
"ALG10",0.269364216157965,-3.82613883138009,-0.410829370888799
"CPNE8",0.221832781605337,-12.7900501275472,2.27121760982341
"KIF21A",0.129816316896283,-7.54671389810664,0.963676937091413
"ABCD2",0.144282176690377,-11.7165706333905,1.75215023179198
"SLC2A13",0.00769424504637003,-8.22105290581618,1.29981700411995
"LRRK2",0.206121268481674,-7.97040466790488,1.14209794521046
"GXYLT1",0.662177598364994,-18.0729207722988,4.05528142570396
"YAF2",0.630691962436293,-10.2931472849311,2.2883248216938
"PPHLN1",3.4219381778139,-9.28834085072457,2.29263350995132
"ZCRB1",1.76707286711489,-10.4402878914197,2.46123553266688
"PRICKLE1",0.0110875536672535,-11.1250369985092,1.57773079622629
"RP11-350F4.2",0.126208346847896,-3.87496039232898,-0.625959230654433
"PUS7L",0.756905440871975,-6.1326010564578,0.588808361171405
"IRAK4",0.307841744454524,-9.19036475535984,1.94704340646228
"TWF1",0.599288768378232,-12.0185575348186,2.4646048802708
"TMEM117",0.122127144810197,0.206568282429144,-1.86713027519338
"NELL2",0.193621165795845,-7.98925917029938,1.62358737080618
"ANO6",0.244009269452486,-12.1193848744428,2.27780537570234
"LINC00938",0.979015440562733,-8.53565072318377,1.64966294165411
"ARID2",0.713429389192067,-9.58968672567859,1.88111923688925
"SCAF11",0.861141413489768,-7.51059290482939,1.73010610629649
"SLC38A1",2.32814532303708,-5.94942266947656,1.17453965104159
"SLC38A2",0.78288356099707,-8.90456883864953,1.96237447357486
"RP11-446N19.1",0.17933690299378,-4.51716390847968,-0.324848127759818
"AMIGO2",0.614617938958392,-16.0711101833257,3.41942865453563
"PCED1B",0.402952611776204,-7.5181713341347,1.42538350216991
"RP11-493L12.4",0.00105946292843121,-0.85937840761096,-1.32998954794332
"RPAP3",1.09982812212908,-13.1163528847238,2.89586876513541
"RP1-197B17.3",0.165282107709165,-7.8291759283283,0.972926032030365
"SLC48A1",0.00509444808768817,-14.7377403463197,3.34516607912005
"HDAC7",0.875227637371951,-8.93991396879287,1.79569649304088
"VDR",0.176773726006575,-11.333705030985,1.75880779787141
"TMEM106C",0.893219237366355,-13.2484139211626,3.09952386306839
"SENP1",0.204190312160134,-19.5002350933846,4.15707985481837
"PFKM",0.572902197497414,-14.0959695401101,2.85521785686103
"ASB8",0.158561267429255,-14.7703221509402,3.68257581511885
"C12orf68",0.180450834672718,-17.9958487043693,3.64871631138399
"DKFZP779L1853",0.192687254032164,-12.1674110506985,2.00409345013433
"ZNF641",0.355518224153628,-11.3200278429488,2.10138676346688
"KANSL2",1.17697670820925,-5.17227051277723,0.545836806902822
"CCNT1",0.599479767325754,-10.6983244048736,2.00888256686557
"DDX23",1.64060593781432,-11.956710937979,2.63107649680084
"CCDC65",0.459905823464798,-6.76588347323109,0.983412998216742
"FKBP11",0.669152231804865,-10.1169956024259,2.46286903400259
"ARF3",1.99851267888422,-13.9774172329296,3.43449063770594
"RP11-386G11.5",0.283526363650554,-15.5783942219397,3.13469850149813
"PRKAG1",0.8016984111703,-10.6331477642075,2.4929305793742
"KMT2D",0.81752724676708,-9.65823738617257,1.7583685173009
"RHEBL1",0.030459536040873,-8.50570583293618,1.36803546953181
"LMBR1L",0.872825459120543,-11.482072569779,2.4527024796874
"RP11-386G11.10",0.415327516644216,-14.4044610705802,2.9262365864183
"TUBA1B",1.40060965652663,-16.7282496152321,4.84192946122159
"TUBA1A",1.26015789095741,-9.79074161339034,2.8490405660029
"TUBA1C",0.461521915643176,-12.623224985268,2.9160686381373
"SPATS2",0.791451975200865,-12.9333531547868,2.63445153275261
"MCRS1",2.09296023625647,-12.4058824821297,2.95576356142553
"PRPF40B",0.1485007615498,-10.708522465349,1.45473235541944
"FMNL3",0.385551721656276,-13.8357136409285,2.83703461309586
"TMBIM6",1.88976328172286,-7.24669673314831,2.09249772114407
"NCKAP5L",0.487310737270505,-13.7502583168326,2.7452253883531
"BCDIN3D",0.0364010426359695,-8.33389996799244,1.27612137116867
"RACGAP1",0.124201451023492,-17.8736491041284,3.79856936888796
"SMARCD1",0.296538539643832,-9.9323524085842,1.9983677737512
"COX14",1.77429232941309,-9.00269204497967,2.23634006236233
"CERS5",1.26547981019077,-7.92309777684202,1.37796557984996
"LIMA1",0.520971296239167,-14.7839563707461,3.04613446064138
"LARP4",0.0732176363530851,-10.905785442464,1.87157001132175
"DIP2B",0.684973069517692,-9.63743215830694,1.59854633263624
"ATF1",2.25824175308738,-9.29066696080076,2.02526878632431
"METTL7A",0.750655357165321,-14.285917372817,3.22667650150299
"SLC11A2",0.517785730052971,-14.2544737237996,3.0131946037979
"LETMD1",2.27474425027681,-9.11039852109239,2.00733754172157
"CSRNP2",0.257853642481291,-17.3244288477257,3.55198567908671
"TFCP2",0.44271130417285,-14.7734336390902,3.23958607121648
"POU6F1",0.182577475824409,-12.2986019319702,1.98906790463246
"DAZAP2",5.61189399303948,-7.75811064465402,2.05066055512809
"SMAGP",0.428201334992486,-9.39462569128167,1.80319820516355
"BIN2",1.06970632970601,-6.65262067674863,1.80098876631162
"CELA1",0.0330120174640685,-14.8153512168953,2.8971503573788
"GALNT6",0.244849131326611,-11.5668187048087,2.21577186674732
"SLC4A8",0.0361557970884479,-16.9441785856995,3.19654920867734
"ACVR1B",0.221630514719308,-16.844457605342,3.48588810626119
"GRASP",0.366344082419171,-13.5966922794021,2.68098188671123
"NR4A1",0.852800396499106,-12.8602728821324,3.18554231389056
"RP11-1100L3.8",0.271271473537572,-2.59953740301032,-0.781076039681227
"C12orf44",2.84112197467024,-9.8647720657081,2.2001170524343
"KRT7",0.0223743020960508,-20.8801532865686,4.66007156618048
"KRT72",0.1436559045667,-5.79365506862281,-0.00837122177344671
"RP11-641A6.2",0.105844822290996,-17.4163333556066,3.28060041008919
"KRT2",0.0898541113437638,-7.97070749306362,0.50228578905117
"KRT1",0.0273875588024637,-10.8012441805022,2.0898758307349
"KRT18",0.221488414013081,-7.50707353577532,0.916917732121542
"EIF4B",2.30306595756791,-8.27754139147184,2.08841295490159
"SPRYD3",0.88898907271613,-9.42811715548705,1.69962682391093
"IGFBP6",0.189913099705128,-12.6733272219712,2.12710799350228
"CSAD",0.323927019644302,-11.7221682298373,2.35042260522822
"ZNF740",0.470408058498943,-10.1171674501009,1.63925184719569
"ITGB7",0.427382775372684,-7.1366852512911,1.60715676719648
"RARG",0.472558570952618,-10.6262557808135,1.93960318972914
"MFSD5",0.656247564066095,-12.3206978465624,2.56151645617765
"PFDN5",4.78207664547523,-5.90324194179578,2.14234210716625
"RP11-680A11.5",0.154392127870976,-12.6540389481058,2.09347074431613
"C12orf10",0.336402620532552,-9.02579886184914,2.09775548144665
"AAAS",0.512115853729027,-17.2289574746271,4.11286789481129
"SP1",0.57649262553013,-12.533501833271,2.61068698497539
"PRR13",2.67593706313903,-9.05379867903638,2.59690877193307
"PCBP2",3.615592922106,-7.37197688668277,2.13189848892849
"MAP3K12",0.19374727263089,-15.3230813144248,2.90159051828656
"RP11-793H13.11",0.121614241039522,-14.5743835027797,2.50638384768038
"TARBP2",0.807159639947478,-11.110808508038,2.18533561315126
"ATF7",0.321209916124536,-8.40903432633876,1.46294349216859
"RP11-793H13.3",0.12603614542355,-7.59869791838013,0.491682390733509
"ATP5G2",2.96347864876891,-7.84564297300928,2.57466190246925
"CALCOCO1",1.3330933630116,-10.5755059074162,2.13793148629204
"SMUG1",1.12135872781506,-11.1323374860008,2.33110341860444
"CBX5",0.16427071780897,-14.8238289667858,3.50688182025055
"HNRNPA1",11.3562266381385,-7.15374691882332,2.52484765077201
"NFE2",0.0832217343606605,-19.0708973281015,4.63702751379718
"COPZ1",1.73266092335801,-10.4555883208125,2.65707917334047
"GPR84",0.0827039454962516,-13.0991918220059,2.11944205126752
"ZNF385A",0.719753636247777,-18.2163837234014,4.48770135288762
"ITGA5",0.969840021988665,-8.43558333170185,1.3580520775661
"GTSF1",0.640325108462362,-11.1073871572627,2.06762204635773
"NCKAP1L",0.425652495026795,-11.2125116822402,2.71203812964874
"PDE1B",0.154873962608307,-22.0400436596204,4.70603202630344
"TESPA1",0.815384328479751,-7.76461722548424,1.53742198994706
"RP11-110A12.2",0.126570559474457,-16.3898581863332,3.6256418617251
"RP11-644F5.16",0.0900676114094755,-8.37058226412068,0.621518420718912
"BLOC1S1",0.783375817507103,-10.6179635191949,2.92401763723894
"RDH5",0.408963945493007,-9.98983911587248,1.73196711949438
"CD63",0.684245393317987,-9.30080175343943,2.61295262587674
"RP11-644F5.11",0.201910728371751,-15.3244408711586,2.95059962574396
"GDF11",0.170678035624016,1.12372891197215,-2.03901943168402
"SARNP",0.952857318357802,-8.49872940307413,1.65357579532972
"ORMDL2",0.274870963973084,-10.6855289620323,2.53474540938666
"DNAJC14",0.322051770644868,-9.04815152347757,1.51145363120335
"WIBG",0.332357917507142,-9.77157763784662,2.21366307298735
"DGKA",0.902006106518872,-9.78897708557188,2.14333348196203
"CDK2",0.34618453664474,-13.0059892745538,2.47654627373377
"RAB5B",0.885280745779624,-8.76890278381423,1.71185255339805
"IKZF4",0.119266484233354,-15.4093520993644,2.79507611621334
"RPS26",7.01022070993061,-4.84594345947856,1.80708274824907
"PA2G4",2.45298297771093,-10.4857857030677,2.74227895303178
"RPL41",11.9329842895062,-6.94577792609375,2.01039199644718
"ZC3H10",0.320730495159743,-7.47431642033906,0.736079809028635
"ESYT1",0.342633601474938,-12.0261967135589,2.93282952044647
"RP11-603J24.5",0.126082171286877,0.789721629709137,-2.04597892324256
"MYL6B",0.477231075860462,-18.1156427797582,4.25085307720366
"MYL6",2.84000995471004,-8.76516195776266,2.92168439075327
"SMARCC2",0.0820012505365902,-6.71352425419791,1.15151646218869
"RNF41",1.07023112315885,-12.5535870269823,2.76023230560483
"NABP2",1.2702924116588,-15.0333222302412,3.56344188757086
"ANKRD52",0.169558417766424,-13.0000708562826,2.48585077690496
"COQ10A",0.344548532464813,-6.5713689217194,0.858446854589042
"CS",1.87669316019147,-12.7303585834015,2.84725945207524
"RP11-977G19.11",0.524596029321482,-10.8981832006914,1.88003361196931
"CNPY2",0.863897011687674,-9.79009214467581,2.44958903978001
"PAN2",0.133711960753399,-15.9915891655972,3.44761465668036
"IL23A",0.0638989128873728,-9.47061639740949,2.01064751025077
"STAT2",0.856945044467032,-12.3284652527197,2.83858997958418
"TIMELESS",0.35753996531869,-17.9981381575037,3.81885620354738
"SPRYD4",0.189647959903085,-16.6472820069646,3.51205679733709
"BAZ2A",0.132610324440811,-8.95820699210803,1.98136510445737
"ATP5B",6.94249040662315,-13.1118418059636,3.71965779843633
"PTGES3",1.2945800231086,-10.4327724350655,2.95021580323667
"NACA",4.86728528089178,-7.17735638283373,2.67472902861342
"PRIM1",0.732054639759567,-16.1565496128945,3.61507500922041
"ZBTB39",0.115297646936437,-18.066027337809,3.52143760530105
"TMEM194A",0.0233458506389287,-11.3008770886161,1.95313167192665
"NAB2",0.335258208398445,-10.7306028450173,1.716506039263
"STAT6",1.89776497683508,-10.2394526767288,2.37275767044916
"LRP1",0.536631373050445,-15.8030789446762,3.68611945611603
"NXPH4",0.0925045675013544,-11.0077995470112,1.40427188271344
"SHMT2",0.82485783331671,-12.9716308292703,3.02243793583056
"STAC3",0.397929877492201,-17.6135111534445,4.15449200613198
"R3HDM2",0.03014150979539,-8.96535071825828,1.70008050289971
"ARHGAP9",3.27450757916961,-9.27785310964161,2.19953484208527
"MARS",1.12354412957068,-10.4572014280119,2.18762077074149
"DDIT3",0.940194964016448,-6.43982939690493,1.19308619439646
"MBD6",0.771562056713243,-10.709462509506,2.05345206504168
"DCTN2",1.39477995699716,-11.5730082606343,2.84715284499872
"PIP4K2C",0.200639443236683,-7.82396714922897,1.09868105150492
"DTX3",0.0177814726234434,-8.8183934848712,1.3322589320403
"OS9",3.29806627400784,-10.9922972995914,2.68893117457354
"AGAP2",0.299673307061911,-8.94736024130692,1.37873775824995
"TSPAN31",1.50521308514779,-9.79673569121468,2.00985710196414
"CDK4",1.83376877626144,-12.2949470870258,2.88137461586955
"MARCH9",0.491274046452708,-11.7403752981974,2.27308652333819
"METTL1",0.234940943818448,-17.9200372762317,3.90223727551633
"METTL21B",0.129270331789764,-10.0404774196619,1.2175924837215
"TSFM",1.09709722031768,-12.5924410863264,2.85537772468156
"AVIL",0.143158888912853,-6.88421950714972,0.318178906312205
"CTDSP2",2.5662389236519,-9.35481702907187,2.14142415100789
"RP11-620J15.3",0.478734081370456,-8.14425459124022,1.21359624464539
"XRCC6BP1",0.432679450092387,-12.6353963231997,2.57638078168448
"SLC16A7",0.37870163053912,-7.6601743506394,1.18159196830407
"FAM19A2",0.433090034135472,-4.86969867793953,0.044001460586175
"USP15",1.01313856541769,-6.87273752941011,1.43864461752676
"MON2",0.874507977704809,-7.23240897898371,0.961894116250825
"C12orf61",0.181436884619899,-16.0608703714336,3.0884134585836
"TMEM5",0.905954024690828,-10.0638412878505,1.9470632607051
"C12orf66",0.0926691468001721,-8.76786115752001,1.38499831834491
"XPOT",0.0928815690811527,-12.0059233443657,2.6431161564733
"TBK1",0.38337357887035,-11.4607413819467,2.40966871699734
"RASSF3",1.22097909565287,-11.2665083678359,2.56735092104432
"GNS",0.118030998237147,-15.846315848281,3.83370512093908
"TBC1D30",0.123934779350431,-20.9136018903277,4.34048596397284
"LEMD3",0.758977644321776,-11.6826086455702,2.28059216348404
"MSRB3",0.0279626214427979,-22.9331569081991,4.91613010213982
"LLPH",1.6530418255017,-11.6006919964916,2.71154440522777
"TMBIM4",1.32329218207309,-7.07802439980114,1.81902011128326
"IRAK3",0.476068230707109,-16.2649866163354,3.64117872937723
"HELB",0.56390550217482,-9.30017472268812,1.46612902938003
"CAND1",0.248530233737292,-9.21859381712373,1.99760581907818
"DYRK2",0.835610855563317,-9.3561497938873,1.6693392173604
"IFNG-AS1",0.12687285697563,-9.00042552748143,1.4469493845241
"IFNG",0.0634380986528906,-8.79874071919781,1.58159762065443
"MDM1",0.77213218411945,-15.170976505939,3.37760979332816
"RP11-81H14.2",0.37070301326059,-10.4931196864099,1.99937325192677
"RAP1B",1.29938040037856,-8.59612439560567,2.36604924590167
"RP11-637A17.2",0.0633052866443709,-16.2017534357768,3.26569185733785
"NUP107",1.63634073602172,-7.65595028142097,1.4470292056102
"SLC35E3",0.718976085428589,-10.9988966926506,2.11851636031207
"MDM2",0.519987841335995,-13.8410439334141,2.87371721534813
"CPM",0.203492770017281,-14.245628508736,2.8701330639594
"CPSF6",2.41618579192438,-10.3764062748468,2.34625954314193
"LYZ",0.229098142154874,-10.1508434328385,3.67190995071518
"RP11-1143G9.4",5.19582107039135,-8.30961779848738,2.01208596911959
"YEATS4",1.26572242063696,-10.2951846686893,2.28172255402089
"FRS2",0.203979767035831,-10.899642348475,1.90075951712062
"CCT2",0.543632791785777,-15.0066067342079,3.94047619034038
"RAB3IP",0.287027533595169,-10.4762967061508,1.91448316998309
"RP11-611E13.2",0.427694553439722,-9.10462291866705,1.74668219862119
"CNOT2",1.7908941389647,-9.24211437408565,2.02478826022125
"KCNMB4",0.235266353052857,-8.40555285153067,0.916232254838278
"ZFC3H1",1.34838365307403,-12.1343980098228,2.59741093172939
"THAP2",0.155203921955554,-10.2118971346397,2.12266523398121
"TMEM19",1.55566726037152,-6.68984805770625,1.01259915459157
"RAB21",0.0942732080024603,-14.4492563774532,3.24518169410682
"TBC1D15",0.090757535337442,-6.78319812715879,1.06037674596992
"ATXN7L3B",0.142295049330534,-8.47829750312462,1.61716027189754
"CAPS2",0.0897014921323701,-6.25028163295046,-0.0123836872632608
"GLIPR1",1.17100902034844,-11.0992584106764,2.88638407578443
"KRR1",1.9607573020075,-8.34492081519871,1.69967058818329
"PHLDA1",0.16448355727023,-12.2230523431234,2.51100011445227
"NAP1L1",1.74543581396124,-9.21117223983156,2.76146695883026
"BBS10",0.114327889704533,-17.5792270103656,3.42522801494911
"OSBPL8",0.9897812050399,-11.9341692952429,2.76074421136295
"ZDHHC17",0.604859536576438,-10.1828450574958,1.75148761609191
"PAWR",0.166971987482886,1.6028653260349,-1.88133711271309
"PPP1R12A",2.7874377094205,-9.7187346228672,2.36477056680985
"LIN7A",0.0328298292182006,-10.6373782263143,1.68902838884826
"CCDC59",0.935243468950781,-7.37582950580469,1.67768689323276
"METTL25",0.148759501900442,-11.2281082818553,2.1030655323431
"TMTC2",0.0290444329170944,-5.58809380037247,0.0755602129257067
"C12orf29",1.55497533823223,-7.19640118054114,1.12155507512908
"CEP290",0.607093296272042,-5.16967461884603,0.370866472319176
"TMTC3",0.129911466697892,-13.3897271007236,2.20467525674476
"DUSP6",0.448936133487072,-15.4733950955445,3.91782107331606
"POC1B",0.646228299224928,-10.9329021373884,2.08327209461727
"RP11-734K2.4",0.138233437273943,-18.9866579664121,3.96161226515075
"ATP2B1",1.76894520492964,-13.0821805584933,3.21202740421732
"LINC00936",0.555535040559299,-9.320930541794,2.52718908381336
"C12orf79",1.09403937659657,-7.53632477354127,1.23232623521899
"BTG1",2.28432058106088,-2.97037768016369,1.23614034291285
"RP11-796E2.4",0.677013813682083,-5.83283654784277,1.17398339536573
"RP11-693J15.5",0.50807469092249,-0.643258238435366,-1.02129457572614
"EEA1",0.375430787850304,-12.501174910752,2.62665312321027
"NUDT4",0.725137928991692,-12.1554300551893,2.45736110905762
"UBE2N",3.14214812741672,-11.2860824057899,2.88066920918422
"MRPL42",0.124313852884408,-5.95759089690607,0.950983180396782
"SOCS2",0.502982960908062,-9.35100248402073,1.65845995197811
"CRADD",1.04642128248949,-12.4392349489977,2.61259596347648
"PLXNC1",0.374042589710484,-17.9556409435511,4.10040431911301
"CCDC41",0.38275331936201,-16.0981770456279,3.36499114943889
"TMCC3",0.142212395786123,-11.0906168797899,1.56757219366065
"NDUFA12",0.487747410392256,-10.8263819305774,2.86049314122206
"NR2C1",0.0195951283598573,-1.41864217917067,-0.617327478044187
"FGD6",0.132667635392397,-22.3827124000566,4.80353595972048
"VEZT",1.27262810244921,-8.42100699638545,1.4805517480062
"METAP2",2.70454739926629,-10.0391674216805,2.37985209275608
"USP44",0.234390717492323,-7.62498814902972,0.684052355844044
"SNRPF",2.47997308403797,-11.9420543218106,3.03860298010394
"AMDHD1",0.0191896662547945,-23.1779360764641,5.06712225541576
"HAL",0.0287314975353759,-12.3247944060189,2.05032848313012
"LTA4H",1.16225471879048,-9.82412781551606,2.43097134340496
"ELK3",1.30420772540761,-8.94830138637058,1.64297797200731
"CDK17",0.996214411476691,-8.9089471157023,1.62113932426971
"NEDD1",1.09345846876661,-10.1509943015794,1.95395389455749
"RP11-181C3.1",0.157086286267133,-14.8001071874365,2.65634136123642
"TMPO-AS1",0.294005577849124,-19.8115849421209,4.44466493669775
"TMPO",1.02449294098736,-13.0875778212118,3.11458193882489
"SLC25A3",3.84341555286156,-12.6051960941888,3.68600090133846
"IKBIP",0.357492812668856,-14.4067248712717,3.43364349458473
"APAF1",0.684387648100709,-9.84828633638854,1.77501607172373
"ANKS1B",0.118640692218644,5.19207716290448,-3.4580846244689
"UHRF1BP1L",0.32255923277807,-10.8393173583108,2.02119380887118
"ACTR6",0.0786548152849649,-9.85390875945663,2.00088545551405
"SCYL2",0.604654613199083,-14.3847965781397,3.14525179142966
"UTP20",0.308468908372416,-10.4927832701094,1.63044780661295
"ARL1",2.29314936707999,-9.50841888581721,1.98205432366225
"CHPT1",1.78523169146438,-9.36254422108633,2.17173713444211
"GNPTAB",0.329847411975592,-5.49113088097833,0.756342916921723
"DRAM1",0.304880807556151,-19.6846202014248,4.57131289888197
"CCDC53",1.95334933265719,-10.4568648989117,2.46425565691162
"NUP37",0.913191695961255,-12.8544394442802,2.77812233017225
"PARPBP",0.176478691217242,-23.5829634095612,5.21504784944321
"C12orf42",0.43824269295391,-0.00569074055201013,-1.41338877123958
"NT5DC3",0.0908885239623173,-23.5421637976153,5.08880091925145
"HSP90B1",1.00122729510769,-11.1732265532556,2.97761562029747
"C12orf73",0.583993866893091,-14.0185071487435,2.93830957280924
"TDG",0.212506284366579,-1.39144074934254,-0.399071253696627
"HCFC2",0.0096997753345716,-9.35988604225557,1.66107949373815
"NFYB",0.508760870105956,-11.9331738994557,2.45244398677571
"TXNRD1",0.417743331322339,-18.0111463376474,4.28483633037407
"EID3",0.537777516932543,-12.999672382553,2.71891334241673
"CHST11",1.5411480762024,-9.77124016731353,2.10531947139386
"SLC41A2",0.12406777562769,-27.9484709315447,6.2735160330981
"C12orf45",0.140113062020802,-8.09028603582955,1.50033106217029
"KIAA1033",1.69035005008393,-9.85650583387469,2.10221311964821
"APPL2",0.382607058865333,-8.34733603088359,1.0551408784338
"C12orf75",0.323596655120565,-10.3426940447823,2.58309997048781
"CKAP4",0.792997133086063,-15.8132944978652,3.66241356747191
"TCP11L2",0.21791834707521,-9.0894413255432,1.58602259804119
"POLR3B",0.223864925029863,-19.2598661260187,4.01274828891922
"RIC8B",0.113148808790217,-6.48432444113701,0.526817469431487
"RP11-412D9.4",0.038746361075832,-6.17629100682175,0.51127571420188
"C12orf23",0.59177549970287,-8.31312504025905,1.46211061819787
"MTERFD3",0.570981188715287,-10.3400451430067,1.76409270567312
"CRY1",0.550694361532599,-12.5371784230199,2.39085576532984
"BTBD11",0.320197073521043,-17.6408844664131,3.85331890671247
"PWP1",0.153839278412903,-8.93539590543088,1.90770950359687
"PRDM4",0.41202183884172,-10.5816550611939,1.990778238668
"CMKLR1",0.361587084052146,-14.168229432008,2.7924594408536
"FICD",0.233402967910013,-6.3884077528673,0.315098763737905
"SART3",0.619791277916994,-14.5045621072263,3.08587290683306
"ISCU",2.05720566618799,-7.17871569863501,1.97408373876162
"SELPLG",0.912229781331099,-8.7374889768694,2.13822358210668
"CORO1C",0.285555659374693,-15.5980807403753,3.73629636348377
"SSH1",0.124252643793512,-5.97863607940259,0.38805726772905
"USP30",0.00420463692924745,-0.704825322499294,-1.08989923501884
"USP30-AS1",0.51967271596459,-10.2786551939379,1.98364059773908
"ALKBH2",0.957234655936461,-12.3637164260558,2.64510572192973
"UNG",0.467149993572491,-12.7387015802359,2.72303508415157
"ACACB",0.0918251134623662,-13.7947879776299,2.22478589540328
"KCTD10",0.031058188733906,-14.8035440760108,3.14003486629419
"UBE3B",1.21568228433708,-6.86637416280517,0.946105542808173
"MMAB",1.3398411110727,-13.1206111025014,2.96791818499989
"MVK",0.31136456216041,-13.1981366878699,2.61954219095238
"GLTP",0.130408609941732,-12.5017567582353,2.89069284148309
"TCHP",1.10079885885012,-9.88705724750101,1.83480936721041
"GIT2",0.368358367322936,-8.51212537287101,1.9302185692009
"ANKRD13A",1.12593021535223,-8.25627579613573,1.65319492447242
"C12orf76",1.55376298371669,-9.29536669187175,1.88821941588471
"ATP2A2",0.717885969942679,-12.9049909228037,2.66590641811456
"ANAPC7",0.478615327941005,-14.8226560338183,3.33604322267216
"ARPC3",2.49963074728915,-9.26509764974381,3.02306261381761
"GPN3",1.85454123697336,-11.6466718047856,2.64306377018478
"FAM216A",0.42485375358188,-11.1107851796275,1.9207722673605
"VPS29",0.814333101086922,-10.9448920387728,2.8318811385412
"PPTC7",0.562253963412396,-10.0212193570325,1.79256980157462
"TCTN1",0.45012755727631,-6.085337406333,0.595285470131395
"HVCN1",0.222062700918874,-2.20432250315925,0.134119244682758
"PPP1CC",2.01331446277291,-9.66863700050825,2.49446263532746
"FAM109A",0.295629007154293,-13.2980474682448,2.48522859874468
"RP3-473L9.4",0.121774341095365,-29.1193626714007,6.59758316541105
"SH2B3",0.351327601701575,-17.9852482864147,4.34256761393467
"ATXN2",0.525381610073846,-13.9659446814277,3.12764623979263
"BRAP",1.12335091014694,-11.3917029692295,2.32186110751343
"ACAD10",0.4347337147317,-10.4852546360989,1.73663513228786
"ALDH2",0.154527502496984,-12.8058932634754,3.29210814653752
"MAPKAPK5-AS1",1.26503581209615,-9.54639074319825,2.22144469443173
"MAPKAPK5",1.68426072967633,-11.7490801615651,2.5681156588685
"TMEM116",0.0840385209695901,-5.27263298516391,0.539067597791604
"ERP29",2.99884652448572,-6.92806251541582,2.03388150772671
"NAA25",0.059594357919673,-12.3065166984779,2.46901839432287
"TRAFD1",1.15228383561082,-12.9010375692661,2.95708200630154
"HECTD4",0.279108069368351,-12.9214424327026,2.61854923333931
"RPL6",8.76560659748194,-4.89921220577933,2.16657371746992
"PTPN11",0.325510621368399,-15.9570651996066,3.42969799106353
"RPH3A",0.14065062516262,-3.19375774400299,-0.791477941280641
"OAS1",0.614278599116952,-13.2086585760974,3.51951780848678
"OAS3",0.276655788195936,-10.4332975274144,2.37165543625331
"OAS2",1.41603419310751,-11.5358234024625,2.73279764785451
"DTX1",0.318146045319656,-10.0438448969165,1.49793879007478
"DDX54",0.342034894969486,-13.6694620687763,3.26523519550512
"RITA1",0.89157248528236,-10.929269363818,2.19753723655995
"TPCN1",0.589104129409148,-9.46067130566452,1.63893057462255
"SLC8B1",1.06347509940072,-10.1816821736978,1.96297552233448
"PLBD2",0.399532567193942,-12.7471787512754,2.37741159334847
"SDSL",0.351033107491977,-16.4875266807188,3.58306012662475
"RBM19",0.58247034903461,-9.59871149418718,1.55429352975678
"MED13L",0.287511999381876,-8.6145556754575,1.43136721892505
"MAP1LC3B2",0.685591057219756,-13.1890195310179,3.00585267692293
"C12orf49",1.06369096054158,-12.2229112733426,2.54538077655832
"RNFT2",0.17310684144223,-25.594467386278,5.66734171260122
"HRK",0.109390365802523,-0.755441798082281,-1.62001735485565
"FBXW8",0.194019002834153,-18.2315431236794,3.91637642056478
"TESC",0.39141883498324,-16.7732951920415,4.25741142865534
"FBXO21",0.0605099342963676,-8.38445308869484,1.63787427521232
"RFC5",0.0608815701710766,-11.4528930152228,2.38868614657101
"WSB2",0.407429037978432,-10.5474545424336,1.73137769250178
"PEBP1",1.92090897357269,-8.69125148559068,2.39726742484405
"TAOK3",0.54543862774005,-8.52470494723739,1.95888901951082
"SUDS3",0.71808482228492,-12.0258712227995,2.57788521774375
"PRKAB1",0.927010110986008,-8.65639040165747,1.40143272529403
"CCDC64",0.335964649696481,-6.038671793721,0.538704828973401
"RAB35",0.914666760402681,-12.2505533986695,2.64349088621795
"GCN1L1",0.662871526827862,-7.52249210698014,0.964620422368144
"RPLP0",3.89585758499979,-6.41248392558547,2.42980124332433
"PXN-AS1",0.355726589034824,-16.1791407191725,3.45987164498162
"PXN",1.51758813031261,-5.82538038699932,0.969068812707927
"SIRT4",0.191082256251608,-13.2294631655941,2.26225307965404
"COX6A1",2.8222858023011,-9.05517586900031,2.59688181175037
"TRIAP1",1.06985754697799,-11.2355869038168,2.59368442356116
"GATC",0.581198229998445,-9.46688357434791,1.51537152578083
"SRSF9",1.536924748367,-8.74692179508113,2.32716463088788
"DYNLL1",1.14642610425169,-7.40417913577842,1.99138507412711
"DYNLL1-AS1",0.0920511758959762,-13.7007099302597,2.19720052930372
"COQ5",1.00132079901272,-12.1444807358296,2.69499393146173
"RNF10",1.97450543893694,-12.5456550249036,2.98181166033966
"POP5",3.1359893837876,-8.89599001034511,2.03394493408329
"MLEC",0.221172808317283,-12.5347383524867,2.92981110147514
"UNC119B",0.297459551731289,-7.81913575075369,0.821663372614147
"ACADS",0.621958778185016,-13.6149891823115,2.97078897244764
"SPPL3",0.753665948893851,-10.8188650381131,2.14228154544716
"C12orf43",0.864975997999668,-11.5264729780063,2.37974144170687
"OASL",0.214023257846424,-13.5250410064887,3.13842724136501
"P2RX7",0.419900748116566,-11.5299335190163,2.00794566551652
"P2RX4",0.899909030077959,-12.339249502593,2.68105022224906
"CAMKK2",0.880805063009138,-14.6861288188989,3.36609298722035
"ANAPC5",1.7404068601458,-11.5890732296899,2.89499559103135
"RNF34",1.17919920570307,-7.4655642425685,1.3907520785671
"KDM2B",0.867151679603633,-11.4410140225648,2.46122665155389
"ORAI1",0.270377776109228,-8.51730876960387,1.88408452844918
"MORN3",0.0895604332614309,-5.71031315492934,0.372161242747264
"TMEM120B",0.673265494119187,-8.09088232837544,1.25604507328307
"RHOF",1.61326793709217,-10.3779063256758,2.60301246599632
"AC084018.1",0.707764579061708,-11.4220861967219,2.30699850915413
"SETD1B",0.0623940994465633,-6.55163555647203,0.865601782549155
"PSMD9",3.64433712229752,-11.1889580473904,2.84986568841349
"RP11-87C12.2",0.396718498031283,-9.85083710540931,1.54952952078023
"BCL7A",0.186542673414171,-2.78546341416613,-0.349843554095682
"MLXIP",0.668778023089096,-11.1148813739249,2.46211838597236
"DIABLO",1.13437184001528,-11.1420291938459,2.33677100867771
"VPS33A",1.25755939939231,-13.582528358834,3.06238823474537
"CLIP1",0.207792704406172,-11.667278970761,2.48763433932184
"ZCCHC8",0.755841130085361,-15.1459693821639,3.32790735559769
"RSRC2",1.73512669715631,-9.57606597953908,2.29247504676719
"HCAR2",0.233993357170546,-18.5768511473515,4.24189467771084
"HCAR3",0.0916588253139301,-21.230029238281,5.08609677689063
"DENR",3.61180668345172,-8.12371480727475,1.79655057430565
"HIP1R",0.45883547573889,-6.60850700621324,0.587715210001279
"VPS37B",1.18543955004092,-9.53678799734605,1.96932051561554
"ABCB9",0.0824833986406469,-15.3007638035929,2.71847770218872
"OGFOD2",0.363349294833008,-10.819834224705,2.14256592958738
"ARL6IP4",2.82126227514605,-9.12950088112296,2.64497404965153
"PITPNM2",0.211957535070916,-14.897301125153,2.77757019372975
"MPHOSPH9",0.645656665355272,-13.3036788728544,2.95333676570127
"C12orf65",0.384074272116141,-6.39231213209901,1.09539769076386
"CDK2AP1",0.180711400115483,-17.9861918255712,3.98982798131889
"SBNO1",0.47939484172634,-7.45869908796595,1.39928291216946
"hsa-mir-8072",0.264134105569962,-9.12511155195618,1.4143924357957
"SETD8",0.0832963863471573,-18.9034571274289,4.19553724828082
"RILPL2",0.564815159895708,-9.62142788715328,2.44385528724023
"SNRNP35",0.1238097573242,-15.825822154012,3.85796548147932
"TMED2",5.04816361090631,-10.9674057606902,2.9215643111554
"DDX55",0.691105555505604,-10.5322268562355,2.03759039896372
"EIF2B1",0.187396753059463,-9.53034268045215,2.18828145205891
"GTF2H3",0.377442886715414,-7.92779235246997,1.11534505829029
"TCTN2",0.114647837929,0.0395951197984746,-1.8159940825904
"ATP6V0A2",0.356391830119403,-11.1756004678315,2.13192110042303
"CCDC92",0.812016484656596,-11.0777458164232,2.09121689153908
"ZNF664",0.548480088182938,-13.0909051064631,2.57976247194559
"NCOR2",0.0264128470803315,-15.5639627504565,3.77117408494326
"SCARB1",0.0995257820907758,-24.9162334946125,5.7521874373357
"UBC",3.28860835617666,-6.61604650901557,2.26299002601985
"DHX37",0.19204029743501,-8.04177136102097,1.05650272147147
"BRI3BP",0.561997584167827,-14.4721168291307,3.15216270233421
"AACS",0.123016849961711,-12.5394145820113,2.30411101276791
"LINC00944",0.342105479978771,-7.77097730329719,0.84041688711582
"SLC15A4",0.371769291641128,-9.54132998794412,1.72849258918446
"GLT1D1",0.530886941203532,-10.8409532545205,1.9024801319834
"STX2",0.578016586543209,-9.19509049096277,1.41715761061741
"RAN",2.19957706270571,-11.4473244149113,3.31101806288242
"GPR133",0.129331241084713,-25.8754260538897,5.6950121525816
"SFSWAP",1.11729330050419,-10.8854289594833,2.32697321088517
"MMP17",0.175173385580349,-15.6997869964957,3.28240339656457
"ULK1",0.588036769475976,-6.57179424026436,0.647822197877979
"PUS1",0.239577539456882,-11.6156183051535,2.35530707384345
"EP400",0.694477323891882,-13.6682702569724,2.89878005939551
"EP400NL",0.354440947568036,-11.8017584059733,2.23508130100468
"DDX51",0.0484878436876675,-10.0590651978133,1.57480341597067
"NOC4L",0.0818763025488238,-10.1245652269704,2.15169214640995
"RP13-977J11.2",0.695151546787718,-9.40601824452028,1.6498882207174
"FBRSL1",0.460091437664388,-10.1563499092076,1.8078075440208
"POLE",0.159260689376066,-19.5781332963176,4.20066787265748
"PXMP2",0.854317920634455,-21.2837694554739,5.08177742405833
"PGAM5",0.232650318689135,-7.42046009139328,0.623124373311294
"ANKLE2",0.351494322791807,-9.35076631939875,1.84294623369993
"GOLGA3",0.750624154206799,-9.9144293572617,1.81480966472356
"CHFR",0.507852780163048,-9.86818541035742,1.99000741180229
"ZNF605",0.196806877814667,-3.80052055778335,-0.512032291082501
"ZNF140",1.09831530766422,-8.41440360260737,1.38188967488811
"ZNF10",0.380703797641364,-10.856965095525,1.78321825948632
"ZNF268",0.761144914177373,-10.7952095839908,1.97590749119268
"MPHOSPH8",5.99646305392972,-5.79554486088006,1.30547680997506
"PSPC1",0.666772349975902,-9.96437271247795,2.21388622793032
"ZMYM5",0.968165029586511,-9.04883354815194,1.60512900203263
"ZMYM2",1.99707013795035,-7.7360246849177,1.49639253976586
"CRYL1",1.93824766693612,-10.9753743913685,2.42308917855821
"IFT88",0.222363273196876,-8.44405840650626,1.19490323212602
"N6AMT2",0.734053739167827,-7.97583410038681,1.1295885369301
"XPO4",0.719902866091509,-8.98455530009759,1.53065370965588
"LATS2",0.209382158600325,-9.83550253825399,1.31647910338222
"SAP18",2.83693080378224,-8.53680119379809,2.43277723477856
"MRP63",0.862180616929462,-9.06622198661986,2.28088785749841
"LINC00422",0.146191792730532,-9.3796328577512,1.06128081746081
"ZDHHC20",0.330026724999944,-19.4432086492745,4.21764596737771
"MICU2",1.99988172047756,-10.270571174818,2.3101489121078
"SACS",0.331412994511726,-12.9772764804555,2.36055452875777
"MIPEP",0.0422721154408547,-10.7885984073136,1.66391852782787
"SPATA13",1.19210479488512,-12.2680656153412,2.57818675718236
"PARP4",0.836777320644872,-12.8770920015106,2.8778029337175
"CENPJ",0.0725394647418535,-19.0713350401251,4.01096393399829
"PABPC3",0.116621158729398,-21.3370235141562,4.40944571575983
"MTMR6",1.11752301891783,-11.7153183251617,2.36247303332383
"NUPL1",0.837830279137457,-11.4655669458,2.3396642343862
"RNF6",1.52090456318098,-6.88765954552071,1.17733612068471
"CDK8",0.861676439409343,-9.31129972480186,1.58329194520755
"USP12",0.63963814825696,-10.1016882183283,1.83891850792347
"RPL21",4.2501781901771,-2.84240857259335,1.60755173880495
"RASL11A",0.0321781109614427,-12.2050627563109,2.03867099749281
"GTF3A",1.73744397107498,-6.96489140202556,2.01896841017332
"MTIF3",0.333258044143419,-10.5653988230131,2.55844310551941
"LNX2",0.317264761360385,-9.35243304323585,1.29351324195386
"POLR1D",1.7139040827838,-9.82215916061375,2.62994772929301
"ATP5EP2",5.32448356412555,-9.50388771334056,2.50653078122811
"FLT3",0.124819553406898,-30.6014042800049,7.19413818074199
"PAN3",1.08748717316907,-8.26473061236524,1.40169937307027
"POMP",3.7461938380024,-13.748652801187,3.54667180324418
"SLC46A3",0.832062885692338,-10.2253100157593,1.92983450600751
"SLC7A1",0.179250420395806,-16.5775043760483,3.33588578717917
"UBL3",1.90980245595845,-8.18894862695501,1.70743691618115
"LINC00544",0.234231658581602,-6.39005993641638,0.315592655370535
"KATNAL1",0.0824221305003012,-18.6075523311152,3.99420399547734
"LINC00426",0.12328057118323,-9.46110584200993,1.52222529880062
"HMGB1",2.17225039849434,-8.2071161706112,2.49287810972061
"USPL1",0.483525137364432,-13.6965949306612,2.83819454569424
"ALOX5AP",0.558922896642164,-3.69706914931605,0.778492038636039
"HSPH1",0.740615358636134,-13.8034823754285,3.08664258367911
"B3GALTL",0.378667170928483,-4.26098147949295,-0.178771144557918
"FRY-AS1",0.0103839269600508,-15.5728311946866,3.29322802482579
"FRY",0.43150545904246,-17.0111508254795,3.67180714670582
"BRCA2",0.103305674112435,-19.5107745490856,4.02072624769393
"N4BP2L1",0.400551426081166,-7.5711880794037,1.69280704417789
"N4BP2L2",3.15355993861833,-7.00167595905994,1.5950496314546
"PDS5B",0.822635911974051,-14.8520836366683,3.30228155953176
"RFC3",0.170897410198084,-22.9032628503563,5.3333351623491
"SPG20",0.204271499431871,-10.3680286136191,2.22690490183096
"RFXAP",0.392934069651364,-10.7690171315106,2.0405327559585
"ALG5",0.200090712863627,-10.6404499664859,2.4260641601638
"EXOSC8",0.36632397046136,-12.2706446970096,2.99319459985556
"SUPT20H",2.33037095752349,-8.35912551570261,1.70984208239062
"UFM1",2.3624110030678,-10.704867697844,2.48364512969807
"PROSER1",0.689851509970389,-10.9406564422122,2.16171072524335
"NHLRC3",1.75909273558622,-7.62570812585069,1.51902185674352
"COG6",0.825817910706309,-11.5796927192202,2.23229514097164
"FOXO1",0.532553911145504,-9.10100327603248,1.64087017278183
"MRPS31",1.94184106230172,-8.9907010809785,1.94345615188172
"SLC25A15",0.111404383638098,-22.7401927889855,5.08065057734372
"ELF1",2.80023366468619,-8.31014734821915,1.8980302719622
"WBP4",1.55824382690643,-11.3551197398863,2.41556401682057
"KBTBD6",0.217588655889376,-7.80796559171422,0.71470182617377
"KBTBD7",0.11941276319019,-12.1619048833077,2.19346176418837
"MTRF1",0.00953352940505824,-0.202945059413864,-1.03186418418999
"NAA16",1.19105363398661,-6.4894602006447,0.97595793593652
"RGCC",0.65760638566456,-7.74832614222914,1.97194027430175
"VWA8",0.0665662467008567,-11.960650387602,2.17039261003737
"DGKH",0.234042684616184,-6.28999437788834,0.285675233298732
"AKAP11",0.536003487485311,-14.7224774286293,3.01873379643309
"EPSTI1",0.702182511767769,-13.9062446409898,3.68278756370947
"DNAJC15",0.24666004897573,-8.00872861207605,1.91650289412057
"CCDC122",0.137621639658575,3.91126354644817,-3.0104378480753
"LACC1",0.257090729327939,-12.1018370657641,2.05038317398805
"TSC22D1",0.00967712190094965,-21.2515918536152,5.35114148597014
"NUFIP1",0.303429393131628,-15.7143237693514,3.38260544170458
"GPALPP1",0.508555201152112,-6.40947137616587,0.791996728140271
"GTF2F2",0.316344590903637,-16.1569276282641,3.92133864050819
"TPT1",3.8202358015026,-4.75706873692518,2.09662806577062
"RP11-290D2.6",1.48053542868784,-10.9559957276776,2.22315028000127
"TPT1-AS1",0.696646892307078,-7.59071522435864,1.18233698485921
"SLC25A30",0.178229411266883,-18.7797292721309,3.84432770047522
"COG3",0.156868672131569,-8.34618655575577,1.3617154740546
"SPERT",0.100086996900412,-17.5081317187816,3.30720516925296
"ZC3H13",1.25070502087253,-9.38820117964998,2.05391810077891
"LCP1",1.95119435344129,-11.4261097515824,3.21932181747787
"KIAA0226L",0.200341272126385,-12.6344735734535,2.62658517914162
"LRCH1",0.618834373569961,-7.97605707103039,1.07413837964759
"ESD",0.754872859426977,-11.4387276397564,2.73305562182191
"SUCLA2",1.1603568553101,-14.0757952841058,3.24993101301215
"NUDT15",0.45173480497611,-13.5849473313372,2.84778703407029
"MED4",1.47823458761666,-7.56051223655258,1.80504510879056
"MED4-AS1",0.0864381650912905,-9.84640594968415,1.0603224262913
"ITM2B",2.99604098194494,-6.33455572053152,2.09416463852469
"RB1",1.4569172233926,-11.1706740700782,2.40821562572181
"LPAR6",0.638489063972214,-8.1087543418239,1.62081571438164
"RCBTB2",0.411701639302955,-9.56443079607057,2.05084358293018
"CYSLTR2",0.134945071609797,-20.6874517965937,4.27574537787434
"FNDC3A",1.07412672830553,-10.9370383973897,2.17695048374539
"CDADC1",0.19135636050898,-10.3454776061422,1.98271885697846
"CAB39L",0.219670405414398,-19.866146548061,4.23903298954839
"SETDB2",0.561382326553892,-11.6613041859788,2.51810302896234
"PHF11",0.904130868081083,-9.1411211931331,2.15520816426344
"RCBTB1",0.375732698957436,-21.3417756630217,4.85788398471192
"ARL11",0.237757643033918,-8.13755237820952,1.31397292823451
"EBPL",0.843551558742196,-8.75727664256597,1.96959350279797
"KPNA3",0.633763418641073,-10.178175444333,2.12631622592703
"SPRYD7",1.02097275231695,-13.4960205317561,2.85369125229022
"TRIM13",0.802640434121123,-6.67929603542861,0.946901055733734
"DLEU1",0.12066693909753,-7.02167163666698,0.905296092418724
"DLEU7",0.197441837128981,0.842815330837618,-1.92359884579499
"RNASEH2B",0.627926590886033,-9.09055468097979,2.22581009393138
"INTS6",1.27761785439668,-6.81300399371211,1.0043869599211
"INTS6-AS1",0.491500313796127,-10.4938143724477,1.9006527781636
"WDFY2",0.694732137400633,-16.5795903980834,3.71016663274052
"DHRS12",0.436117384736664,-11.6306913275342,2.49880630600014
"RP11-327P2.5",0.327369835293503,-10.7398405634495,1.92328526563896
"ALG11",0.284709507145133,-6.9279359978452,0.538195209209545
"UTP14C",0.250539271702829,-3.44132876891814,-0.547633302052298
"NEK3",0.423363115083719,-16.5984877476651,3.52109000310398
"VPS36",1.38842363254713,-10.4986835611836,2.31385380102509
"CKAP2",0.731278440141156,-13.9488860878336,2.96470263031092
"HNRNPA1L2",0.814092158567097,-11.1542116406352,2.10748352528848
"SUGT1",1.63117310694106,-9.93426109393719,2.32563428513204
"TDRD3",0.532819321442498,-12.838402703725,2.67186615096788
"PCDH9",0.432605725191106,2.32175785871244,-2.07995995632319
"MZT1",0.44560769750274,-9.29504447680736,1.96858157811644
"BORA",0.21173754318461,-7.9851356365678,1.04942788813714
"DIS3",0.0569052695963047,-10.0858163092741,2.00038375924218
"PIBF1",0.273776844295771,-11.2249958609444,2.36386502417245
"KLF5",0.227229417365596,-11.4450334288865,1.79159734696204
"KLF12",0.750654438833827,-7.57030583557283,1.39745685481925
"LINC00402",1.0507320857322,-10.3659543342939,2.05683714956177
"TBC1D4",0.602864228518019,-6.40266035239985,0.936102471289052
"COMMD6",3.70823523901006,-6.28789400004838,1.88009946619439
"UCHL3",1.77172930553052,-14.4712584037933,3.52348966303343
"LMO7",0.264671585731361,-13.7731656510549,2.72222452367787
"KCTD12",0.638421583919515,-16.7576558429519,3.89827813937921
"CLN5",2.001523221781,-9.12880515729102,1.75926184881888
"FBXL3",1.45522217255618,-6.90068319212467,1.21447331967251
"MYCBP2",0.158072988287865,-12.0019887516145,2.91776269635841
"SLAIN1",0.126632618131762,-20.9200117088016,4.69993277734314
"RNF219-AS1",0.149948645398373,-19.5218315341867,3.98552847814622
"RNF219",0.708366809686738,-10.579061935125,1.89108187442334
"RBM26",0.822539610914128,-11.0293134045163,2.30933791271521
"RBM26-AS1",0.00347157876923846,-14.3496746503434,3.02169592224847
"NDFIP2",0.470939322489134,-11.0414130219095,1.90036824200616
"TGDS",0.254954885781173,-7.90497233717391,1.21138039137414
"GPR180",0.428900143801284,-10.8628850285803,1.85894613086642
"ABCC4",0.135023871199711,-14.4507788128793,2.51531249360862
"DNAJC3-AS1",0.244870280286654,-11.1461272159912,1.74896037155237
"DNAJC3",0.58001162236554,-10.5038951883249,2.14688647725462
"UGGT2",0.24328490565476,-32.0647977470814,7.4036094911405
"MBNL2",0.132700439705778,-9.19682931521383,1.59835408461867
"RAP2A",0.147590295686382,-18.4502763052848,3.9645341767014
"IPO5",1.28736123405001,-9.33246556680074,1.75284592787524
"STK24",0.721184517405316,-16.0893855618526,3.81066400229819
"DOCK9",0.188627688385119,-7.66527678294986,1.04462821684896
"DOCK9-AS2",0.179802386131348,-4.91052273146639,-0.206539065769794
"UBAC2-AS1",0.16106561343632,-7.88799277810979,0.652861431608358
"UBAC2",0.377852261531632,-8.53215603857672,2.00477843905572
"GPR18",0.520665876958007,-4.20362673404732,0.338587102671802
"GPR183",0.214385088278236,-9.35028152736819,2.26113280840821
"TM9SF2",2.00244244369363,-11.4811523566838,2.63290965508166
"CLYBL",0.043665739564903,-12.4153303429458,2.55791142299251
"PCCA",0.434460812520884,-16.2440764907275,3.47865339378733
"GGACT",0.326844402397591,-15.3622920468364,3.08683577568503
"TMTC4",0.373639634128097,-7.73936490097605,0.860773240864762
"TPP2",1.45263984589359,-14.4388920267299,3.35055508761735
"TEX30",0.570460228940505,-16.3969627880589,3.65747706835989
"BIVM",0.360366728052692,-0.880429801740097,-1.21509724983255
"ERCC5",1.23089113006893,-11.1659864972699,2.31727887791559
"ARGLU1",0.735647708484276,-8.25941208072136,2.00429477178747
"ABHD13",0.353318578014051,-7.69424541411707,1.37390205323609
"TNFSF13B",0.254782624565806,-12.7617344485682,3.39323383855549
"IRS2",0.404631901366792,-13.1336345388324,2.92373833592824
"RAB20",0.138010866582707,-16.5821417971542,3.73267718042142
"CARKD",0.331734344956221,-12.2977576916866,2.44872634820011
"CARS2",0.602120532097628,-8.74119582761823,1.89419683814492
"ING1",0.676256046480822,-8.83789301914055,1.5931511363838
"ANKRD10",1.50369338243436,-12.5574612243254,2.93345387885701
"ARHGEF7",0.142618280692669,-7.30216469372156,1.01145063713424
"TUBGCP3",0.851936167944437,-9.6104298839622,1.67736539551796
"ATP11A",0.965723648706607,-11.2981013895605,2.2906133650483
"MCF2L",0.149258948826441,0.0322149751144502,-1.73683136717776
"MCF2L-AS1",0.334405365439723,-10.6779520350074,1.68505061508865
"PCID2",1.81855869614299,-10.1944993544402,2.35655335463065
"CUL4A",1.60950287085856,-8.85251274077602,1.77967758902839
"LAMP1",4.83368462810167,-6.45382013037698,1.48628620563977
"DCUN1D2",0.0329756453872575,-12.2404250993966,2.04905773681228
"TMCO3",0.478758866179403,-15.9764735218216,3.58776879805952
"TFDP1",1.33426051650694,-15.4365272015413,3.73443820341599
"TMEM255B",0.324201832497241,-22.9708997390746,5.14595499340239
"GAS6",0.082637946527319,-29.7408396368681,7.0699305073471
"RASA3",2.24657351528628,-8.25621981788473,1.74792576326603
"CDC16",0.0827483745063723,-11.3814628011735,2.42059960313445
"UPF3A",0.92535659153548,-7.82055999412911,1.66208809309435
"CHAMP1",0.291180064242177,-17.3330534793115,3.90975309072733
"TTC5",1.23792748986785,-8.5760433501081,1.56187441135844
"CCNB1IP1",1.80305976570568,-8.66868932261895,1.74044614474886
"RPPH1",0.0315521623226637,-10.7000468340049,1.81101456462605
"PARP2",0.603370050955537,-10.5222484397524,1.85927357604833
"TEP1",0.223681076877748,-14.1968797176239,2.86580971939605
"OSGEP",1.97313332694614,-10.3342424516816,2.30877440172965
"APEX1",1.65759416046778,-10.2834919963038,2.68974259928997
"TMEM55B",1.39999874688282,-9.02646403032806,1.90185933926209
"PNP",1.21520150333751,-10.8911347459143,2.35859294215767
"RNASE4",0.0738935564950868,-18.3979781581613,4.06093212354538
"ANG",0.0711545457963412,-11.2711120071885,1.97900519796633
"RNASE6",0.321489221204991,-8.52088750937336,1.92703705382635
"RNASE1",0.146834767903336,-23.2975206241926,5.01949042588963
"RP11-84C10.2",0.15688761530038,-9.68387446610277,1.1864014828309
"RNASE2",0.212475518444523,-15.2581309498203,3.41148167367947
"METTL17",1.01352509962143,-8.67926928358736,1.72088607899087
"NDRG2",0.270747933828501,-19.4995386272622,4.60822063904978
"ARHGEF40",0.262311982909141,-15.7028665854619,3.82885420220636
"HNRNPC",3.39136610641375,-9.32416183198807,2.58969866925627
"SUPT16H",1.36573191203025,-11.3767875424794,2.47076701327797
"CHD8",0.576932068755072,-9.32596446813692,1.71495235833723
"RAB2B",0.340458691845009,-7.141558357226,0.653093785841992
"TOX4",0.430813653564406,-9.68241325873514,2.15405368436261
"METTL3",0.0732303921299498,-10.4279186826253,2.19736849733069
"SALL2",0.143336289474957,-17.4510586431686,3.38813037330996
"DAD1",6.55149493021231,-8.00134777820023,2.15607086710812
"ABHD4",0.194632864713327,-16.4236325120368,3.19372891514592
"OXA1L",3.74983899902265,-12.1512682030452,3.168847135361
"SLC7A7",0.349952929732178,-15.7690966448092,4.18504178125882
"MRPL52",0.675547312226436,-10.4217825380716,2.56035616340091
"MMP14",0.129854364002748,-19.8880986271137,4.0464785517833
"LRP10",3.41912911613901,-10.1902559169565,2.36435074636983
"REM2",0.124306669861697,-15.5727693403274,2.84268661361045
"RBM23",1.2836113136744,-6.5036143558873,1.41394060846824
"PRMT5-AS1",0.143854244398848,-7.26769948658601,0.432742409979892
"PRMT5",0.4683024106005,-17.8504236934202,4.15419194199473
"HAUS4",1.86761955320643,-14.4650830508255,3.49987567501487
"C14orf93",0.687620526788549,-6.0968115628425,0.548297218467591
"PSMB5",2.62501328728892,-11.8664944657352,2.86632182660276
"ACIN1",0.579973129495104,-9.75912098385217,2.06119968916823
"C14orf119",0.588903551529401,-10.7261222077159,2.56330687981704
"CEBPE",0.19226432020815,-19.0661705747886,3.95706975047607
"HOMEZ",0.292263026224038,-11.3098454809227,2.06662546709867
"PPP1R3E",0.36143168859675,-6.9809488105162,1.05765625833763
"BCL2L2",0.142865970936176,-17.2660225646403,3.37321817152689
"PABPN1",1.48713595156476,-11.994384847789,2.84302398826918
"SLC22A17",0.179680767336954,-5.61308529375381,0.00439770080499799
"CMTM5",0.00438676777098154,1.54257349733257,-1.86286552443888
"NGDN",2.59231230825226,-7.37548732331095,1.47487141481526
"RP11-66N24.4",1.3079085415102,-4.64640275010005,0.362603682354504
"AP1G2",1.02726865264708,-8.84015832165238,1.81029800076838
"RP11-66N24.3",0.0503641012819927,-9.86467473199957,1.51741645886489
"DHRS4",0.0666697584551115,-14.7749595814261,3.32929200325194
"DHRS4L2",0.552854687776084,-13.3299524260126,3.36480337231037
"NRL",0.0566818030755645,-10.7556602751223,1.6911085116261
"PCK2",0.67679939585804,-17.4838268527511,4.12064084080336
"DCAF11",1.67530852550291,-10.6459373797617,2.40141001223116
"FITM1",0.10812558796206,-8.06764200040929,0.585568276104566
"PSME1",3.17991854018698,-7.01022361442568,2.23690206875673
"EMC9",1.02269048281071,-10.8172018994753,2.17546597929365
"RP11-468E2.5",0.579903467861211,-17.1374875678937,3.78617551830578
"PSME2",2.25771664622014,-11.3957900799403,3.38613746893795
"RNF31",0.319859846371769,-12.3791158040487,2.18527577217692
"RP11-468E2.4",0.0334726750011304,-11.1440730625435,2.31392747836153
"IRF9",0.245760983473481,-6.24969096527254,1.33179805860812
"REC8",0.463248357703244,-17.9843228724088,4.28654483573363
"IPO4",0.506527033465414,-10.1614224201149,1.81563286551757
"TM9SF1",0.164816386770685,-16.4951371728593,3.4428908622548
"CHMP4A",0.810405748178914,-8.55087367333393,2.29707798777408
"MDP1",0.081111588299868,-15.1521704353289,3.56374963440094
"NEDD8",5.96905924996993,-9.60228305229266,2.76063620881599
"GMPR2",0.46086825515834,-10.9397469761974,2.68004301361364
"TINF2",0.645383893263767,-7.41535280195219,1.65738043120437
"TGM1",0.141071380485543,-16.5116653834384,3.11574983681414
"RABGGTA",1.62162048962547,-13.5413680785493,3.10383981070293
"DHRS1",0.642314501029277,-6.55103317813739,1.1052381211202
"NOP9",0.251031390453082,-11.0646457768579,1.9682568335872
"CIDEB",0.0949562611051927,-13.0052735844626,2.83872637755835
"LTB4R",0.159645341416183,-8.21338825609222,1.52007703813906
"ADCY4",0.185112137155555,-10.7209788111958,1.52432476174732
"RIPK3",0.221271487660498,-14.3874467358409,3.09218252280273
"CBLN3",0.0103195365216487,-2.0401814859502,-1.14112548643849
"KHNYN",0.899544057195422,-8.22867451925136,1.45000600243149
"SDR39U1",0.460053713672962,-8.29841927054585,1.70356650439545
"GZMH",0.049143623895652,-1.75748822480579,0.230127911980012
"GZMB",0.0453521143337819,-0.307464272304747,-0.0015653172888259
"G2E3",0.728491669606676,-11.9198863510372,2.29196798492974
"SCFD1",0.222152707914814,-8.21827026737184,1.73556851341595
"COCH",0.0758606169357928,-28.6127516841818,6.85310984129272
"STRN3",0.102440171152336,-10.6645698107631,1.74024773985912
"AP4S1",0.0378914402559149,-15.1782718299247,3.21199808220049
"HECTD1",0.232204685619466,-11.4537290502708,2.64158965546815
"HEATR5A",0.0915936858665067,-18.6198172758684,4.04202103402514
"RP11-176H8.1",0.160337562904108,-2.59814801315954,-0.936138446991148
"DTD2",0.413284263060596,-8.97443831698283,1.43926957920489
"NUBPL",0.472409672592108,-10.2558376193006,1.66901526290964
"ARHGAP5-AS1",0.107683296611969,-7.29546407185906,0.35510763408383
"ARHGAP5",0.922722850821734,-10.7214078411135,2.08450941648737
"EGLN3",0.029942353720649,-16.9995743868196,3.4780206686173
"SPTSSA",1.3694412288595,-13.5960954018731,3.22764093169251
"EAPP",0.736519195688225,-6.69708037981624,1.51456107087672
"SNX6",1.02283684334127,-12.1669148762761,3.09482120711737
"CFL2",0.222571461677637,-12.5597025017584,2.38785124214792
"BAZ1A",1.54500491450947,-8.30334256786453,2.0663845794463
"RP11-73E17.2",0.532752736340919,-7.6850100011981,0.950602362603218
"SRP54",1.40804027076755,-10.5075840919432,2.31805693812701
"FAM177A1",1.63461187550223,-9.06829582336222,2.0786154443081
"PPP2R3C",0.231563210710296,-9.40397301905388,2.09582828986224
"KIAA0391",0.184207633004702,-10.0396287491868,1.32293090723098
"PSMA6",2.55491891046587,-12.58994578596,3.02656882999569
"NFKBIA",0.699638719294331,-7.87999676274528,2.34087740146691
"RALGAPA1",0.55060299923791,-9.59136179389739,1.73866630929855
"BRMS1L",0.484725061595995,-11.4986077212928,2.04584749914881
"MBIP",0.839801088499248,-9.66887328460576,1.89287698433605
"SEC23A",1.38154642053088,-10.1254474811875,2.07571029248645
"GEMIN2",0.649940947365632,-9.21807692385532,1.57849292121263
"TRAPPC6B",0.917027939081624,-4.56301498291922,0.323617536655005
"PNN",2.37410863597592,-8.23675852537962,1.89234643050782
"CTAGE5",0.531831968197137,-7.29343879859336,0.83423815809448
"RP11-407N17.5",0.0276117682865301,-14.9170034281526,2.97158339004163
"FBXO33",0.0782280778885734,-8.8919487360773,1.62635674022004
"C14orf28",0.267773428140358,-14.0218424573354,2.91280682475142
"KLHL28",0.756789040520729,-8.85821963512101,1.61640699223183
"FAM179B",0.379277698327376,-7.13070094790299,0.878722332048601
"PRPF39",0.459603322385453,-8.30322517916528,1.25416601898183
"FKBP3",0.316382058162117,-12.237153430084,3.03585473159646
"FANCM",0.197473311784647,-3.51645834495702,-0.597736779379915
"MIS18BP1",0.131102077123654,-13.787536796885,3.34719275087449
"RPS29",4.92224603501122,-4.75464804160753,1.83483471060076
"RN7SL1",0.433381563425588,-8.42445384833418,1.1038232620949
"AL139099.1",0.351170676611367,-13.7062855359346,2.58953493857771
"LRR1",0.325294678996074,-16.8427063030455,3.81296501095445
"RPL36AL",2.68418302414514,-6.5722891903951,2.12261868050142
"MGAT2",1.80370294380675,-10.1861115283607,2.20746964167123
"RP11-649E7.5",0.0549101797521795,-13.9669920345468,2.61548261311975
"DNAAF2",1.5344374237654,-10.2022093721133,2.1706103518725
"POLE2",0.0826862095727187,-23.8553944562745,5.17743818830245
"KLHDC1",0.202541622531304,-15.464967748558,2.94288183107006
"KLHDC2",0.980585428155141,-8.77253085308056,1.91588400605853
"NEMF",0.25650201712054,-7.93708041979766,1.80972971495876
"ARF6",1.45378377578774,-8.00750802762593,2.1603539244031
"C14orf182",0.251680201356097,-4.24721616034818,-0.304829250148004
"RP11-58E21.3",0.595706468973588,-6.11425682713176,0.511420755211353
"VCPKMT",0.334928739572787,-8.91265591998068,1.61520928821404
"SOS2",0.515536117290089,-10.2243815523636,1.69193500591989
"L2HGDH",0.0248111856667669,-8.1178168391772,0.806904303828116
"ATP5S",1.42389296760534,-10.5246097550261,2.30328945407371
"CDKL1",0.191808095409098,-13.8790514688311,2.48030682878987
"MAP4K5",0.320127659990816,-13.4829404426109,2.82906736415966
"SAV1",0.0476420946442835,-16.7874478980473,3.54026936650711
"NIN",0.45016630059062,-9.50809866992216,1.88153374139685
"PYGL",0.398227916152624,-12.2230272415023,2.67959232218018
"TMX1",2.61583371133049,-11.3452097137043,2.70675135739461
"GNG2",1.15264738479794,-9.06075865183862,2.11259222785498
"RP11-463J10.3",0.178909254403174,-4.26892229573279,-0.399588386341194
"C14orf166",0.779578155343986,-7.52954381632577,1.99350396551551
"PTGDR",0.0624450846912367,-2.13511612457696,-0.152600110046927
"PTGER2",0.742485147577822,-5.89547474288255,1.21971365895349
"TXNDC16",0.0878630517893102,-17.3028650730572,3.61834800467499
"ERO1L",0.699566160848211,-13.3438438463237,2.8042940457574
"RP11-841O20.2",0.0304142995740042,-14.5315938908294,2.69630244005331
"PSMC6",0.223756817356814,-8.77210639572608,1.95805909533408
"STYX",1.38910838596344,-9.83188557801374,1.92573666082422
"GNPNAT1",0.720070458433584,-15.0907585569431,3.28530502160359
"DDHD1",1.05875629740709,-11.8708057927036,2.38909525890562
"CDKN3",0.277857834453017,-24.9314603502823,5.8699444957001
"CNIH1",2.45211926320038,-9.38831793356466,2.20793170987308
"GMFB",1.43564246888452,-7.93046478235128,1.36497497426913
"CGRRF1",0.0616413341970425,-12.4788034541234,2.88072072490373
"SAMD4A",0.3447942683686,-13.6397250878383,2.85231794522686
"GCH1",0.380387177267027,-13.3618565812688,3.22011660714803
"WDHD1",0.11581318403801,-16.9040997856147,3.18492016257744
"SOCS4",0.408983683939384,-11.1168091949976,1.92254387505793
"MAPK1IP1L",0.397001926181254,-9.89295239505481,2.34967495555606
"LGALS3",0.299865494642881,-12.9882906358442,3.66496510851193
"FBXO34",1.11246775382194,-8.66547753551011,1.51624763094739
"ATG14",0.528197621105433,-8.0110791596527,1.04739656798655
"KTN1",0.978768742984725,-8.27900028427038,1.90051945911126
"PELI2",0.173565461319087,-16.1448877032053,3.1404904574129
"TMEM260",0.511646423387685,-10.9929024725952,1.91821849818978
"EXOC5",0.956225761035888,-11.6089493552885,2.43754639483816
"AP5M1",1.02779289572667,-9.35759704460385,1.8549341111524
"NAA30",0.556454116662949,-11.188041950146,2.12964348522312
"ACTR10",1.83290932300287,-10.4685755072534,2.45359462101401
"PSMA3",0.752798513470317,-12.5664852103591,3.2182237829642
"RP11-349A22.5",0.401253183455095,-8.42594480333424,1.8915372183996
"ARID4A",0.388996234802573,-3.41655161220982,0.409335553909621
"TIMM9",0.498814435015849,-9.62762121213188,2.21019725417827
"KIAA0586",0.434570668806044,-13.8643593173583,2.72720736864127
"DAAM1",0.34980233282262,-11.7859368610111,2.29890514811279
"L3HYPDH",0.30144490462791,-6.15487568522675,0.55765953565539
"JKAMP",0.394259988303662,-13.3833411897352,3.0579314522528
"RTN1",0.357994792214574,-22.0816070614524,4.93450678011052
"PCNXL4",0.71111160692996,-16.8372523543366,3.69961636733507
"DHRS7",1.0829450158491,-6.81072112040092,1.77781554273555
"PPM1A",0.819464361293291,-10.8156058879186,2.31539914866403
"MNAT1",0.0500166645544783,-10.2953969386706,2.20749489402776
"TRMT5",0.216637200783272,-16.3430027645304,3.44720737468288
"SLC38A6",0.631945644746052,-2.73381606234439,-0.484669523282318
"PRKCH",1.5943028620577,-5.56025357726663,1.06882618996613
"TMEM30B",0.342348579995079,-4.76005272645678,-0.0589568766587518
"HIF1A",1.14711110559778,-11.4013819064248,2.51586936437914
"SNAPC1",0.877366885579716,-11.6033153123611,2.33868904942859
"PPP2R5E",1.01641330426692,-8.37052811225161,1.56646839335252
"CTD-2302E22.4",0.00214757569982719,-3.18040288031537,-0.795517894215639
"WDR89",0.647670901499503,-6.39431575962987,0.620867161123669
"SGPP1",0.988598370367542,-9.17455536912289,1.6463981768349
"SYNE2",0.295821822787719,-5.96774878942979,1.07022049669864
"MTHFD1",0.775668647821091,-16.0358435801012,3.60961084416784
"ZBTB25",1.42266154487398,-8.94287556529805,1.7739826244506
"AKAP5",0.217904059716549,-8.67589273973045,0.972753500924195
"ZBTB1",0.912712405265158,-7.47631127923856,1.35571837281029
"HSPA2",0.11733884873583,-16.3652983493358,3.02843802658185
"PLEKHG3",0.716479786627006,-7.91174690964196,1.10326538074909
"CHURC1",4.84094896244568,-7.49892421742661,1.7766090941037
"FNTB",0.0902916307639188,-16.7423249663039,3.47198742541107
"MAX",0.542747151923744,-10.770263497081,2.70681269067477
"FUT8",0.430480268990478,-12.6784842082309,2.52100166904072
"RP11-72M17.1",0.115526678596055,-18.8957084503547,3.76092767055931
"GPHN",0.271440846097919,-17.0264352457309,3.46583495884166
"FAM71D",1.40905090030488,-13.7448290101165,3.04736152858703
"MPP5",0.0667534244783795,-5.75609613466221,0.239492200715532
"ATP6V1D",0.383171446454848,-9.21651895092277,2.02212477290443
"EIF2S1",0.332751732474841,-12.2465165572634,2.96244134346523
"PLEK2",0.00531934078899132,-8.75097747360155,0.789060848971203
"TMEM229B",0.0494865868589466,-11.6193663724827,2.14021105149485
"PIGH",1.06467742025746,-6.28098313123228,0.999472766637764
"ARG2",0.000178032315239283,-22.0629544697622,4.90962747165227
"VTI1B",0.453127613887629,-9.83917025562007,2.35694738351364
"RDH11",1.93415123656738,-7.42388672020884,1.45667095534645
"ZFYVE26",0.140072148548829,-12.3237277969295,2.26534640836912
"RAD51B",0.00936458488293241,-9.01206823450062,1.62996437858966
"ZFP36L1",0.765410083189446,-7.49305883043871,1.88987773783438
"ACTN1",0.506712114862972,-6.63839377333637,1.22975887455205
"DCAF5",0.122658984488492,-11.8335784329446,2.68426542831157
"EXD2",0.276005804409243,-17.19833560751,3.53548450936352
"ERH",1.19257270029595,-9.52041259101523,2.60138493297424
"SLC39A9",0.693145414745824,-12.8674979841234,2.56197602525488
"KIAA0247",1.02648978482347,-7.13187820036886,1.05441839571096
"SRSF5",2.4611147669335,-5.98183505706584,1.92975557788358
"COX16",3.61336074964748,-10.8346743751163,2.65568716783117
"SYNJ2BP",0.409214974108441,-8.7881320240399,1.62445633036769
"MED6",2.41143430828051,-9.59959255048544,2.08491113721376
"TTC9",0.709785476458327,-19.0305890435148,4.28945820778491
"MAP3K9",0.143875296970227,-4.54908613716367,-0.382415453323984
"PCNX",0.0945617341970778,-10.0994334694141,2.02527387409322
"RP6-91H8.3",0.0621713730849655,-25.6848091686036,6.00001181929238
"SIPA1L1",0.596515171219125,-11.3538103641659,2.37837424564494
"DCAF4",0.676204438701321,-10.0279378318272,1.69776538397539
"ZFYVE1",0.143560202846375,-9.09072842236591,1.32488699544262
"RBM25",0.620500179937707,-6.45654679156276,1.45475736385584
"PSEN1",0.681023963133308,-13.210732274512,2.93211303082266
"RP4-647C14.3",0.0848899845390125,-16.3515137075586,2.97141636486655
"NUMB",0.362384046364345,-8.65162110235889,1.86784280545114
"ACOT2",0.882155986311859,-8.60762938389347,1.51431193595632
"ACOT4",0.683418300830782,-5.84286043167234,0.472535384202654
"DNAL1",0.265443810688923,-9.74703203353302,1.35632094501659
"PNMA1",0.14602894432616,-11.5668705244894,2.45253813641771
"ELMSAN1",0.498047892669709,-9.64163863009641,1.6624847830269
"RP5-1021I20.1",0.135679930442022,-9.67771074403894,1.14967050880515
"PTGR2",0.335102185243785,-7.892727227693,0.876610068021162
"ZNF410",0.0753646386448021,-11.9487841046825,2.07485612102784
"FAM161B",0.365133444915353,-10.2488936979326,1.58957841302203
"COQ6",0.509961255944195,-11.3738397801748,2.3655463096375
"ENTPD5",0.0545214820801286,-8.69039387903415,1.08042357793556
"CCDC176",0.231157269367479,-12.548130580111,2.11590104470617
"ALDH6A1",0.16003809166729,-10.6976099815554,1.9108650574255
"LIN52",0.00978544462211572,-12.8745954723173,2.68724935880449
"ABCD4",0.229505880667995,-8.74221116021531,1.65332100622048
"NPC2",0.567487297467075,-13.029910859621,3.87352818851813
"ISCA2",0.164532131947528,-9.29271479044186,2.16352854045916
"AREL1",0.390049600138977,-12.0799888784713,2.27527828287617
"FCF1",0.0896752680099407,-10.7588731423284,1.91298152763446
"YLPM1",0.384834066850059,-9.93776936062832,1.89509249987029
"DLST",0.136308317533863,-11.6264021496522,2.53227155003309
"RPS6KL1",0.00121530592017772,-9.38854834654661,1.40137065454088
"EIF2B2",1.16442211200308,-11.001363823314,2.30662619257026
"RP11-950C14.3",0.142945720784716,0.963432270369909,-2.05831637452575
"MLH3",0.315356029118868,-6.74265470445552,0.891060811936227
"ACYP1",1.68363546825028,-7.05594903092127,1.1966710630224
"NEK9",0.923066255620381,-12.038725694567,2.40740310308827
"TMED10",2.71268270773234,-9.71701268149759,2.43985645786563
"FOS",2.39522495600756,-6.03987876348668,2.30957382856929
"RP11-293M10.5",0.0630107485424555,-11.2674205244724,1.95529705697516
"JDP2",0.158352683616584,-13.7514640290278,2.78916617985715
"BATF",0.731594664865676,-7.73043688162742,1.58090484662265
"FLVCR2",0.235103795121158,-17.7914413948938,3.72534008662786
"TTLL5",0.354080868892552,-13.0236029401199,2.59259116287889
"C14orf1",0.197726844537918,-7.04010850612513,1.49557467573223
"IFT43",0.522611776618572,-8.45807711718751,1.5360417794946
"TGFB3",0.10768695533606,-6.37135760987264,0.0785791203765946
"GPATCH2L",1.20898415862902,-12.6518165287202,2.75147883469275
"VASH1",0.063824196593395,-21.9533554277007,4.80996990889826
"RP11-488C13.5",0.00804284636811419,-5.21494878059192,0.328783356908746
"ANGEL1",0.443208296946735,-12.7277809415641,2.39516138715063
"IRF2BPL",1.08386314927436,-5.33660345737842,0.52829649791325
"CIPC",0.246844933001212,-15.8868242003456,3.17434377856304
"GSTZ1",0.205997545058896,-18.1245737474717,4.29065980295468
"TMED8",0.268154860546688,-13.7846191308437,2.76449922891503
"VIPAS39",0.491911753791213,-13.1315210407574,2.67345245711383
"AHSA1",0.385064757738982,-9.55121498351395,2.26463510164141
"SPTLC2",1.13625132091407,-12.7244106774241,2.85950915726598
"ALKBH1",0.531586376077878,-12.7122975604284,2.48582410512331
"SLIRP",1.93586480441127,-13.4661569779571,3.37276317799835
"SNW1",0.503313813052631,-10.0981848070151,2.47331719110373
"ADCK1",0.207637355715669,-24.9580859338712,5.68326763085761
"CEP128",0.00354113001985229,16.2943905036823,-6.35777275873913
"GTF2A1",0.557967632260616,-10.3986891830908,1.79869324541571
"SEL1L",0.22472337391334,-9.70089222275011,1.82153721744067
"CTD-2341M24.1",0.469482999146677,-13.2825462485659,2.54591978208597
"GALC",0.499167987603472,-10.8850162188041,1.8964570942137
"GPR65",1.24585561670425,-8.12796262001378,1.55828616411376
"SPATA7",0.00970991582754088,-16.6331991953613,3.2545128425786
"ZC3H14",1.30326010932432,-11.9057047561269,2.55158910288794
"EML5",0.167062847285683,-27.2421280520937,6.12784348093962
"TTC8",0.000684240168748398,-4.32192789584303,0.0614964918257987
"FOXN3",2.43742010054824,-8.07992812234738,1.73547397621454
"EFCAB11",0.319295177959993,-20.755073046735,4.5927119573737
"TDP1",0.540535473653048,-7.77451252859499,1.30284098837944
"PSMC1",0.8225467596319,-8.07207502998473,1.19858523246677
"NRDE2",0.181401273578232,-15.1698744073626,3.2968676944247
"CALM1",2.02903402449002,-6.66679124318934,2.11484337473106
"RPS6KA5",1.20408613928599,-5.83428381833974,0.69925864699765
"C14orf159",1.64962404798412,-11.8086606027871,2.62885824052584
"GPR68",0.132262567581322,-12.6989541228369,2.35083434386066
"CTD-2547L24.4",0.00569713239843918,-13.1165686118021,2.07929129578276
"CCDC88C",2.01234620204559,-11.7445406834385,2.75715995126874
"SMEK1",0.892601431734728,-9.09387395360058,1.87458460047651
"TC2N",0.653184786335202,-7.61594444698404,1.63169565179158
"FBLN5",0.525350085919425,-8.51024459312196,1.6288620777934
"TRIP11",0.0801836228525326,-18.4692405854916,4.49570721442914
"ATXN3",0.125160325243969,-8.15518430855147,1.63451121938856
"NDUFB1",3.11662441004798,-9.4957091577387,2.3481938251644
"CPSF2",1.05886790303214,-5.38316361673539,0.538233089650313
"SLC24A4",0.323107749575937,-21.9385547222969,5.2292304593384
"RIN3",2.42632748100187,-12.0415570724248,2.89272801578467
"LGMN",0.387665075528278,-21.0796686793164,4.94903967678285
"GOLGA5",1.13597378068186,-11.3313412664473,2.24068931622717
"ITPK1",0.420830318759991,-14.7816301640843,3.3965407815597
"MOAP1",1.51772302247911,-7.40621902523946,1.49953131004979
"TMEM251",0.179305598735394,-20.1085532216219,5.05838867641185
"C14orf142",0.351334443261991,-15.4309052680967,3.61332407799564
"UBR7",0.849060333060244,-6.65469442476294,0.78405063240043
"BTBD7",0.700890207184433,-7.95475397812098,1.22612536395835
"ASB2",0.0767714872740023,-15.2727634954963,3.01358868739968
"DDX24",0.950381008172496,-6.86176379575383,1.68187820084559
"IFI27L1",0.168933079292385,-19.5763547497279,4.6015862597808
"IFI27",0.0265936980537517,-12.886443652188,3.05479231181305
"IFI27L2",1.07264559929977,-8.91270426963016,2.16723132451866
"SERPINA1",0.334624671738181,-15.6532722942275,4.45211810945547
"DICER1",0.167717889905647,-13.4901476737991,3.0328623550577
"DICER1-AS1",0.182175614607078,0.974254255458143,-1.99314254466467
"CLMN",0.66264376141112,-7.30537491372241,0.90012529084179
"LINC00341",0.050794897709564,-13.118527943631,2.34852998333651
"SYNE3",0.26527363993852,-11.9670128524479,2.25091826617059
"RP11-1070N10.3",0.100279803099069,-32.0413480094386,7.78503002807741
"SNHG10",0.47912384684338,-9.15933142208972,1.51381486916238
"GLRX5",0.641674497001657,-12.8685984211356,3.17320699253568
"TCL1B",0.00612571191255932,-4.48754580333026,-0.278902254417518
"TCL1A",0.0642175331548404,5.67826831657884,-2.09742424566636
"RP11-164H13.1",0.0213772188280165,3.81341264256889,-2.55034725077034
"ATG2B",0.232039222543806,-15.6477428821322,3.210271290539
"GSKIP",1.16797218481924,-9.71150578366456,1.91976776122893
"RP11-872J21.3",0.259624333265823,-14.6792196140043,2.80440322945536
"PAPOLA",3.49761281851427,-7.78472020167752,1.91271872709149
"RP11-433J8.1",0.0900656819893336,-7.77794397367752,0.444756404245559
"VRK1",0.949159329720496,-10.9209015943653,2.3632128982621
"C14orf64",0.646231517785479,-6.41357826505499,1.06446981441745
"BCL11B",0.467366919926145,-7.75272778387973,1.59830154720486
"SETD3",1.92129888522956,-8.60141030299532,1.69793894740196
"CCNK",1.2131982482477,-8.60573863841616,1.74464133552224
"CCDC85C",0.0890153852335203,-9.08776550646256,0.83500151854117
"EVL",1.95211461451851,-6.10179839140737,1.7987522056916
"DEGS2",0.166513103112844,-0.252567840444011,-1.64977390842413
"YY1",2.79985659707133,-9.58087718434788,2.2472255174953
"SLC25A29",0.283219322574299,-10.0678026805605,1.47022279778207
"WARS",0.407021598010948,-19.1187649768213,5.1486156439127
"WDR25",0.57491616499369,-17.8345950050415,3.93739159763478
"RP11-8L8.2",0.12106067416352,-25.958663371594,5.71835256985905
"RP11-796G6.2",0.0442928463786577,-15.0597908574297,3.01310505102943
"PPP2R5C",0.73290039728628,-5.79636367123332,1.39749166207535
"RP11-1017G21.5",0.19006015564598,-14.7599420338322,2.86437652625387
"DYNC1H1",2.35375225266274,-9.20816990610285,1.87267631406614
"HSP90AA1",1.59152080601357,-10.7425857706976,3.176236221018
"WDR20",1.28545308654085,-9.10166370387256,1.68142074062764
"ZNF839",0.191254538290523,-16.4139615326402,3.4194016238416
"CINP",1.03063299825201,-14.5183910977431,3.51950755052186
"TECPR2",0.165513822947242,-19.0414271493872,4.18912296586668
"ANKRD9",0.0500561737818286,-18.7603136631215,4.00425685404194
"RCOR1",0.391033276487941,-16.3246602618308,3.5019554189649
"TRAF3",0.66047112831299,-8.74786834746715,1.60015424612421
"AMN",0.286446853312223,-10.9182859057486,1.72117194514978
"CDC42BPB",0.197040760490782,-10.3550364295273,1.49373548937998
"TNFAIP2",0.144346143072696,-13.5457123197865,3.28910144812831
"EIF5",0.913163429477952,-9.29238682765286,2.46133545342494
"MARK3",0.736059905004659,-9.18247478875464,2.03415222250227
"CKB",0.0938420392804341,-22.4933259302393,5.61838595322907
"TRMT61A",0.0319506847049625,-13.3201333860901,2.85304364811872
"BAG5",0.078573211767716,-18.6914013065605,4.55428430110637
"KLC1",2.06753745644212,-6.54439709932823,1.03565647261304
"APOPT1",3.03704584810062,-11.1823218593322,2.64532488010525
"RP11-894P9.1",0.0182191403845587,-13.3867546770598,2.30833825468409
"XRCC3",0.162819859959939,-21.4594901071871,4.61222404999211
"ZFYVE21",0.575526990939771,-12.385675578918,2.73210952608689
"PPP1R13B",0.250902618577624,-14.6464444911295,2.77474444348925
"C14orf2",0.788911372856614,-10.0759606837361,2.52412674097535
"INF2",0.611843205425893,-9.04211353279919,1.58578422623306
"ADSSL1",0.066434265189424,-16.5670505508729,3.38908432089695
"SIVA1",0.446169166474865,-9.63879076491405,2.52141722880746
"AKT1",0.646352563297199,-14.4900277501352,3.21731406256594
"ZBTB42",0.0991586082661529,-18.9572290171458,3.72610044837504
"PLD4",0.180505634046511,-18.6925439722157,4.66612395524619
"CDCA4",0.480637015745829,-11.7074120983416,2.41428168813749
"GPR132",0.740376958790197,-11.2705802511851,2.20833491648552
"NUDT14",0.535322945748541,-15.2533966771238,3.37387752586396
"BRF1",0.324066536693525,-14.7391043146932,3.19427170370997
"BTBD6",0.347966252187721,-15.5051266045937,3.15598803274561
"PACS2",0.229614824388334,-11.4637820197426,2.07619099371997
"TEX22",0.0974294295177106,-21.7028048459357,4.51394622649003
"MTA1",1.17738826811384,-11.2573752830356,2.42669865826221
"CRIP2",0.130082445635748,-10.1868361630138,2.27106397758954
"CRIP1",1.1184729738112,-10.7760148009672,3.04816510539939
"C14orf80",0.034337886268012,-11.7389567802346,2.48495198584559
"TMEM121",0.429658516744978,-14.4540743839246,2.85038665223615
"AL928768.3",0.00337807757561992,-13.3645703096679,2.86598435339752
"KIAA0125",0.063542441991352,-8.0204610935041,1.4797060027575
"TUBGCP5",0.150628222715109,-6.98328190481832,0.710607197215725
"CYFIP1",0.0889773459918909,-23.8536669764703,5.79527353398718
"NIPA2",1.70705994703357,-10.8480722066831,2.43170283118898
"NIPA1",0.246004257893379,-8.06718870915955,0.837690266378319
"SNRPN",1.28757340585985,-5.65740323209387,0.660765283204117
"SNURF",0.0953399788482137,-8.09860290223203,0.98131838112834
"PWAR6",0.107602709716334,-8.28695233359578,0.65092342344498
"UBE3A",0.146147021738845,-8.13573540675008,1.6077520406015
"ATP10A",0.0467464594830097,-2.57527997550356,-0.76889320663315
"HERC2",0.692540498915,-9.3279860367585,1.6832136268756
"APBA2",0.297521216405986,-6.58852322749313,1.11823705550788
"NDNL2",0.611543113202627,-9.10969335554989,2.23873680846201
"ARHGAP11B",0.0527324010102515,-7.39962740181981,0.696828231496196
"FAN1",0.176475620433523,-10.807130203278,1.54976026808101
"MTMR10",0.130974037532343,-7.43785689130913,0.997609404738219
"RP11-16E12.1",0.143922462992724,-6.90959976677316,0.325765374659559
"RP11-16E12.2",0.26718866130788,-13.2986711372099,2.40126129150693
"KLF13",0.307859522905395,-6.71067827222174,1.26048005250481
"RP11-1000B6.3",0.108912681344972,2.5131066136034,-2.57692629310692
"ARHGAP11A",0.00119637261575047,-3.80387348641294,-0.484785287482131
"FMN1",0.778181436541752,-11.6180925121166,2.23724742407476
"EMC7",0.844006268398696,-12.9552775433465,3.37420386883503
"PGBD4",0.216892900410047,-13.6310907596526,2.43323429582252
"KATNBL1",1.19652298451205,-11.1624662108073,2.48825469717089
"EMC4",4.02757934421413,-10.2349898483372,2.60786713915362
"SLC12A6",0.323638084679838,-10.8329447617368,1.94282119563316
"NOP10",1.02921422819629,-10.8842092699437,2.9721266559082
"LPCAT4",0.298478935448205,-9.9287142856891,1.86438650298161
"GOLGA8A",0.331422206489846,-9.12180825245766,1.25643190496632
"GOLGA8B",0.0929180543453637,-6.09505695494439,0.384648202388323
"AQR",0.343549038394012,-11.9597200419521,2.35583862101591
"ZNF770",0.968293639909151,-8.17046786900615,1.34563699181407
"DPH6",0.0217058737063281,-9.94416677475745,2.00974591213433
"C15orf41",0.349261079488258,-16.9001738089642,3.50199861503998
"RP11-1008C21.1",0.0537886523018683,-26.0899356054636,5.94902747438539
"FAM98B",0.69731840110514,-8.39663296743651,1.24694856071827
"RASGRP1",0.866784413385348,-9.95203745142127,1.95163084167388
"RP11-275I4.1",0.0103539849054532,-10.570607431086,1.41397175365839
"THBS1",0.138210748143793,-2.1242858280866,-1.11558639477212
"FSIP1",0.0906751188359625,-8.87919502688249,0.77296442399449
"EIF2AK4",0.0441500277516011,-14.9415058405838,3.5051132196193
"SRP14",4.04173803200138,-5.95178201611161,1.93400661630266
"SRP14-AS1",0.650044486820181,-10.4521890111969,1.83865445774659
"BMF",0.31099773653626,-13.272862761367,2.641357119491
"PLCB2",0.383169413297846,-9.26026105634889,1.86954345754588
"LINC00984",0.000122145804841207,-21.7727498755714,4.5859307920507
"KNSTRN",0.318932564326789,-21.0163898177543,4.86439609382438
"IVD",0.47103067470005,-14.2826384940192,3.21955397541843
"BAHD1",0.399384929623476,-11.9386415034805,2.11491683473761
"CHST14",0.405567587234148,-11.1648069325378,1.91311937485923
"RP11-111A22.1",0.0401687016403304,-2.58264711981143,-0.786184921925277
"C15orf57",0.150773432371741,-4.818326702163,0.771810122190405
"RPUSD2",0.018246682340491,-8.37773163219156,1.63974731542228
"RAD51",0.150569937579376,-35.0367479033184,8.57070128631813
"RMDN3",0.0868952501608863,-6.27380189310371,0.991090946470903
"GCHFR",0.744805518659939,-7.54511586534787,1.60895799096721
"DNAJC17",0.340439282122044,-11.7473361001745,2.51386216046586
"ZFYVE19",0.370064521243114,-14.0849685760284,2.98189835674399
"SPINT1",0.170391548217631,-21.1581867819935,4.91289895093555
"VPS18",0.591249125321714,-9.33117621526077,1.47528811262459
"INO80",0.661288038926013,-10.0011278437839,1.8771643300238
"CHP1",0.705877826085322,-12.630625273294,2.73909607486516
"OIP5",0.304797862857347,-34.0834276183871,8.10531703043506
"NUSAP1",8.06018488561268e-05,-35.7127881524789,8.65500351932861
"NDUFAF1",0.84128196348287,-10.2148440284762,2.10688957157907
"RTF1",1.04060471250027,-9.59051305041082,2.34631812448941
"LTK",0.18617120781163,-13.040106298916,2.23468760851276
"RPAP1",0.137595551708576,-18.6569798234878,4.07881900779578
"MGA",0.0341067115861116,0.582874053448986,-1.19602484688341
"MAPKBP1",0.214101992383109,-12.9236837118378,2.22606544543114
"RP11-23P13.6",0.0471841697360703,-10.0107953781079,1.56055655669859
"EHD4",0.40664358510457,-12.7130767725184,2.93881197140413
"VPS39",0.835727672343002,-12.3873507282127,2.50936302272356
"TMEM87A",0.202260920526121,-7.08287068010216,1.39327394740539
"GANC",0.426736877906603,-15.4715865251306,3.31229881939631
"CAPN3",0.283500572820363,-12.7392562672744,2.25633208262349
"ZNF106",0.245210808437276,-14.2289779484277,3.50395796625008
"SNAP23",1.13942868346668,-12.732347897148,3.23294220475805
"RP11-265N6.1",0.273321608028282,-10.2472335037496,1.50416093196887
"LRRC57",0.646350818383859,-6.87953013181148,0.765352076269439
"HAUS2",0.745549510382793,-14.0410731219435,3.00723539704126
"STARD9",0.134554192537858,-14.9685081298204,2.70547655413052
"CDAN1",0.176777579669508,-9.61350368174553,1.19676804025341
"TTBK2",0.962495799861835,-13.1482888653148,2.70908251948331
"UBR1",0.307165322368245,-7.37727177332002,0.92148707773828
"EPB42",0.1723252243565,-14.3171543244381,2.54970560860926
"TMEM62",0.029845440498355,-18.7845795157438,4.29480776510544
"CCNDBP1",3.16956631794243,-7.90928369638484,1.91245879156659
"LCMT2",0.186416346947319,-13.3795137330753,2.35960952842315
"ADAL",0.0663806833268266,-11.5140179217955,2.30806449574527
"ZSCAN29",0.33763666344118,-10.2165249486173,1.60814974129556
"TUBGCP4",0.362674794983211,-11.0414886812616,2.01195553097283
"TP53BP1",0.251050728896644,-15.4993281790327,3.21373141298566
"CATSPER2",0.303629356902106,-9.15662158809662,1.21861357527395
"PDIA3",1.13877330750222,-7.68924351052475,2.0615051618599
"SERF2",4.52908392877231,-6.6942056743334,2.27236448432948
"HYPK",0.496899301025669,-8.0382434598058,1.03498498354142
"MFAP1",1.17998580594891,-13.4335446738842,2.98216047395491
"WDR76",0.38661601128418,-21.583053634292,5.04915957421541
"CASC4",0.181509330490441,-8.4031685544872,1.62948836687702
"CTDSPL2",1.06974990132186,-12.6804413514277,2.72394171757538
"EIF3J-AS1",1.48877617993667,-7.9775490073074,1.41954322044549
"EIF3J",2.45680522455107,-10.6546744235136,2.52024830121545
"SPG11",0.760171549435796,-10.4975470857254,2.1696003021376
"PATL2",0.342925604944915,-3.57465593365584,0.188604595967368
"B2M",5.14607362597338,-2.52094010474654,1.87917853697879
"TRIM69",0.621869231907398,-8.2359162268567,1.7612502775859
"SORD",0.352805285296295,-18.5729871691293,4.15831616928762
"DUOX1",0.00605633163506104,-14.3243717136462,2.43327342993026
"SHF",0.0935062452006892,-11.3572741353617,1.50753612312907
"GATM",0.1994493932735,-14.4824800226883,2.70532478580414
"SPATA5L1",0.0956072958896557,-16.8340576720779,3.57782823902042
"C15orf48",0.0360744906015596,-28.3423218339697,6.68623054302711
"SLC30A4",0.143533454249362,-4.11140462067467,-0.514315095289631
"BLOC1S6",1.9801551588615,-6.73899025522102,1.19142243373575
"SQRDL",0.876966787006184,-11.3601875919592,2.83663827650883
"MYEF2",0.344686655317848,-15.8235268974586,3.22072035522658
"RP11-154J22.1",0.132641391080439,-24.2677096826488,5.29393202976989
"DUT",1.02634670063791,-12.500237141322,3.39016141159467
"CEP152",0.482355770411377,-21.9579725232396,4.99488599269616
"EID1",2.24111144304807,-9.16748800190829,2.57900032988996
"SECISBP2L",0.979818234514998,-6.67024389529461,0.823709024407408
"COPS2",1.61159429863956,-12.0586080974704,2.73051033556412
"GALK2",0.670506567686564,-10.348973586344,2.07143527359257
"FAM227B",0.526586857301326,-6.83486948690183,0.687693765292378
"DTWD1",0.95993358508392,-11.7486095183211,2.44115047654037
"ATP8B4",0.0859026720103281,-15.1499220052916,2.62125752355384
"GABPB1",0.465033938951036,-8.17024715482897,1.38873747757881
"USP8",0.223083099272669,-10.4766677689553,2.22891498693017
"TRPM7",0.95826219489284,-8.50868805935209,1.368917449315
"SPPL2A",0.148336255603337,-12.4888811039726,2.91049565811738
"AP4E1",0.255747128467806,-10.8713467801957,1.68831493368562
"DMXL2",0.526062937148013,-14.7164314557105,3.23241091369087
"LYSMD2",2.25394839384802,-11.6324586742665,2.99991491561418
"TMOD2",0.122089618586809,-19.4885381147949,4.27719426437931
"TMOD3",1.63636379796926,-10.2347028547796,2.23002268982903
"LEO1",0.780686575070562,-12.3078881839495,2.62209707040864
"MAPK6",0.380897239551548,-13.2204519287288,2.65006323801946
"GNB5",0.609180412327071,-6.67741155517608,1.01478547651009
"RP11-430B1.2",0.0271801431130061,0.984006053470016,-1.75456497359013
"MYO5A",0.194399150259652,-11.8856437510084,2.27470007869103
"ARPP19",0.34930024592725,-7.36937904871358,1.54093054983669
"FAM214A",0.0802813110789346,-8.81101477313692,1.27442309168637
"RSL24D1",5.36529377684194,-8.79131033662865,2.17807443810014
"RAB27A",0.49788404854895,-6.36580593058276,1.16608703190466
"RP11-139H15.1",0.246948578965941,-10.5717434888465,2.49784540180288
"PIGB",0.54080669425246,-13.7333612188953,2.8676981394058
"CCPG1",0.334570459039873,-15.9177691245936,3.81456033215788
"RFX7",0.403834880949443,-12.8241109822823,2.38747231389158
"ZNF280D",0.616487666844488,-7.4707848337064,1.05594140441326
"TCF12",0.269851566666558,-9.86143435705713,1.83169360429577
"LINC00926",0.0924303867361558,4.53819164901684,-1.96023016620523
"POLR2M",1.70910367800464,-8.97086742691086,1.83838545086125
"AQP9",0.191586781863406,-12.4604556884647,2.1136609288631
"ADAM10",0.21635338559952,-8.88580093887617,1.8025706307153
"FAM63B",0.531825847702906,-4.42390891279804,0.302897973470674
"RNF111",0.836306984320624,-9.33005035133455,1.58286342969261
"SLTM",1.39046007327913,-9.99189630127517,2.43785147699222
"MYO1E",0.134481978815639,-8.51279204264782,0.803784235318969
"FAM81A",0.089681586420209,-6.53357873957275,0.0725554198268042
"GTF2A2",2.55989488057543,-12.6817178536062,3.26538595404842
"BNIP2",0.29728396392275,-3.79194776322273,0.556127352615871
"ANXA2",1.01083560954225,-13.9713654760477,4.10429594169134
"NARG2",0.133319150564448,-10.1752405314579,2.11420854817251
"RP11-219B17.1",0.125388160252566,-6.61870857158308,0.198821776349581
"RORA",0.433319470811369,-6.09501724006953,1.23204608916356
"VPS13C",0.103316459294807,-8.82738514109343,1.79614369523365
"TPM1",0.0679299745985928,-3.52149972204449,0.049110165005357
"LACTB",0.910145391353678,-14.2475526682031,3.46786259030121
"RPS27L",1.01829671435341,-7.98511024096944,1.99297256300306
"RAB8B",0.304887394449,-9.08873632495874,1.86230638546764
"APH1B",0.226653888735829,-12.9077553061705,2.91739874976152
"USP3",0.307895560777092,-10.9119540583611,2.56227503936247
"USP3-AS1",0.142333091424476,-4.1778537829161,-0.494277793444941
"HERC1",1.00014308266072,-9.53253351349112,1.94750332772614
"FAM96A",0.257393733990757,-10.8812098193478,2.62840538912281
"SNX1",1.84679614261757,-11.7725379001615,2.73594987025156
"SNX22",0.332811191587697,-8.80105873453732,1.59954280745987
"PPIB",1.26773891219106,-11.3301126780704,3.29814591336049
"CSNK1G1",0.172143112366801,-20.6267914352941,4.61638628152493
"KIAA0101",1.70419500708987e-07,-40.2238297436129,10.1645766804283
"TRIP4",0.793786001452404,-8.78253317504228,1.7202682175729
"ZNF609",0.298304792345039,-15.7969106673243,3.54058811185817
"OAZ2",0.520967937723129,-13.6716323843415,3.5927438832459
"PIF1",0.179241310402153,-4.23211083174961,-0.410676676320312
"PLEKHO2",0.529169210240161,-17.1504062989054,4.02154266936002
"ANKDD1A",0.13097193776798,-24.0044861151187,5.26313534376506
"SPG21",1.76012657198956,-10.0794945271449,2.51477572471032
"MTFMT",1.18581487307476,-15.0113989817801,3.42439497281244
"UBAP1L",0.021836938659212,-9.83888553314355,1.29173030756637
"PDCD7",2.0263880685833,-9.62684083881875,2.13529229135371
"CLPX",0.0786537660553301,-10.0582644138711,2.00736001815022
"PARP16",0.724414749717612,-8.0063398597507,1.13863185906343
"DPP8",0.689671579716783,-11.8816527896629,2.51728611986531
"PTPLAD1",0.702819659443152,-10.3044445568004,2.06149982623345
"VWA9",0.657809163550189,-11.2248698943616,2.23221370086059
"SLC24A1",0.1613535233687,-11.9548424792355,1.85698773198135
"DENND4A",0.68765352656566,-9.70835489985895,1.63460059838955
"RAB11A",1.84974550754609,-8.77364163448927,2.01193456448286
"DIS3L",0.998212593987699,-11.1302423057553,2.22147186239086
"TIPIN",0.664948808799988,-17.6201585730052,3.90148130731423
"MAP2K1",3.66430726441732,-11.5651048345148,2.76697179982684
"CTD-3185P2.1",0.561353342597174,-12.4315551431772,2.34041114018044
"SNAPC5",1.33234915323583,-9.19062125312656,2.02976596437525
"RPL4",5.07095209404404,-6.61673628992058,2.47892213746424
"ZWILCH",0.100367356000391,-19.7377978204359,4.40069415419097
"SMAD3",0.777063716987344,-8.29195225659993,1.51513189102962
"AAGAB",0.0670124821284364,-0.104066306912198,-0.899520726664863
"IQCH-AS1",0.21559402733396,-8.55756189086676,0.961383923410043
"C15orf61",0.351222083314561,-8.27210266920515,1.71642889322521
"RP11-502I4.3",0.0894970399202929,-5.55077615595885,-0.222439001997421
"MAP2K5",0.270694502485351,-6.36135291718275,0.70288232368667
"PIAS1",2.01457467377369,-7.24475366010684,1.36717420776272
"CALML4",0.268140338281293,-18.5258155422017,4.00099365747671
"CLN6",1.00807398474293,-16.3191923584011,3.79561347983241
"FEM1B",0.0908415642515495,-14.3628583396193,3.26674616602223
"ANP32A",1.69884188106776,-10.2477319861447,2.60752280956333
"SPESP1",0.145836653544762,-15.7406156257412,2.89156195619501
"GLCE",0.0896088259848061,-14.4927560922018,2.42919615866287
"KIF23",0.168040885110003,-10.9645158976052,1.5962102322589
"RPLP1",6.84287817290263,-4.55502444522409,2.20081002176413
"TLE3",0.594423291771933,-15.8626737851109,3.61457276603237
"UACA",0.0840167579700204,-17.1859753521338,3.21380341640207
"MYO9A",0.366695700279392,-11.7634339665184,2.36726444798748
"PKM",2.19005509159766,-11.8806328215172,3.39423702327206
"PARP6",0.706700107546847,-14.2022663152699,3.03837650811808
"HEXA",2.43800125086379,-9.81276371653976,2.24472568337832
"RP11-1007O24.3",0.211673186716649,-10.7586663956108,1.61288436563451
"ARIH1",0.578966311191487,-13.0867134122647,2.70256169964004
"BBS4",0.396721540359835,-3.66529237791265,-0.343935050723978
"ADPGK",1.50581781917747,-8.57547489529987,1.90500349586904
"ADPGK-AS1",0.404791168715628,-11.7202871060079,2.12161085143566
"NEO1",0.192305730329216,-9.38296732458389,1.15669799030585
"NPTN",0.385322293273488,-20.2015035330555,4.49503953912984
"LOXL1-AS1",0.252330826051536,-12.6609940586636,2.4270860287214
"LOXL1",0.166940537241852,-12.9805758382849,2.15838057788865
"STOML1",0.193828830902957,-11.0521817808298,1.93565105967972
"PML",2.43003266354017,-10.6601231810744,2.30289523085334
"SEMA7A",0.127922926631301,-21.0165044818839,4.41400645175343
"UBL7",2.78405458420238,-13.3860366595276,3.26100926312746
"UBL7-AS1",0.466359586264125,-13.1788244055829,2.65288435436697
"ARID3B",0.88669342545171,-10.3838209093409,1.90511489711626
"CLK3",0.553467297711898,-12.6428767780049,3.00121308859912
"EDC3",0.0329308065351574,-9.61325549541159,1.67236005916428
"CSK",1.84926258512345,-10.174427186093,2.62362581950567
"ULK3",0.588881489576131,-6.20730728095589,0.875157806059664
"SCAMP2",2.45808412315336,-10.193810342938,2.4600061883876
"MPI",1.50136802053884,-10.439523500061,2.10426670746513
"FAM219B",1.08475697977413,-9.52124644847123,1.82167864049399
"COX5A",1.26545174583555,-11.9316589045564,3.3320622017491
"RPP25",0.337689500228586,-21.14837784571,4.90188372145149
"PPCDC",1.14450366278979,-17.2450805441642,4.11749496435248
"C15orf39",1.5123238543711,-12.9511129282903,2.96774376733754
"COMMD4",0.238229759650494,-11.674077917911,2.70453327652601
"NEIL1",0.0497189759828032,-7.91769403371641,1.14646434333438
"MAN2C1",0.484006799926291,-16.5165801942378,3.86512259534619
"RP11-817O13.8",0.305598800968828,-10.8113186393743,1.70751420719789
"SIN3A",0.213133846650442,-9.07552081616182,1.71221693890232
"PTPN9",0.566776711671867,-10.857866131475,2.17290564635071
"SNUPN",0.519585110118614,-10.4453198886054,2.1864917879146
"IMP3",1.33814537730846,-7.485590000811,1.82553487277099
"SNX33",0.0935875652692416,-14.7698550318628,2.51022771040912
"UBE2Q2",1.73076758104106,-10.8727681317898,2.42014741527304
"FBXO22",1.02285865805612,-11.4027359472944,2.40160800717289
"ETFA",1.60086954856098,-13.6363615419369,3.46489054412271
"SCAPER",0.0489303366653808,-4.03648506082598,0.276414915587838
"RCN2",0.61979673966398,-7.19493366539077,1.58396955892231
"PSTPIP1",0.604233986972746,-6.80182277415716,1.42269468293101
"TSPAN3",1.48571014237219,-8.58127607150783,1.72364592607308
"PEAK1",0.0380336762725692,-14.5707044524141,2.70771135521538
"HMG20A",0.0504071709943362,-10.1358868684525,1.80178237877661
"TBC1D2B",0.552983091215647,-10.3386952403849,1.88601499382278
"IDH3A",1.22750919319239,-13.8456152047195,3.1965568328653
"ACSBG1",0.141346661754289,-11.6706494936137,1.73862098139534
"DNAJA4",0.252312892579422,-14.9488124231103,2.86283734042654
"WDR61",2.78557084079545,-11.6291713652678,2.82760419090317
"IREB2",0.624331338755903,-6.73545246687378,1.10396537405701
"HYKK",0.143751176853659,-13.5491395066973,2.29053904244666
"PSMA4",1.64203798100029,-14.3737374397828,3.71018061034083
"MORF4L1",2.53419227038218,-8.78322936070448,2.44290073716413
"CTSH",0.742308654656056,-15.7581104369696,4.2363012976227
"TMED3",1.26471900577059,-10.9919562645334,2.60268082159427
"MTHFS",1.69774419671524,-10.3581561058369,2.47876073575548
"ST20",0.0441445292401913,-8.22240136073876,1.30021607932304
"BCL2A1",0.178684284789562,-13.2086366371107,3.00715095579776
"ZFAND6",1.35439395168888,-11.4197789057484,2.89389524848489
"FAH",0.121437194664965,-13.8303464807679,2.86390804823643
"MESDC2",0.342668394109858,-10.8085332930241,2.63092373810334
"MESDC1",1.676997786498,-13.48094100384,3.11174519612653
"IL16",0.785543992922148,-7.85382953313283,1.86361797391147
"STARD5",0.205511075140143,-17.3522570441031,3.57995826686634
"RP11-761I4.3",0.0861503979262435,-10.8190722468181,1.34846109868448
"EFTUD1",0.597435959933107,-13.41757014131,2.67512944641081
"RPS17",0.237318135591084,-9.74191478525712,1.80940297784786
"RPS17L",1.44051159602973,-9.82395399782899,1.95561948753275
"RP11-752G15.6",1.46980621468005,-8.2772054168151,1.46747246651563
"WHAMM",0.146917239230651,-8.48203525073781,1.74606006401976
"HOMER2",0.122799170928767,-7.52499688072688,0.469688275582713
"FAM103A1",0.388444366091941,-22.0706033897043,5.49956152293957
"C15orf40",0.778319737630922,-10.1222688921638,2.26540509793594
"BTBD1",0.65849120494159,-9.13909591055847,1.7427392739291
"TM6SF1",0.3407254022098,-6.31413732186479,0.406295984312845
"ZSCAN2",0.486021506157179,-7.36887779733022,0.825340651320415
"WDR73",0.667833504155685,-10.204001850406,1.94535991692575
"NMB",0.225028141259688,-7.66528678086035,1.065100264054
"SEC11A",1.47217121708399,-11.1000277375593,3.05951102446066
"ZNF592",0.326173734763627,-10.5442472799273,2.00491721884313
"PDE8A",0.792542250405023,-13.2985241857148,2.74700367212738
"AKAP13",1.12937825267773,-7.56217919522629,1.75860676402199
"RP11-815J21.2",0.165621334048966,-22.3308465159947,4.82675345259638
"RP11-158M2.3",0.0999469626108665,-15.78138604205,2.80543885983256
"MRPL46",2.01308562874757,-8.04454886310465,1.59235484224888
"MRPS11",1.89712509115831,-12.2971205926866,3.00451645283213
"DET1",0.441284314162932,-16.5352448114938,3.49146657734094
"AEN",0.391318219823749,-11.4506406264746,2.31945897318854
"ISG20",1.16765689217488,-4.42441911346891,1.24665867322066
"HAPLN3",0.104039157259025,-9.5078603716031,1.85985804651606
"MFGE8",0.331928032774821,-8.60193532438143,1.38533193731198
"ABHD2",1.17736261423539,-12.3450309531663,2.63631539310866
"FANCI",0.0811506128354951,-16.1906079444126,3.28003518516308
"POLG",0.192496065699524,-10.3009304588186,2.07568627475361
"LINC00925",0.105652685434384,-20.6778931100261,4.27300778281827
"PEX11A",0.126119458299455,-7.84394705989192,0.564834748146315
"ANPEP",0.14731957449526,-20.6265413318787,4.37436003632624
"AP3S2",0.55958727924256,-15.2263152186579,3.2890597001853
"C15orf38",0.230233424778634,-18.5792182922554,3.86942489812803
"ZNF710",0.253999092795024,-18.2184288167386,4.01943572996331
"IDH2",0.541991333243227,-15.5561950326796,4.17921502611057
"SEMA4B",0.619678371790664,-10.5156233030553,1.84947557461623
"CIB1",6.58088140200171,-8.51035125541219,2.35306477700248
"NGRN",0.759924279857031,-9.16033980589141,1.59254645078638
"IQGAP1",1.63729248730958,-10.8197753075691,2.57845486357839
"CRTC3",2.71694152338969,-7.04219608698076,1.31341502061058
"BLM",2.25480354866076e-05,-41.7071628152292,10.6408119594842
"FURIN",0.372586594370992,-11.1309064049807,2.13590465670842
"FES",0.485661794634678,-14.8092411036015,3.48845762760756
"MAN2A2",0.670657767737366,-18.5422097318111,4.21173007744679
"UNC45A",0.0567541753019364,-10.8678568303641,2.39339581254147
"HDDC3",0.236418718618761,-11.7337574210414,2.70374835495619
"RCCD1",0.446429763917369,-8.29703931841501,1.24568018035287
"PRC1",0.270643901433149,-6.68586170515368,0.44670581565893
"VPS33B",0.36708858238197,-11.5177669640661,2.15941566456574
"SLCO3A1",0.841955092276653,-16.7011395537721,3.92131285647343
"FAM174B",0.176836305937309,-21.0896084469719,4.53676790092903
"CHD2",0.455719172441497,-5.5885119818142,1.12472802445807
"RP11-76E17.3",0.0410851027842723,-24.3764407305514,5.46858216616313
"MCTP2",0.871170562014091,-9.57060481769529,1.74161698440054
"RP11-4F5.2",0.0666525023045658,-4.95212968405605,-0.00133116341445508
"ARRDC4",0.00643023361167619,-6.08850037168809,0.46517823648078
"IGF1R",0.070083477357951,-12.0984450134048,2.10292121803328
"LRRC28",0.683080915083718,-13.7337643513817,3.04414588785433
"MEF2A",0.985889391058908,-12.4678786259539,2.68206150196124
"LYSMD4",0.0106234253724517,-16.8719993033876,3.45978816347886
"SPATA41",0.315801633370565,-11.1432010843156,1.80528220168521
"LINS",0.869235602455402,-9.62165427776695,1.99026516089158
"ASB7",0.0650933008105923,-12.9421590635964,2.58378529513465
"LRRK1",0.0408757300404528,-23.2140745145327,5.30662701755175
"CHSY1",0.406930501249948,-13.7427406855923,2.76996384044923
"VIMP",0.972736413424571,-10.5758166196289,2.63323155900665
"SNRPA1",3.70160483697632,-9.09243419361405,2.18492789385852
"TM2D3",1.49291050033424,-8.47779333747568,1.80485441917231
"TARSL2",0.129746546603827,-4.68336570603749,0.479459343876781
"RP11-89K11.1",0.10347572723041,-10.4289420991518,1.28697114495689
"WASH4P",0.66192451975339,-9.92370650464737,1.69809822490649
"POLR3K",0.385809022077942,-11.7913009224712,2.8929221760094
"SNRNP25",0.46868017662043,-19.8049653394051,5.02487312899166
"MPG",1.17954627639126,-12.5584519241681,3.18312662855864
"NPRL3",0.280103030647295,-7.03978576769452,1.07850016728236
"HBA1",0.00452043250970417,1.83481830363273,-1.6162211233772
"HBQ1",0.00778591177207476,-0.831438174678644,-1.54975421769767
"LUC7L",0.0985042368288201,-7.89708745583807,1.50358488592556
"ITFG3",0.910790495555087,-10.1812297865406,1.86232790922759
"AXIN1",0.281950174643271,-11.0131595445532,2.12270238665983
"MRPL28",0.430246356929746,-12.843037742168,3.1847405354848
"TMEM8A",0.497453713810252,-10.9432767799056,2.04554784674448
"NME4",1.57188561276398,-10.0367085585982,2.39252812126762
"DECR2",0.374648734563159,-11.9018199349204,2.1171563375594
"RAB11FIP3",0.105611463134283,-8.99299717454011,0.8610316570618
"CAPN15",0.309543441165434,-12.2314176543509,2.33687221919644
"PIGQ",0.469495213730286,-4.53174973861846,-0.0333450117602474
"NHLRC4",0.259610970319481,-10.9401833772286,1.68826886553775
"RAB40C",0.0467601668939204,-6.79380933956935,0.675465627042969
"WFIKKN1",0.118119286600089,-16.6005997396002,3.14157243889899
"C16orf13",0.343025557006863,-8.80116658820601,2.20744372207815
"FAM195A",0.794460761936804,-12.6929782413482,2.99024629207182
"RHOT2",2.34160288915424,-8.9831180814465,1.89797856400738
"RHBDL1",0.122900305742234,-2.91199444316554,-0.917193670570965
"STUB1",0.65811424403671,-8.63489397971492,2.21425150047191
"JMJD8",1.31759397066099,-8.14722499906685,1.35117486159521
"WDR24",0.466165288414415,-8.9396817126933,1.28018586325553
"FBXL16",0.240421680163234,-10.3830540205209,1.52389585072707
"METRN",0.332112919144658,-13.5926367591723,2.58557298518396
"FAM173A",0.346086153587817,-7.98144475778536,1.7657653030062
"HAGHL",0.78055410902239,-12.1170228614633,2.53023765968386
"NARFL",0.52200391659655,-9.86667302573444,1.80561564296474
"RPUSD1",0.185984024918857,-9.20133900316029,1.8302289811968
"CHTF18",0.433781363501317,-30.5096284947246,7.14037491127312
"LMF1",0.612472678095289,-9.04459791664102,1.52176344842547
"RP11-161M6.2",0.261036779494298,-14.1765729191587,2.61604949324617
"UBE2I",1.82174154167535,-10.0865874286585,2.75538312553691
"BAIAP3",0.117268040028103,-15.6886149464207,2.98021400506062
"TSR3",2.76871925080042,-9.57726410346673,2.17259012409873
"GNPTG",2.06987656242595,-9.15512736750182,1.92111971099157
"UNKL",0.514688292152594,-10.2101799236882,1.69774196075545
"C16orf91",1.23692922803632,-11.9492244866058,2.6446738382472
"CCDC154",0.137148968975263,-12.7777697206643,2.06428140614858
"CLCN7",0.447562136502242,-13.2003578090474,2.81390076222968
"TELO2",0.999967176744123,-5.56885619175919,0.501105472260693
"IFT140",0.103891011982206,-13.5035296422835,2.19284296389821
"TMEM204",0.823683512112113,-8.65532838644101,1.83844112558295
"CRAMP1L",0.431821846919733,-12.4203223297271,2.30513922908763
"HN1L",0.610622158417386,-14.3911503172539,2.99113015839607
"MAPK8IP3",0.406605158558113,-8.86662828600723,1.40044637824329
"NME3",0.598027842619521,-7.58137114781569,1.75272913882823
"MRPS34",1.79792545589825,-10.239684047675,2.62067225859299
"EME2",0.379112025824336,-13.838504292871,2.65735641578739
"SPSB3",1.5005919776805,-7.18777214261992,1.53588103923981
"NUBP2",1.11290708869863,-9.07000834938901,2.03583804809048
"HAGH",0.164307387857244,-6.36783210727411,1.36609524748772
"FAHD1",1.20990037395545,-11.1565196352839,2.27845459408283
"MSRB1",0.878415315499333,-11.163227925299,2.69091645473145
"NDUFB10",0.981591583387271,-10.1356687540878,2.78177625060128
"RPS2",7.71510529775735,-5.14533368397752,2.46653728820214
"SNHG9",1.69592830477553,-5.89903994393766,1.02894025701724
"TBL3",1.0358756266215,-14.5194110237288,3.23346955228705
"GFER",0.168355542901475,-10.8197461483674,2.46567749021858
"ZNF598",0.28419244748967,-17.4669898254399,3.7931256873904
"SLC9A3R2",0.306178581325794,-8.59292294549716,1.05150875860714
"NTHL1",0.625213208849331,-12.6964162357549,2.78233284348862
"TSC2",1.08306527795963,-9.90219900814293,1.96441712749301
"PKD1",0.451259357901082,-4.33338098915398,-0.104654371985258
"RP11-304L19.5",0.503742946625416,-7.92258486458899,1.29270470259422
"TRAF7",0.519521362108268,-15.6597754182768,3.68681424430029
"MLST8",1.25455758258102,-13.6954616545419,3.1231192025733
"BRICD5",0.204656745075613,-12.654678031595,2.14716830056712
"PGP",1.40505231632424,-14.3824011695614,3.45234068200241
"E4F1",0.144457926692852,-9.80230267484105,1.75075810813577
"ECI1",0.596594757008294,-15.66348847561,3.57927377062867
"RNPS1",1.01022785318845,-8.70791734260332,2.23461134402729
"AC009065.1",0.387226945317337,-11.1903575369381,1.89504108113569
"MIR940",0.14275638816981,-13.8581755808223,2.381036618328
"ABCA3",0.0916274852976925,-16.6920843791222,3.07042097118889
"CCNF",0.0742208375122696,-16.8354503186795,3.11206540118763
"TBC1D24",0.161692827531658,-6.04404307678174,0.101995689577956
"ATP6V0C",0.315817952507383,-9.67840249677951,1.38994325700468
"AMDHD2",0.228611494657195,-13.3148198678509,2.95657782262821
"PDPK1",0.726646229507482,-12.7571104104215,2.80573474504189
"KCTD5",0.643663372297407,-9.21565003290346,1.73489300700753
"SRRM2",3.46701175535231,-8.15223279627752,1.98904885052517
"TCEB2",3.21242333007945,-8.69536454411348,2.50340423903789
"ZG16B",0.391594048710133,-15.7631387034481,3.41121311680695
"FLYWCH2",0.559556542323998,-12.0372782465331,2.8338424745501
"FLYWCH1",0.524951675502765,-9.27748130817409,1.56126281897592
"PAQR4",0.292667459761608,-25.8110983999103,5.98437687286215
"TNFRSF12A",0.16627056118452,-18.2974201156106,3.73571341013953
"HCFC1R1",1.54883714010458,-13.6414236756268,3.18544544059345
"THOC6",0.514660655848536,-14.193730784987,3.48365876241549
"MMP25",0.12935645355612,-22.0701329926506,4.67069835786498
"RP11-473M20.7",0.85346936468233,-10.2329708209729,1.93208726452142
"IL32",0.537216867795172,-3.38160035361537,1.23087208331243
"RP11-473M20.9",0.235163169895787,-12.3705202553506,2.43783378429293
"RP11-473M20.14",0.604990787931621,-9.55453613561686,1.53243866068247
"ZNF213",0.14322448005586,-18.9268343775854,4.03355962300647
"RP11-473M20.16",0.108225236025024,-7.98463656463353,0.560821001933653
"ZNF200",0.2624820230285,-11.8893254527032,2.21037095649501
"MEFV",0.39244089152008,-12.1337314618391,2.52732698812473
"ZNF263",0.0462219668776237,-8.68144815232075,1.74782024014135
"TIGD7",0.108870957963502,-9.62196504490515,1.04782618987055
"ZNF75A",0.0980776879119549,-6.80197247853578,1.22501816503433
"NAA60",0.166681984984486,-11.3602060451095,1.6818392593842
"ZSCAN32",0.115647786535384,-11.8233108265488,2.09411102645571
"ZNF174",0.112998466927382,-12.0056109219131,2.2351556309737
"NAA60",0.166681984984486,-11.3602060451095,1.6818392593842
"CLUAP1",0.278764120482543,-10.3478753652727,2.01181857129377
"SLX4",0.333851363289191,-24.6525819606452,5.61998843599772
"DNASE1",0.486928202288756,-7.89608519491139,0.98199434379113
"TRAP1",0.907199146465345,-14.8965485531269,3.49876176259235
"CREBBP",0.668005316059607,-10.383856549068,2.18885649259066
"ADCY9",0.0213090737180708,-11.5838543715254,1.80685308950643
"TFAP4",0.564761068215581,-14.3091064487269,3.09018365893259
"PAM16",0.523811341005009,-6.19456491741762,0.496830276642284
"CORO7",0.264201611425166,-16.5729834661712,4.12749355653108
"DNAJA3",0.120386457227093,-8.22495210625794,1.60036965584679
"NMRAL1",0.918797508055572,-13.3263414227547,2.95992946841413
"HMOX2",1.77263356084372,-8.60480571309825,2.09574753901854
"CDIP1",0.486221176073769,-10.1558492977613,2.10155512752365
"UBALD1",0.641500964548904,-14.3546002455747,3.26720833440296
"MGRN1",0.415278312646267,-14.2858329860909,3.30852225645072
"NUDT16L1",0.268607268036571,-5.62977897470783,1.08222370256608
"ANKS3",0.813018445426724,-6.43550820912666,0.799741748717606
"ZNF500",0.454386078008697,-12.1151170765726,2.23741969484096
"ROGDI",0.481081240872476,-15.8674028448209,3.79181819789794
"GLYR1",0.871896118704158,-12.8560924164716,2.89784889983186
"UBN1",1.47200087981274,-13.3139814843547,3.07713067460601
"NAGPA",1.15815179623966,-11.3572732189758,2.47173211464896
"ALG1",0.461295583136114,-14.0570540977637,2.92305447961243
"FAM86A",0.279170349317351,-10.2514059005437,1.903997853641
"METTL22",0.448310754789215,-10.432493031323,1.87600128831285
"ABAT",0.450716270126994,-5.6427288414751,0.287666994700414
"TMEM186",0.843729085458525,-8.84407432994583,1.43325141095826
"PMM2",0.390869799916123,-10.5665704591893,1.71136950702672
"CARHSP1",0.30704589818561,-9.26647199198139,2.20445835798195
"USP7",0.0670058669583305,-9.15469170041392,1.76957713215713
"C16orf72",0.287972620046725,-14.2232850463105,2.90124588240729
"RP11-473I1.5",0.404626053494634,-2.00818074787702,-0.830667789936867
"ATF7IP2",0.18242037288123,-8.27523299160356,1.7627696215016
"NUBP1",1.85964686004813,-14.9393544911894,3.67151488729115
"RP11-876N24.2",0.0920601619042642,-2.32666937216943,-1.19687796315696
"CIITA",1.37307809837127,-10.736752128196,2.15537884490151
"DEXI",0.0977997707653813,-4.1055367365474,0.455585063854706
"RP11-876N24.4",0.179410852763275,-7.99777309940699,0.716930442103856
"CLEC16A",0.641660749658539,-13.3772603184189,2.68004561957662
"RMI2",0.0723378704341674,-20.2190594616618,4.53817199657349
"SOCS1",0.641092989783363,-6.03487103847479,0.952060448432043
"LITAF",1.08985107243413,-6.37051829982949,1.6460727129161
"SNN",0.262258819596786,-11.1858620671756,2.56739699879974
"TXNDC11",0.927138082795578,-11.7623342903509,2.60716478126883
"RP11-490O6.2",0.304895735720097,-13.5449875669323,2.50990850455092
"ZC3H7A",1.24962583078923,-11.5705150192889,2.50155921593045
"RSL1D1",1.68384580568838,-8.87350296660927,2.38765837150291
"GSPT1",1.50285908801277,-13.2796789851119,3.2131346260396
"TNFRSF17",0.0185127017865325,-28.240496066316,6.98333869007429
"SNX29",0.813116479431321,-12.853602650845,2.78465690572569
"CPPED1",0.484127011572076,-15.2360297267253,3.88851019819293
"ERCC4",0.436144143889404,-12.4047094120645,2.51980007060039
"MKL2",0.509558453936854,-11.3970244742319,2.03699907774474
"PARN",1.2269342567401,-11.6165724236233,2.40611028119499
"BFAR",0.562459749596461,-10.7852153350338,2.50713470726282
"NOMO1",1.17099407484658,-9.56258225548038,1.79957490232721
"NPIPA1",0.285234984885212,-13.9449786960153,2.60905497467585
"PDXDC1",0.03463205918497,-12.4578512353297,2.71277517242982
"RP11-680G24.5",0.0795299716987757,-19.0269289131546,3.74619687642931
"NTAN1",1.06621884837205,-12.1767031031766,2.81502588461481
"RRN3",0.88873561881654,-13.3979634526707,2.86714308498057
"NPIPA5",0.144520218755728,-13.2798259419765,2.21160426859426
"C16orf45",0.165468820919898,-12.4525004466023,2.32561837847657
"KIAA0430",0.994746586358774,-9.6552083170567,1.84787900852636
"NDE1",0.989562395887454,-8.84429388041372,1.75951948121454
"MYH11",0.139640922109791,-12.8150090791406,2.07521656167626
"FOPNL",0.161335983944685,-8.69478558048818,1.78080183145014
"ABCC1",0.888481854426965,-12.2278874432875,2.43431971114316
"XYLT1",0.232596304122526,-18.9472642794571,4.16212048312992
"CTD-2576D5.4",0.194099536111596,-7.83791189605834,0.697711521724243
"RPS15A",5.04104806849167,-4.18566632392456,1.98712762112768
"ARL6IP1",1.63902854053319,-9.10358896220714,2.26214932862198
"SMG1",0.531794808933924,-7.83178135869116,1.36819238472701
"CTD-2288F12.1",0.147083041654163,-10.156108361176,1.29136599066918
"COQ7",0.25429260562343,-10.3276784043806,2.52965884364931
"ITPRIPL2",0.118184344717607,-16.3401086063878,3.06591640768284
"SYT17",0.294814271744588,-16.0450934192169,3.27009554916267
"GDE1",1.51856162962382,-12.2113532345096,2.7732157882214
"CCP110",0.0215167088711395,-16.7952217487517,3.82860470930291
"C16orf62",1.09242745241401,-10.5150145924502,2.06091500819201
"KNOP1",0.322010249180154,-10.3538958082991,2.12745199619521
"IQCK",0.10774763362238,-5.36268094035164,-0.224174735351413
"ACSM3",0.0580365097862857,-15.3494865277183,3.25370712908457
"THUMPD1",0.804800579732865,-8.51517234203207,1.73591850538824
"ERI2",0.106295875622749,-11.8169906560636,1.69696756552087
"LYRM1",2.32810853192317,-8.02799359666203,1.6195213512032
"TMEM159",0.911960294096462,-8.96327238662309,1.62294558592868
"NPIPB3",0.119730968057967,-20.4763676941973,4.21526855846913
"METTL9",1.01745889425628,-7.49703451070575,1.89306456149488
"IGSF6",0.252412098990821,-14.3722777649936,3.69702284367097
"NPIPB4",0.20472344167916,-9.98922769965927,1.36195605206747
"UQCRC2",2.67500511736129,-10.7541236779293,2.87280425207266
"C16orf52",0.010918267980329,-2.98052986665583,-0.610853803893176
"SDR42E2",0.941119157071671,-14.0905143726599,2.99491673170124
"EEF2K",0.393415274620191,-24.61635786495,5.60981540162688
"POLR3E",0.131183856665869,-10.1383858075317,2.00640205418489
"CDR2",0.196098536988601,-10.8670557536368,2.04133418677621
"NPIPB5",0.231932171022714,-7.81911113531116,0.741845712623466
"USP31",0.109517035615179,-15.9573964688132,2.95464818340637
"COG7",0.615458879093935,-17.1437564928619,3.76428177161396
"CTD-2270L9.4",0.258427558481327,-13.1681931944566,2.38196294942066
"GGA2",0.230452434274384,-15.2194681260219,3.70617678571438
"EARS2",0.00331942205691538,-14.5530133504023,3.0602697204218
"UBFD1",0.158590168379011,-21.447685999521,5.02571702487163
"NDUFAB1",5.83854031211386,-11.1717723727286,2.87192494808494
"PALB2",0.192521551898328,-9.04891522998317,1.05764248475885
"DCTN5",0.492562079414952,-8.67020629815222,1.45269824248514
"PLK1",0.118186889610677,-30.2079145789633,6.98922677515
"PRKCB",0.27367910516652,-11.7388965070684,3.00064608581367
"RBBP6",0.432129849454078,-8.1790142061938,1.86823298660196
"TNRC6A",0.512182904651574,-9.64496041832499,1.83453421526625
"ARHGAP17",1.43830581459911,-13.7623555785847,3.13766191522745
"LCMT1",0.693679402915313,-11.6528002602001,2.67722652832774
"KDM8",0.158143169575985,-10.6748126707265,1.47957185276532
"NSMCE1",1.09037652625528,-8.71719764025009,2.1507359622362
"CTD-3203P2.2",0.0785986292022691,-21.6316390388489,4.4936262662366
"IL4R",0.200808085729811,-7.29093408561883,1.38392749842322
"IL21R",0.981668611918463,-9.91326146582161,1.78884525873891
"IL21R-AS1",0.104144325610739,-8.69772873213322,0.773218892603275
"GTF3C1",0.366978487385409,-5.34226499610619,0.537732657148822
"KIAA0556",0.0795674947638769,-19.12848309168,4.0914681300084
"XPO6",1.16574298351639,-12.5168517388455,2.78023628319605
"SBK1",0.45250992962786,-6.93039950963086,0.671942296262721
"CLN3",0.928024860757371,-10.5699340801669,2.37361673734571
"APOBR",1.10308813108379,-13.0163516727341,2.92081730533224
"IL27",0.0897311696369263,-18.2567464051314,3.52386496004779
"CCDC101",1.92287307858959,-8.85822928413236,1.8929611824583
"SULT1A1",0.379772041814105,-13.7965077419659,3.29327687227405
"EIF3C",0.109070233235857,-23.4929757602482,5.07487107125446
"RP11-1348G14.5",0.105014354628368,-26.3909416541597,5.8904061759835
"ATXN2L",1.28781895529345,-9.63868534433002,2.11030270762785
"TUFM",1.98524996839839,-10.8396151078978,2.85042665909106
"SH2B1",0.508152501163291,-9.61097662195681,1.78320310122077
"RP11-22P6.2",0.10266407566679,-10.1105953432387,1.57689243119212
"RP11-22P6.3",0.107227657393269,-21.1368651225861,4.35220057856861
"RABEP2",0.0464451001857393,-11.3766623713636,2.41102909346937
"CD19",0.124229926725286,-5.00511243862702,0.552963253208979
"NFATC2IP",0.809326369785127,-11.5857547825138,2.63804476986414
"SPNS1",0.273318002409148,-11.5672249887862,2.67471297814597
"LAT",0.881732492271182,-6.43628001340899,1.54671885661426
"RP11-426C22.5",0.151018178785058,-14.9170649349868,2.78333063165808
"SNX29P2",0.128021871388439,-2.02723226129201,-0.355300635177082
"NPIPB11",0.0429049144553395,-14.6645921354585,2.89813763337602
"RP11-345J4.5",0.536364184334348,-10.0252847761769,1.66225904637363
"SULT1A4",0.168532091559477,-27.3673814536456,6.20556330503296
"SPN",0.786503555316364,-12.3906635218641,3.15394835334983
"QPRT",0.0312386349579009,-18.1556784331091,3.83030710397806
"C16orf54",0.278480659203878,-4.79102356970598,0.580046694916958
"KIF22",1.15522809860709,-13.3939470342834,3.17801447517381
"MAZ",2.58268176773287,-10.7940916837454,2.5236758004875
"AC009133.14",0.0855058637406564,-13.2916453150062,2.46835807330473
"PRRT2",0.107384574207187,-17.3817770265095,3.27058330874343
"PAGR1",0.205569681971497,-13.486532036113,2.36546668880371
"AC009133.12",0.176834651941727,-9.14928693032172,1.05914410330676
"MVP",1.14210972252763,-12.2381320041078,3.05669665266489
"CDIPT",1.06803874113688,-11.3012844500345,2.66005442761896
"KCTD13",0.59649905020986,-11.5172913449113,2.30902335129072
"TMEM219",0.538913084486654,-5.37999615882512,1.33339813808932
"TAOK2",0.0282068778584654,-6.63976483420493,0.77960898259353
"HIRIP3",1.03102562154732,-13.4633177791011,3.02235939238037
"INO80E",1.6270797303864,-10.5314005176722,2.22992330417066
"ALDOA",3.63832496462288,-9.94731091267406,3.08832054534559
"PPP4C",4.87009352337563,-11.2575290804214,3.03544306806477
"YPEL3",0.542784528188369,-5.50062161588608,1.16710538076345
"GDPD3",0.107550463415461,-22.6556049064701,4.91900584287498
"MAPK3",0.379454081104545,-10.1316232044079,2.05151896722028
"CORO1A",5.92046291525978,-9.72045487848152,3.11086424111931
"RP11-455F5.5",0.306860927363286,-10.3671113533855,1.95285363885062
"BOLA2B",0.199563274535575,-13.8112455916523,2.50932215079074
"SULT1A3",0.271908325886068,-17.478604605135,3.84379738363791
"CD2BP2",2.24774855711896,-10.994711374324,2.61587205544781
"TBC1D10B",0.589006893584526,-7.16909980347665,0.82560611803689
"MYLPF",0.297267074683276,-16.3037401644321,3.3599000080644
"ZNF48",0.543882952979104,-7.70124198780432,0.955423100904033
"SEPT1",1.69856683089089,-5.31447555854483,1.21156762410634
"ZNF771",0.311706057537924,-9.90036352042791,1.43866031390875
"DCTPP1",0.413949575089349,-13.7881516824093,3.40580693616187
"SEPHS2",0.373508672592335,-8.98016723856637,1.98674860555892
"ITGAL",1.12247208019173,-10.2337127090723,2.39620834479212
"ZNF768",0.208824745041708,-18.0957120829459,3.73012353071322
"ZNF747",0.0107735299043363,-6.33137399246435,0.76400095505082
"AC002310.12",0.458912882720746,-9.97315583477415,1.59676840857267
"ZNF764",0.356185450170205,-7.09692017781491,0.655076304343462
"ZNF688",0.134345898432053,-11.7207816369761,2.79620507967967
"ZNF785",0.238199620362334,-16.2537617937156,3.19734138819338
"ZNF689",0.349822979465423,-16.6391439869373,3.62684384092478
"PRR14",1.14316952666494,-11.4985122405392,2.54027933941035
"FBRS",1.16755794214762,-8.90167524329445,1.64867925489059
"RP11-146F11.1",0.19851990786857,-15.6364605089821,3.20699831585382
"SRCAP",0.57082429863942,-13.8104653226154,3.04234784613036
"PHKG2",0.601764929839176,-10.1615321762183,2.21981730146793
"C16orf93",0.0221702114472716,-13.7250710689591,2.52596062177944
"RNF40",0.468582127361427,-10.5688986126844,2.05258786027844
"ZNF629",0.100537305040314,-1.88006497126503,-1.27723109133661
"BCL7C",1.70051099939893,-8.8729506045735,1.86116306718713
"MIR4519",0.62322098017029,-9.03024624374912,1.51752548654783
"FBXL19",0.165186718372457,-12.23168265984,1.96939914119233
"ORAI3",0.307305122289104,-12.448527274804,2.93016704927172
"SETD1A",0.633379817220489,-7.14840467648321,0.836948911446138
"STX4",0.341067965435982,-8.27205015941674,1.83138063690713
"ZNF668",0.574712972335185,-16.2998629201779,3.46631689400873
"ZNF646",0.111329989717351,-14.5518382614718,2.865309910449
"VKORC1",0.420007199671898,-10.8738513149047,2.67532155605597
"BCKDK",1.03805638925527,-15.9508545689102,3.85116819783004
"KAT8",1.41636244583729,-8.03592037107633,1.59301616019383
"PRSS36",0.156949401417147,-13.9151582482197,2.39771399731309
"FUS",0.504551280565673,-7.51448450813178,1.97857169137612
"RP11-388M20.1",0.0925713963189488,-20.0604285996863,4.04360858642706
"PYCARD",0.641977901532759,-12.3169054093254,3.56315686516502
"C16orf98",0.316265364227903,-13.4598489186797,2.6959221553624
"ITGAM",0.427758773979312,-10.7445253919137,2.27185293913062
"ITGAX",0.329608209709472,-16.246966308196,3.76491848484535
"RP11-452L6.1",0.143474431477284,-17.31719888411,3.38803530912567
"RP11-452L6.5",0.105817216346811,-19.6342872718761,3.97354230212123
"ARMC5",0.408569583748633,-12.4772615527927,2.34351944495261
"TGFB1I1",0.119694727304839,3.19535668422604,-2.78814570280407
"SLC5A2",0.209304670652145,-14.4975235232176,2.66097295019953
"AC026471.6",0.109257055773869,-16.5120415463107,3.07108303715237
"C16orf58",0.0436006449533093,-10.0291858272815,1.79491572352191
"RP11-452L6.7",0.00777362337090438,-11.3277679848374,1.59815089946234
"ZNF720",0.543099360323766,-6.07698311251734,0.795867816394567
"ZNF267",1.11400465444105,-11.4970877274647,2.43212580600869
"VPS35",2.29209885446096,-12.8446902522946,3.09608550530725
"ORC6",0.127904305800886,-23.2100935050377,5.32076111588129
"C16orf87",0.955911300619269,-10.2234747612195,2.15043795124094
"GPT2",0.0108470474696731,-20.7639167119299,4.29764131758009
"DNAJA2",0.35668828358958,-10.1678570336815,2.42780715903396
"NETO2",0.158248469550004,-2.37591171303056,-1.00350039017137
"ITFG1",1.90669686264491,-9.04400847604538,1.87368032797186
"PHKB",1.16296432318876,-10.5925870023638,2.189513019281
"LONP2",1.2670405492786,-9.81390612881975,2.02155445473367
"SIAH1",0.705042884723373,-6.74522269656186,0.749203935669892
"N4BP1",0.318567958165622,-11.3115995959667,2.26625559426915
"RP11-42I10.1",0.105127987120739,-2.37853507431929,-1.12573769391991
"CNEP1R1",0.0363906565096541,-10.1373930128692,1.94995511835304
"HEATR3",0.374698826727826,-17.6032137087296,3.90471153155426
"PAPD5",0.765091153912224,-8.15823618450772,1.20457031283065
"ADCY7",1.43523358073504,-13.0744241192157,2.97901546743772
"BRD7",0.896090191459257,-6.86274758718789,1.24623522968762
"SNX20",0.344611359642648,-11.6993204877442,2.80312998016443
"NOD2",0.160110617656042,-14.2004936844854,2.81375624669859
"RP11-327F22.2",0.0868240880346629,-10.5541397494206,1.2700616548232
"CYLD",0.468394607917657,-11.6204376211966,2.85104101970417
"CHD9",0.63159813838629,-8.76066465640344,1.81137461916151
"RBL2",0.961061157675462,-6.27912129382415,1.29500019672288
"AKTIP",0.158550844931245,-9.63254751193904,2.09315763296957
"FTO",0.813875052906603,-15.617237250254,3.38942100921111
"LPCAT2",0.249564920182001,-19.3508909454241,4.34415588583466
"CES1",0.279566923194297,-17.0290891302801,3.70538135967554
"GNAO1",0.0967116367444858,-12.7862839926296,1.92866547367329
"AMFR",0.416241635014178,-11.5803448987986,2.36939109713666
"RP11-413H22.2",0.153827268667914,-13.6972373086393,2.4759909478409
"NUDT21",3.42966270608373,-9.56731177516938,2.18769579365998
"OGFOD1",0.555038914926267,-13.1002301350373,2.80539970393991
"BBS2",0.0464213867745627,-8.29188870472913,1.29361020805106
"MT3",0.00569312644447088,-10.7727423361623,1.50849737824135
"MT2A",0.546553426279344,-12.1479621120596,3.44816711465822
"MT1E",0.177848668149225,-18.3587272619541,4.2380754324718
"MT1F",0.2703551045265,-8.47769659431739,1.6948777983192
"MT1X",0.640297698084895,-10.6269991379959,2.43562430634976
"NUP93",1.20159582010556,-12.909525957558,2.93317631175588
"HERPUD1",1.98882071554007,-10.1590955340946,2.60897494335017
"CETP",0.0444571559446973,-22.4352072647115,4.97152191894163
"NLRC5",1.16924788406345,-8.98913544594433,1.86907476278484
"CPNE2",0.0328497225824732,-10.6044445779579,2.16476543482712
"FAM192A",1.61896041817241,-11.6491005792874,2.75267093313123
"RSPRY1",0.790784185347948,-13.7527674635713,3.08970103143706
"ARL2BP",0.614285446725814,-7.35239431226354,1.64495079918832
"RP11-407G23.3",0.0910391255236731,-12.8857824070425,1.95792057758389
"PLLP",0.154658548246528,-13.4573290953937,2.26363702051981
"CIAPIN1",0.145473955124586,-7.70056545722585,1.56464795878402
"COQ9",0.86059037296789,-14.8786879854368,3.44348066466894
"POLR2C",1.60253496583681,-9.9903386176438,2.3789563023169
"DOK4",0.0893550145598273,-3.14239158250152,-0.949332719319779
"CCDC102A",0.571923002171177,-11.0156959329767,1.94453255543853
"GPR114",0.184660496423026,-8.06028543275722,1.15462180652229
"GPR56",0.0816502282521054,-0.64237144526565,-0.744099459214383
"KATNB1",0.896822398755859,-10.2225610541074,1.8518426148468
"KIFC3",0.1783992527335,-4.57035783188949,-0.308840404257503
"TEPP",0.278810783092363,-10.9952251494074,1.72482626699246
"ZNF319",0.517778761718187,-13.2368485828573,2.55505429925367
"USB1",2.14858415108263,-11.9991607810367,2.77382996981903
"C16orf80",0.143624894764306,-9.0038556567974,1.94097321277013
"CSNK2A2",0.122401297211647,-13.636564661063,2.72132928294693
"GINS3",0.204465609054666,-10.973860475896,1.62708538459431
"SETD6",0.210994080819127,-12.6505302853993,2.49856898817044
"CNOT1",1.92906677440057,-9.19734270020868,1.98606526798943
"SLC38A7",0.0763788316553016,-12.2994918443881,2.17777979654068
"GOT2",0.0813942203930764,-13.593666075363,3.09355559076382
"LINC00920",0.341854001038469,-12.480213166253,2.23077419848704
"TK2",0.66454982138434,-11.1945213586325,2.06453740308884
"CKLF",1.29368380501332,-8.72786327899664,2.19631096536238
"CMTM2",0.0367780232540161,-0.0576301398226308,-1.57437294693863
"CMTM3",0.71437907156289,-10.2579907262908,2.54839537046152
"DYNC1LI2",0.623194155279191,-10.8501423444973,2.23383990031539
"NAE1",2.14812822497629,-9.71727207554494,2.1977388389909
"PDP2",0.16289700311286,-7.93060992211963,0.665556157072677
"FAM96B",0.782132392123202,-9.37080624753267,2.47277546581904
"CES2",0.59777576713031,-8.82502412030119,1.64432167442138
"CES4A",0.00725811345613692,-16.0125905621386,3.54075241030497
"CBFB",1.86568085850766,-9.27418618213354,1.90569281003196
"C16orf70",0.331000246483338,-10.229311360485,1.7730307666311
"TRADD",0.528819179806372,-9.2771759843701,2.32002078753248
"FBXL8",0.546320307613804,-6.31479873011124,0.773128977828803
"NOL3",0.2146144977987,-7.76182842921252,0.700965377547448
"KIAA0895L",0.148097092506324,-24.799823874878,5.39259615958285
"EXOC3L1",0.030447393235052,-9.46234124307428,1.39853573839652
"E2F4",2.39462635759454,-12.0475384313776,2.81340863984862
"ELMO3",0.174725711451153,-18.5738841516393,3.81538792951942
"LRRC29",0.333220859667162,-15.3673085450371,3.04107120343107
"TMEM208",0.359121759359408,-15.1855722961336,3.95075021973879
"FHOD1",0.603412219528944,-16.5244570188753,3.80925826277241
"PLEKHG4",0.165396174332289,-9.96865891505439,1.27074426944481
"TPPP3",0.216551232767913,-21.1919896917248,5.35076546712138
"ZDHHC1",0.191721772092854,-18.8603745478833,4.46391079426031
"ATP6V0D1",1.2693254091731,-12.253218498423,3.16529765876745
"FAM65A",0.529618455026541,-14.8132982316778,3.25114586377027
"CTD-2012K14.6",0.106619573319332,-4.42380267672072,-0.506861643339938
"CTD-2012K14.7",0.096872489533521,-9.89791831685824,1.12966906104675
"CTCF",0.977475354815553,-10.4889361416317,2.21526077365566
"RLTPR",0.626234423452241,-9.36742685404942,1.50287976389613
"ACD",0.101882523669977,-10.8651738259436,2.35901395847925
"PARD6A",0.658667791732975,-12.9409635115715,2.66559455264986
"ENKD1",0.0910447739583472,-18.237755917853,3.51837553890069
"C16orf86",0.436193156545117,-9.28093070293193,1.36954868997231
"GFOD2",0.169972336162976,-8.37031491284002,1.23915525067358
"RANBP10",0.360472761569608,-5.08731691222387,0.0545820939127126
"CENPT",0.316535440091164,-12.952256053881,2.89212343378059
"THAP11",0.346411738298729,-10.0338550751514,2.24968807685654
"NUTF2",2.00077746657284,-12.8846321796516,3.36653489054383
"EDC4",0.248956601796509,-8.4410425854196,0.948788444545885
"PSKH1",0.238570837464961,-9.39470879253606,1.48523745932612
"CTC-479C5.12",1.38209092368891,-11.5517377435722,2.59333192322
"PSMB10",3.14286366748245,-9.14518347823557,2.4986305518839
"LCAT",0.169000224870313,-10.9199701819807,1.58306546597096
"SLC12A4",0.204239985372992,-9.93868390363384,1.37068041006517
"DPEP2",0.949819203064957,-12.4556819030351,2.9830232001603
"DUS2",0.201446863257905,-14.8722792548444,3.35041683099235
"DDX28",0.637932220132855,-14.7755543545325,3.30009755730494
"NFATC3",0.552351092559605,-6.48185694598022,1.28629855955674
"PLA2G15",0.434054184528377,-8.58942083124565,1.16482852772535
"SLC7A6",1.37991651002173,-9.1522040561209,1.8088364787146
"SLC7A6OS",0.298123495168757,-11.6683136530991,2.45807233257784
"PRMT7",0.894469202554881,-10.8643506481717,2.17107097302156
"SMPD3",0.0262160403486043,-17.0322667954306,3.37014528943599
"ZFP90",0.632691963283816,-7.17469364739938,0.973608154055551
"TANGO6",0.0559366422248501,-9.4708143022318,1.59927172298996
"CHTF8",0.216407117792042,-16.4622347843359,4.14605635621413
"CIRH1A",0.31104188868759,-16.0398116672795,3.81298442938147
"SNTB2",0.615376647794548,-3.9960085331114,-0.113628604052067
"VPS4A",1.4321274961326,-10.3901219356759,2.32651947127667
"COG8",0.340648942412119,-7.876061222322,1.08517382146073
"NIP7",0.708780871097137,-8.69939530597276,1.75489839085202
"TERF2",0.14327524197121,-20.893620948844,4.7742998671323
"CYB5B",0.230417630223145,-9.34487492410846,2.15634880608624
"NFAT5",0.122979450715169,-5.42605039565204,0.654134082214355
"NQO1",0.410241066596809,-7.26988015132298,0.748189103845005
"NOB1",2.65312088069306,-9.06972535528073,2.04455294514202
"WWP2",0.705144382327702,-12.2611404139176,2.6249478324527
"PDPR",0.26988893741425,-6.93790958530701,0.521920005898745
"EXOSC6",1.08339438960548,-9.68954036400198,1.90478152805628
"AARS",0.75812026236148,-10.1515927475771,1.8846084426988
"DDX19B",2.09675063419493,-8.63952043114687,1.77412983152209
"DDX19A",0.947295657716386,-6.69856278366406,1.04076024660997
"ST3GAL2",0.0944838651200863,-11.1494690353863,2.33612030611968
"FUK",0.302749314218226,-9.40066955704943,1.29087259720664
"COG4",0.194968262087897,-12.6499493007814,2.8141246453266
"SF3B3",1.02888555121297,-10.2713290337369,2.13309114480127
"VAC14",0.401546842777008,-10.321348045897,1.96256022707566
"CMTR2",0.253267159256597,-11.9919165122817,2.55579226106356
"ZNF23",0.233594856891979,-6.15683200341144,0.245848186514947
"ZNF19",0.144707764187505,-9.96697632583206,1.23537164871007
"RP11-432I5.1",0.00552143556382677,-2.85505408278819,-0.858331705368636
"PHLPP2",0.208794341813806,-9.70021583487177,1.27643956849532
"AP1G1",0.533327602008377,-14.761408289511,3.02019585126186
"ATXN1L",0.0204349690147318,-6.03831696732938,0.847368515349273
"IST1",0.576877161123818,-10.853826969667,2.40640854992941
"ZNF821",0.774952360872188,-7.2069136631616,1.0193570950098
"DHODH",0.644586621980837,-17.7089789885942,3.9794650081539
"TXNL4B",0.125579372145491,-14.8818494510778,3.23025755120296
"HP",0.174553067257821,9.576764938426,-4.79519565227167
"DHX38",0.760339229531054,-12.3789591395427,2.59096623285287
"ZFHX3",0.164229085175283,-15.5128908570782,3.39037180692237
"AC009120.10",0.125661540168971,-5.80011151885993,-0.0464943494520726
"PSMD7",1.06278291954533,-10.3913200844478,2.66320449068485
"AC009120.6",0.0908105859542626,-10.6535462658595,1.29948554029716
"RP11-252A24.3",0.0987204342213817,5.24112311530391,-3.530529030455
"RP11-252A24.7",0.348023101943938,-8.19296871867022,0.981037994615684
"GLG1",1.03985919079154,-11.4184664936998,2.7794917048719
"RFWD3",0.218709120769952,-11.214427941452,2.16589414063886
"MLKL",0.489538631584004,-14.3625447330554,3.25791324793369
"WDR59",0.881906672038785,-9.79546302478205,1.80334943990834
"ZNRF1",0.216411838069348,-15.1487226076654,2.87616175845934
"LDHD",0.192076953436499,-20.1375281259153,4.23436226984216
"ZFP1",0.123922310864183,-5.9591981054055,0.382250812839952
"CFDP1",1.03331223770631,-10.5791860248475,2.50815428704878
"TMEM170A",1.98977846573101,-9.75158256616222,2.06614880944796
"GABARAPL2",1.43423283129021,-8.46871122770589,2.31315098413815
"ADAT1",0.531383213788087,-12.6730001109314,2.56444255639054
"KARS",0.552153514026841,-10.3667940687567,2.69267082203002
"TERF2IP",0.78513241856874,-8.76744385970487,2.23844075212765
"MON1B",0.215715391909683,-13.5158273480529,2.89708023673517
"SYCE1L",0.0382205959906444,-8.8417379017924,1.25118934323487
"NUDT7",0.109442617896394,-10.5570329505759,1.96175883232944
"WWOX",0.282619214678957,-9.47913001441604,1.61455468833584
"MAF",0.491661724527873,-7.1112509986487,0.913527528701226
"CDYL2",0.0894976550785152,-8.45251694071708,0.64593134112273
"CMC2",1.15113493807612,-8.82762992916166,1.87058301811914
"CENPN",0.150452262953563,-23.5220424977382,5.68076337243385
"ATMIN",0.440289372693057,-14.1607056405552,2.91633176102453
"C16orf46",0.088884889559227,-9.36532956666422,0.917499461693186
"GCSH",0.0674817414550691,-21.1718540731235,4.63505443259312
"GAN",0.125411947646886,-9.14173700008355,0.951029968359146
"CMIP",0.930776204554354,-13.0587076696026,2.90737189932035
"RP11-960L18.1",0.100775875700454,1.60075810461519,-2.25427290050187
"PLCG2",0.526195380273453,-14.9812099939358,3.38551332760901
"7SK",0.0195678789978423,2.24163153267302,-2.38297916685006
"SDR42E1",0.186202219895796,-11.7512436749956,1.82807342776729
"MPHOSPH6",1.12084007547392,-8.42409797872879,1.79144699550931
"RP11-483P21.2",0.0912431375699203,-15.5045834767758,2.72474758743864
"HSBP1",0.701179067076047,-14.1677216586912,3.72551921802889
"MLYCD",0.166799899068656,-12.6401072373116,2.52994936993635
"OSGIN1",0.186894059554576,-22.0656416165488,4.78483586480412
"MBTPS1",1.22899088734579,-7.70007010135193,1.38959739714965
"RP11-505K9.1",0.0751277535225406,-12.7991221933176,2.32421958339734
"HSDL1",0.576846399149117,-9.88739482242009,1.66440921578707
"DNAAF1",0.142864821879852,-8.86903453109839,0.909688055909874
"TAF1C",0.548529555936797,-10.0362567652222,1.66549428005844
"TLDC1",0.273462879861409,-19.503448893666,4.19903625550512
"COTL1",0.722871156706429,-13.9694465445788,4.41502417203584
"KLHL36",1.14311310448644,-8.54796301244651,1.6532938365995
"USP10",0.308172141899346,-11.8045669738433,2.81113383895393
"CRISPLD2",0.302028102993808,-9.49288373812027,1.31816214136
"ZDHHC7",1.16913274741699,-12.5603221409879,2.90774061660658
"KIAA0513",0.34983581554211,-14.491001707112,3.11129790248829
"GSE1",0.559864293944784,-11.9880420969661,2.24833202881333
"GINS2",0.0357798663055149,-35.0705557784387,8.72721478791952
"C16orf74",0.0842364973863546,-9.07977831776438,1.89085321610718
"EMC8",2.03486903648375,-13.1945873534874,3.14700564418462
"COX4I1",4.07954935832874,-6.65032832203748,2.32402540385618
"IRF8",0.189028231313452,-7.99773699837148,1.83306371331961
"RP11-542M13.3",0.0753083962096758,-6.58577647807054,0.502692552352528
"MTHFSD",0.186225815733656,-12.2202223081658,2.25756716893958
"C16orf95",0.293521952012976,-21.5030879181363,4.85191443615932
"FBXO31",0.470441224596436,-7.95931103048814,0.989560774331868
"MAP1LC3B",5.86591607595727,-8.93689396891047,2.2913813391691
"ZCCHC14",0.214868543180701,-21.0074989058738,4.58819502555429
"KLHDC4",0.74266422883469,-7.59560634785984,1.19190414174271
"FLJ00104",0.0555419983224362,1.29395457025511,-1.82279588813909
"SLC7A5",0.398089363145573,-8.15619823552413,1.01161201827831
"BANP",0.0648741477269756,-12.3759268774304,2.61717431285666
"ZC3H18",0.529550093231984,-13.4963693778204,2.96843937692759
"CYBA",1.62619236127604,-8.06050599704265,2.78221260616371
"MVD",0.151284068697472,-12.9276240635109,3.00292156337796
"SNAI3-AS1",0.107668372589073,-3.84598744667299,-0.681269552287819
"SNAI3",0.443356039120051,-8.44906412653549,1.47114512599838
"RNF166",0.868688981207765,-9.08521577382059,2.21944281316263
"CTU2",0.655419102185021,-9.0334464926323,1.41229132713348
"PIEZO1",0.683519573432484,-11.3349179734123,2.39041129625826
"CDT1",0.0213978951741923,-34.9291862841033,8.46614036149668
"APRT",2.31139721313886,-7.13470273636787,2.12514953933691
"GALNS",0.0773755623679589,-10.5478621149339,1.88190299952117
"TRAPPC2L",1.57336830332913,-9.4894280291141,2.32469312905087
"CBFA2T3",0.231444021392086,-19.4199465673144,4.47651007009726
"ACSF3",0.920569925100736,-10.5948147596327,2.22320563848121
"RP11-46C24.7",0.269649625822256,-6.89818698914249,0.510070150209998
"ZNF778",0.152468654860217,-20.4480896230458,4.25133748734436
"ANKRD11",0.58872375676846,-12.195665657826,2.85519928518636
"AC137932.6",0.000131231495857945,-22.319087507523,4.74158499031004
"SPG7",0.110336519623644,-9.08749189062656,1.91220894948604
"RP11-104N10.1",0.163117886323358,-16.1779951520793,3.09183074336784
"RPL13",5.50382121736759,-2.8930465490101,1.85521633083819
"CPNE7",0.0290824377618695,-4.40538797042954,-0.279538504787416
"CHMP1A",0.691424697433248,-7.23886618266057,1.36543297509708
"SPATA33",0.150968386675554,-7.77508302220658,0.946061913695332
"CDK10",0.496091197175459,-7.77250558019527,1.38734804851511
"SPATA2L",0.289518881864171,-9.356976707043,1.59080921498497
"VPS9D1",0.170575110868855,-17.4401846870874,3.74097044455434
"ZNF276",0.233643021629912,-6.51344564231056,1.1313148156304
"FANCA",0.578517258581122,-16.1695438033186,3.49116067457593
"SPIRE2",0.196805489972011,4.43251670666454,-3.06163644886317
"TCF25",1.65149267759065,-10.0754276046033,2.64527095249338
"MC1R",0.129418538263344,-12.6396553228281,1.9844768068085
"DEF8",1.0287832995393,-12.2406776107109,2.78359038119982
"CENPBD1",0.361379434056667,-12.6982693194924,2.37504428075584
"DBNDD1",0.0378824557680972,-14.6194615562552,2.74527361251409
"RPH3AL",0.161217357721462,-21.3824894380685,4.69506450333855
"FAM101B",0.544069955873085,-12.6593998791961,2.56046935038327
"VPS53",0.902752894882183,-12.1708487417868,2.58207882829195
"GEMIN4",0.145986916858677,-16.4489511562757,3.52870761939586
"GLOD4",3.8830303325527,-9.07797760430715,2.12363595956482
"RNMTL1",1.14205075569866,-13.9497948032954,3.13518411098649
"TIMM22",0.211388638433723,-7.64198503072104,1.42058549394432
"ABR",0.98119127042955,-12.7478768884221,2.79443057231265
"YWHAE",0.58827362380965,-16.1033414900569,4.2374603708397
"CRK",0.477289899166496,-10.5185462549006,2.1783673851886
"MYO1C",0.127863954036771,-5.99243841088116,0.501036244272943
"INPP5K",2.0672197244735,-8.95605179368451,1.81207248174118
"PITPNA-AS1",0.0754462416130948,-4.91713149871584,0.681039789639017
"PITPNA",0.640728156841891,-11.719942202171,2.42545025568727
"SLC43A2",0.702378819740877,-14.7506078257697,3.42897903322022
"SCARF1",0.139915069094887,-19.5478167996374,3.99299764126487
"RILP",0.44045497831874,-15.4359659568317,3.4067577782953
"PRPF8",0.237158796148549,-11.2457692742565,2.6946862102037
"MIR22HG",0.415712064703633,-15.211191605257,3.31457890603085
"WDR81",0.347213192691791,-8.7881484580499,1.3553235254221
"SERPINF2",0.29531680284947,-26.3044460252162,5.94661665404456
"SERPINF1",0.042248742868577,-29.8383140119895,7.383330181555
"SMYD4",0.138705755862721,-8.02025190463087,1.26045414573984
"RPA1",2.53431798158819,-10.2574999644261,2.23506340422592
"DPH1",0.06331256163186,-13.4908036216898,2.49406896506323
"HIC1",0.129969377498993,-25.8853844405604,5.7489151615376
"SMG6",0.484877231879917,-12.1597350327531,2.27071756327395
"SRR",0.341438660267505,-17.5200231770656,3.7114181885766
"TSR1",0.92843417496656,-11.7363687797401,2.3188866918159
"SGSM2",0.0569843306841951,-9.93208073657824,1.62540762081824
"MNT",0.472366962389952,-14.8702043370729,3.29048058595008
"METTL16",0.451747967291834,-8.81096154628803,1.484434755809
"PAFAH1B1",0.281344758414464,-12.7539175937134,3.01490480142782
"CLUH",0.447331616460916,-13.4231787789288,2.62009649799518
"RP11-74E22.3",0.164454593259492,-10.5872977638937,1.45371537998846
"RAP1GAP2",0.540185530495724,-10.8157731199586,2.1453129121984
"SHPK",0.010202719575124,-8.0920887484589,0.678570480676532
"CTNS",0.0770294881828475,-13.8712119528806,2.71776736807896
"TAX1BP3",0.968329316527843,-12.8303477538192,3.02877698693465
"P2RX5-TAX1BP3",0.355142926658144,-10.5250565963271,1.67103633805865
"EMC6",2.59755205856876,-9.22865574375522,2.18159387189824
"P2RX5",0.114300087348707,-3.98840546725569,0.399382912267778
"ITGAE",1.12545567461249,-9.53890451065191,2.20890019833065
"CTD-3195I5.1",0.113387697408518,-19.996541384829,4.1218682890362
"C17orf85",0.888602146390284,-11.2713266683445,2.33229528154784
"CAMKK1",0.179331174672856,-17.200271188889,3.38828293543961
"P2RX1",0.244602154012554,-17.4167909042905,4.04636730201462
"ATP2A3",1.15009804148487,-5.70244371716002,0.902058737874134
"ZZEF1",0.291063584645779,-8.61938847529708,1.51030783225934
"CYB5D2",0.684873297647842,-12.2398753207145,2.58832874356991
"ANKFY1",1.39330700816337,-10.8555065803464,2.2168901271248
"UBE2G1",1.41542052146939,-11.8935248974428,2.85571305428042
"SPNS3",0.862842614550133,-13.9270592768384,3.07622762722469
"RP13-580F15.2",0.0520570130428168,-8.93196775210228,1.25420566903203
"MYBBP1A",0.185458806975824,-11.2892807575934,2.09236054938895
"PELP1",0.977542430899278,-12.1500286221341,2.51999469631073
"ARRB2",0.653017213282925,-12.0683847561318,3.28986062385154
"MED11",1.06982194875224,-9.35347279740148,2.05504008557431
"CXCL16",0.328028791314067,-21.2355648643217,5.39645419819287
"ZMYND15",0.196318661956276,-22.2986144924287,4.93276525498885
"VMO1",0.0434522655552654,-25.698004733795,6.26483624776854
"PSMB6",0.872818999025344,-10.6086810606455,2.85261505850811
"PLD2",0.394086116102744,-15.9651710388104,3.27593996172835
"MINK1",0.494092772959439,-11.6536370162064,2.32059177407831
"CHRNE",0.289821114246348,-20.7489536829838,4.55526260447327
"C17orf107",0.106927110569276,-4.05606426633421,-0.617821187293098
"GP1BA",0.0102234228139263,-3.8232253998582,-0.325086284065889
"SLC25A11",0.428303343599182,-10.2676782655573,2.50096664534972
"RNF167",2.64265144299499,-8.73925233071578,2.11416161445047
"PFN1",3.17591807842279,-8.56684665314573,3.02389041749015
"ENO3",0.411636407795735,-10.2704910452739,1.81462911505743
"SPAG7",1.83005513036563,-9.24550411333937,2.33039615563245
"CAMTA2",0.300839845724875,-11.7319636421167,2.28309235575337
"RP5-1050D4.3",0.163929984566391,-10.0936141232758,1.30772878659483
"KIF1C",0.169002732521916,-12.3823287326799,2.30506503851373
"ZFP3",0.0967615763961135,-16.6357467953971,3.10701737390492
"ZNF232",0.0109377641688471,-6.36698972097227,0.604327956964788
"ZNF594",0.0823093881472447,3.31665608397851,-2.93020758511921
"RP11-333E1.1",0.0153592294751397,-23.6303663026711,5.15739183503294
"SCIMP",0.64392579002009,-17.7762484144705,4.53282173479497
"RABEP1",0.466237652804533,-8.43930423614539,1.53343693172975
"NUP88",1.79409653337527,-6.645725227534,1.06333739287566
"RPAIN",2.95155223011276,-6.97657344154894,1.52443747488457
"CTC-524C5.2",0.596112252245752,-13.850366852218,3.16321029481274
"C1QBP",1.8134324010904,-10.8713435107456,3.02717977548889
"DHX33",0.447850981288422,-10.5990803109388,1.7919933470959
"DERL2",0.712649830995479,-9.1047165090097,2.04801082212077
"MIS12",0.256160020638305,-9.69192977450134,1.92500592784667
"NLRP1",0.641966848575365,-8.04973478400697,1.59064243784448
"KIAA0753",0.115553238176983,-22.6048211077077,4.86666343164973
"TXNDC17",0.471821103916266,-12.2601040711276,3.03637378943203
"MED31",0.438655575407482,-12.028807608295,2.50827512703935
"C17orf100",0.234323011590198,-3.62303659983621,-0.515177669460978
"XAF1",1.21516721150545,-8.65408268165966,2.17221679753417
"AC027763.2",0.390757405089902,-8.68316584486673,1.56137842045046
"RP11-589P10.5",0.2488991752147,-21.4737055958234,4.67346401694227
"ALOX12",0.0135991515469546,-1.66273313940552,-1.10831356420184
"RNASEK",1.4162730162495,-9.83986461001305,2.03782096693144
"AC040977.1",0.49961306698445,-11.7438602116282,2.12852904064775
"C17orf49",1.34469094027108,-11.2472696476593,2.67525563756187
"MIR497HG",0.161652100126291,-6.23636596937191,0.159597746566762
"SLC16A13",0.158004004779502,-8.33101264384234,0.784747310540712
"SLC16A11",0.415466293012168,-3.62744620830706,-0.3419466613766
"CLEC10A",0.0574849409174539,-25.2445825691189,6.4416693352386
"ASGR2",0.212480711282999,-7.26912270816487,1.00164281491968
"ASGR1",0.144290423155364,-9.39503277520027,2.14101620965052
"DLG4",0.305315876013369,-15.0802709993391,2.93997131374473
"ACADVL",0.361343304685769,-9.62216065322597,2.2376656880131
"DVL2",0.491731868876386,-10.0941401057077,1.86770430034306
"PHF23",0.642123880518364,-9.49069305034469,1.77840434495854
"GABARAP",1.26360953459604,-11.1300534375892,3.30562840448035
"CTDNEP1",1.40891400592671,-13.010882699741,3.0305066071117
"ELP5",0.487023627594874,-9.6955385533569,2.1029290283198
"CLDN7",0.321771079672249,-14.8272924633279,2.86633505929608
"EIF5A",3.57921492695068,-11.8634510822216,3.05943376123277
"GPS2",1.90025947482623,-5.98955402691048,1.02636841526163
"NEURL4",0.094092524041491,-12.6451964096408,1.8871670882194
"ACAP1",0.745429391450615,-4.57115584145972,1.11524589316082
"KCTD11",0.248027781110377,-2.58488631330041,-0.806379071543289
"TNK1",0.269777195812346,-4.36688570184997,-0.24807942921085
"TMEM256-PLSCR3",0.816460789453058,-12.4080182351021,2.4870000552636
"TMEM256",2.03015597466586,-10.4697571381417,2.60456911282821
"TMEM102",0.0615204774676004,-11.2390352316803,2.26150471719571
"CHRNB1",1.02491791157437,-10.5406158449693,2.14306005796694
"ZBTB4",0.730956339970039,-12.154680672199,2.47697573830796
"POLR2A",0.642597738122654,-10.7407783502458,2.44126662261072
"TNFSF12",0.298541344235584,-9.37231327206244,1.94571878032932
"TNFSF13",0.201572352986204,-10.8472639636552,1.58973577141015
"SENP3",0.282731967219722,-14.166154839822,2.63464361670323
"EIF4A1",2.41234494244165,-10.9435721913475,3.3759034326156
"CD68",0.326131168713694,-15.3387243016541,4.31151984448981
"AC113189.5",0.0471356483616891,-9.60393270076895,1.638541305306
"MPDU1",1.41005176670266,-14.4870866843157,3.43956455456899
"SOX15",0.17060279377409,-24.3294107321137,5.42566874294992
"FXR2",0.0349892137248161,-9.29230995240138,1.30690123098721
"SAT2",0.491172063955546,-9.78984554413733,2.45972903352636
"TP53",0.96801061371637,-10.6196240334324,2.15401455594114
"WRAP53",0.627410270601521,-13.2550414343648,2.75165135698004
"KDM6B",1.51787896455928,-10.4106118336838,2.22977598562223
"TMEM88",0.117463099994015,-16.8360949321999,3.2827883241686
"LSMD1",1.10545029642976,-12.2496437086319,3.16573966775205
"CYB5D1",0.223136944761332,-13.7143393223351,2.45758474283567
"CHD3",0.921961127779955,-6.10277133618312,0.933914942799222
"AC025335.1",0.0254786472959065,-18.2545430072394,3.72334976075291
"TRAPPC1",2.30454136377136,-8.18257367901784,2.30957193486259
"CNTROB",0.416228083943879,-10.3893127364506,1.67222102882851
"PER1",1.09011903485977,-11.8043689281418,2.61103541365592
"VAMP2",2.06105953334804,-5.2632120642788,1.44839030110985
"TMEM107",1.0804841484359,-11.9673650300566,2.66284657461091
"C17orf59",0.0493905026996177,-4.52095675095817,0.561434080926025
"AURKB",1.3679085923402e-05,-33.9833719152788,8.24822447660177
"LINC00324",0.681244144889485,-11.4191356401705,2.43429287513614
"RP11-849F2.8",0.225757814403001,-12.0507714247334,1.99333911080735
"CTC1",0.796483259252674,-9.45000140052545,1.58649917122365
"PFAS",0.0255724511029683,-10.6239799815484,1.65228394332653
"SLC25A35",0.38213805966451,-19.7253186420307,4.31482217616955
"RANGRF",1.62231141563462,-7.85942519328866,1.61773676705126
"KRBA2",0.179684139607244,-4.72973279362534,-0.260895946579261
"RPL26",10.8551818121495,-4.58852411397532,2.04783836115873
"NDEL1",1.27699964144272,-9.09106243956307,1.84799200235457
"MYH10",0.0896483700559677,-6.52353684398992,0.0695459197386219
"PIK3R6",0.23235907296961,-27.1653487617762,6.18651897209043
"PIK3R5",1.34754522241578,-11.5955665699313,2.49633410754678
"STX8",2.41453734237694,-8.61036144564657,1.98406698477514
"GAS7",0.332151344393984,-12.9626427953297,2.89258225781393
"AC000003.2",0.0936029331365561,-23.5794232228628,5.04771160650572
"MYH3",0.302033889492379,-11.7872427652513,1.97691324451129
"CTC-297N7.8",0.0100457161424424,-6.48512162568329,0.198805149557244
"SCO1",0.665414486185618,-13.9097171853215,3.01166844950126
"ADPRM",0.102671500588729,-8.7089577941736,1.72567928076545
"TMEM220",0.352326355289835,-9.02108225045523,1.22660442973604
"CTC-297N7.5",0.0139318729362722,-11.2361304522115,1.64525383513423
"ZNF18",0.400805091744039,-10.3248902127002,1.64011552102953
"MAP2K4",0.947005276595275,-12.8765620502471,2.75951882555856
"ELAC2",1.33269954539324,-14.5850359378172,3.30409146278733
"COX10",0.265289958552924,-8.76389712451448,1.4033279833848
"HS3ST3B1",0.529875379040888,-11.0474242019545,1.93425208933051
"RP11-214O1.3",0.176828419516906,-15.9620327465976,3.17744024944243
"TVP23C",0.161365945630197,-8.51251690900814,0.838729588975349
"RP11-385D13.3",0.184209479511947,-24.4932188219636,5.47179618822549
"TRIM16",0.185489980883097,-10.7620288381573,1.95215265531867
"ZNF286A",0.185953309160308,-18.6724545144213,3.81343198489369
"AC015922.6",0.109764149458695,-23.6077871542844,5.10738066098269
"ZSWIM7",2.17739574361531,-11.1849444290336,2.63255939921788
"TTC19",2.07934933021476,-7.13538079158129,1.38874638095627
"NCOR1",1.56376358193442,-7.35154718893063,1.86970886804715
"PIGL",0.0390095251011974,0.819712519236688,-1.46613733159617
"CENPV",0.280070389334217,-11.4986732587935,2.28972649752322
"UBB",2.07015217791827,-6.01349397544559,2.00311955953567
"RP11-138I1.4",0.426066991844576,-16.3284484019847,3.39465040745833
"TRPV2",0.330196405352179,-10.2464151280912,2.24627267966746
"FAM211A",1.26454121743945,-11.7010319053186,2.51672227845428
"ZNF287",0.121265589967551,-8.58159899118301,1.15041166428011
"ZNF624",0.121801538557903,-14.9628656263828,2.61987513246885
"TNFRSF13B",0.0312531498867254,-16.3498290605292,3.65497561823425
"MPRIP",0.511190471320974,-8.34705930942569,1.62293763968
"PLD6",0.0280406551789148,-5.54972152265611,0.377042535378953
"FLCN",0.759035431575972,-11.4238072838329,2.1604949203186
"COPS3",2.9747145813509,-12.691005028842,3.09944443388712
"NT5M",0.100526098595716,1.14319772167568,-2.15458355985949
"MED9",0.0146357893184785,-2.99969789032661,-0.247387971191711
"RASD1",0.00504345386854523,-11.9437275219754,2.39024513222447
"PEMT",0.0249417678496433,-8.63582684029318,1.58850755978053
"RAI1",0.262603688649743,-15.2919979907689,3.01918047719469
"SMCR5",0.144833000262184,-9.26256921968792,1.37571745252569
"SREBF1",0.0153792568501126,-15.5872663239443,3.52720097805249
"TOM1L2",0.361313499909456,-3.57864091360914,-0.0264743737046493
"LRRC48",0.170849979745833,-15.6729996970437,2.94502357066935
"ATPAF2",1.80789621977521,-7.99942132282125,1.44184512965603
"GID4",0.498718345582639,-11.4865596499391,2.19868241904062
"DRG2",1.45896711047056,-11.2160702522619,2.43479867753797
"RP11-258F1.1",0.0219545884780716,-17.7899382943934,3.68639176138177
"ALKBH5",3.50396850973425,-7.43268341248139,1.58845706314127
"LLGL1",0.282809963953204,-9.71972779498435,1.59856330982611
"FLII",2.34382886149641,-11.8438878945795,2.75405395695754
"MIEF2",0.318407619842672,-11.8582187931795,2.01558627548893
"TOP3A",0.795131302997408,-9.65891124207045,1.66123642747583
"SMCR8",0.0942370294161307,-15.5141103197011,2.72752593863277
"SHMT1",0.302143432973705,-13.7927860329278,2.91384465335233
"LGALS9C",0.179877542139989,-4.52099430762935,-0.32369534811503
"TRIM16L",0.0290953445478032,-0.610649371945211,-1.32920262880411
"TVP23B",0.837237128497867,-8.70761207086166,1.38668639760338
"PRPSAP2",2.17452017040813,-6.01936970158121,1.02665554541071
"SLC5A10",0.0285030294027611,-21.6031895281638,4.68319833693554
"GRAP",0.0723024219243263,-4.38610023090143,0.352186596656083
"SNORD3B-1",0.435054192034823,-9.48875859523662,1.84280572234539
"SNORD3B-2",0.2972545113724,-10.2671871464032,1.90863970028825
"SNORD3D",1.03650927376499,-12.895076845286,2.82542606277536
"B9D1",0.0663749736856692,-20.680457028748,4.3178783177549
"MAPK7",0.0867096693020831,-9.69282895000638,1.59893863257621
"ALDH3A2",1.27031748978145,-13.9605165208099,3.09651121041941
"ULK2",0.871187977513967,-15.9319103932581,3.52876997921453
"RP11-78O7.2",0.152748399142513,-19.0922724348153,3.900389961606
"AKAP10",1.15160000116732,-9.26543420128895,1.8178274738648
"SPECC1",0.408251982946969,-17.1060739592823,3.81273919413502
"LGALS9B",0.0537065445520735,-9.08392376880165,1.19707861912355
"USP22",1.04660312432736,-11.634033415702,2.49978332307543
"DHRS7B",0.710139274008872,-12.8069149065197,2.80870546719622
"TMEM11",2.1039774647272,-10.2476908097114,2.31108860433594
"C17orf103",0.273090685745335,-19.1535847405236,4.0788672521457
"MAP2K3",0.682504465758063,-12.1317138294412,3.06422051249296
"C17orf51",0.11010227139789,-10.8317149168885,1.40611574112202
"UBBP4",1.31197141359067,-10.3726310061194,2.01125660827175
"WSB1",2.72097477448753,-10.2322100380459,2.5718134236691
"KSR1",0.275102320310415,-15.804727190577,3.38560507131839
"LGALS9",0.97794731038785,-14.7427199017465,3.91286378664591
"LYRM9",1.55270971555864,-7.91568151973704,1.44173927381888
"NLK",0.325284575905285,-10.0327673782965,1.54018767364442
"TMEM97",0.0566124179850667,-18.2449307290373,3.97266193682587
"IFT20",0.533965567820939,-8.95457089436156,2.0650805970719
"TNFAIP1",0.136545762696936,-14.4494389260442,2.93932438618509
"POLDIP2",0.332453993372067,-9.09680148425412,2.01994662971775
"TMEM199",0.155631799527401,-11.158623644007,2.53727266278511
"SARM1",0.0216718060482603,-6.84848684958277,0.635380226305089
"SLC46A1",0.198695353833092,-21.7425192800648,4.6593218110446
"RP11-192H23.4",0.106158390776721,-15.6835126389309,2.83004255772119
"UNC119",1.62330528976439,-16.3571691614624,4.16803258400433
"PIGS",1.70787868400532,-10.6115145819602,2.21832798361628
"ALDOC",0.649730836309581,-8.49395866240207,1.48803233201458
"SPAG5",0.0509377700362817,-19.543898557715,4.14664444586019
"RP11-192H23.6",0.319382385749631,-16.5380953532841,3.3972488565333
"KIAA0100",0.767289774031402,-11.2552598085474,2.24546479514635
"SDF2",3.61555319948998,-8.9128849621366,2.0661362292857
"SUPT6H",1.34711412333475,-9.49787659289001,1.78052002190727
"PROCA1",0.0274376485753768,-10.6823576226515,1.74548850514863
"RAB34",0.172979870474612,-14.099249727053,3.28081262990896
"RPL23A",5.30477865261691,-3.53140889547523,1.79069490869673
"AC010761.8",0.245239892551566,-18.8807139814636,3.95616825562866
"TLCD1",0.227877582914327,-19.8034819183894,4.22107561910285
"NEK8",0.00698960405730863,-13.1294356458308,2.81390937851397
"TRAF4",0.185021647302631,-13.9893563839013,3.02129674004338
"FAM222B",0.143513401117526,-11.9339204138251,2.1390667499037
"ERAL1",0.935346274102727,-12.0582629178227,2.47621577240537
"FLOT2",2.16754341419935,-8.31359165606042,1.79385571947322
"DHRS13",0.180713690943759,-10.8156082127404,2.00804206551871
"PHF12",0.0635704477443151,-12.5120505265292,2.81956422599974
"MYO18A",0.108958164103338,-17.3764421053617,3.3218757489987
"NUFIP2",1.02770873659523,-10.5124052683589,2.05231663284946
"TAOK1",0.883605644703666,-14.136494450334,3.03497453261343
"ABHD15",0.290008048893311,-9.79473863578283,1.62069339315935
"TP53I13",0.562781615283112,-6.18419309277307,0.831076281460444
"GIT1",0.612755758558435,-5.85941407715753,0.444276574547284
"CORO6",0.091236808906795,-10.018028825135,1.11122427349663
"SSH2",1.27892057438786,-11.7111413613784,2.72860307568955
"NSRP1",0.534025861665678,-8.45483084520714,1.71010660885005
"RP11-354P11.3",0.355014307819815,-14.5681951486286,2.85586495874723
"BLMH",0.562642118816803,-14.2570284249176,3.14580617095894
"CPD",0.234080047901826,-17.5251472805342,3.68250368402229
"GOSR1",0.504845558849145,-10.0180584178907,2.03660846872986
"CRLF3",3.61607197060319,-7.91188427797113,1.71244946236839
"ATAD5",0.334867783417404,-9.74360476099594,1.44036263564208
"RP13-753N3.1",0.00535515525538919,-3.69764126571885,-0.726100599915265
"TEFM",1.04827038968555,-11.5925746346584,2.32191996773444
"ADAP2",0.273874324367234,-16.7156028792601,3.93746046899232
"RNF135",0.732990748672128,-14.9948774226087,3.57173186153483
"NF1",0.106056593211067,-10.0341981576786,1.8135484431169
"EVI2B",1.21748724906735,-11.0068245162286,3.02971178523493
"EVI2A",1.10267943833438,-9.68403617976219,2.33550898827448
"RAB11FIP4",0.617272316256214,-7.86025441115673,1.24524583102381
"COPRS",0.677683769698868,-16.8015656239056,3.90380791467851
"UTP6",0.202758605041206,-15.2998217409001,3.72189839083568
"SUZ12",0.666316330323608,-13.095967560064,2.77032926591171
"LRRC37B",0.418169929501529,-10.9498127446187,1.8498656369329
"RHOT1",1.50112802365234,-12.3634597415841,2.77414365278326
"C17orf75",0.868906036386652,-11.8810213772146,2.33871081492814
"ZNF207",1.24319435728815,-8.23542599606962,1.98724955440094
"PSMD11",1.27024645011087,-14.1328916207288,3.52667175465437
"CDK5R1",0.124382810782411,-19.4595466138117,3.92328969757309
"MYO1D",0.17590640167618,-15.1545671806815,2.7940647472112
"CCL2",0.0281717317411031,-0.0630260948851353,-1.61979394292281
"CCT6B",0.0354848792208363,-14.2422287196518,2.63521750063502
"ZNF830",1.48250289254184,-6.65861125703253,1.05989461300981
"LIG3",0.608035020049102,-7.66020372497011,0.980403581408772
"RFFL",0.69478023875924,-10.3839116577306,1.99824262607668
"RAD51D",0.0712544474117828,-14.8461297731147,3.03462241962443
"NLE1",0.458608576489944,-14.0098229227053,2.90930851383229
"RP11-799D4.4",0.615494476262155,-4.18821393231627,-0.0559310412859853
"SLFN5",0.225820684155689,-9.31756304693251,2.11441966120065
"RP11-47L3.1",0.364432734675808,-4.2060514096484,0.198265540570555
"SLFN11",0.491617318854242,-14.7471439606419,3.06228021386159
"SLFN12",0.207426995049069,-13.5996980456948,2.5876353599298
"SLFN13",0.0662298625473252,-16.0280324093209,3.33285121082682
"SLFN12L",0.205117040237074,-9.61996192454713,1.76495192084516
"RP11-1094M14.11",0.436956595043839,-6.62384332625657,1.16569757601067
"PEX12",0.129121529293198,-9.99898865775756,1.20530289686516
"AP2B1",2.16862384448316,-9.97019567984437,2.14244502556561
"MMP28",0.215921249692961,-6.56988609862209,0.345416511249284
"TAF15",1.75322632761067,-9.63056348970768,2.19637043924543
"AC015849.19",0.114062798059789,-22.0340979212808,4.66043202473517
"CCL5",0.141370933052969,2.37084744919566,-0.499487168228147
"AC069363.1",0.139815808850404,-14.917785332993,2.69067962032843
"CCL3",0.0808625765430023,-7.48108090692705,1.98606236529533
"CCL4",0.0654008876557817,1.63976403381461,-0.815009194361433
"AC131056.3",0.0924715720552017,2.04296835492651,-2.53561408724108
"CCL3L3",0.0593712154083221,-14.0276025039747,3.05885274159693
"CCL4L1",0.0159331108047987,-5.90920365863386,0.476199069554936
"CCL4L2",0.166986367617246,-13.723863683508,2.37619849662598
"ZNHIT3",0.934772595945166,-9.92863023940987,2.47330148852016
"MYO19",0.403006994993856,-9.32908295979207,1.6219759965685
"PIGW",0.281625130350222,-14.1286474005084,2.6803611731056
"GGNBP2",0.462663985015409,-9.2020017088363,2.29381220765368
"DHRS11",0.0463420040747613,-7.80031890599469,0.798035753619242
"MRM1",0.00692059514155814,-13.7100833374608,2.91095066515357
"AATF",0.291115609722596,-9.66323623940587,2.28006291377581
"ACACA",0.354910426839491,-10.5952905755262,1.88840796271751
"TADA2A",0.00945272420115246,-9.23955642038555,1.64403172376837
"DUSP14",0.786008069392138,-15.0000632334616,3.21056595555596
"SYNRG",0.725604195622761,-9.65811062519167,2.05420398565899
"DDX52",1.00349748990561,-11.7480402757852,2.54598067329968
"RP11-1407O15.2",0.177186570191194,-18.9055613344826,4.07981215217912
"MRPL45",1.65356720664135,-13.3246419296316,3.15641543012423
"CTB-58E17.1",0.531839520452661,-12.84695515669,2.59679875589069
"MLLT6",0.30291819432184,-4.4376392886354,0.48956309929616
"CISD3",0.397233291746399,-9.88919169717719,2.39818656442316
"PSMB3",6.9075160866857,-11.5274863360235,3.2161059422209
"PIP4K2B",0.335696816513099,-14.8972893707886,3.02795203761931
"CWC25",0.547858275064971,-9.98894209474192,2.20339646992706
"RPL23",4.82937908652323,-6.82292407495552,2.30747665334054
"LASP1",1.84146597171443,-7.75759053388665,1.62677946516807
"LINC00672",0.0789327645812347,-12.9264989335868,2.36151761786663
"PLXDC1",0.431396959217208,-7.65791685978957,0.876254735687925
"CACNB1",0.0897073791876256,-6.10430795266442,-0.0561796981854421
"RPL19",5.53152093485241,-4.17697657684222,2.09948863264659
"RP11-690G19.3",0.253678869077174,-7.43047389646649,0.912171461057575
"FBXL20",0.384939123639538,-12.5661546507548,2.32440916280388
"MED1",0.523877169968291,-6.37526020342783,0.786504335450519
"CDK12",0.185368301388123,-11.4844019507641,2.38475177304836
"STARD3",1.06473630376343,-11.9947773981684,2.67707679182227
"PGAP3",0.532897373814838,-11.3763700174582,2.05984544611333
"ERBB2",0.26972213268982,-6.17761363179666,0.294860859672425
"MIEN1",4.33347418015652,-9.84664025751473,2.44509932041809
"RP11-94L15.2",0.292307475113051,-4.69327573571043,0.545111002446837
"IKZF3",0.777707591763471,-8.63677978286651,1.33942967661244
"GSDMB",0.189735405298967,-6.85477659619557,0.703716235158517
"ORMDL3",1.04827817939697,-7.20363003049103,1.50349325760092
"PSMD3",1.64030495512147,-11.6693489414274,2.72909670785372
"MED24",0.332942368679856,-10.1712824656043,1.98581628583343
"THRA",0.498903600396833,-9.43121986326571,1.67244436047833
"NR1D1",0.654483521422859,-10.23614637628,1.8891863426093
"MSL1",0.626097723550552,-8.4201242475953,1.53068286674971
"CASC3",0.0954634958572781,-10.5780687102787,2.27689533702553
"WIPF2",0.681247493778988,-10.4613046581324,2.17920695018848
"RARA",0.0918534891164689,-10.8642655800684,2.33826421469795
"CTD-2267D19.2",0.0481737870840939,-12.7125616038784,2.57599920121484
"TOP2A",0.0301714333488769,-33.351412631701,8.00790927897485
"IGFBP4",0.00610469672602638,-6.9344659923824,0.727440340678414
"RP5-1028K7.2",0.0272845123067076,-17.3249348340815,4.04328507607338
"CCR7",0.506629565650089,-5.30969725811796,1.19281380071593
"SMARCE1",0.967425313685502,-8.32970245423966,1.90378246785641
"KRT10",1.34101943045615,-5.90030104079927,1.39471499853877
"TMEM99",0.491319492290044,-9.66221524666103,1.66855196507707
"JUP",0.170739149238335,-15.8314850229444,3.55975306025393
"EIF1",6.83836908772248,-5.64307459007549,2.23608133236025
"LEPREL4",0.304344021508291,-8.64048750720761,1.0656198748357
"NT5C3B",0.757452578556376,-10.739155540614,2.15257028129238
"ACLY",0.781465556220513,-9.98449772412283,1.98568251417418
"CNP",1.15155653890126,-13.3644380079257,3.08788907747876
"DNAJC7",0.501730147605875,-9.85962482156791,2.44729748746685
"NKIRAS2",0.158876088101921,-11.8018573102636,2.63087128499131
"DHX58",0.843231625598945,-9.91482658200552,1.93747663806089
"KAT2A",0.334756424138192,-11.8597608412052,2.38094329454642
"RAB5C",2.06489172236452,-9.90038612375776,2.62083133870326
"GHDC",0.598987774334255,-13.022092103202,2.7350141789125
"STAT5B",0.967326256436467,-12.0406626095006,2.6051229266533
"STAT5A",1.45754270938218,-12.4476518851614,2.79654616939162
"STAT3",2.911708993424,-7.99662271488161,1.90028944694396
"ATP6V0A1",0.768364856969221,-10.8847250621357,2.10968504446557
"NAGLU",0.07677107956986,-8.25782641837583,1.00029274137851
"HSD17B1",0.0893801220592275,-8.22896211872926,0.579307491192385
"RP11-400F19.6",0.0211341724685338,0.313709318925341,-1.28186755145587
"COASY",1.67551548151357,-9.29307001112218,1.93841238516198
"MLX",0.498499877712323,-11.6704562812091,2.87777320796702
"PSMC3IP",0.309409738468502,-8.63069946358414,1.06271619217387
"FAM134C",0.634462324708438,-10.6333545083705,2.26200281875423
"TUBG1",0.571204033617754,-22.7712439307098,5.39979516344009
"TUBG2",0.018731824018545,-10.918323103334,1.58257940446148
"CCR10",0.0272498918102088,-13.5811492444993,2.72284853012373
"CTD-3193K9.4",0.164947407545766,-15.5636255903425,2.91319627102383
"EZH1",0.377927459571963,-8.08225604337337,1.30657761295987
"VPS25",0.120049456807008,-9.06699887536103,2.04278750234933
"COA3",2.27565298832137,-8.33035167052471,1.87837621981627
"CNTD1",0.439287789872099,-9.65617747582066,1.49204838109696
"BECN1",3.49138340530626,-9.60267486290893,2.12322630503401
"PSME3",1.4547590234957,-12.7181873616114,2.91153432786922
"AARSD1",0.68988508082612,-11.4309546806117,2.3095962841619
"RUNDC1",0.0402906195591526,-7.95160726206412,1.30521393856104
"RPL27",6.77291736652769,-5.23597214435709,2.03695911556798
"IFI35",0.443267522071371,-10.5552379048026,2.71872691063635
"VAT1",0.3915710363597,-17.4453885801188,3.8067795220997
"BRCA1",0.000133930854685491,-35.3666372582856,8.33912305238114
"NBR1",0.118239534526336,-11.3513006312906,2.6196862070031
"TMEM106A",0.519590619391642,-9.33753121893614,1.70664896559151
"LINC00910",0.102745035012666,-6.02643531849613,0.377427941519668
"ARL4D",0.0842921844361215,-6.88844869358548,0.713741360038769
"DHX8",0.0703108238668041,-9.4899026492542,1.71333734138642
"MEOX1",0.011270765564879,-11.4047374000508,1.77973022108378
"DUSP3",0.679101846521387,-14.5804693072036,3.17881314172059
"RP11-527L4.5",0.00151038415955031,-18.3117295949785,4.02571129978573
"NAGS",0.138875488225504,-16.6958825513111,3.24213788479678
"TMEM101",2.28670302117879,-10.9435119825747,2.49923111873533
"LSM12",0.436474994535341,-13.8702910431621,2.75054647677462
"G6PC3",0.436312503226837,-14.3601237547093,3.13808893292546
"HDAC5",0.0729520045098667,-15.2979564147806,3.69113896260805
"ASB16-AS1",0.341606195685459,-6.19586766202252,0.821028708165635
"TMUB2",0.455200190830241,-10.112233309049,2.15377118837845
"ATXN7L3",0.615627973539273,-8.83508105906517,1.33719588819052
"UBTF",0.776195647386521,-5.90184176377374,0.9144301997984
"RP5-882C2.2",0.28014454543089,-14.6241927978138,3.01786909196442
"SLC25A39",3.07977004936032,-11.1048028212627,2.66870491019531
"GRN",0.363550556048622,-13.3147603533305,3.71784972634059
"ITGA2B",5.13062031371964e-05,10.9538264636796,-4.7302875231928
"GPATCH8",1.15054858638329,-6.68322881291414,1.28104531016332
"FZD2",0.0888326113215701,-5.16421045054255,-0.338723490745113
"CCDC43",0.606477909351636,-14.1225371428415,3.14008249495305
"DBF4B",0.157673116346606,-13.2596304733227,2.2402142719667
"EFTUD2",0.826099651494319,-12.1036974799942,2.64476791759265
"DCAKD",0.49771974895364,-10.7881901568239,1.99366553849598
"NMT1",0.789191228682632,-8.3297719863833,1.66161228307897
"ACBD4",0.358083856370237,-14.7543923109234,3.07280864943388
"HEXIM1",0.928488912801388,-9.36812718199342,1.78614396519606
"AC002117.1",0.390167320452611,-3.15598793041605,-0.302607468478583
"HEXIM2",0.0453329217839939,-12.5110205255614,2.45037115788549
"CTD-2020K17.1",0.523961247010522,-13.3771717977214,2.83376352214446
"FMNL1",0.944606359652794,-9.89632793688415,2.56951638365334
"CTD-2020K17.4",0.0538113933067505,-8.83976586289793,1.12471848155566
"ARHGAP27",0.604568299893747,-13.7784455673791,3.26483959351116
"PLEKHM1",0.531889749678644,-9.40467947126639,1.6790042071254
"RP11-798G7.6",0.161402681099692,-6.15899696394216,0.136429355089874
"KANSL1",1.93531208883723,-8.50945048648858,1.70598666093472
"KANSL1-AS1",1.13624287586865,-9.04397544989479,1.64308529052801
"ARL17B",0.345994627491531,-9.96064825634213,1.50448486793444
"LRRC37A",0.0897123978009343,-5.95938641656826,-0.0996801033591121
"ARL17A",0.115447907761192,-13.0095906820223,2.16689250065315
"NSF",0.523429511886563,-12.3815465031415,2.52855237636837
"GOSR2",0.0965981923979302,-10.1631119474695,2.17057179049296
"CDC27",0.760530867379019,-6.33933817854843,0.650415792664742
"ITGB3",0.00363252690679087,3.19340795342004,-2.70966735870514
"EFCAB13",0.170006812737283,-13.4412097078489,2.32428800694725
"NPEPPS",1.26001629263314,-14.4799645640812,3.24726303477744
"KPNB1",1.10241606851067,-9.87954841416815,2.33392524833524
"TBKBP1",0.248214876635098,-13.3781212675846,2.42450860824516
"TBX21",0.250427868379447,-3.3504279539267,0.108531235699181
"OSBPL7",0.0251413575935668,-18.7385373463367,4.3131183988902
"MRPL10",1.38725228667756,-9.26201812292393,2.01167454651692
"SCRN2",1.03005360656968,-8.4317050541889,1.61463352630183
"SP2",1.03232208002593,-14.4699887886195,3.23022102495929
"PNPO",0.477400298053483,-16.4876852959655,3.51048237809746
"CDK5RAP3",2.09490570438011,-9.8207948935841,2.27342971418374
"COPZ2",0.142723977754183,-17.7671665554452,3.5182062203381
"NFE2L1",0.847939397935875,-9.96255979848321,1.80866733667006
"CBX1",0.870598157925985,-12.8951577784949,2.99517674113749
"SNX11",1.33935026881919,-15.2287229818612,3.53137356422737
"SKAP1",1.43717511697892,-5.22099687584703,1.01435383376607
"HOXB2",1.1154084193546,-5.18796809617134,0.580359382819716
"HOXB-AS1",0.0489029566740055,-8.15451975693979,1.12706092118031
"HOXB4",0.15111912466133,-10.5381918759477,1.75223161145514
"CALCOCO2",0.65915142995187,-10.9999827681437,2.69261764837129
"ATP5G1",3.10633836622396,-10.3291267426221,2.63579935612148
"UBE2Z",0.570590036359269,-12.2079409401448,2.65669772454984
"SNF8",1.27312748546049,-10.2694631654186,2.6111264786101
"GNGT2",0.507734157897906,-16.2291325480143,3.67002407049026
"ABI3",0.390585855981421,-15.4468888395005,4.17930709273491
"ZNF652",0.831821572810764,-10.964997127177,2.23926993586635
"PHB",2.04930748506802,-10.6435144883832,2.7474086915162
"SPOP",2.39594635342916,-10.166602022235,2.34530858394878
"SLC35B1",1.43064681558538,-12.4511613499796,2.90400629977964
"FAM117A",0.490021428360654,-10.095458269414,1.91761260200276
"KAT7",1.02869990630003,-9.01563576504445,1.69154276060975
"ITGA3",0.161693500863852,-6.83663275268919,0.339159974883122
"PDK2",0.0374013580426197,-8.10099566927564,1.52356077829522
"PPP1R9B",0.780096906385448,-16.1850868156487,3.78472913357914
"SGCA",0.158925014186147,-25.7132722717195,5.81426652540222
"XYLT2",0.115237284891391,-19.3681133895193,4.0438475641043
"MRPL27",1.67296857888929,-11.719512395095,2.82445293989342
"LRRC59",0.121031619767371,-9.05269397505008,1.95915853540491
"ACSF2",0.597446338567284,-9.37983999426059,1.49822570142826
"RSAD1",2.28624930726288,-4.32757445631371,0.370804413423426
"MYCBPAP",0.104962973096538,-13.264824736057,2.12281197189187
"SPATA20",0.680164704112321,-10.8255718802652,2.12794280815063
"ABCC3",0.000229520516028965,-22.5750996579536,5.1413402273483
"ANKRD40",0.460110230996018,-9.1174601361491,1.33279594271773
"RP11-294J22.6",0.0836844429746316,-2.29001891475747,-1.20801676409638
"LUC7L3",0.572417828966657,-3.36300658195583,0.550901029675069
"TOB1",0.503581159877756,-9.5472650101606,2.2721609946497
"RP11-700H6.1",0.107849759567957,-5.16160790940101,-0.28464338888914
"SPAG9",0.270410360803835,-7.08002249855532,0.910504372222974
"NME1",0.637984763886404,-18.7084613451948,4.7454880521544
"NME1-NME2",1.7380149061142,-14.4325663782308,3.4558758431049
"NME2",0.502264529113671,-16.9966265241207,3.83595260896913
"MBTD1",0.305289535140641,-7.18285255767074,0.632259207367991
"UTP18",1.09211433593465,-12.2534629938583,2.83585044672612
"COX11",2.7339731168041,-8.54079445561683,1.92102470382557
"STXBP4",0.107632998101378,-5.53227185280082,-0.173204068183841
"MMD",0.0217109039670873,-14.3109752924995,3.24881845500068
"PCTP",0.357393406446455,-11.7224447348251,2.35526441893678
"NOG",0.0268677011976072,-8.42808916859431,1.22506243586779
"C17orf67",0.249221148530786,-7.26992656272838,0.600347809895381
"DGKE",0.810282099235149,-7.84505196250494,1.1184138225984
"TRIM25",0.290184575870287,-8.02003251822506,1.39146161464948
"COIL",0.38834929184984,-8.45580896170322,1.49424686244143
"SCPEP1",0.292214948383309,-11.5678434396881,2.93862693819265
"RP11-166P13.3",0.343000573844763,-7.38519237244176,0.725644764866395
"AKAP1",0.735195845482855,-13.2326918240221,2.72179366606707
"RP11-166P13.4",0.0637943960119994,-10.5321114645201,1.64204748410631
"MSI2",0.338530322254684,-10.1807258437409,2.03438957456598
"MRPS23",0.386661271202356,-10.4580085743803,2.51880882628944
"CUEDC1",0.0400606655714752,-23.1615525451665,5.24031387346925
"VEZF1",0.971280459303704,-10.5593018228948,2.16878369422064
"RP11-159D12.2",0.262580367871883,-20.3327211520303,4.37260437171752
"SRSF1",1.87253388320965,-10.657945220854,2.59564924258437
"DYNLL2",0.06492558730013,-6.55609481039269,1.10484427545113
"MKS1",0.19865650815412,-12.4128503456196,2.33493376661242
"MPO",0.0906225695409711,-12.8832552192839,1.95717762738167
"BZRAP1",0.149334588226606,-14.926339304828,2.69317516244823
"BZRAP1-AS1",0.232644696933206,-5.94014481407459,0.831395696331448
"MIR142",0.805875134741748,-7.75189431089236,1.84145310435554
"SUPT4H1",1.08679878712765,-10.467940046242,2.83766706385304
"RNF43",0.17016864123728,-21.8150535310871,4.74351783975779
"MTMR4",0.735426688429403,-8.94388291632007,1.52369181416445
"SEPT4",0.0603417141354503,3.70257223464058,-3.05018602860082
"RAD51C",1.29108351173373,-13.2553771207601,2.96459739318113
"TRIM37",0.234273783338667,-12.5064593328997,2.37226680230007
"SKA2",0.634976539434684,-11.9130377145398,2.42487534490248
"PRR11",0.0271230668026613,-23.031218850344,5.20348207879838
"SMG8",0.190310058473834,-20.1103062502365,4.25674943573709
"GDPD1",0.0107339411825253,-19.4875336671401,4.29087831005557
"YPEL2",0.0210975424842903,3.99956311503783,-2.18034572989891
"DHX40",0.147425036041263,-10.3432079904154,1.69477284668263
"CLTC",0.88201263202973,-13.7476779432603,3.05472018518224
"PTRH2",0.197196497500821,-12.9646654430001,2.68331912547633
"VMP1",0.94961540304991,-13.4974390366488,3.44753515209745
"TUBD1",0.873580178400782,-3.96577008731447,0.0762739501644879
"RPS6KB1",0.963867426133511,-10.5168418907293,2.03729776442946
"RNFT1",2.31411985542516,-10.0548724052206,2.11140437521204
"HEATR6",0.108208860906606,-15.7999462523344,3.22803224980233
"USP32",0.409259400441856,-15.783145156973,3.55467690617324
"APPBP2",0.895836554089697,-7.38988867526627,1.10147276681425
"PPM1D",0.676535287957777,-15.7773588334128,3.4008537328072
"BCAS3",0.163088539259522,-11.1721242258388,2.04249834639613
"NACA2",0.806653021404367,-11.3505386913681,2.24155020049152
"INTS2",0.00662027703359387,-0.390418670242861,-1.30867493960196
"MED13",0.514791233447549,-13.0051512134871,2.64926372007627
"METTL2A",0.267225683888268,-17.6339087205094,3.97125715205893
"TLK2",0.356944717157655,-10.1505115516897,1.75747084679509
"TANC2",0.252989110038866,-10.0083863669866,1.41320160622907
"CYB561",0.085269487046381,-15.070270684762,3.38546398183096
"DCAF7",2.22161035336128,-13.3587752970267,3.21168803363539
"TACO1",1.55803681579879,-10.9761901415483,2.30462707748414
"MAP3K3",0.429248775331431,-14.0296179625417,3.21275292595665
"LIMD2",1.88998786536491,-6.01566560885024,1.88594957699348
"STRADA",0.494148395437069,-11.50164170721,2.08730693496521
"CCDC47",1.06672266869778,-11.7490361855594,2.56575638452382
"DDX42",1.52880586325976,-12.4108407791926,2.74689281426773
"FTSJ3",0.610346230631865,-7.06914847343354,1.13098637111004
"PSMC5",1.03867190923321,-10.2930963249961,2.77006387780282
"SMARCD2",0.703339684702483,-12.2100672114488,2.47842479932538
"CD79B",0.191519716094767,-3.09687692050114,0.785784850276084
"C17orf72",0.222396274500778,-15.8638267413549,3.21753157178929
"ICAM2",0.620437600040793,-9.04287286451375,2.36202370717737
"ERN1",0.750992535811755,-12.2377215801894,2.74380205212343
"SNORA76",2.48255698354655,-10.7535232281857,2.46411743780924
"TEX2",0.0960033264043013,-11.7110065911241,1.71116433020203
"MILR1",0.276170665887146,-16.9928346725843,3.85101193420417
"POLG2",0.963549004079145,-8.83149294945026,1.54098431877184
"DDX5",3.32315988526237,-4.98301424495097,1.72179068462457
"CEP95",1.25343975878527,-10.0375803928496,1.89218373169104
"SMURF2",0.397487314162053,-14.6811845521449,2.95370380264704
"GNA13",0.846555633546329,-12.1347960759211,2.63260687638142
"RP11-160O5.1",0.0897003977231874,-6.74248094932552,0.135140739623463
"RGS9",0.140902520996762,0.481116640569436,-1.91034251574199
"AXIN2",0.143655833597008,-5.79243674461983,-0.00873665238881077
"CEP112",0.111347426756766,-14.1663050768314,2.38702139411508
"PRKCA",0.692830864933931,-8.04228056633595,1.4814994742869
"HELZ",0.647548676449116,-7.10445183210836,1.25570549900265
"RP11-401F2.3",0.0469275291952897,-8.01807077208256,0.862786365118303
"PSMD12",1.02826902307365,-11.4535451046528,2.61316982597477
"PITPNC1",1.83184276046046,-9.04411652520318,1.95023153914935
"NOL11",0.122461995962851,-9.46733782396985,2.0031542276395
"BPTF",0.44700788019496,-9.79842975147107,2.13164915573473
"C17orf58",0.0840048073057239,-16.0955320602312,3.26904363384489
"KPNA2",0.715905912738772,-18.8565665950412,4.64638135547882
"RP11-147L13.2",0.303512016193531,-12.0819662319985,2.30135046412818
"AMZ2",0.908721933220893,-9.62029454249723,2.14544848687205
"ARSG",0.0710773982737776,-7.72742070037148,1.23094951682315
"SLC16A6",0.188518154683238,-11.9334715602747,1.88170149012234
"WIPI1",0.241506074384352,-17.8651703469212,4.19076785416313
"PRKAR1A",3.71419151523996,-9.27769380200107,2.26823358065745
"ABCA5",0.103614265795866,-12.2601344631044,2.3097389673985
"MAP2K6",0.404376935207486,-11.5052557462443,2.25655011706157
"SLC39A11",0.748172189740694,-12.536441147392,2.48635762592253
"COG1",1.27602373703313,-13.8147045044587,3.00115143740112
"FAM104A",0.666760749682914,-11.3660983461367,2.6756831239383
"C17orf80",0.257327206050566,-10.6351467944646,1.59830609770399
"CDC42EP4",0.232083440448361,-22.9501620791681,5.31333508798054
"SDK2",0.0897144854211689,-4.72306585314478,-0.471604470370869
"RPL38",9.23496553761296,-5.57628846938796,1.98229076715393
"TTYH2",0.245515256238341,-16.3409162182465,3.57114415406671
"KIF19",0.18092838125266,-3.58435110761451,-0.606013162794098
"GPRC5C",0.00613307523546377,-13.9652760609174,2.44683739255186
"CD300A",0.686459334740776,-12.0579683158196,3.01409016790691
"CD300LB",0.276659758037255,-18.008398279248,3.97823946433924
"CD300C",0.384519539616687,-18.8846993785991,4.69139545302073
"CTD-2006K23.1",0.150873140469062,-22.7882222451275,5.71814074978881
"CD300E",0.310342660961719,-15.0538872918432,3.6713600713978
"RAB37",0.382087009493952,-8.22484948701578,1.65349246317609
"CD300LF",0.547640266458275,-18.6300429740569,4.67651645544219
"SLC9A3R1",0.860739111162506,-8.23126012250247,1.96494601065706
"NAT9",0.0995144689442621,-7.70468780861221,1.58996951273045
"TMEM104",0.0376940917784457,-12.415812541976,2.3990987121702
"FDXR",0.118865065933096,-10.8277591221007,1.80140697535936
"HID1",0.0913677796981919,-10.212959112704,1.16900714562716
"ICT1",1.33983878092354,-8.7856065417353,1.8398609695829
"KCTD2",0.31408876302082,-9.33429455209263,1.28814465779321
"ATP5H",0.935062966752393,-8.93860796076197,2.46745181083817
"SLC16A5",0.0192887448730161,-10.0560462933144,1.4476795456223
"ARMC7",0.0394469260478394,-10.7256399876259,2.22034511200792
"NT5C",0.333560991085495,-8.6196576506034,2.02463048454814
"HN1",1.15160374700411,-17.287225426688,4.76352654684383
"SUMO2",2.88373359173116,-7.54619147802122,2.25619866628886
"NUP85",0.920310028883878,-15.6302382182684,3.51483059175193
"GGA3",0.0177873246615831,-12.1802918916912,2.59811437276131
"MRPS7",1.05347631908152,-11.1356904964107,2.80505870401286
"MIF4GD",1.56147406695178,-8.87339300878089,2.01179485185421
"SLC25A19",0.475554680832585,-13.2688088196133,2.76666743561825
"GRB2",0.934647159536068,-9.31463456417473,2.32016915913096
"KIAA0195",0.415254534224058,-10.9486415248962,2.01408167301464
"TSEN54",1.99441677949388,-7.02038609993296,1.29290269183183
"LLGL2",0.359396438257763,-15.0129621121207,3.12188354306992
"MYO15B",0.250487816655916,-9.86482829052975,1.77458118131034
"RECQL5",0.365360222904423,-12.0801695754548,2.1427985260386
"SMIM5",1.30096050380052e-05,-27.2252990567833,6.29163740224648
"SAP30BP",2.33006387518591,-10.7366518784319,2.533884996933
"GALK1",0.137243436137177,-9.80070079207976,2.11079371044744
"H3F3B",3.48680912423246,-4.91051785020469,1.94753607733728
"UNK",0.853427797819135,-5.23581040046476,0.451567445681694
"UNC13D",1.80965745005108,-9.56176720225206,2.00683083212489
"WBP2",0.780054399446018,-10.2458792954909,2.52983795007149
"TRIM47",0.44140144334519,-13.1533188983191,2.65264710077976
"TRIM65",0.408540436612774,-9.22456661581838,1.59114008957478
"MRPL38",1.35071140748464,-10.589223552612,2.16905773538809
"FBF1",0.130243828850892,-18.4526454692292,3.94966824040574
"ACOX1",0.548452917430732,-12.6054750821587,2.41084206424543
"TEN1",0.349159968778624,-12.3451265850602,2.90808511631314
"CDK3",0.19731358628023,-8.45008497460198,0.879824166665074
"SRP68",2.34940308982607,-10.2429821570329,2.2190452861719
"GALR2",0.165493045506133,-12.6389763838718,2.05811129192455
"EXOC7",1.94906229305242,-10.1770945817676,2.3133716647851
"RNF157-AS1",0.0997678294414615,-15.2766101188626,2.65823817333083
"RNF157",0.187992223907142,-9.97317723917915,1.78425354225271
"UBALD2",0.504360863223235,-7.89061818567224,1.73392772471361
"PRPSAP1",2.73508224605462,-10.0269687992626,2.20310245457434
"SPHK1",0.080891459475103,-14.8115196437304,2.91177259871551
"UBE2O",0.457067922625719,-11.7816302870689,2.12894060791364
"RHBDF2",1.09408798880038,-7.73957892385392,1.389682585954
"PRCD",0.0213523858468665,0.527349324803523,-1.82694578802977
"ST6GALNAC2",0.208598924693763,-13.2457321311037,2.58842656833401
"ST6GALNAC1",0.0130892986057356,-7.60700957718033,0.569121369327195
"RP11-318A15.2",0.0898248494759086,-4.97501514198287,-0.395689230157857
"JMJD6",0.711957808837643,-11.8144256918092,2.69201714992744
"METTL23",0.536840833207605,-10.6284597852911,2.63499150458905
"SRSF2",1.53694506100822,-8.4759066571951,2.3496106538846
"MFSD11",1.09991244565969,-9.17297078708171,1.83526077642335
"SEC14L1",1.15735360491962,-17.4320300645261,4.27651142128055
"SEPT9",2.34184314046428,-9.1701623124622,2.48287920301793
"RP11-936I5.1",0.400945093318497,-7.18662254319157,0.993202310829779
"FLJ45079",0.107677184975292,-6.49145090146154,0.114560785989231
"TNRC6C",0.375691938558181,-8.05221412875419,1.5279438964728
"TMC6",1.11230714444453,-9.6632320903644,2.31456689226043
"TMC8",0.684704655929873,-7.47516774311436,1.67570527788213
"SYNGR2",1.01568826128824,-12.2601358037871,3.08492472347342
"TK1",8.8144034482153e-05,-37.0413402530112,9.30831454195848
"AFMID",0.193851224359933,-19.4919966640013,4.21425341570748
"BIRC5",0.0283235135947252,-40.0495434884894,9.9428309710248
"AC061992.2",0.0375369627072823,-16.7859904759778,3.37480368508765
"SOCS3",0.480159628363502,-7.60114211690045,1.83340519239256
"PGS1",0.833336815012597,-9.40047649008428,1.8446092204905
"CYTH1",4.7923827133001,-8.06026309803737,1.88233420566946
"USP36",0.122431943751596,-8.88032782589502,1.73568903788444
"TIMP2",0.491944230526113,-14.8771931487245,3.2500069962326
"LGALS3BP",0.143978459745586,-10.973891892116,2.51977920331706
"CANT1",0.372999464715358,-12.5350815324094,2.5928910437803
"ENGASE",0.786914942611318,-11.6212764045687,2.23173772998013
"CBX8",0.23768116971732,-24.2381650399538,5.45648598645134
"CBX4",0.4923231672774,-7.91874340781034,1.15314980272668
"GAA",0.410364556148071,-16.7404655642909,3.90367111111184
"EIF4A3",0.642455633925094,-13.5040319591412,3.4209589220186
"RP11-334C17.5",0.318112837058756,-8.60071316167326,1.07077675420877
"SGSH",0.530032262421477,-6.95732179088224,0.880169477563787
"SLC26A11",0.704269769401208,-10.6634540279439,1.90845896231849
"RNF213",0.61522032803986,-7.64376918207475,1.91933343953592
"CTD-2047H16.4",0.0961649587580321,-20.4682632436612,4.16066995854949
"ENDOV",0.302189151248654,-12.0557404992355,2.60952572590934
"RPTOR",0.662681968435804,-13.082806763177,2.64596784497285
"CHMP6",1.21050159348788,-6.4473916518016,1.08379913819253
"BAIAP2-AS1",0.282918015415077,-11.1719294024843,1.7958902090135
"BAIAP2",0.146810868243405,-14.8429048540102,3.00073882064894
"AATK",0.0158494016079078,-33.0963028861404,7.84086491215094
"AZI1",0.0982334230535327,-16.8421744282041,3.21167748936668
"ENTHD2",0.788767295085003,-12.0716256348408,2.47572594034688
"C17orf89",1.82594072186708,-7.46453814443406,1.67394265643163
"SLC38A10",1.16169169822313,-11.1900562099031,2.4399094481266
"RP11-1055B8.7",0.0742924421640005,-2.91588801495536,-1.01799891418823
"ACTG1",2.41921234132063,-10.6885877706969,3.54734673816959
"C17orf70",0.869465131622795,-9.52831336617113,1.65315261166462
"NPLOC4",0.492798742866186,-13.586744777714,2.9264094515294
"PDE6G",0.473038562950775,-14.2009745949565,2.8670021206069
"OXLD1",0.194867339157641,-6.86064189112663,1.41683485976666
"CCDC137",1.3597452870697,-7.14707391534533,1.11698149206908
"ARL16",0.456200636016263,-8.92891706699709,1.8170882298047
"HGS",1.19807039209331,-10.2517752835812,2.0612519081368
"RP13-1032I1.7",0.564280121912994,-8.19105642457566,1.38373109289459
"MRPL12",0.357262924751987,-15.3845480666101,3.86162697456629
"SLC25A10",0.27040800932021,-7.9384455004462,0.819922639806949
"FAM195B",0.544020633983163,-12.3664793611173,2.39267956426762
"P4HB",1.83642886813789,-10.6169802683224,2.78305500473552
"RP11-498C9.3",0.24784645258417,-7.77584795034897,0.751025541830706
"ARHGDIA",0.822982985372235,-9.56653585114485,2.57031935176831
"RP11-498C9.15",0.125817073886864,-9.61361974231312,1.09107793029273
"ALYREF",0.462871801700255,-17.2312126180742,3.84200343545071
"ANAPC11",1.23354371305027,-13.7629800402871,3.72508632231582
"PCYT2",1.26907930149678,-9.24938852768134,1.72151530637262
"SIRT7",2.67615413675058,-8.0780201456638,1.68464794113805
"MAFG",0.379003641755307,-14.6156744888265,3.18902886494596
"ASPSCR1",1.18286430813571,-11.74786780013,2.65408913070523
"STRA13",0.340600313508521,-11.9650431363311,2.95289736254748
"LRRC45",0.267890999551136,-16.5299387128986,3.62573383928259
"RAC3",0.149460003625762,-23.7243315851027,5.08875737694173
"DCXR",2.60208948724254,-10.2921952986105,2.57903075909663
"RFNG",0.0173003394404096,-5.62972038764104,0.627224244508071
"GPS1",0.153364939268811,-13.5445708758416,3.23473528880332
"DUS1L",0.71045215002354,-8.39023479244842,1.46800537974532
"FASN",0.356202875779296,-16.0809469663587,3.33585087406524
"CCDC57",2.14464200907323,-9.20244897663328,2.0239505633415
"SLC16A3",0.218202110683247,-16.6667481463964,4.21653627245277
"CSNK1D",2.2483178898857,-12.265381378064,2.90398801269899
"AC132872.2",0.0666557184801284,-5.10626055250479,0.0448849137604989
"RP13-516M14.4",0.134581043937083,-12.9631912300844,2.440619964399
"RP13-516M14.1",0.140867817154823,-13.5597391966113,2.32814477108611
"CD7",0.567684130340907,-4.31120339069304,1.18179086062953
"SECTM1",0.265390110405398,-18.8712982886,4.47869220725306
"OGFOD3",0.843027940539445,-11.4958757352391,2.52932569195162
"HEXDC",0.823900611352634,-12.3431071947361,2.55947009057998
"C17orf62",0.413444536743943,-11.066120702483,2.80533853878368
"NARF",2.28421347959776,-8.66851872579012,1.84742009924476
"FOXK2",0.705139384328909,-10.0150351132067,1.73229078630024
"RP13-638C3.4",0.107296156785186,-9.26836725476189,0.942856173644398
"WDR45B",1.91277276591389,-8.19632689976656,1.64192666698576
"RAB40B",0.51838527781557,-8.4001807868421,1.15273059090313
"FN3KRP",0.177148127681838,-9.63471650121964,2.06681093197849
"FN3K",0.342428527569681,-3.41485887088105,-0.463528126656363
"TBCD",0.796664213457323,-13.0679638483433,2.88766335234597
"B3GNTL1",0.382843123342294,-14.8070524440523,3.11199290704421
"METRNL",0.615873531038416,-11.8961288882523,2.37103891010971
"USP14",1.45534053917852,-8.99012286455266,1.8544413700355
"THOC1",1.15964248381761,-10.904735118854,2.17913190271703
"RP11-705O1.8",0.202565280863541,-15.5809619302322,2.94889966629776
"TYMS",0.0364330397342087,-38.9699568947048,9.86728051506374
"ENOSF1",0.798870059805708,-10.6988089227987,2.11487524637341
"YES1",0.00126200928128907,-10.7249100492345,1.79567458438752
"RP11-672L10.6",0.149846468474075,-12.2664229822069,1.94863831813252
"METTL4",0.912702596211422,-6.63919063560023,0.883009644923552
"NDC80",0.16497786062536,-25.0016682420957,5.85223461138188
"SMCHD1",0.446085783895699,-5.81219549383787,1.15135575264591
"EMILIN2",0.222260853683669,-13.5506999061359,2.99421250055818
"LPIN2",0.462158372013883,-4.94365417935017,0.584646417782796
"RP13-270P17.3",0.0529189130877463,-10.0192314859402,1.74062747600979
"MYL12A",2.84014828563686,-5.69001768169122,2.02462214785596
"MYL12B",2.9376377201557,-7.57201876690643,2.36104194778648
"TGIF1",1.70504034396967,-8.13100470773466,1.64990449628432
"DLGAP1-AS1",0.322634256701127,-11.3013972072055,2.27163906190523
"LINC00667",2.49348671491138,-7.38692529587677,1.44019902817546
"LINC00526",0.632274175100241,-5.28893433518938,0.282487178501074
"ZBTB14",0.912681924078342,-12.3084826591655,2.51219406309635
"EPB41L3",0.269717998830673,-21.1904386568098,5.08417092516309
"NDUFV2",2.66131475696462,-11.3611513182263,3.0538850990161
"RP11-143J12.2",0.460204447163952,-10.1736492829742,2.0412580252594
"ANKRD12",2.74965819650892,-7.09704497418198,1.81334520273159
"TWSG1",0.35283492688654,-14.6577462738288,2.89614482908461
"RALBP1",0.192950874209939,-10.2120488800117,2.26598058769708
"PPP4R1",0.822574962898328,-10.4018918316329,1.88007642543344
"RAB31",0.327440546784357,-14.4541549286381,3.43534518938131
"VAPA",0.987002060870273,-8.22195151620668,2.1591432073895
"NAPG",0.301178676398673,-17.0559660705482,3.93024179595958
"GNAL",0.16098543070496,-2.07360916699346,-1.09521428249005
"CHMP1B",1.05566018786163,-11.0506580972198,2.96271648169605
"RP11-78A19.3",0.212777528379744,-15.1899296971644,2.86282429947646
"MPPE1",1.76671739237346,-10.0074844014447,2.21162627482615
"RP11-820I16.4",0.346893450622372,-15.3999075962685,3.09776208020325
"IMPA2",0.631939868528032,-16.8417384816582,3.96175028991979
"TUBB6",0.353117116363935,-19.0933994858622,4.54588288559502
"AFG3L2",1.06076419752394,-10.0752314408962,1.97477837747063
"PSMG2",0.560620479220548,-10.8791733223107,2.79756663150878
"CEP76",0.158779132093341,-15.8251735909293,3.01992100842385
"RP11-973H7.4",0.2694956890897,-8.1089737695015,0.870623207135868
"RP11-973H7.1",0.145915919629255,-10.2096743371294,1.3072189559218
"PTPN2",4.80546973590348,-8.34888987251364,1.95917655457138
"SEH1L",0.994101333221043,-12.7877141114362,2.66664308674268
"CEP192",0.500148653498481,-11.7840517210535,2.16056582897527
"LDLRAD4",0.500229519723308,-13.4676958666491,2.93905850249725
"FAM210A",0.931248542606827,-8.64218132162092,1.40838942297579
"RNMT",1.14289738720865,-11.1711802290503,2.39203687090272
"ZNF519",0.222525250330937,-12.8483811387198,2.22745511091845
"ROCK1",3.82470548167428,-9.06897688691444,2.14516645662316
"ESCO1",0.44746946355017,-14.0032099789367,2.96952635764586
"SNRPD1",2.71786809401496,-10.9813891151384,2.84670310378688
"ABHD3",1.23746669182273,-12.8602644965296,3.03320870224589
"MIB1",0.323570756320461,-3.71380797996314,-0.389747988840533
"RP11-535A5.1",0.0397042263431741,-5.90647380304005,0.213756993089296
"RBBP8",0.0618638168278412,-25.7468969113594,6.03240928360843
"TMEM241",0.147744205543571,0.0442170391313635,-1.77653708465614
"RIOK3",1.07655975466936,-11.7134709980237,2.65762732728449
"C18orf8",0.784513229548183,-10.2255090792545,2.15315321526808
"NPC1",0.192321848513998,-10.7801630010327,1.95022445729293
"TTC39C",1.02483483818549,-8.03242648133437,1.83151278617842
"RP11-403A21.2",0.113846123586939,-10.2780838254253,1.94079363160812
"OSBPL1A",0.0107220076309404,-28.3722686446407,6.88499498542988
"IMPACT",0.413734931403533,-11.1662968592011,2.16244322102116
"SS18",0.833072353399894,-14.3377873824275,3.02477309787781
"TAF4B",0.43165845993466,-7.95321310228914,0.963984019669451
"KCTD1",0.127923993266848,-19.5434791605005,3.94743124405774
"B4GALT6",0.0884185417665524,-21.0619560771084,4.38292585778469
"TRAPPC8",0.923077732775092,-9.98201076955232,1.79257337231806
"RP11-326K13.4",0.5061921366427,-7.28677664856323,0.811739714122728
"RNF125",0.173198220619937,-9.07281816789706,1.94946099949704
"RP11-53I6.3",0.057862705488249,-14.0147843453947,2.7477307518972
"RNF138",2.5769087736849,-12.0692069966942,2.83809888262935
"KLHL14",0.0971322833102042,-12.2178364597793,1.81505167335241
"MAPRE2",2.06902709694904,-6.35880197780427,1.14556373206233
"ZNF397",0.106490532773948,-7.10156618870329,0.957341592377677
"ZSCAN30",0.19063162742148,-10.5035728258584,1.48826574435179
"ZNF24",1.36813692682695,-9.24090728992201,2.10982856784602
"INO80C",0.220350866129113,-14.6800631517584,3.48073661170863
"GALNT1",0.284705325637861,-14.4525973965087,3.24275889682752
"C18orf21",0.215101365458342,-22.5554397157422,5.78402048322284
"RPRD1A",1.7065339778478,-9.78225508538465,1.96216046403923
"SLC39A6",0.491438118726947,-11.9534871249984,2.50106160034958
"ELP2",1.72988525211165,-8.90355174418615,1.78695826840152
"TPGS2",1.22593878761407,-12.3978257546409,2.80862892404349
"KIAA1328",0.579711860360207,-10.2704294118159,1.86592927779753
"PIK3C3",1.32899783736327,-10.5814942124209,2.08427429316505
"SETBP1",0.310059669054262,-16.0726602239287,3.27808668051662
"SLC14A1",0.121801486503112,-16.874777421632,3.2211346714581
"EPG5",0.447935027903981,-9.55277007226996,1.61682095890663
"PSTPIP2",0.651718332780132,-12.5642269682949,2.68301206508612
"ATP5A1",1.40549048459262,-9.81271837594505,2.77349975718745
"HAUS1",0.288545861435941,-13.3492906024298,3.20509414956498
"C18orf25",0.574735339918306,-13.7358923154585,2.87443903713675
"RNF165",0.00526629839046118,-6.58359768739681,0.142160096961561
"PIAS2",0.70190786227128,-8.34862439993068,1.24004426430877
"HDHD2",0.887606233908605,-12.8208748218347,2.88759669939371
"IER3IP1",4.2056875031022,-9.77923864468544,2.33508233846426
"SMAD2",2.41605961477962,-10.4442214644528,2.29468088876903
"SMAD7",0.307012356273979,-11.6634129564721,1.97513593203962
"DYM",0.367036105020933,-11.4117213210961,2.36682234302095
"C18orf32",2.15452273563792,-9.75448848337213,2.29890044474628
"RPL17",7.6773121723908,-5.22241990954129,2.06668212927373
"ACAA2",1.3083128872089,-11.8341662125397,2.80884414993292
"MBD1",0.913042826171684,-4.23433283102079,0.304069567405832
"CXXC1",0.164180363624628,-10.9299633624729,2.47754502348144
"ME2",1.19277944632633,-11.1261830441301,2.48607278471247
"ELAC1",0.752738934706892,-10.0742108896741,1.97447840518896
"SMAD4",0.609223379997191,-9.24474312645024,1.46663922280071
"MEX3C",0.229458328978919,-9.98796650517085,1.65125447451197
"MBD2",0.555091299718301,-19.2493307625651,4.64171981217337
"POLI",0.113193977411653,-17.2377754675133,3.72705580232002
"RAB27B",0.0475040814684449,-16.2807004777148,3.44010107392464
"TCF4",0.37454119934994,-14.156690203906,3.16697628767566
"TXNL1",1.56559454435432,-11.5146154288638,2.94668008541969
"WDR7",0.124083181136075,-15.6523112532514,3.17104423034966
"FECH",0.734705347112104,-10.6894235676898,2.03777476622629
"NARS",0.266407522320305,-7.47536960524185,1.57802321529141
"RP11-35G9.3",1.1354916876427,-7.51982229882113,1.27308268826717
"ATP8B1",0.11452444515632,-17.6539023097852,3.40222615745523
"NEDD4L",0.138388137017444,-22.0902314513802,4.72032096373133
"MALT1",0.0881586621227545,-10.7051127137522,2.35615096990305
"RP11-108P20.1",0.21565387480159,-5.89093642160165,0.142305614446463
"ZNF532",0.138981993683236,-18.0961540780362,3.5746883754513
"SEC11C",0.726533845129246,-11.6399546689333,2.97082625473699
"LMAN1",0.954777354883999,-15.2147545841086,3.62179838289807
"PMAIP1",0.352094276742811,-9.21836133066498,2.22307141432207
"RP11-879F14.2",0.000251894251933632,3.97537444930053,-2.9522448203454
"PIGN",0.361717379599487,-10.7091542185958,1.73967744118454
"KIAA1468",0.308347322784722,-8.49385934769047,1.2526528815882
"ZCCHC2",0.707092425591704,-13.0843557770641,2.67237858896362
"BCL2",0.474181059871526,-6.69549249465046,1.27254195678492
"KDSR",1.89259028798285,-7.300229632391,1.29323717724163
"RP11-635N19.1",0.429660657091638,-8.71895658887056,1.1911157488173
"VPS4B",2.61186560979423,-9.09468861624579,1.98632583544333
"SERPINB8",0.297566805482431,-17.9183822972057,4.05945660806111
"DSEL",0.238285953928985,-10.5406157023861,1.54853509416786
"TMX3",0.0783615522074741,-11.5021646718383,2.43361102235897
"CCDC102B",0.22347400492303,-12.1274049221295,2.05789225382277
"DOK6",0.0898451705228394,-9.14286497537189,0.851383748435532
"CD226",0.341820767603027,-10.1922857571432,1.85447521857988
"RTTN",0.202964869760455,-19.6827394460677,4.1864635706871
"SOCS6",0.239955434599543,-11.4776735269619,1.82477467855106
"GTSCR1",0.19945590858877,-7.89381554472804,0.714356058220234
"TIMM21",0.71835319591092,-12.1547659186085,2.40073225339807
"CYB5A",0.961859756176375,-7.88535798737426,1.68321930137037
"CNDP2",0.408641689506368,-16.2116279193564,4.15669146910457
"LINC00909",0.623924320845156,-8.20975172919595,1.40041769415945
"ZNF407",0.0411311104419781,-8.21858885877697,0.903199618836824
"ZADH2",0.582577313704103,-9.35635385417892,1.72005581371752
"TSHZ1",0.561103515321475,-10.3838711065319,1.75858587067444
"ZNF516",0.231158308067267,-12.6173058947909,2.41430380244941
"ZNF236",0.446832116913396,-9.87279390390302,1.71118401690835
"RP11-862L9.3",0.00772639181587177,-10.0213914108595,1.21193911421574
"MBP",1.38346652667817,-8.29198813963554,1.81098126961673
"ATP9B",0.289290958937479,-6.86029214866447,0.857333141205362
"NFATC1",0.137336574311837,-10.8298524497321,2.27731365540985
"CTDP1",1.05606040646579,-10.4628394279846,2.04170099194502
"PQLC1",0.781334484600156,-11.2170785001076,2.26299111159358
"HSBP1L1",0.344027876519365,-9.4292309098719,1.79133246150737
"TXNL4A",3.81808953491621,-9.1594830555619,2.17846233438426
"RBFA",0.337755510871555,-15.1943121778741,3.51868735843141
"ADNP2",0.322940574355491,-17.9618678015924,3.86619653807795
"C20orf96",0.287968436464681,-15.66043903539,3.14282104308603
"ZCCHC3",0.515408701437102,-11.2898600889199,2.02510965453685
"RP5-1103G7.4",0.0260761878724003,-19.2237202960787,4.00236095547256
"TRIB3",0.637377499835651,-12.2807123148031,2.35130633500291
"RBCK1",0.599918453857189,-9.18830827423275,2.34475938403535
"TBC1D20",1.60658327819672,-8.17136135490758,1.42348161328669
"CSNK2A1",1.63437829694737,-13.5733972594577,3.14856863052766
"SRXN1",0.112173608776535,-19.2966079506987,3.87640311927866
"FAM110A",0.336102632772845,-18.5821993213227,4.77979959194103
"PSMF1",1.15473970229371,-11.8084966045132,2.99238597497456
"SNPH",0.00541815538658124,-9.82507477318998,1.10807152929594
"SDCBP2",0.0890449137579774,-5.15276443667809,-0.342168831702511
"SDCBP2-AS1",0.45021472465477,-11.6918014100228,2.07998104324793
"RP11-314N13.3",0.00434633668772525,-0.3334218258135,-1.66105783617722
"FKBP1A",1.63674037274373,-11.9848894712685,3.49587388221337
"NSFL1C",1.03060754581105,-8.8280464110262,1.98673160926393
"SIRPB2",0.0398110803618612,-6.53248740194879,0.40090854221181
"SIRPD",0.117816814015236,-11.7947748826742,1.73584956254704
"SIRPB1",0.74248090175527,-13.3085438796261,2.97186795629371
"SIRPG",0.2502317806552,-9.62893486407955,2.06667928940738
"SIRPA",0.318917955333929,-12.8391483167256,2.66717923468763
"STK35",0.30519361078707,-5.90204883019988,0.249880862728571
"RP11-128M1.1",0.105583118737805,-14.6405020080163,2.52570934255311
"SNRPB",1.18023951153405,-11.5837350567277,3.21632580398364
"ZNF343",0.197554718448936,-5.90231858397692,0.119654178174849
"NOP56",0.845677554180865,-9.55772598533873,2.31076091379601
"IDH3B",3.19889349416264,-9.28169655620585,2.2737884526544
"PCED1A",0.708252960689012,-10.1538105798583,1.78720083085954
"VPS16",1.70275101790663,-8.13535718502983,1.46070753266904
"PTPRA",2.47828511459696,-6.96070048372996,1.27683169795967
"MRPS26",2.78697093016052,-9.09750603260784,2.1323164179009
"OXT",0.0899511910708883,-14.9769181529723,2.5707336957788
"UBOX5",0.473336841245351,-11.2793519152889,1.99211530141028
"FASTKD5",0.758759167113014,-9.04169842918404,1.45914523052263
"DDRGK1",2.49913899367394,-9.91643471975251,2.33739545339738
"ITPA",0.394052255449818,-15.5876452896246,4.05768378499282
"C20orf194",0.280077089224044,-13.5837614905023,2.71490359333606
"ATRN",0.310743924757299,-16.3626669572615,3.41742127559496
"SIGLEC1",0.282085208875113,-13.3575262904563,2.83743825596265
"C20orf27",0.387202894380917,-14.3961447114209,3.72764174762002
"CENPB",0.576999410028218,-12.4887449035644,2.45126095568565
"CDC25B",0.404799701532005,-7.91624538005727,1.68309562700012
"AP5S1",0.28600303308982,-14.5506994410677,2.97831968036172
"MAVS",0.219742496641848,-6.74632099776895,0.690639353695117
"RP11-119B16.2",0.431670202034206,-6.53783682607028,0.542777950934722
"PANK2",0.717743287612707,-11.3694324601875,2.66081728511283
"RNF24",0.864887922905875,-10.7033275377147,2.03683759017612
"SMOX",0.000114069648826307,-31.3920169502727,7.56832709096014
"PRNP",0.330168310504589,-9.38526936768098,2.17672691395476
"RASSF2",0.855127519449417,-12.4534636386423,2.75931949341516
"SLC23A2",0.17243097304538,-14.1568807824051,2.82347202830629
"TMEM230",4.5736046488185,-9.04542419741638,2.3970702841271
"PCNA",0.098508048696151,-14.5902231718302,3.59364025572762
"CDS2",1.19015195165397,-11.373893799704,2.58540498335333
"GPCPD1",1.6219250492846,-10.2531075755407,2.17364699480862
"C20orf196",0.155517576035069,-10.6682146642631,2.10973219592522
"CHGB",0.0935220314621669,-13.6411565778948,2.2331967958877
"TRMT6",0.399649373247536,-12.3084978261304,2.63877276706476
"MCM8",0.165535610225069,-0.71239136010426,-1.50940016853102
"CRLS1",0.18386687655969,-11.5617954774461,2.6649080613585
"TMX4",0.781438978730446,-6.11058044687084,1.06922650170715
"PLCB1",0.0688223397678618,-8.41074196421793,1.03045448621453
"ANKEF1",0.00886190981866856,-6.47824855435164,0.364096114608837
"MKKS",0.337283437672911,-11.5276762528991,2.82864529380407
"SLX4IP",0.233683283613232,-7.12448313945792,0.534886927247417
"BTBD3",0.122976111137682,-26.1849499654981,5.78175884296624
"TASP1",0.0428561098267458,-8.32643840013921,1.5143773398868
"ESF1",0.329222023452594,-7.64692004541734,1.26507387124709
"NDUFAF5",0.251575685627464,-17.38503281718,3.79883787043397
"MACROD2",0.0607946302883446,1.21956561956381,-1.80002245197396
"KIF16B",0.0679299355908305,-17.7930298374123,3.916302092316
"SNRPB2",3.26714833292135,-9.30752969509006,2.18725540895263
"BFSP1",0.10895493054689,-3.60510294851058,-0.75407751052636
"DSTN",3.27756734289765,-9.502897206459,2.38145531095026
"RRBP1",0.450384475456857,-16.0505975210041,3.73700200337097
"SNX5",0.418709484889879,-11.8609667053995,2.91160114597237
"MGME1",1.28478110867276,-12.0935379248042,2.57919607190051
"PET117",2.00182338742197,-9.45795913732002,1.95204624791389
"CSRP2BP",0.513438401455144,-13.2564560780973,2.61040532949464
"ZNF133",0.0757182710188181,-14.2187386525183,2.72331534680538
"DZANK1",0.089846740072692,-7.66333443195348,0.410535567846531
"POLR3F",0.736657657022292,-9.26478198204908,1.6133591149452
"RBBP9",0.107784077716027,-7.02693724077855,0.274835873372937
"SEC23B",0.767784318400412,-11.1029243279349,2.35220297379292
"LINC00493",1.02899439274659,-10.4020019337636,2.64612406727067
"DTD1",3.10967535454253,-9.60040201254652,2.15121051821534
"RP5-1068E13.7",0.341018955475204,-7.47436684037526,0.965962195112573
"RIN2",0.107441066575988,-5.44792037808739,-0.198552497580101
"NAA20",0.392318043922512,-9.58853680169866,2.32726351188737
"CRNKL1",0.686718341761611,-11.3868075538836,2.32793731718523
"RALGAPA2",0.365165894864919,-11.7581375344186,2.36095361039433
"XRN2",1.79861335971253,-11.9633144356657,2.99468369247176
"THBD",0.171031428526553,-14.8682919309173,2.79447472427597
"CD93",0.0267814797839583,-6.95579459881239,0.963661801780338
"NXT1",1.18089807620684,-8.28204798757692,1.9007011193617
"RP3-322G13.5",0.175231067491369,-11.8803151323845,1.86606104887825
"GZF1",0.233635555050467,-11.1292002122596,1.97789963021643
"NAPB",0.404798698484454,-9.27046717308013,1.51976933968321
"CST3",0.183133234774999,-14.451246082281,4.66215928958222
"CST7",0.130808433602466,1.75848001022957,-0.689504955548453
"APMAP",0.235395844671267,-4.47858880435211,0.812867889830437
"ACSS1",2.11936308455473,-6.35321059326238,1.03104086373523
"ENTPD6",1.05941388526041,-11.1735115185115,2.2541046088088
"PYGB",0.86506887314584,-7.99385764439149,1.18775815459298
"ABHD12",0.0411524836070412,-10.0859898581518,2.12053752051679
"NANP",0.0298596702841068,-22.9137502205428,5.05549568596677
"ZNF337-AS1",0.144621365063695,-18.604153806485,3.97679679218306
"ZNF337",0.38502308462021,-7.95740259236529,0.939386413555172
"RP4-610C12.3",0.142235442010326,-9.81385447715567,1.1900152561891
"FRG1B",1.12654759846636,-6.46325000727272,1.27887498929137
"HM13",2.47363560563549,-12.2639449931541,3.08537330254141
"ID1",0.0948512685252642,-13.4450312915748,3.28357056746437
"BCL2L1",0.497990796218378,-7.66069590837102,1.25222944145478
"RP11-243J16.7",0.125948390292236,-8.90560239956748,0.880873998034694
"TPX2",0.0615115211787405,-36.1342202022746,8.49431899773202
"PDRG1",1.16332824994928,-9.05614610984896,1.75872188794097
"HCK",0.507475895581883,-18.330787045269,4.95741103281433
"TM9SF4",0.699801940305234,-12.6808761614582,2.77197363145995
"PLAGL2",0.0336757322592499,-14.2576962988514,3.21542141170517
"POFUT1",0.576094047040487,-12.0969269963009,2.30573301950084
"KIF3B",0.348147388494285,-12.1407763017751,2.33441142073756
"ASXL1",1.1544315723841,-9.65585813387195,2.03625981082263
"C20orf112",1.15424209487941,-11.9172606886236,2.43057741434267
"COMMD7",1.79646373732887,-9.80506627212294,2.42375267867203
"MAPRE1",2.58613509513208,-10.0681743211719,2.47490992345523
"RP5-1085F17.3",0.153922161988843,-12.4496346501026,2.0024895030496
"CDK5RAP1",0.376873880449468,-9.78807956530565,1.93086455489715
"SNTA1",0.0113055467853198,-0.619406769883816,-1.57371333518727
"CBFA2T2",0.741223836390793,-5.54960013586245,0.635498295343637
"NECAB3",0.00953432241403221,-9.30467749938327,1.63017051608743
"ACTL10",0.275043506795312,-14.4802281067319,2.76521687383692
"E2F1",0.135660694149318,-19.8206360129716,4.34210167516944
"PXMP4",0.0134397694793696,-5.61968622521058,0.638951445791556
"ZNF341",0.0261042089144824,-16.535177764181,3.32362379497583
"CHMP4B",3.36223217715206,-12.9894698126341,3.36715465287063
"RP5-1125A11.1",0.0307922731603804,-21.5716576080677,4.67421658422663
"RALY",0.497409289237112,-9.11777709403308,2.36634251620741
"EIF2S2",1.27802223406112,-10.0885624824183,2.67850400199458
"AHCY",0.705970122148546,-19.3652828945618,4.83709926408341
"ITCH",0.120601337109424,-12.9312622465823,2.69405586635635
"DYNLRB1",1.60352471856771,-9.40050703605411,2.48799741181776
"MAP1LC3A",0.70036102179297,-11.1714224406578,2.05775391933029
"PIGU",0.0371265663123555,-15.6030194036228,3.6226652382558
"NCOA6",0.44506899058164,-12.0102222848877,2.32548793163097
"TP53INP2",0.0574524791763463,-15.6028124937994,3.07313472370885
"GGT7",0.407802637311672,-9.73558829853777,1.65702123995416
"ACSS2",0.303278979492992,-12.424017110533,2.40951733753443
"GSS",1.04535304880702,-14.0427396087588,3.15915733086185
"TRPC4AP",0.385525336664839,-12.2625562811069,2.81440949267784
"EDEM2",1.68050558970044,-12.0079299867985,2.73682152969835
"PROCR",0.0754949729442357,-7.55306130089983,0.790862587076222
"MMP24-AS1",1.96010767930251,-9.94502924776019,2.35788567126773
"EIF6",3.29216471116617,-11.7369367022444,3.09038864346286
"UQCC1",0.0374223652602599,-6.13301057137795,0.828787371648699
"CEP250",0.742875715689378,-10.0607190587804,1.73847586475274
"RP3-477O4.14",0.707273236212169,-6.33328565294544,0.744723184353822
"ERGIC3",0.90355484611556,-9.91723581714873,2.61670899726437
"SPAG4",0.310354575125885,-1.29054721510049,-1.13986890940038
"CPNE1",0.580304366320915,-7.78205034624294,1.34210492820143
"RBM12",0.343905417105259,-9.05163878187339,1.61426772679263
"NFS1",0.76617210688804,-12.8316216759234,2.57933767973173
"ROMO1",2.39914482559207,-10.6325665834378,2.57806446064672
"RBM39",1.03828456339032,-7.34271683291318,1.98150379505199
"PHF20",1.87989730271643,-7.56920698647475,1.59398702359842
"SCAND1",1.35206128069972,-8.58442459884012,2.27149043207043
"LINC00657",1.13384411716966,-10.4078608591938,2.23091742082914
"AAR2",0.109086805520591,-11.5984104778813,2.36272925036102
"DLGAP4",0.421581352356098,-14.4240349886062,3.37279883832016
"MYL9",0.0137948268757654,10.6468655875199,-4.50343968952265
"TGIF2",0.171813371812908,-12.0836307136006,2.37991299248718
"C20orf24",2.01983724798486,-11.0023047014135,2.99548616729367
"SLA2",0.612795984532552,-8.76909699553852,1.69597384517057
"NDRG3",1.63730597039383,-7.43116196791222,1.207688060485
"DSN1",0.503628301352953,-15.9024537373983,3.37060542387147
"SOGA1",0.284299758156327,-18.4526204082446,3.9332217729769
"TLDC2",0.0901071562403396,-2.27536811036581,-1.21246983702464
"SAMHD1",1.45591888947627,-9.93302888908404,2.59997321120168
"RBL1",0.578984198283929,-15.2548783433686,3.17337529255812
"RPN2",0.605143908186952,-8.17723542100427,2.0700148329578
"MANBAL",0.889625829693348,-12.2352512802144,2.57237071703635
"SRC",0.142097216414065,-21.3361778328322,4.80447076005807
"BLCAP",0.272902205941652,-11.3292416724875,2.65711550247455
"CTNNBL1",0.295992409670033,-10.8375739597113,2.60344632748915
"TTI1",0.287627254861693,-7.41100446654483,0.92336871229879
"RPRD1B",0.382125115932957,-12.3361686600747,2.25702887862894
"RALGAPB",0.743832952165354,-11.1010578824357,2.06576342739476
"ACTR5",0.51771885683867,-15.6817923035485,3.26664478946758
"PPP1R16B",0.313560600410722,-13.6485661063295,2.75096008376166
"DHX35",0.437948853985963,-12.0502069622451,2.18515705332371
"MAFB",0.220247774925705,-15.9638405979459,4.13264181936457
"TOP1",0.572835617790035,-13.0823276515731,3.10619129471595
"PLCG1",0.857810032799979,-6.92456048306772,1.01603286282332
"ZHX3",0.218981342782883,-0.808655798737864,-1.39237026295225
"CHD6",0.779058964785522,-7.90621317461608,1.44824960553677
"SRSF6",0.196696708989157,-10.8381853368483,2.47237808498066
"L3MBTL1",0.161379166645517,-6.80885775472044,0.330858809781891
"IFT52",0.389601214741121,-13.2897443173443,3.04585965650197
"MYBL2",0.105564817702353,-34.2655675725567,8.2900082039558
"TOX2",0.0950877162478941,-20.2884519530538,4.16138994579509
"OSER1",0.89107818492285,-9.60833257490611,2.15580286912266
"OSER1-AS1",1.14649338044791,-8.29867775887366,1.35705406913841
"FITM2",0.0868558627361718,-18.1894698199531,3.50441630025861
"TTPAL",0.0932400110951874,-4.70980777754355,0.190989054961787
"SERINC3",3.07213324053369,-8.69479268163411,1.84617529242922
"PKIG",0.10949443833148,-1.24777667772751,-0.497988367643609
"ADA",0.478781366980132,-16.0537309291137,4.15420040219124
"RP11-445H22.3",0.269944924080461,-4.7386026864144,-0.136367307928419
"YWHAB",1.25783116579334,-9.03077192619215,2.64524489392293
"PABPC1L",0.338281401536132,-12.0062042621764,2.09171492403713
"TOMM34",0.408304609440902,-14.2093101565873,2.93823618283405
"STK4",1.05346768007642,-4.89919202656116,1.0461161594421
"SYS1",0.54089773762103,-7.36598755382008,1.4569098328793
"PIGT",0.327023034199713,-13.7433074770808,3.37850073431785
"DNTTIP1",0.125632041848663,-7.96853056916114,1.665472870365
"UBE2C",1e-07,-39.6162343966164,9.75105580009901
"TNNC2",0.113981079482284,-16.7888202419355,3.19619882164098
"SNX21",0.230613929418253,-17.6328795599606,3.69709362348526
"ACOT8",1.73180656927544,-10.4028225810424,2.27267389626639
"ZSWIM3",0.185494777398889,-16.0252768791233,3.10575862763531
"ZSWIM1",0.165186234653178,-10.7847570907356,1.51204559865242
"CTSA",0.85394525969137,-9.60811226925237,2.34740042182044
"PLTP",0.0533296826732653,-26.5652433838976,6.05223994846363
"PCIF1",0.617134263269806,-10.9841697687037,2.206212201269
"ZNF335",0.515072345006763,-9.44228891701671,1.68537474952807
"MMP9",0.0609264045284271,1.98790367461711,-2.462300638848
"NCOA5",0.353584319768514,-6.17173457370178,0.58592974223518
"CD40",0.346100618748413,-7.26810649034994,1.3709510675307
"SLC35C2",2.25177203162929,-8.60703722674915,1.73299620372711
"ELMO2",0.988058958202578,-11.9200426163478,2.39358341128062
"TP53RK",0.730331804928772,-8.16938131017094,1.55433377866093
"ZMYND8",1.06845385157142,-11.8577950670129,2.4766715706722
"NCOA3",0.94627410461685,-11.7884551763648,2.62893796989531
"SULF2",0.268675501357512,-18.1595035976166,4.40235989523232
"LINC00494",0.1071242177609,0.710974252510931,-2.06913386395612
"PREX1",1.84771073761562,-7.62193547220626,1.47078410391238
"ARFGEF2",0.574121168453475,-12.6448249425118,2.44937765843241
"CSE1L",0.525460350594168,-9.7440404632396,1.78364117307979
"STAU1",0.125690854425441,-15.3809401811007,3.70656651567038
"DDX27",1.58738009740964,-8.23545421700168,1.74761904394672
"ZNFX1",0.626217384144639,-8.92206200384104,1.8240189783143
"ZFAS1",5.12416230374208,-7.22846903711423,2.0594636543851
"B4GALT5",0.531420125159887,-15.7732349133644,3.31385844283726
"SLC9A8",0.230974675957129,-12.1996001654975,2.3878220906369
"SPATA2",0.558096128934063,-6.82552435811643,0.704769521204489
"RNF114",2.79190861720428,-9.31367102404407,2.19937363224593
"SNAI1",0.190955937695523,-17.7837256091184,3.72311509212769
"UBE2V1",0.622039969118078,-13.0993927967581,2.61472294059551
"TMEM189",0.308695633016563,-11.5239085868811,2.52910764408976
"CEBPB",0.496084480829682,-14.0383128098974,4.03422860478152
"RP11-290F20.3",0.264439931127174,-19.3009559510725,5.19272378210598
"PTPN1",0.658017474363282,-12.7032932655064,3.01877840705752
"PARD6B",0.108813463701208,-2.99051446056732,-0.940107348729716
"BCAS4",0.61299853291326,-9.3667436959176,1.93668372139776
"ADNP",0.55845257491907,-5.48930078436726,0.306109679840178
"RP5-914P20.5",0.185568541362042,-18.9037286864851,3.91034558943355
"DPM1",0.503544564791429,-11.8412926687329,2.87900980452996
"MOCS3",0.194583979355024,-17.4814351804885,3.77593329685982
"KCNG1",0.0112237885500942,9.1171713551424,-4.06559870042144
"NFATC2",0.319526048587758,-7.04424815653129,1.15916314524085
"ATP9A",0.00565552553324214,-9.21877796047002,0.92812603232945
"ZFP64",0.358381468929003,-10.7397771670161,1.93090535056712
"TSHZ2",0.135861462990725,-7.97497547519789,1.4708486954234
"ZNF217",1.00923290666406,-11.9373467214479,2.42284388131029
"PFDN4",0.277074400801375,-7.6657337977746,1.15053779276031
"FAM210B",0.0300478644559919,2.71928025914512,-1.72148350673942
"AURKA",0.0862190495430451,-17.7854454140542,3.4402942151211
"CSTF1",1.37142688831834,-7.40255229708028,1.13866994598104
"RTFDC1",1.14825701074227,-9.68895912808441,2.47034900220463
"RAE1",1.37005804220766,-12.145193130528,2.73693932489341
"RP4-800J21.3",0.180746312212398,-1.32062218331319,-1.2630289738773
"RBM38",0.620912062166432,-8.84718546733787,1.90499696623445
"ZBP1",0.0731709600280577,-6.2395214393063,1.13993806584636
"PMEPA1",0.013112888871483,-10.267004243911,1.57978619506921
"PPP4R1L",0.0740663172060337,-15.4430382975798,3.07968527805064
"RAB22A",1.38189115492134,-11.1596077363027,2.41391282165327
"VAPB",0.485892533659899,-9.31661013110846,1.8225627059257
"STX16",0.238801489215796,-8.04002822603192,1.71749066682213
"NPEPL1",1.12531669144466,-6.49134515926618,0.8163491758909
"GNAS",4.54901078358634,-11.1899814405625,3.02868010995435
"NELFCD",1.14259168181332,-6.5152796168055,1.21793687718234
"CTSZ",0.344512416743641,-15.2600930217783,3.94483212528632
"TUBB1",0.0110787369503024,-0.876981473317891,-0.611906690814889
"ATP5E",7.39181891913972,-7.69121492509596,2.43884933702064
"SLMO2",2.07505530351341,-9.85105655716972,2.27473478859533
"ZNF831",0.251475400022357,-6.17985007132712,0.274898882198671
"FAM217B",0.520516948430257,-10.1234019756051,2.00831854354772
"PPP1R3D",0.436323045104029,-8.742029602274,1.19795148559435
"CDH26",0.129404604934787,-22.5601064603206,4.75828807131162
"TAF4",0.366539361464437,-11.111460814427,1.84378111153099
"LSM14B",0.352187059589764,-8.041639963001,0.950589003029899
"PSMA7",1.50151109397964,-9.605312141422,2.86090102719394
"SS18L1",0.220976910311018,-12.6882441702048,2.18049668149513
"MTG2",0.792239965999936,-13.0100851399548,2.87370908862877
"OSBPL2",0.593949732337411,-7.15282791330816,1.08375956053625
"ADRM1",1.85096760940232,-10.3434733374674,2.5924302214814
"RPS21",5.9204358874348,-5.83435513717489,2.02979596311455
"CABLES2",0.0571668788140009,-21.4177657289028,4.52862844244494
"MRGBP",0.614754916699173,-17.8280989240825,4.0694729695521
"OGFR",2.09413785174744,-11.2849167329837,2.69963372348447
"COL9A3",0.148787078819564,-24.0197688217432,5.26745129434474
"TCFL5",0.0881126084478914,-9.63836088573929,0.998582914372979
"DIDO1",0.117712819546426,-5.71802685546979,0.77549860421281
"GID8",0.347978133232295,-10.6561301657856,2.55127824700645
"SLC17A9",0.211256353958459,-27.5986348715461,6.49882949631727
"HAR1B",0.133692303302326,-13.8833743182108,2.38841200707573
"HAR1A",0.0596610116329721,-2.72475728979509,-0.688103359125867
"YTHDF1",0.697815887002979,-7.0038897437188,0.944105443375036
"ARFGAP1",0.732108125745507,-10.835686317619,2.08072873685138
"PPDPF",7.15438410419617,-6.35162317358768,2.09556648471736
"PTK6",0.10888865199425,-18.5413938133192,3.65873675195829
"HELZ2",1.838768746935,-8.82047386642924,1.82104689481697
"GMEB2",0.501152919351469,-7.30421697565809,0.816926610152265
"CTD-3184A7.4",1.4937437634502,-6.77321381372803,1.18582675131325
"STMN3",0.852924892978427,-6.44612713407138,1.28879710820283
"ARFRP1",2.17721856847742,-11.2028195653466,2.60984483952366
"LIME1",0.113698108149813,-17.5328678527293,3.36718455383008
"SLC2A4RG",0.644265874756959,-7.07713850618968,1.20750596552941
"RP4-583P15.10",0.161643384376915,-5.94276740530811,0.0716489532888942
"TPD52L2",0.331033238071703,-8.3363332128404,1.76559851443217
"DNAJC5",0.954046695345705,-10.1192170645382,2.15955750716703
"UCKL1",0.556693967673706,-10.7897929808319,2.3309453510028
"ZNF512B",0.333731295091256,-23.2839132110289,5.18723735251517
"SAMD10",0.437759024744645,-7.4784794985009,0.822907697520011
"PRPF6",0.605719377572607,-9.46579729098297,2.17490155457091
"LINC00176",0.356720883892138,-8.02972273324055,1.59277809677033
"TCEA2",0.290568733628492,-7.94129890100789,1.52771605217598
"RGS19",1.2146152126396,-12.2615246392519,3.32820917236695
"OPRL1",0.0259544689374478,-18.4745536153511,3.9035234978077
"C20orf201",0.0578897056229297,-16.9200113252776,3.47367536524241
"PCMTD2",1.49644294411199,-8.25012255909751,1.53092381233765
"MIER2",0.23376019781828,-12.381500944089,2.34528278398898
"TPGS1",0.696055416089044,-10.0749685787752,2.40295373375212
"CDC34",0.163088585355821,-11.3706928180868,2.21172430559298
"GZMM",0.444691701070205,-1.03969206932508,0.0245323812411325
"AC009005.2",0.100473026027603,-24.2253458216002,5.28197235582597
"BSG",1.34813547899052,-9.96048760414808,2.61272303361008
"POLRMT",1.06235729509317,-7.39183300384437,1.13549234564433
"RNF126",0.883413811075185,-9.3618273216911,2.29177970223498
"FSTL3",0.38833596677507,-22.9034078226948,5.21888907168322
"PRSS57",0.00671276995297595,-12.7497589798794,2.3247848514547
"PTBP1",2.63042244726966,-11.5937188642941,2.82482156731143
"AZU1",0.152708927493647,-23.6116739837931,5.10848096484424
"ELANE",0.0875106410560362,0.823395801611344,-2.10366900927599
"CFD",0.21961237453687,-14.4196728082464,4.12576660625033
"MED16",1.32424071434344,-9.51204338568462,1.92617137836858
"R3HDM4",1.01868586244666,-9.40429517194724,2.17892630321495
"KISS1R",0.125934524896932,-7.3197292730278,0.408405376323678
"ARID3A",0.27797574331533,-17.6492779689979,3.94098931144146
"WDR18",1.39721982663481,-13.7807101971381,3.25898077795599
"TMEM259",0.840944242982501,-9.401333788116,2.06286036120829
"CNN2",1.96121673001391,-9.50683013056103,2.59674428370343
"AC011558.5",0.14311486874381,-3.92242799937819,-0.571323741946406
"ABCA7",0.477013303572251,-14.45254201775,3.02389276822058
"HMHA1",4.92826534338972,-7.55097018400704,1.84850774306939
"POLR2E",0.622477845525921,-12.7983721622624,3.31940524529246
"GPX4",2.21924410270881,-9.14533411992616,2.69690066371481
"SBNO2",0.026292645663515,-12.4531064299659,2.25216552830627
"STK11",0.807193373215672,-8.76936982008494,1.41116988507228
"ATP5D",2.12125598966485,-8.18881091782067,2.40352461995298
"MIDN",1.11288696853514,-11.3503132221253,2.73506648965698
"CIRBP",2.41355269487247,-4.9567390694315,1.58976949732556
"C19orf24",0.842691850906408,-10.7926244344042,2.76421910000545
"MUM1",0.0295680016269167,-5.97487739439606,0.868879987781037
"NDUFS7",1.60763985826783,-11.2197183197789,3.03841619954813
"GAMT",0.923249803486663,-7.98052616055071,1.33625401773634
"DAZAP1",1.42125240162245,-12.544111513595,2.96860418679042
"RPS15",10.335067430184,-4.50112491181878,2.01901024648694
"AC027307.3",0.422687481201764,-12.5488727604925,2.30688160306863
"C19orf25",1.52983118003278,-8.65898711608375,1.87687987292019
"REEP6",0.0341586258533023,-5.98931088499782,0.217899756021927
"MBD3",0.797079261105935,-9.96547029395976,1.74511513616648
"UQCR11",4.2609359581383,-7.86442754598325,2.31548868131138
"TCF3",0.468485383318003,-10.3831223864923,1.86808688950343
"ATP8B3",0.121752124387995,-2.96351209309757,-0.90158886349271
"REXO1",0.457057469545874,-12.0387350938233,2.20436287375498
"KLF16",0.42506914568554,-11.5447397449856,2.03679206613509
"CTB-31O20.2",0.955055508205332,-7.7486090984938,1.39936472473443
"ABHD17A",0.345683144180089,-4.81960310630426,0.655061473394916
"SCAMP4",1.15838595139656,-10.8101178045517,2.25329006617013
"ADAT3",0.0284676822475063,-17.5596670013407,3.52272833403277
"CSNK1G2",0.330427184053379,-12.0133260677713,2.52918168559036
"BTBD2",0.831467297043046,-12.7958522088948,2.57545378832523
"AC005306.3",0.185668991034229,-13.5055686621343,2.34313518114568
"MKNK2",0.659381317825592,-11.3076972472,2.54731417955424
"MOB3A",2.33438946350028,-9.28628501575026,2.08198334334165
"IZUMO4",0.535265839436304,-13.5141799856798,2.67636562668203
"AP3D1",1.54990273258651,-14.517174255856,3.37782118541968
"DOT1L",0.397488814363372,-11.8199847245036,2.18072499437792
"PLEKHJ1",0.820692000576796,-8.70305406483584,2.10134578825247
"SF3A2",1.37275932450978,-9.560092185965,2.10694068306515
"JSRP1",0.107330463681981,-9.2987666622231,0.951885010894463
"OAZ1",1.67695367514748,-8.54917133315638,2.99441076454863
"C19orf35",0.142098655100497,-8.05853784021736,0.66857785577684
"LSM7",2.00251202487305,-9.27332759248173,2.4224251213517
"TIMM13",0.864917248583625,-10.9847496844963,2.86149457443525
"LMNB2",0.13742406501178,-14.0017581584845,2.93969374838756
"GADD45B",0.555757961688243,-7.85368146487652,2.00650091252599
"GNG7",0.188132658895741,-3.47162145534977,0.213386226416333
"DIRAS1",0.0938896353400081,-1.50313041056287,-1.39196593314951
"SLC39A3",0.347766810057862,-15.0894245256114,3.68580523458266
"SGTA",0.378505624964679,-10.9597466065069,2.28618118908609
"THOP1",0.319055248202975,-12.2057887176804,2.33761658537599
"ZNF554",0.142756761431936,-7.76494812607172,0.581093115792684
"ZNF555",0.238897912844105,-13.5959418731409,2.44636664200709
"ZNF77",0.126130583971862,-9.17467820929731,0.96081289102052
"TLE2",0.0414833075076177,-11.4199925704873,1.94889335618402
"AC005944.2",0.124224337161791,-24.2873733971011,5.29948250698664
"AES",1.22028676526243,-5.70594474651177,1.65887347342534
"GNA15",0.254713132323606,-17.9732826872299,4.19785802965916
"S1PR4",0.878699426809467,-9.91897916677194,2.62870523523663
"NCLN",0.1718655801277,-14.0561695491519,3.07951841052284
"NFIC",0.0700136418709764,-11.2331852510673,2.46271617598278
"DOHH",0.114398646252361,-14.2500262050161,3.09704205607566
"FZR1",0.290641831567031,-8.58264030743424,1.42193394089543
"MFSD12",0.479573119596059,-12.3813663578739,2.5834415443991
"HMG20B",2.0739600222843,-14.2222554573346,3.44076780758321
"TBXA2R",0.00273403096918707,-5.54208039872645,0.412619350015649
"CACTIN",0.356663850941072,-11.3480599769126,1.94142154412169
"PIP5K1C",0.588736055813358,-14.8378072257481,3.10522249637433
"TJP3",0.261779069798321,-18.0101163720423,3.72852231365434
"APBA3",0.375506252174639,-10.2145773638441,1.99853973978505
"MRPL54",3.5851537227112,-11.1682323182721,2.92234842731143
"MATK",0.293784015752063,-1.30307768937639,-0.361886444928993
"ZFR2",0.138630412686522,-12.2496490260319,1.90906924985633
"DAPK3",0.695934691496605,-12.7440861825644,2.72460545617254
"EEF2",3.74218572328305,-6.39312952388676,2.14377251507277
"PIAS4",0.937400765438682,-10.6701932590702,2.01679464672786
"AC016586.1",0.123383678835457,-12.4110978477125,2.26651522545911
"ZBTB7A",2.11575530974131,-12.3427575379231,2.89666327326447
"MAP2K2",1.63167066933512,-10.4700842455236,2.3932869314034
"SIRT6",0.19501561200813,-13.9803816474927,3.13183804567439
"EBI3",0.164279328219974,-30.7769586142136,7.26790846178615
"CCDC94",0.117117350243508,-13.677767230891,3.21040925964869
"TMIGD2",0.64151110070658,-5.50322869108232,0.80519566981349
"FSD1",0.137265188455739,-10.0302346237141,1.25410339550129
"STAP2",0.157836951154163,-8.66854548351726,0.885111343948649
"MPND",0.41438840290931,-18.2054678407258,3.96131565055627
"SH3GL1",0.966284388199861,-10.7824676073997,2.16879021623372
"CHAF1A",0.228772303873743,-21.9630963748659,5.28378889770048
"UBXN6",0.996220721831164,-9.86205791394544,1.98036874734568
"HDGFRP2",1.04828900381353,-13.0574531726186,2.73576396745266
"SEMA6B",0.0967540825901372,-13.6272835654857,2.17566513854275
"TNFAIP8L1",0.140684112665916,-13.3960269300255,2.79829815149167
"C19orf10",1.21672116863887,-12.7550258251503,3.38979368849668
"DPP9",0.535698691470574,-12.2282596807033,2.58493618962796
"FEM1A",0.0357069325895291,-10.0583838400695,2.02173021804007
"AC005523.2",0.355975853687965,-6.91152437611734,0.599832990780899
"TICAM1",0.644544658927956,-12.9400540028446,2.73370781287577
"PLIN3",0.476867184866116,-15.202246689953,3.6937552405752
"ARRDC5",0.0842698245523402,-11.8381702090161,2.05743627189015
"KDM4B",1.09785647630243,-6.38289431020203,0.843771731186189
"SAFB2",0.217169577639069,-8.84500275626035,1.90311119713513
"SAFB",1.40773235957769,-9.37721857641083,2.06690818557255
"RPL36",6.77068916500724,-4.8146524105578,1.92394077529331
"C19orf70",2.1158287360897,-10.05070208546,2.58548961154735
"HSD11B1L",0.177873252041762,-17.5946898390414,3.81943711864226
"LONP1",0.301886209107241,-12.9571025124131,2.6092696544687
"DUS3L",0.201566214820347,-8.55666107174665,1.7433516547555
"AC024592.12",0.108706470253356,-17.9895889580512,3.49933944206504
"NDUFA11",1.39552125346058,-10.2033602417379,2.88226801223185
"VMAC",0.134151653243711,-6.28566734726327,0.798993312142841
"AC104532.4",0.103225992591085,-14.0264290952422,2.43027176110716
"CAPS",0.385616384215386,-15.1711998990698,3.07192359826215
"RANBP3",1.82113627688222,-8.29083299282714,1.52534865061063
"RFX2",0.244341333405408,-15.3509113912768,3.01868301045449
"CTC-503J8.6",0.28653582737691,-14.5047870137896,2.93535418105676
"CLPP",0.556354610682906,-11.6734217537099,2.88887873402374
"ALKBH7",0.743328296658359,-11.6824258939943,3.11647494333965
"PSPN",0.0135400734762324,-10.1409702550626,1.32174174947009
"GTF2F1",2.25255623864458,-10.8135745325991,2.49018812605824
"KHSRP",0.703422959621569,-13.8407720493087,3.06856061785579
"SLC25A23",0.17917789724471,-11.47457993969,1.77467358671904
"CRB3",0.316312054989175,-12.4543868419888,2.19058798397343
"DENND1C",0.190804143302979,-9.66926674624735,2.08317050463876
"TUBB4A",0.0909128249254846,-16.4709897145381,3.05915499586705
"CD70",0.116421074249146,-18.7267211801489,4.09884036137041
"TNFSF14",0.72419620277093,-3.13550231689229,-0.323453872157378
"C3",0.213584421310207,-22.0917360111606,4.82221465399434
"GPR108",1.91394740260708,-11.6823106351722,2.74857664231155
"TRIP10",0.0396536695661185,-28.0402249614206,6.34955046752781
"SH2D3A",0.26217078393094,-8.17904993019472,1.41918537813113
"VAV1",1.44681470455997,-11.1822673585497,2.50412542617804
"EMR1",0.231681195192983,-20.0052190073877,4.74307793535852
"ZNF557",0.359297072285362,-3.8910516612772,-0.30467566122099
"INSR",0.15424476715446,-18.091447330587,3.72889378551896
"CTB-133G6.1",0.682632092182649,-9.03331217662158,1.42781265717849
"CTB-133G6.2",0.0883242955226334,-18.5080789429088,3.64912172237843
"ARHGEF18",0.709242347571728,-8.50663881444942,1.50239075526173
"PEX11G",0.0262918359727475,-13.0287572482795,2.25686516729468
"ZNF358",0.197472897915404,-22.2154320158979,4.93187412333811
"MCOLN1",0.628446163200828,-16.544453828376,3.86370731864777
"PNPLA6",0.767274518822074,-14.3309375185744,3.32159119507469
"XAB2",1.10208897433011,-10.7378500529383,2.33714758453078
"PET100",4.26609701185253,-9.78340804039155,2.41243309370231
"CTD-3214H19.4",0.0856270076996294,-1.02731980651984,-1.59266899772487
"PCP2",0.0183594954675066,-18.4403650286451,3.87382834376098
"STXBP2",0.50164347023618,-14.364607678696,3.99027176165439
"RETN",0.0667359310687059,-11.4985956989393,2.59155785704745
"C19orf59",0.0620936095278457,-10.8590410280467,2.14603058178022
"TRAPPC5",1.74910276683503,-13.1737347739331,3.03830798790469
"FCER2",0.0911014691580294,2.51402899032763,-1.50367428473285
"CLEC4G",0.0821685740200575,-12.1329836195965,2.24265690988917
"EVI5L",0.295677011716475,-21.4531865112029,4.69240299032417
"MAP2K7",0.104761630370009,-11.533109169951,2.60331052861644
"SNAPC2",1.06504992396709,-14.3989030746832,3.29928858200153
"TIMM44",0.616742741194358,-13.4440104821837,2.86721224093368
"ELAVL1",2.59523602999889,-11.159560920704,2.64472051544023
"CTD-2325M2.1",0.130778189569445,-21.0508084781531,4.52569346506263
"CERS4",0.331043084007638,-6.06180850620713,0.637036741557146
"CD320",0.332943676469239,-8.74961167553272,1.81584832624189
"NDUFA7",1.77822302085307,-11.5515414537727,2.91878483763767
"RPS28",8.2449935376065,-4.73017760201738,1.93536058669316
"KANK3",0.0921796866603461,-2.25963733548555,-1.21725142049371
"RAB11B-AS1",0.060795821365447,-15.5997873880646,3.36392159273113
"RAB11B",0.811802846355199,-8.36191365295278,1.95150000065256
"MARCH2",0.308766998481498,-12.2672638344022,2.8124127213821
"HNRNPM",0.884588560239969,-8.10968686799359,2.16433455512595
"PRAM1",0.415800382489635,-15.0202695345001,3.68072129825388
"ZNF414",1.88649035632453,-6.31765140130443,0.948706893814732
"MYO1F",1.2005646549167,-8.57497875076565,2.20221551703719
"ADAMTS10",0.230330817289688,-7.94260932565944,0.778595301731052
"ZNF558",0.241107695534284,-8.85802111852908,1.0725546360909
"ZNF317",0.86782553197991,-9.45125496918974,1.61254221414607
"ZNF699",0.563361529556361,-10.737522772429,1.86270932329662
"ZNF559",0.0442378957863752,-11.9456764643522,2.34568959093782
"ZNF266",0.436827970972095,-13.3649544911903,2.8396019523948
"ZNF426",0.528768435303784,-8.77424588202325,1.28328054305388
"ZNF121",0.279833467358243,0.968022910913777,-1.84715133774696
"ZNF561",0.0294034688676027,0.983045995909326,-1.35648400873564
"C19orf82",0.127136589304252,-14.5698471813004,2.89703928154526
"ZNF562",0.448293969799657,-13.2992914922759,2.59416769685757
"ZNF846",0.19742175079051,-12.7591379168126,2.58960319263685
"FBXL12",0.306736679688336,-13.987586420488,3.16638139812956
"UBL5",3.24382496044812,-8.44363652239665,2.38133096700174
"CTD-2623N2.11",0.08970227777511,-6.39865279808602,0.0321109228502418
"PIN1",1.8601230852667,-9.3766392697608,2.34960927219053
"OLFM2",0.224793836287015,-9.12730458705192,1.39711806865315
"C19orf66",1.82127822894162,-6.65898753612671,1.50166893581594
"ANGPTL6",0.122757893486201,-1.95691514391274,-1.20699296045453
"PPAN",1.74425760189884,-9.8998230367157,2.0467927497178
"P2RY11",0.287896451692988,-10.7197094656387,1.66263574194854
"EIF3G",3.5875214187671,-7.7858691704085,2.2872885334557
"DNMT1",0.978866458252602,-11.3241293432413,2.61567210359211
"CTD-2369P2.2",0.14566871190176,-13.5274994154832,2.28419880217928
"MRPL4",2.79160708609183,-12.8566940423635,3.09729399242357
"ICAM1",0.264518032582032,-14.5442425251289,3.06472319102614
"ICAM4",0.105664681534514,-25.035273845289,6.06171788782649
"ZGLP1",0.328492783259887,-8.47424776282744,1.25474227780655
"FDX1L",0.762661921204644,-9.07555195828939,1.57240292670684
"RAVER1",0.600778242422109,-15.7888133871065,3.41149735672373
"ICAM3",2.73950060292983,-8.69307583905341,2.43394701387654
"TYK2",0.96033481780977,-9.93397964230106,1.98796044286039
"CDC37",0.746953574507201,-8.42826479476095,2.14042982694579
"PDE4A",0.289346571747014,-10.1442408890531,1.81677277419299
"KEAP1",1.07919041817595,-14.0040753904252,3.1125992927578
"S1PR5",0.168145482937752,0.52618754794504,-1.03859583446676
"ATG4D",1.28593601651609,-7.68518259763668,1.26636495639242
"KRI1",0.69607208708657,-11.6555209286728,2.45433084712789
"CDKN2D",0.873751635188296,-7.06617444870306,1.73023040096344
"SLC44A2",1.25956212839265,-9.98493541917386,2.27837190752521
"ILF3-AS1",0.506154320527059,-7.85733738213194,1.86780863175571
"ILF3",0.276226003435442,-9.00215054659473,2.03511100788877
"QTRT1",1.49173947130352,-10.4408396313601,2.26657179614959
"DNM2",1.8716227232412,-11.014618296268,2.48492253825316
"TMED1",1.42858759022544,-11.6579751386921,2.58080059087035
"C19orf38",0.483927073130482,-15.2164036443622,3.88835884294542
"CARM1",0.0648388425935178,-23.9941230757641,5.41225691008379
"YIPF2",0.477748716411082,-10.6049279750944,1.80404830729774
"C19orf52",0.0597904751764096,-8.96872266933755,1.80810527366637
"SMARCA4",0.0465287359964854,-10.8926831505936,2.51211353240471
"LDLR",0.399673697313738,-10.6087081973257,1.90706612404033
"RAB3D",0.531131231712389,-12.5355645025524,2.70180822817026
"TMEM205",0.2384924717934,-8.42117062893423,1.94233055227296
"CCDC159",0.932146188478353,-12.0102817688985,2.66249402246299
"DKFZP761J1410",0.559840815884679,-17.9388156461075,4.06532456961435
"SWSAP1",0.691532126850645,-7.54981200332658,1.17021653820614
"EPOR",0.152049971286397,-13.9086209299374,2.92471834091998
"CCDC151",0.198066780857396,-9.20097462496697,1.12854354206183
"PRKCSH",3.09853742452671,-10.3655781764411,2.52213090655611
"ZNF653",0.121423757694422,0.995330512325648,-2.1091335290692
"ECSIT",0.293373355518961,-9.60091109704137,2.0923390674259
"ELOF1",0.284460718426894,-7.34596864937893,1.69489492960549
"ZNF627",0.252900006047198,-8.36080554930857,0.924954946551179
"ACP5",0.433530828288847,-13.9622975390018,3.23257655974058
"ZNF823",0.16153889162886,-6.14310699333486,0.131670359422915
"ZNF441",0.141328395157719,-12.1448758563036,1.87824761383633
"ZNF440",0.163526306741202,-12.4057439206827,2.02055059276036
"ZNF439",0.808464360647323,-8.13192686103987,1.20994459995336
"ZNF69",0.0290451445239925,-5.68341153704464,0.104120781283773
"ZNF700",0.263816224246466,-17.0763989327661,3.50023595989578
"ZNF844",0.041414385269168,-3.87547465165665,-0.28068767622785
"ZNF136",0.725983446731391,-9.17942383338422,1.58817405569908
"ZNF44",0.722976795845675,-9.71413118631572,2.00510893923561
"ZNF563",0.149885566986206,-9.57959030238687,1.65039598680956
"ZNF442",0.163748373042643,-8.68620066468019,0.890358227815833
"ZNF799",0.00527830609921212,-17.265993940972,3.91896866633076
"ZNF443",0.0195635144316659,-13.6080614843782,2.37314201160172
"ZNF564",0.17915742264682,-0.454026777230928,-1.5560825545839
"ZNF490",0.157843519593146,-14.8986837007304,2.71946496053412
"ZNF791",0.545477576778089,-5.96956453201802,0.941975249163181
"CTD-2192J16.22",0.246639627694814,-10.2418889101828,1.48220365511493
"MAN2B1",1.21516261031694,-11.1252979528347,2.23215522618528
"WDR83",0.159303794829159,-15.5691013858025,3.59500348658867
"WDR83OS",1.71705652569948,-8.73708786847386,2.37236036726622
"DHPS",3.17425565485988,-10.1801684817299,2.47471137471448
"FBXW9",0.250750960182701,-6.21474275491749,0.285333253009313
"TNPO2",0.47098511444982,-11.0608710385344,1.93820609211199
"C19orf43",3.6497633733188,-7.22662806984474,2.16684450915067
"ASNA1",2.1991928412023,-12.4648815324249,3.11320658133978
"HOOK2",0.093572443226438,-14.3345595803656,3.39897379693371
"JUNB",1.64467179020345,-5.02216968188637,2.06719331984399
"PRDX2",1.63888216609645,-8.22925888872494,2.15537134761824
"RNASEH2A",0.845792282046202,-13.7819121172239,3.08940811396575
"DNASE2",1.90420946374767,-11.9799075949714,2.84111887653008
"GCDH",1.45559091331599,-6.73328864735455,1.04556911865846
"FARSA",0.993447351464988,-9.87423310734706,2.08951131648092
"CALR",1.87969967293101,-11.1807764659236,3.012272019216
"CTC-425F1.4",0.0748938667756529,-19.5934847649677,3.90936989924585
"RAD23A",0.788062984149747,-7.78457421586269,1.8910054392977
"GADD45GIP1",2.47124780919007,-9.76390375217269,2.55864083289864
"NFIX",0.197523755812792,-6.12580050161159,0.186572981448675
"LYL1",0.54083807694668,-14.1501588002066,3.60774368698909
"TRMT1",0.659239519181573,-11.6707392622762,2.73197352633789
"NACC1",0.142421279466257,-13.1133712489913,2.58632435734214
"STX10",1.39691506355263,-10.3693867707604,2.54695109958955
"IER2",1.19620232878342,-5.61371425048267,1.79894316860781
"CTC-250I14.6",1.03028761410563,-7.63792329249025,1.127088871768
"CACNA1A",0.162923852192495,-10.3977731035088,1.42884252183119
"CCDC130",0.983695219357443,-8.97879467188637,1.6837058351128
"MRI1",0.37640305037685,-7.35548702805796,1.03272146911362
"C19orf53",1.84682821918416,-8.25777448915073,2.30318415694838
"ZSWIM4",0.101936206102739,-13.9386394770344,2.32036463771372
"MIR24-2",0.421261401296657,-9.55631138942348,2.24480409752621
"CC2D1A",0.669874622818885,-8.93031604533767,1.57015557507422
"DCAF15",1.20748455919497,-12.6499039288785,2.70442742895716
"RFX1",0.67617923528464,-10.5911481291925,1.98827272502835
"CTB-55O6.4",0.141515881024339,-8.2677860166738,0.730882605020995
"IL27RA",0.415040898762927,-6.97801478042284,1.45947508095954
"hsa-mir-1199",1.88280737108593e-05,-29.0597544357552,6.7431037828804
"SAMD1",0.00466526974271974,-13.3929355096771,2.85233847742669
"PRKACA",0.0606661907958753,-9.97126599426744,2.10089119153526
"ASF1B",0.000132880752323079,-28.3399862189696,6.8572043844069
"CTB-55O6.12",0.114569875296952,-13.6283322576868,2.7096681064559
"LPHN1",0.068140750713119,-19.1133604081697,3.86802748715785
"CD97",1.4158137157729,-9.27450784198806,2.37916836668371
"DDX39A",1.34950549020203,-12.9159864602873,3.25697175566769
"PKN1",1.54342633438771,-9.99274672837345,2.37343298059279
"GIPC1",0.85243809490844,-11.3935055800556,2.45224749215698
"DNAJB1",1.00608852735519,-5.36184909898117,1.32721672970785
"TECR",2.67311471592745,-7.57974260291311,1.83915859050764
"NDUFB7",5.70818199553286,-8.62999479917547,2.24981513941776
"CLEC17A",0.0468919604025251,-7.8190561117874,0.803609117231844
"EMR3",0.178033305093832,-18.7452247121388,3.96153428579892
"ZNF333",0.11225642871228,-6.31640615439728,0.643583987154378
"EMR2",0.278446923313378,-20.012451943744,4.9557396943138
"ILVBL",0.814884382702836,-14.5248017380241,3.21150257807088
"EPHX3",0.136558596337769,-20.8767184612133,4.37403474116299
"AC004257.3",0.143519309945937,-6.2408769372138,0.125676165229592
"BRD4",1.03923813147027,-10.4642090191938,2.34125919211614
"AKAP8",0.146308847693506,-13.5596468218962,3.06102277605879
"AKAP8L",1.23112268944845,-11.964349922958,2.60151245079562
"WIZ",0.476290840801838,-15.2377016709243,3.13780659472279
"RASAL3",0.765818223140379,-8.86074831845947,2.03186783844219
"PGLYRP2",0.0358697078344597,-13.8151239654657,2.6770807967813
"TPM4",0.491762299755186,-11.7968747352959,2.95868176868098
"RAB8A",1.43730286964863,-11.280595204801,2.95076086273096
"CTD-2231E14.8",0.336585629926276,-11.5963496132197,1.97131590593456
"HSH2D",0.511976610742495,-10.5407867677883,2.43010692057872
"FAM32A",0.350984959524632,-12.8963768488626,3.32381593076876
"AP1M1",1.39279445129241,-11.8379306342655,2.69394353080672
"CTD-2562J15.6",0.451059253010927,-12.9238961675613,2.4525386231799
"KLF2",2.88010201118993,-5.39911071515127,1.64025872814417
"EPS15L1",0.354399902671407,-9.82257140696052,1.94961288115394
"CHERP",0.075054944216027,-8.66519371636188,1.66534182508329
"SLC35E1",0.65907506779709,-14.8059291360461,3.29706993420652
"MED26",0.401973921852645,-15.6083054557093,3.2111770044697
"SMIM7",0.329961510794692,-9.55679855730886,2.39582049492548
"TMEM38A",0.0918218321639172,-10.4745094430435,1.24648513004858
"SIN3B",0.647388369058992,-16.0830155519073,3.65411010468904
"CPAMD8",0.153399795380378,-13.7145546461202,2.37347356398582
"HAUS8",0.265250793843361,-15.6679852068251,3.44110530588659
"MYO9B",0.165869724491601,-5.21935098799401,0.843171974523788
"USE1",1.07090846033469,-6.84567983474144,1.40331500600488
"OCEL1",1.43896836517556,-13.7177289273909,3.25517985164053
"NR2F6",0.441624792660962,-16.1702581224862,3.33536982499203
"BABAM1",0.385013074040378,-10.7976311249092,2.64625868483108
"ANKLE1",0.144991507241658,-25.4520599499541,5.70809081664349
"ABHD8",0.296461816219349,-17.631337042095,3.9894788191611
"MRPL34",3.82976090001825,-9.66411319044981,2.41910062285827
"DDA1",1.53156815098919,-8.4972687385906,1.82472266093111
"GTPBP3",1.05376187240472,-8.46644697379738,1.39247028950684
"BST2",1.76616491417907,-9.59489369382649,2.75091639554723
"CTD-2521M24.9",1.02607458905485,-8.11631843529286,1.46592616746616
"MVB12A",0.235981782642645,-13.2548030504617,3.09629864256178
"SLC27A1",0.00816364166398074,-9.32130857709271,1.72850451562597
"CTD-3131K8.2",0.220606590650871,-19.3692567775329,4.04417599314713
"PGLS",1.13482589049635,-12.5478093072315,3.46756739291758
"FAM129C",0.142817777652548,-8.08526223083723,1.23807725860587
"COLGALT1",0.156985902593723,-8.9586538433612,1.68665742761034
"MAP1S",0.435941309769699,-9.00886204936901,1.53783028543942
"FCHO1",0.804691632039373,-11.5466653704756,2.41289403640349
"INSL3",0.161419384431207,-4.7840515745905,-0.276248046313141
"JAK3",0.481993117082176,-9.9865801220903,1.98921884959391
"RPL18A",6.33805648916842,-4.16833123742657,2.04429127598136
"CCDC124",0.378639729098599,-9.21847957743562,2.14334737562929
"KCNN1",0.125722710432709,-6.84393262432311,0.266206481556359
"ARRDC2",1.78346444359093,-9.797590455352,2.14444674624809
"IL12RB1",1.14298493984119,-9.0408257940791,1.95312408213002
"MAST3",0.752860011663364,-4.67568478845238,0.388045755884426
"PIK3R2",0.305094853015593,-10.9000671760122,1.75050834695795
"IFI30",0.278575224002744,-16.2584907875452,4.44405016115731
"MPV17L2",0.456924868386215,-11.8336351178049,2.36320052460066
"RAB3A",0.188568149376969,-14.0623089515514,2.58268117828969
"KIAA1683",0.287741258529934,-6.01246217290784,0.264773292246734
"JUND",0.339367842315819,-3.56053049534252,0.593699730448118
"LSM4",3.97722835267682,-11.1360273341334,2.94755000743996
"PGPEP1",0.593899979493139,-9.49504016789841,1.80742043304597
"LRRC25",0.364592753501078,-19.1083042963879,5.04361757572953
"SSBP4",3.05688476439603,-8.67033750885834,1.98157709283519
"ISYNA1",0.842778038656837,-12.7687718421598,2.60409964951618
"ELL",0.0703010623960263,-5.91433967865209,0.708204470114255
"FKBP8",4.74957614439772,-8.92481672961517,2.37063962399851
"KXD1",2.25864396149098,-12.0804376998944,2.97384909909038
"AC005253.2",0.0134051510382479,-9.5778935954464,1.15499545040988
"UBA52",8.20591594086724,-5.7489507497921,2.2483153960219
"C19orf60",8.7426410541461,-7.34257324076598,1.8489529070734
"KLHL26",0.198360865315557,-4.01790388077939,-0.446499679680766
"CRTC1",0.286052360549958,-2.25102063452055,-0.621832015561712
"UPF1",0.405951390517058,-10.8280500699047,1.83758642113829
"COPE",3.1671053137291,-9.62227599737454,2.71663712692993
"DDX49",1.43904919968405,-12.2451084119641,2.73318337638286
"HOMER3",0.194022452793403,-13.7502814913623,2.71555020672239
"SUGP2",1.04040782154315,-10.7777586668872,2.22434776923068
"AC004447.2",0.0965100527045513,-18.864462965008,3.75192091658865
"ARMC6",0.476518655672265,-12.8180395079239,2.80298062504099
"SLC25A42",0.462445839981564,-8.65775404744971,1.35908182266046
"TMEM161A",0.14752028173112,-7.97276962183695,1.2102957409508
"MEF2BNB-MEF2B",0.161670925241652,-6.63087291759494,0.277647213948949
"MEF2BNB",0.734912258604015,-11.8066891032958,2.60524767334934
"RFXANK",0.472233479173903,-11.5087182169264,2.81537350123069
"NR2C2AP",0.251616302399571,-9.21849029905847,1.82600552454178
"SUGP1",1.03608922859463,-9.21339729822569,1.7558341151822
"MAU2",0.812400892159738,-11.7126891613276,2.40021576672372
"GATAD2A",1.34082519665348,-12.5322352368586,2.7226841727611
"TSSK6",0.0896610053524021,-5.76884083346061,-0.156905811886893
"NDUFA13",8.07957357178064,-10.5147584925135,2.99546039920167
"PBX4",0.411016015226599,-7.34183674138569,0.955600544279652
"LPAR2",0.0956125556188564,-7.59155441440791,1.0007550418549
"GMIP",1.59583388909795,-10.6865678185523,2.27096158246871
"ATP13A1",0.462418647181314,-12.3486901084226,2.69502719355155
"ZNF101",1.1169366384154,-6.03018818575861,0.979487774608521
"ZNF14",0.378366092951406,-4.22990017159386,-0.188111133704441
"LINC00663",0.161735234689491,-4.96602630185882,-0.221526059380504
"ZNF506",1.09605387390097,-9.96659903460565,1.84452889102862
"ZNF253",0.451448433601292,-3.31669573460083,-0.410412903572034
"ZNF93",0.179815562585972,-2.92725139573778,-0.804596199548479
"ZNF682",0.337249751160566,1.40373243481607,-1.91228126676983
"ZNF90",1.81208936225091,-9.12042451258236,1.95117708499429
"ZNF486",0.0898647187963504,-7.45189245624546,0.347370191967825
"ZNF737",0.36040986299738,-4.09257082290292,-0.244059875091839
"ZNF626",0.153068844916606,-2.44900870629357,-0.332954729845378
"ZNF85",0.563986460717807,-9.7179886179972,1.57160567118185
"ZNF430",2.18619934233979,-7.16540420194772,1.29653082200989
"ZNF714",0.32722118701319,-11.9074347166123,2.25823932434133
"ZNF431",0.557051701161463,-8.45370689497263,1.40289789887904
"ZNF708",0.6195004222049,-9.11106495755252,1.41024005933106
"ZNF738",0.253032783035095,-19.446199285012,4.34018105862418
"ZNF493",0.0180440238633978,-8.53658263302068,1.63889073797943
"ZNF429",0.182923172145614,-7.66988814304702,1.10358784010561
"ZNF100",0.494361987985806,-12.0912490845369,2.2197607450629
"ZNF43",0.202378767228854,-5.39682781055869,0.278459883427761
"ZNF257",0.314238229871363,-10.0948846228868,1.52897817504669
"ZNF91",1.17456778804367,-6.45595904382084,1.02782139171758
"ZNF675",0.683253483400229,-9.98126508638124,1.92639006126856
"ZNF681",0.63372102702887,-4.74744103780103,0.120425568095766
"RPSAP58",4.63153709006363,-6.42782076751248,2.06717133265319
"ZNF726",0.0659849408854097,-18.79790895313,3.97668154945666
"CTD-2017D11.1",0.396242517872916,-5.55403956296693,0.2229009820003
"ZNF254",0.513122054250867,-7.59721723648153,1.06405276886495
"LINC00662",0.0225581449790884,-1.30192764203506,-0.544908124562157
"CTC-459F4.3",0.219133646491234,-12.015765145372,2.00482945772638
"UQCRFS1",7.31536037655764,-11.8840442994388,3.2021189249998
"CTB-32O4.2",0.179506281766872,-12.2256852983202,1.96763621674075
"POP4",2.42922079031008,-11.0071785908881,2.5972259925284
"PLEKHF1",0.148541420522255,-2.4770337621738,-0.108446013474106
"C19orf12",0.704521328543801,-9.87772340712896,1.78368580562978
"CCNE1",0.182196419509782,-31.7633972180776,7.53557591541665
"URI1",2.42228671397651,-10.0505295369981,2.21001120141616
"ZNF507",0.383405310931165,-11.8513007372913,2.11482015608018
"DPY19L3",0.134767783181164,-20.822271535727,4.57617945250968
"PDCD5",2.27047119380539,-11.4206142468084,2.92969523419374
"ANKRD27",0.0190590586805559,-10.130286845085,1.97376701311282
"CTD-2538C1.2",0.232850258020768,-17.6258275951022,3.67756918532003
"NUDT19",0.235348419174155,-11.6215254724144,1.88891708197095
"CEP89",0.326513997133556,-13.0124227601328,2.5653044753225
"C19orf40",0.280364872470292,-18.9750715107667,4.06595118932729
"GPATCH1",0.665406605814498,-6.96064379752439,0.797635399445954
"CEBPA",0.344562813101899,-17.8730752088333,4.26377667150776
"CEBPG",1.65420907989054,-11.8539454752349,2.74733578906241
"PEPD",1.08042820661742,-10.1317464442134,2.39959968280783
"KCTD15",0.190503789275247,-16.9952188864312,3.41220144537724
"LSM14A",0.623581095350853,-7.63466828632702,1.79268028102275
"KIAA0355",0.59364114350715,-11.7505645076348,2.41920748391783
"GPI",2.23240280945081,-11.997810650572,2.96165694931884
"PDCD2L",0.0318565990903522,-10.4488256852204,2.13356242607407
"UBA2",0.599115748188619,-10.2001380194947,2.38638208333377
"ZNF302",1.7927382667688,-4.06088770718956,0.291095896083663
"ZNF181",0.354682509645126,-5.8689489470525,0.495627122235331
"ZNF599",0.428241774376173,-7.30011434474848,0.769850758855096
"CTC-523E23.11",1.00699373075151,-7.31443934114407,1.33135468094525
"ZNF30",0.137480017886862,-15.3443158751747,2.77612145281043
"ZNF792",0.154087852195197,-8.50554833456014,1.16278026640871
"GRAMD1A",1.291348237972,-9.95411837927593,2.32076640415745
"SCN1B",0.0842042906374127,-8.49199254253881,0.657691157165508
"FXYD1",0.150999286049382,-16.2805552363667,3.58124012181049
"FXYD7",0.238500512325447,-8.12564251693168,1.39667757757348
"FXYD5",2.55320708276474,-7.42062905258039,2.36632835601732
"LSR",1.22356450441963,-7.94561552257521,1.40737878465242
"USF2",0.481446879685949,-10.6031357947296,2.51604455046674
"CD22",0.413846832732579,-6.51386709492395,1.06233473882119
"FFAR3",0.0241116192037995,-21.2005765397318,4.64324040999886
"GPR42",0.0374317970757443,-22.1748274438546,5.06952771865421
"FFAR2",0.0982759583080296,-13.7685648401709,2.86555612796748
"DMKN",0.161400559914721,-6.96413337487614,0.377257186384273
"AD000090.2",0.202365609399654,-20.0838469074473,4.40103972136551
"TMEM147",1.75591367898059,-9.50138946749069,2.38195063327337
"HAUS5",0.123275009799885,-13.9944533376451,2.84330828653129
"RBM42",2.27978583008571,-12.3521696243949,2.9365517759368
"ETV2",0.247009662092108,-15.4414425677134,3.00618158427183
"COX6B1",7.14693331389565,-9.80439767529616,2.89716551018408
"ZBTB32",0.0880214255484289,-26.3701882565013,6.19090376313289
"KMT2B",0.267163409165999,-14.3725026057992,3.02164895597997
"IGFLR1",1.99746165842035,-12.2181459328165,2.8657998732304
"U2AF1L4",3.27161696242254,-10.0171988163544,2.27455464264673
"PSENEN",2.71618583230438,-9.96735735228404,2.40635892138283
"LIN37",0.21993003286518,-9.79650315614383,1.58540711766774
"C19orf55",0.829318561159895,-12.3531669831627,2.47096156005568
"ARHGAP33",0.0315124132835047,-14.8220528158716,2.72784372013218
"NFKBID",0.333870072513019,-8.54721240602777,1.53125124703737
"HCST",1.4496789024686,-4.68551884574125,1.41096894963026
"TYROBP",0.194769514945081,-10.4645698226932,3.45007501159389
"LRFN3",0.225653155440669,-13.0706229618959,2.26913433187016
"SDHAF1",0.79495654956171,-8.01497904435761,1.60237029753116
"ALKBH6",1.09840417476954,-12.1506449666679,2.57955434492769
"AC002116.7",0.127338065548946,-13.8193831968439,2.33058415197723
"THAP8",0.299893512288857,-16.7977503364783,3.438307685243
"WDR62",0.14437763189834,-36.2247096173034,8.56647051941792
"POLR2I",0.581174606705285,-8.23282843646073,1.92754856670124
"TBCB",1.33059885984962,-8.96931964897061,2.38907636680567
"CAPNS1",0.81729549276637,-14.4142420575954,3.69919139831436
"ZNF565",0.119164310202803,-11.5216085052702,1.65532881162351
"ZNF146",1.46627671983516,-9.33193586736834,1.91106683518481
"LINC00665",0.219073213819201,-7.00560090869211,0.928837994682221
"ZFP14",1.11163662075227,-2.54794339062023,-0.373294368440133
"ZFP82",0.556990938149004,-7.62611077054028,0.942847634609325
"ZNF566",0.125844670246284,-7.01197581965539,0.864423063301497
"CTD-2630F21.1",0.106167356479693,-7.5706656882064,0.437305694453501
"ZNF260",0.34731011931219,-8.53821543433092,1.08349059383478
"ZNF529",0.576721627246437,-7.53970672949805,0.935753432827782
"AC092295.7",0.206344842669392,-1.1224479540194,-1.29684407029946
"ZNF382",0.360422107037657,-3.71518703514134,-0.35760700538074
"ZNF461",0.1449066769506,-8.47164509172298,0.791544721927875
"AC074138.3",0.232849460159223,3.58524428587462,-2.69418484555768
"ZNF567",0.0821400600226141,-7.81674880467116,1.24094673791933
"CTD-2162K18.4",0.0965906097915375,-20.1304710643601,4.06372528529751
"CTD-2162K18.5",0.468292638291357,-3.19502050699231,-0.435254485687454
"ZNF790",0.473795867507133,-13.3678656860971,2.57084629088791
"ZNF345",0.451240159638514,-5.10509893607626,0.126771299660648
"ZNF829",0.124207007028451,-11.5478533226505,1.66306780443366
"ZNF568",0.697266845033696,-11.9094865920402,2.28168635917671
"ZNF420",0.664620003650398,-12.5267696962833,2.54464567398139
"ZNF585A",0.0528477535307132,-9.72122620675552,1.4876194158996
"ZNF585B",0.182109724110817,-11.2660003439171,1.98819147590689
"ZNF383",0.241743782747757,-12.8991399911049,2.49673233436653
"HKR1",0.631117134735388,-9.74246273317402,1.60527121184174
"ZNF527",0.23382684655698,-5.02703543985986,-0.0927267908924113
"ZNF569",0.106712490800748,-11.3639195676343,1.95915337222162
"ZNF570",0.0426891560986724,-10.1830931534612,1.48521589553147
"ZNF793",0.334228094426171,-9.46358773511861,1.3424018035403
"ZNF571-AS1",0.0566815163257672,-23.5022970982674,5.02585515969461
"ZNF540",0.222069530267321,-10.7014631772178,1.57238640041082
"ZNF571",0.415233054790956,-6.65131812514824,0.563926868081872
"ZFP30",0.102801820220751,-20.3101215018883,4.16760486756427
"ZNF781",0.0569443761997101,-10.8233172800982,1.71105053340138
"ZNF573",0.562048048864949,-2.36762120294945,-0.631775540766782
"SIPA1L3",0.396630840915693,-5.36399650903967,0.16601955007719
"SPINT2",0.908512922400826,-10.9848710661584,2.75828479896966
"PPP1R14A",0.0254478945230866,-5.99422027359146,0.805912953774138
"C19orf33",0.00363866747979619,-0.380882882124064,-1.45472263800343
"YIF1B",0.980667702752762,-14.9526165250926,3.65453450008454
"KCNK6",0.0676172096216236,-17.9103551753386,4.36342930616374
"AC026806.2",0.154066355056773,-14.5525701826766,2.74737776236793
"CATSPERG",0.0209503066845839,-9.58379045340756,1.21619980485616
"PSMD8",7.98895390051509,-11.6187531743656,3.13894172129271
"FAM98C",1.18657025969491,-11.1139328089888,2.42379902523466
"RASGRP4",0.136146462256668,-14.4317238672593,3.23327356567684
"RYR1",0.24400620785361,-20.8725447568313,4.60892207658329
"MAP4K1",1.3748476058647,-11.1046583799065,2.52436696696425
"EIF3K",3.16351314900083,-9.28624685628038,2.91243468581628
"ACTN4",0.16094354835241,-8.95389390018342,1.89799215459274
"CAPN12",0.049194452666862,-4.08021674618769,0.294434477749581
"ECH1",7.29526546135238,-10.2944290974821,2.71515938563016
"HNRNPL",0.602748724779147,-7.40505787700116,1.53539294251574
"RINL",0.287982285900832,-8.2425905241645,1.43124852445481
"SIRT2",1.68750276594149,-10.9119876236188,2.43801605063163
"NFKBIB",0.692984231846252,-8.82940649520116,1.70181540598624
"SARS2",0.542419880410221,-13.0640487016225,2.58038495015072
"MRPS12",0.340152093500012,-6.55621999343598,1.44127628904887
"PAK4",0.277402433609817,-16.5860072518117,3.35833181550838
"IFNL1",0.129668184113857,-0.904870109517468,-1.52734817056469
"LRFN1",0.037492794767343,-6.47347653572163,0.483742187390922
"GMFG",2.54073766565478,-8.07439803598081,2.5249835086965
"CTC-246B18.10",0.284289699210557,-20.495670649583,4.41919849736552
"SAMD4B",0.154231783902126,-11.4952857721021,2.41058406119781
"PAF1",1.36959768929641,-10.5525762143366,2.19349380212793
"MED29",0.483386225789192,-12.9425259307235,3.0764934142533
"ZFP36",1.46536703488325,-7.96810841222063,2.58371161957068
"PLEKHG2",0.440677777812793,-13.2586704441014,2.55040335990533
"RPS16",5.40939439513599,-4.86232715312976,2.10164470594217
"SUPT5H",1.59360316023277,-10.2914247625162,2.24002540446884
"TIMM50",1.17488662909255,-14.091425878429,3.29487816792721
"DLL3",0.0947263998519883,-11.662742103546,1.59770886465915
"EID2B",0.207081027494064,-11.7581871592467,2.30853539739785
"EID2",0.00343595120714304,-3.14695548983782,-0.147486225147469
"DYRK1B",0.601755800537281,-10.1391696967728,1.73861997199689
"FBL",1.60754921756621,-8.24048434702482,2.14197800144011
"FCGBP",0.0874031907920183,-2.57840724423304,-1.1204086060164
"PSMC4",0.674225404121205,-10.8336909967565,2.73810923084923
"ZNF546",0.134139388304624,-19.2628699896935,3.86669145175888
"ZNF780B",0.537189066694938,-7.13019657436058,0.785686427236697
"ZNF780A",0.622988242351894,-7.91667105647491,1.3137304497694
"MAP3K10",0.18460437955531,-18.9342161908008,3.91911694923969
"AKT2",1.40775432284372,-10.4995613596471,2.23978435792759
"C19orf47",0.195038836867254,-11.1163312838564,1.66910147612672
"PLD3",0.835044832191577,-11.0126527926895,2.56353940325617
"SERTAD1",0.466715709146934,-8.92929279145325,1.97711108088505
"SERTAD3",0.77636890560519,-13.1493498438732,3.04804675401319
"BLVRB",0.415511137841089,-11.0352261849319,2.83764503655431
"SHKBP1",1.80481002851086,-10.0278497642301,2.48836097005686
"LTBP4",1.18480153369453,-9.97091310488799,1.88097664877581
"NUMBL",0.133447790220497,-15.1720942628569,2.72590918229353
"ADCK4",0.83665993643511,-11.823894683142,2.38020283645669
"ITPKC",0.164387061410759,-12.8951797866431,2.13332407777595
"C19orf54",0.290704176049597,-12.2286722293048,2.10657407601929
"SNRPA",2.62146560016929,-13.4742759025276,3.35057934328021
"RAB4B",0.296841779861293,-12.0019071653148,2.83094520314635
"EGLN2",0.630981141278655,-7.23264159300333,1.61231519530687
"AXL",0.145905781397223,-26.0081155755365,5.82644890254391
"HNRNPUL1",2.26615305933581,-9.13711353426675,2.1424679905724
"TGFB1",0.670206462101985,-11.4512564131398,2.99405842723085
"CCDC97",1.11156484516584,-10.9657629771681,2.24921189409555
"TMEM91",0.0543255443908243,-8.68587849713637,1.64450344001488
"B9D2",0.458068380943043,-14.365311423231,3.17328681861711
"BCKDHA",0.829045921672164,-11.1191853016665,2.13795025103886
"EXOSC5",2.22812580618264,-8.97365595960339,1.85297798191364
"B3GNT8",0.454601518616771,-18.5456797663879,4.07080276057326
"ATP5SL",0.135243911111074,-9.53864463741642,2.05240149237782
"AC006129.4",0.210257009117284,-10.6521292359428,1.55782508581925
"AC006129.2",0.893262359554242,-4.43672217815031,0.221803672255635
"CEACAM21",0.531537001358968,-13.4662273687284,2.78374297025897
"CEACAM4",0.00825957657119878,-0.626958272823738,-1.01385767561878
"CEACAM3",0.15906990329815,-22.7274923790152,5.34877965300979
"RPS19",6.0571283606636,-5.09710542488805,2.3365946493923
"CD79A",0.0804703531132961,-1.46623064051542,0.290875215902222
"ARHGEF1",2.04065147481876,-6.45572970212997,1.55170551202024
"RABAC1",3.33084521334791,-7.5946850303895,1.99203838995539
"ATP1A3",0.179250130593431,-10.6639502465995,1.50748393586583
"ZNF574",0.135836507848494,-3.00986900532625,-0.491060668269415
"POU2F2",0.511272047458231,-14.3954679219317,3.79781300605521
"CTC-378H22.1",0.0640162614906188,-9.1826073346209,1.57344023621344
"CTC-378H22.2",0.338989859962474,-10.9375003504538,1.98139697044138
"DEDD2",3.05873935927754,-10.342476756975,2.46453457354275
"ZNF526",0.110962390359581,-9.2458987608607,1.44126970024979
"GSK3A",0.126210721881618,-16.5299417470007,3.71762446352266
"ERF",0.524045619602558,-6.32124214952079,0.534620130410525
"CIC",0.944324052441286,-12.3191279931805,2.50005112185699
"PAFAH1B3",1.69014307103266,-17.9051199329183,4.4100414021012
"MEGF8",0.106348242940533,-9.33208343710585,0.961779378241226
"CNFN",0.103113603508126,-8.30161831324642,1.15269431245401
"LIPE-AS1",0.548975818829411,-12.3825532518542,2.39738370555675
"LIPE",0.32549350368421,-1.02358282589289,-1.20361043621961
"CEACAM1",0.145095851265036,-11.7506147361522,1.76217907865134
"LYPD3",0.231206840065286,-11.0258047471693,2.05041463380621
"PHLDB3",0.595654175373808,-10.3821023110614,1.90460938643969
"ETHE1",0.625712812961852,-9.96865815856499,2.42660631432908
"ZNF575",0.273895079934615,-11.8543341970832,1.99663108711524
"XRCC1",1.34758137052142,-9.63351682906092,1.8883012952142
"PINLYP",0.110078378829683,-16.6534231277629,3.11215088775265
"IRGQ",0.28987252098438,-7.54184557920687,0.962231240480984
"ZNF576",0.277244285292408,-15.7819373300837,3.51698408797437
"ZNF428",0.846369360179181,-7.40667187512189,1.69107407012353
"PLAUR",0.543996955233663,-14.5100400397851,3.73083454997052
"SMG9",0.203180444618486,-11.2982075012691,2.16196774836065
"KCNN4",0.401260237325552,-16.594969158017,3.77552180822688
"ZNF283",0.170057410405486,-17.2310488351404,3.36309074261311
"ZNF404",0.0254202704298366,-1.54237040969472,-1.16917589629221
"RP11-15A1.3",0.216925209738449,-9.4242207780771,1.47548641523412
"ZNF45",0.00575874402512598,-4.67919687780464,0.0912963968587147
"ZNF155",0.172316103801148,-13.5226302622628,2.31727637387893
"ZNF230",0.512810808656295,-9.14684329301756,1.37378735261068
"ZNF222",0.0759968803070193,-8.30617660596847,1.0146443492334
"ZNF224",1.06596946735219,-7.63519391349382,1.32895720557086
"ZNF234",0.327672478210923,-10.1806646675082,1.53834145179747
"ZNF226",1.63268297622568,-10.6329398190171,2.23196975312316
"ZNF227",0.397127564671389,-11.6848331375325,2.2301440859614
"ZNF235",0.251959302725934,-6.28488164313788,0.306304298607382
"ZNF180",0.594432554433271,-6.99528325880572,0.773903994244735
"PVR",0.0895686657396142,-17.2593264544701,3.40537809729928
"BCL3",0.759719121436043,-9.17334624371521,1.59638426610144
"PVRL2",0.276794293147171,-19.2059983505431,4.14962969499728
"TOMM40",0.595609905149022,-13.3475898974421,3.14936026259641
"CLPTM1",1.69948644418319,-10.9617015461419,2.41731016584207
"RELB",0.0735642573986269,-7.26309846922533,1.35660876550222
"CLASRP",0.36483586000324,-8.17603059003062,1.47547277678053
"ZNF296",0.476386136827946,-17.5895008292241,4.0570414573007
"GEMIN7",1.26349787505537,-9.46911547886115,1.95919441647102
"MARK4",0.306102437515397,-4.5094011154582,-0.167620576978075
"PPP1R37",0.612778359190853,-11.9959343681692,2.25939469408464
"TRAPPC6A",1.63310109516532,-8.46506362916092,2.08600908519559
"BLOC1S3",0.32457996642174,-6.96251541948364,0.583626329061675
"ERCC2",0.749283353343359,-10.0456650688673,1.76211970088197
"PPP1R13L",0.0402202403686068,-2.52523767556021,-0.803552003628844
"CD3EAP",0.0423346781965242,-17.879398012552,3.84245214127184
"ERCC1",1.07494376124355,-13.0406718557502,3.25190084948703
"FOSB",2.31388265810759,-7.2323523916263,2.08643163993206
"PPM1N",0.086962135449855,-20.051993732557,4.90802981988305
"VASP",1.52879086019792,-12.830278678229,3.51013605430441
"OPA3",0.466915099031864,-18.9793687068073,4.40491449590296
"EML2",0.569304420470512,-10.436850432564,2.04179742714134
"C19orf83",0.254210665680046,-8.94821679474132,1.09930584411008
"SNRPD2",5.08760376560242,-6.6820972095397,1.95865183184649
"FBXO46",0.201142660849254,-1.39515067707557,-1.24036530947548
"DMPK",0.09230822876847,2.13860722468482,-2.56517092183413
"DMWD",0.0245456665271183,-6.93361337678504,0.454051743483829
"SYMPK",0.869827922594184,-12.2346467787911,2.66989569832893
"IRF2BP1",0.189465147956182,-13.5890662975562,2.66851722357615
"MYPOP",0.551557112513126,-14.5089601101617,2.96617947709711
"CCDC61",0.87621816327556,-12.8232492544151,2.63669319563467
"PPP5C",1.32478731507061,-11.0875996214736,2.27189088058278
"PPP5D1",0.212237633350319,-18.6979968296481,3.85113115494989
"CALM3",1.52505330047971,-10.6823540354684,2.97102374395537
"CTB-12A17.3",0.121145004399113,-22.6112035134069,4.82467124839637
"PTGIR",0.200395490301701,-17.7449430416707,4.07753279374916
"PRKD2",0.0995685912596517,-8.9255893002592,1.87218251685468
"STRN4",0.452789492143359,-8.66521338006481,1.36778849025771
"FKRP",0.202089838440406,-11.8712823401994,1.94057745478239
"SLC1A5",0.555426218058669,-15.1931876303368,3.41715836179971
"AP2S1",0.910791477870015,-12.9961197074374,3.69419209187082
"ARHGAP35",0.258462109199155,-8.62561667011063,1.26662739849705
"TMEM160",1.35362387282494,-7.63666504427763,1.82064126164805
"ZC3H4",0.471369798279294,-15.2101014695096,3.14035197692134
"SAE1",2.46788703625325,-9.16062340685608,1.99088228102451
"BBC3",0.146959331596459,-13.7085447357817,3.22628471403261
"CCDC9",0.477588386737954,-12.0462284403202,2.21722372748886
"PRR24",0.328136092373885,-12.9173924903221,2.73141968575994
"C5AR1",0.221382996906359,-14.514895345881,3.70870834073218
"C5AR2",0.00607743436724398,-16.7582531738976,3.22606755155968
"DHX34",0.00950167808727545,-9.98730081997289,1.83626150754417
"KPTN",0.397456706674798,-19.3138614680859,4.30230285629483
"NAPA-AS1",0.00580720625831203,-11.0455449030118,2.23163003750199
"NAPA",1.85045009450751,-12.7348841541801,3.1995123941241
"GLTSCR1",0.272756085730538,-16.8058175150929,3.47471343841826
"GLTSCR2",2.56569621910531,-4.36807241851423,1.56366428436248
"SEPW1",1.20983185380304,-7.37237727322809,1.85233648555725
"PLA2G4C",0.0423196517766666,-15.5790093037843,2.84450409885078
"LIG1",0.0927145379908385,-17.3124544808579,3.95325960389812
"C19orf68",0.358777779436013,-13.2338095144665,2.50730778181337
"CARD8",1.41029287469138,-8.26036756880244,1.83678193591925
"CTC-241F20.3",1.59864760989485,-9.8372371254135,1.91465931810318
"EMP3",1.97617130147543,-8.51865231556055,2.72173481709606
"TMEM143",0.409444370406116,-9.87396325951134,1.52015932841184
"KDELR1",2.5471005506834,-12.6797631181068,3.11299351067206
"GRWD1",0.424004814317985,-11.8029777479721,2.50672964675236
"CYTH2",0.142634670975886,-7.05775199355129,1.32850606284708
"CTC-273B12.10",0.107292605866835,-7.09643334505706,0.295617012265748
"RPL18",5.05584584053282,-5.07718207521965,2.14261809268443
"SPHK2",0.758530425606686,-11.0558448550396,2.20780317940003
"DBP",0.494607437495998,-8.16868062657456,1.55825546909744
"CA11",0.760094147384622,-10.565915626077,1.89447853752966
"BCAT2",0.976365582821487,-12.9214743276906,2.69120035298069
"HSD17B14",0.109201011613326,-16.0366768439236,3.01653704750067
"PLEKHA4",0.0877492345562015,-11.290657976767,1.48786040980725
"PPP1R15A",1.93509450780723,-7.0991455856918,1.94902372400881
"NUCB1",2.02681104089642,-9.84599791443678,2.44437912057933
"BAX",2.68652613960353,-9.29698929636083,2.475403968928
"FTL",0.678734771428536,-7.79840536186674,3.27883114963926
"GYS1",0.0138123791229199,-13.8446779170893,2.79967346953967
"RUVBL2",1.62308153278075,-12.4790454637306,2.84752497059484
"SNRNP70",1.96514452813955,-9.83145145840177,2.36451748037481
"LIN7B",0.337345457998802,-9.35929585144363,1.60902661481404
"C19orf73",0.106476260081866,-13.2214552245889,2.49070120246659
"TRPM4",0.00363847440540645,-9.2353781199625,1.50940722546438
"SLC6A16",0.269609349577223,-6.15463829127057,0.287991078066926
"CTC-301O7.4",0.373043784694636,-11.7033031718544,2.21383190319555
"CD37",1.45300659687162,-4.76775952204155,1.66349540768528
"PIH1D1",2.77168241654958,-9.56476182270429,2.25965600249331
"ALDH16A1",1.45942142343193,-12.0050527545458,2.70563062913768
"FLT3LG",0.510524371956316,-7.40013835554258,1.75973540601123
"RPL13A",5.92147047745196,-3.11903566651623,1.92067627730092
"RPS11",4.5397451751232,-6.39699944013956,2.36701988237513
"FCGRT",0.477364894170096,-12.1179336524399,3.30288173942153
"RCN3",0.22891571646225,-14.0005764135216,2.56464861805261
"NOSIP",0.87229068138802,-6.82144632231762,1.95803197434214
"PRRG2",0.227836453144302,-7.73313096922283,0.716252312125178
"PRR12",0.0539109685563968,-16.6464858075709,3.62896342209881
"RRAS",0.516067792331395,-14.4154912602301,3.14044478153558
"SCAF1",0.6899599803839,-11.4387630036262,2.24234226207431
"IRF3",2.44632766887278,-6.33738870845466,1.25569185122108
"BCL2L12",0.622382353531154,-13.7023032694443,3.08632430707694
"PRMT1",2.52097831890678,-11.4429318677464,2.94099871903639
"TSKS",0.131065940583822,-21.5778369698762,4.53031835199211
"AP2A1",0.597021366086778,-14.7845514448905,3.60330397681148
"FUZ",0.348121612233633,-15.7729494866404,3.4069057691004
"MED25",0.92465621389792,-12.6809725814717,2.69871716913898
"PTOV1",1.29766219874082,-12.209269301412,2.87633356210204
"PNKP",0.81151479307397,-8.49948075712154,1.75267636901477
"AKT1S1",0.800885073123962,-12.8121098929633,2.68302570840423
"TBC1D17",0.69564004776478,-5.5417979245092,0.720539834011678
"IL4I1",0.0227910919775562,-14.6788981212041,2.95303863931299
"NUP62",1.55180955243775,-10.3599415754257,2.23566799179041
"ATF5",0.326633988025907,-17.6471871076445,4.18054269521851
"VRK3",2.99536539692557,-8.13780264397808,1.67012560577421
"ZNF473",0.269716868208487,-3.55232393154489,-0.493349505587597
"KCNC3",0.0170600186908974,-24.3113987615504,5.4502698388453
"NR1H2",4.35657873654711,-9.07127422057756,2.10173542261982
"NAPSA",0.0129347686402819,-28.9663553325084,6.77260725649429
"POLD1",0.465059363040913,-19.5050434275138,4.48015930672264
"SPIB",0.0789990949513321,-9.26230189746214,1.89644792146709
"EMC10",0.463112673816984,-10.7934560718502,2.64226671884808
"JOSD2",1.68482646832077,-11.1478517564671,2.62701002624287
"CLEC11A",0.383315726466435,-12.0803011696761,2.62751158152526
"C19orf48",0.399239680766326,-13.7203565492158,3.14680773555646
"KLK1",0.0273648608319456,-9.08553299705335,1.21448746278415
"CTU1",0.449548501641102,-12.4973772749838,2.34940944346327
"SIGLEC9",0.167605500463396,-20.3456256101898,4.82555405546756
"SIGLEC7",0.43029646008191,-14.1754309312118,3.0753726743573
"CD33",0.266275071643912,-15.3485731831884,3.82703838668533
"VSIG10L",0.0883251492238637,-3.89071479674664,-0.722850543079401
"ETFB",5.05766955759441,-9.58075716983391,2.40796985338484
"CLDND2",0.162755407397535,-11.9685978678876,1.86103565184541
"NKG7",0.11078834729142,2.86980192230315,-0.569726854829555
"LIM2",0.0178393491870574,-11.3671397714535,1.71493908884615
"SIGLEC10",0.304280067898378,-20.346645485323,5.19061453281231
"ZNF175",0.00572075369829776,-2.16011865914337,-0.784698061399077
"SIGLEC5",0.238793401237255,-14.1973501569916,3.02033296783659
"SIGLEC14",0.0601939650751,-21.3695988211233,5.0739892709365
"FPR1",0.17081293614666,-12.1755867663751,3.07820637860278
"FPR2",0.100919104045865,-18.9934530854423,4.22133395177328
"ZNF577",0.250091680103315,-7.09929098609588,0.549475343191514
"ZNF649",0.217628303519744,-2.19826068073515,-0.970142492077351
"ZNF613",0.144005177218265,-8.20506363197291,0.712210836140656
"ZNF350",0.0399911711706019,-4.76968984163711,0.472169322084261
"ZNF615",0.214776581335943,-10.2788439753046,1.49311979127253
"ZNF614",0.249379179822944,-8.16595414710653,0.86705256997075
"ZNF432",0.396183521272133,-18.6012235720634,4.0079238474023
"ZNF841",0.135396505048331,4.27383610957602,-3.04504513175833
"ZNF616",0.209937685058836,-11.3306302431413,1.75790202562239
"ZNF836",0.0623789201848721,-5.91660080366432,0.73794302583938
"PPP2R1A",2.37849466831477,-10.0315715625836,2.48834790562284
"ZNF766",1.09180350833135,-4.51186274901587,0.335832100120554
"ZNF480",0.667142792565939,-11.6247697743952,2.52228954814173
"ZNF880",0.323647259129484,-5.95373267105886,0.748994309637504
"ZNF528",0.0166987486086193,-6.66126185500358,0.739099592572345
"ZNF808",0.0346581161215123,-16.417963469669,3.24496897995993
"ZNF701",0.339868019551805,-10.173989444717,1.75673509536709
"ZNF83",0.846614569037796,-8.54486047543988,1.5433954539083
"ZNF611",0.218786968388924,-8.62222533850736,1.34192501157483
"ZNF600",0.248585388856612,-4.53413521489693,0.0478215437589586
"ZNF28",0.296727244255794,-9.90950897632672,1.423445208665
"ZNF468",0.0740681168281062,-10.1965181904321,1.84417789192279
"ZNF320",0.209871127570918,-10.2951350733524,1.4523913896061
"ZNF816",0.465840824043152,-8.2078129654226,1.06330853104935
"ZNF160",1.09902252422808,-7.44199377739323,1.08910205138196
"ZNF347",0.197715538221832,-5.81287681443373,0.0928588643930283
"ZNF665",0.127350536021898,-15.4058108803146,2.79404413538075
"ZNF677",0.568238305183307,-8.73108050914228,1.48944719344808
"ZNF845",0.223211877793646,-11.4067452341433,1.78032155940112
"ZNF525",0.360405683058635,-7.55185480081882,0.790503677807951
"ZNF765",0.0802349756209768,-12.5561336713246,2.25302832627414
"ZNF813",0.0136713227683959,-10.6213649199934,1.4637813998993
"ZNF331",1.30292446968948,-6.61016561048567,1.41196243383635
"NLRP12",0.051527866247151,-19.3893626775557,4.24878635401475
"MYADM",0.446629319277421,-10.0658995319551,2.60138225525884
"VSTM1",0.207113740024969,-12.1294212337008,2.82196397577478
"OSCAR",0.154247318399518,-20.1699642417902,5.16266377739149
"NDUFA3",4.01947070479666,-7.8392996966402,1.93943440068659
"TFPT",0.589373190257895,-13.8182755236663,3.24762386185733
"PRPF31",0.28888643844015,-10.5973702365672,2.54868131277045
"CNOT3",1.11625666679581,-8.70120941824218,1.53822951082687
"LENG1",0.647028199207111,-7.50535262637408,1.57811966372457
"TMC4",0.179264866520886,-12.4641410905425,2.03770578745124
"MBOAT7",0.274913393766255,-15.4854715002611,3.75184396516424
"TSEN34",1.54148484794589,-10.6732017209965,2.48938369880476
"RPS9",5.57077351878308,-5.54392226923253,2.30277655489604
"LILRB3",0.269482556035132,-16.3458337985187,3.92535591273676
"LILRA6",0.313225688449002,-17.733306758046,4.04224872954855
"LILRB2",0.457882003320651,-20.2967126359125,5.35916386796179
"LILRA3",0.169342337482177,-19.387802271482,4.98065759463675
"LILRA5",0.314987405644088,-15.852291273387,4.16099314101697
"LILRA4",0.00494120628531576,-27.0929423427231,6.58314021816644
"LAIR1",0.283534175508032,-10.1909530218439,2.37428115477489
"LENG8-AS1",0.212644370391886,-9.73618353768458,1.31077506907931
"LENG8",2.44336782593178,-9.7827772217161,2.21694684486672
"LENG9",0.190626260870754,-20.8984398129812,4.73180749705027
"LAIR2",0.088284447598124,-13.9956853539904,2.67401877829716
"LILRA2",0.431343455499543,-18.9679520531096,4.67392719884046
"LILRB1",0.386166125910189,-19.5118699284533,4.9621703148425
"LILRA1",0.564966604099645,-18.9424007642773,4.64698981546751
"LILRB4",0.252707927684221,-19.5439077869071,4.92729938591999
"KIR3DL1",0.255725869829555,-1.96820444232503,-0.993153279724492
"KIR2DL3",0.0174024587107633,0.462701108878217,-1.53273143071735
"KIR3DL2",0.0533298875161994,-2.19651236967277,-0.527310963839404
"FCAR",0.0396646727350196,0.0910017229143546,-1.61975641776999
"CTB-61M7.2",0.0382823683415429,-8.28705634514475,1.02345012522961
"NCR1",0.0727925699715648,0.670114102237234,-1.70340302235171
"NLRP2",0.229111389211975,-9.2341175765625,1.16209322136282
"RDH13",0.232375036366902,-11.7002130154356,2.13596689014632
"EPS8L1",0.0795429831092534,-18.5064602130531,3.64865451162914
"PPP1R12C",0.143326066729004,-8.3625295051909,1.27823000746915
"TNNT1",0.0347351527407483,-17.0051024119094,3.77686711725935
"SYT5",0.361619374049624,-8.43844823755856,1.06836974588285
"TMEM86B",0.644829817382521,-14.0050039115671,2.85482368674146
"PPP6R1",0.283445044143756,-6.88116169889896,0.524243901976921
"HSPBP1",0.36438668680255,-14.7856843932103,3.475335255596
"TMEM150B",0.0627138892887582,-11.1274886143901,1.81748478307027
"SUV420H2",0.0315190305207811,-7.36584350805589,1.06161120378539
"RPL28",11.315432674956,-5.11307084520686,2.30409534160883
"UBE2S",1.01912420523584,-10.1635181153071,2.08186927908711
"ISOC2",0.181467124766286,-18.8534846690852,4.81556707166356
"ZNF628",0.074328916957246,-10.4391994072456,1.80208615301321
"NAT14",0.0159741090345243,-17.683351404336,3.61113551951962
"ZNF579",0.0889884733315931,-20.486666575044,4.21822034419529
"FIZ1",0.106855920775316,-12.2570888137751,1.91125748004102
"ZNF524",1.70896390039486,-10.9184436374321,2.55043217300486
"ZNF865",0.384801161702846,-9.01154558677432,1.25200466979819
"ZNF784",0.221165461098846,-11.1428886451301,1.98192287604684
"ZNF580",1.09391166657338,-12.1198065847899,2.70732323425703
"ZNF581",2.11026564642629,-12.7825432470439,3.1382645392707
"CCDC106",0.373967109922255,-10.18886878757,1.58626315186996
"U2AF2",0.8847838642073,-11.2762535134839,2.48125801008342
"CTD-2537I9.12",0.00178505057858266,-8.12376322730253,0.808672925952004
"EPN1",0.22306869116314,-17.2264423383018,4.29163822532297
"ZNF787",0.506188312446316,-12.560916605607,2.36801174687837
"ZNF444",0.402638339854295,-7.00052706301814,0.994674698732811
"ZSCAN5A",0.0198332106745991,-11.4803780002484,1.93722108200579
"AC006116.20",0.12265567916712,-17.9278414267841,3.52605226617658
"ZNF582",0.15928709838138,-10.0243566870857,1.6118747587537
"ZNF582-AS1",0.0351174380195535,-9.17121135411764,1.1654129450215
"ZNF583",0.517310198030314,-10.1699169015674,1.68587324737329
"ZNF667",0.163249878907748,-8.46137068079459,0.823520876832404
"ZNF667-AS1",0.466826447187354,-6.12514945312161,0.443521692442355
"ZNF470",0.126125603159821,-10.7460506458693,1.42636051182736
"ZNF71",0.364115712535653,-13.3326366518417,2.53619180531834
"AC007228.9",0.279232549940025,-15.7473366727436,3.1514542206289
"ZNF264",0.178604503903273,-10.4477725595322,1.95662808007594
"ZNF805",0.117654511890798,-16.3853542864534,3.03426766238052
"ZNF460",0.911652276614419,-11.4676541008724,2.21758851202639
"CTC-444N24.11",0.0271752712924719,-1.80729719837907,-0.709305606356217
"ZNF543",0.106045309180054,-16.0277295480298,3.04817185401708
"ZNF304",0.133216112907093,-18.0366683735997,3.51295066718282
"TRAPPC2P1",1.3860270966789,-8.52203650647875,1.59872583987673
"ZNF548",0.727395484793982,-8.37835800599728,1.24884886443098
"ZNF17",0.343616789617858,-9.99110144483857,1.51347847938834
"ZNF749",0.0944681673120722,-7.92725206452879,0.930430364379539
"ZNF772",0.111194154378814,-0.466036495779299,-1.70845664860064
"ZNF419",0.383611776749273,-10.660205070596,1.72525418899731
"ZNF773",0.396751338568124,-4.67941455311943,-0.0391624325950723
"ZNF549",0.214009906596648,-10.7145005776319,1.57623413687275
"ZNF550",0.506182952158169,-7.54691393599541,0.889078331406355
"ZNF416",0.162569630603499,-18.0554638747252,3.63551186501218
"ZIK1",0.0463189812426812,-7.67395373662117,0.760440306607226
"ZNF530",0.178083085990725,-3.47382452131633,-0.639385021931495
"ZNF134",0.565292244983392,-15.7720919140031,3.33284914789807
"ZNF211",0.0975582733286528,-7.3693269647375,0.983789491401741
"ZNF551",0.325079909923447,-6.59051019702387,0.472665317664907
"ZNF154",0.177110067136466,-10.7968971053701,1.54673937066238
"ZNF671",0.163752251617937,-10.0284556840474,1.61308403096861
"ZNF776",0.378378437407762,-15.8736636472324,3.23526167661009
"ZNF586",0.603123284195574,-9.92174687221426,1.90527652272796
"ZNF552",0.352791686678865,-16.8425321284572,3.52989734292986
"ZNF587B",0.0984942655343705,0.589641589121204,-2.03187819158698
"ZNF814",1.12329264321604,-6.4136352235088,0.788475595588485
"ZNF587",0.252171006867114,-16.364555627652,3.563154776298
"ZNF417",0.148747353700132,-13.0171261370756,2.1691030127395
"ZNF418",0.222626789490283,-11.9890999616995,1.95168393320668
"ZNF256",0.230786083746382,-7.05363055524099,0.513752326679219
"ZNF606",0.353165231758131,-8.67701962523614,1.12465109045234
"CTD-2368P22.1",0.01558244871106,0.146678957518426,-1.77184882293507
"ZNF135",0.0175728327039942,0.378019271832168,-1.81040666130913
"ZSCAN18",1.57445415299734,-3.84348566620841,0.164108447852626
"ZNF329",0.268183069148914,-7.6593310928485,0.736881398225984
"ZNF274",1.37241558643062,-6.33702182144388,1.04175634028181
"ZNF544",0.427631566436762,-8.99928437529328,1.52986752452627
"CTD-3138B18.5",0.113837802558174,-9.36688384936291,1.58764821010566
"AC010642.1",0.314249539534481,-8.6374464452836,1.86482803223012
"ZSCAN22",0.107714940207839,-6.6174963874973,0.15231125145994
"A1BG",0.797746258549908,-9.77835552934699,2.09778275609219
"A1BG-AS1",0.601487655407803,-14.0062324546387,2.82908014347252
"ZNF837",0.415217333267257,-9.56100066717477,1.44027913724145
"RPS5",3.57509491574764,-5.13549675882288,2.17876757839466
"ZNF584",0.316353307583432,-11.4194591687548,2.11512027264174
"CTD-2619J13.14",0.0833733442046537,-24.0820428613862,5.1899720956179
"ZNF324B",0.143323633627426,-6.88287596115987,0.317777287471334
"ZNF324",0.072946829156046,-13.0865844630905,2.50010997389835
"ZNF446",0.535488003063579,-10.9766972508803,1.9330654087322
"SLC27A5",0.455936455483625,-13.9046822344946,2.9571816579281
"ZBTB45",0.303570763311736,-16.8560591397119,3.54725109994908
"TRIM28",0.38029403782474,-11.8493024842086,2.60202402146393
"CHMP2A",3.58222519752402,-10.5113690538396,2.78037959763313
"UBE2M",0.87239032073517,-13.1769829624401,2.81966870894031
"AC016629.8",0.105117967928784,-10.9747254354262,2.10093737659422
"MZF1",0.878092422250024,-10.6014202285516,2.09391257560866
"RPS4Y1",4.46713414804444,-5.03929062617487,1.80538744216394
"ZFY",0.450897411236737,-5.63048504740631,0.284005805673614
"TTTY15",0.134850290654542,-5.14963448400026,0.406872992262002
"USP9Y",0.367182487065706,-11.6461381056753,2.19706912220806
"DDX3Y",0.620027354177303,-9.44552270006981,2.0000271225481
"UTY",1.5444227704915,-10.683226812658,2.21609248421856
"TMSB4Y",0.0935694050020808,-16.1137789014117,3.24018349449748
"TTTY14",0.116670494410994,-13.9424896076097,2.40571215994023
"KDM5D",0.893219046264837,-11.2052078564357,2.22644953367698
"EIF1AY",0.374500926591607,-17.3427992418797,4.61723790881433
"RPS4Y2",0.197718044088395,-4.1192069131435,-0.415976704531101
"TPTEP1",0.262628489132538,-14.5899288422168,3.06382132717673
"IL17RA",0.248581731760445,-13.4890583834031,3.14489725568194
"CECR5",0.335228943307861,-7.70318264046576,1.47153892020739
"CECR1",1.1948632257128,-13.0462249198263,3.23090315937771
"ATP6V1E1",4.49661009950211,-9.19082025111289,2.23494016925107
"BCL2L13",2.03016648416115,-10.4924950322674,2.30227604158809
"BID",0.796848291068567,-16.2762468746084,4.43917514461521
"LINC00528",0.10817789305324,-17.0545090212454,3.80450729439786
"MICAL3",0.425141498887033,-1.01565873782772,-1.118627091518
"XXbac-B476C20.9",0.0920143815212459,-22.34649061638,4.69748218136731
"PEX26",0.0600392178634632,-8.56560161804678,1.45388882762827
"TUBA8",0.00708589053018069,-24.8492809198029,5.57194325942937
"USP18",0.243187116323168,-9.50709377878966,1.26490257182752
"DGCR6",0.232382170112823,-13.5846559451746,2.84204642960334
"DGCR2",1.37912977296859,-8.27477486146281,1.41224944110267
"DGCR14",0.814466118397942,-14.1562422989677,3.05073667383561
"SLC25A1",1.23540648927445,-10.7477425219843,2.25826116342342
"HIRA",0.65708038156637,-10.4121293236165,1.84922840744857
"C22orf39",0.525886634748772,-10.4469824097103,2.41040522848512
"MRPL40",0.705126160670152,-10.7463893348694,2.60381791263372
"UFD1L",0.723845207100526,-11.3967371767674,2.86615787025443
"CDC45",6.16723323516454e-06,-38.3356405989047,9.25378436022037
"CLDN5",0.000867968756945337,-14.41375142735,2.89827552991909
"SEPT5",0.0043050195423268,-7.23554161100938,0.710888627088701
"GNB1L",0.389585314701438,-10.8864055295883,2.16209765780336
"C22orf29",0.429182915538529,-6.10348911666415,0.413154775701334
"TXNRD2",0.401875071052335,-13.1424495484592,2.90934553445455
"COMT",1.67187198521736,-12.1072872304591,3.07165392917168
"ARVCF",7.3220540452328e-05,12.0181435516592,-4.95358971149606
"TANGO2",0.775495187164276,-16.0711266642526,3.76901236712392
"DGCR8",0.450393626090636,-11.5523888624713,2.03903892627707
"TRMT2A",0.990360346976034,-9.34219210384668,1.85766735198562
"RANBP1",1.33333547356527,-11.4610163350004,3.09854356076681
"ZDHHC8",0.215666991353561,-17.1885610156681,3.51271664992037
"RTN4R",0.0866033472319102,-15.7293359604092,2.79027098181775
"DGCR6L",2.39721929406139,-7.01285417625652,1.58919765000131
"AC023490.1",0.471142240596912,-10.0719294879992,1.61477547680297
"ZNF74",0.215796374661425,-4.60956845217324,-0.242203993379773
"KLHL22",0.774343085304907,-10.4416688348343,1.98888125407633
"MED15",1.09642997657556,-8.35544814317994,1.69042554184385
"PI4KA",0.821741949035376,-12.1585535714964,2.53060495187514
"SNAP29",1.50549359426848,-15.3608115286479,3.81705954017958
"CRKL",0.697484002278379,-8.84931960107888,1.60005645335686
"XXbac-B135H6.15",0.100369616768386,-19.8626307738529,4.56759157627499
"AIFM3",0.182855863838113,-20.6392045177016,4.40811007476692
"LZTR1",0.490279702631352,-9.99846789136849,1.60423679165377
"XXbac-B135H6.18",0.179712820525625,-5.97262705194165,0.112164824578467
"THAP7",0.549873095730269,-9.85344800881674,2.21146119697528
"THAP7-AS1",0.212370572600145,-8.80567914544693,1.45118852230429
"HIC2",0.196765708687724,-10.9340848021857,1.64101765696434
"TMEM191C",0.217618269434026,-14.7862074564985,3.17974578476276
"UBE2L3",2.79144182756345,-11.4481023555556,3.01622910938584
"YDJC",0.664006448402883,-10.2563088322773,2.32471318714881
"SDF2L1",1.29931156888331,-12.9677416750773,3.30432378582065
"PPIL2",0.0508437270729467,-19.2486292012079,4.77416829768786
"YPEL1",0.314853872413968,-3.58469853273363,-0.00367209873554522
"MAPK1",2.06781353421307,-9.89204230441659,2.26591137239196
"PPM1F",0.243577737072557,-14.2928207585588,3.26044946235081
"TOP3B",0.139838764428321,-9.00044913056015,1.29817194769281
"LL22NC03-2H8.5",0.0888486473453968,-9.0173886596027,0.814073038082769
"IGLL5",0.0135313009475675,-6.0677096725408,1.42669783209511
"GNAZ",0.00794808908768352,-32.6797893907229,7.75717568327153
"BCR",0.60570426172888,-10.9429001617462,1.96709202328618
"RGL4",0.827755891947047,-8.08520970206029,1.78953598000063
"VPREB3",0.0837062749113452,1.18829831627167,-1.01201942060403
"C22orf15",0.104403808880035,-9.84782079733171,1.11481605095597
"CHCHD10",2.60226624123557,-13.2940194466802,3.55199474056053
"MMP11",0.125660178760446,-5.90321287971294,-0.0155622446683623
"SMARCB1",0.586135545253244,-12.3444541726243,3.09596693615869
"DERL3",0.188566875760424,-19.4301026582547,4.34637420622585
"SLC2A11",0.763579368017041,-7.32161401259945,1.05339321889978
"MIF",7.03187165803935,-9.59698664064649,2.67673344107768
"AP000350.4",0.350862120689182,-7.44049655252228,0.75737121844312
"DDT",0.503209129803158,-9.66224721738134,2.47115723809503
"GSTT1",0.1536368924161,-5.58106891479445,0.402130972290038
"CABIN1",1.53947986935749,-5.60158655680886,0.753097660004074
"SPECC1L",0.433045537136911,-4.97190873881021,0.0746370168766129
"ADORA2A",0.162414538036838,-24.8454577754622,5.45681173088368
"ADORA2A-AS1",0.230869614417941,-2.79105092886193,-0.766434045649162
"GUCD1",0.157554119282903,-8.00006525302478,1.53399386698771
"SNRPD3",2.94547111720919,-10.5908356006278,2.66517090947451
"GGT1",0.526137528908973,-14.4712621149134,2.93580996928009
"SGSM1",0.0893792608713982,-7.89152784110221,0.478659102727233
"KIAA1671",0.100466774608765,2.00016519327715,-2.52238967849312
"LRP5L",0.15461267184696,-20.1746479795249,4.27517883395006
"ADRBK2",0.69590566636308,-13.9736757133437,3.04318130408193
"SEZ6L",0.132054982808967,-26.8879738506171,6.02917397912596
"ASPHD2",0.104659350460067,-19.2952496507936,4.26186337493028
"HPS4",0.503904217062665,-8.28722112506741,1.54187693708271
"SRRD",0.652166653082198,-14.0231768703035,2.89899395270647
"TFIP11",0.430129704692079,-9.01309375391013,1.54908809219067
"CTA-445C9.15",0.239553328902314,-17.052972012646,3.49346222362096
"TPST2",0.479216626835279,-4.86407275232149,0.939320056065605
"MIAT",0.316282859772773,-5.20523141781591,0.60474298634195
"CTA-211A9.5",0.477090621991506,-7.14353907078653,1.00054632127923
"PITPNB",0.301469945587402,-10.5416488509044,1.84907136419542
"TTC28",0.151612504578843,-0.342012716660771,-1.62244979543935
"CHEK2",0.424624026866225,-20.0773462427628,4.5313420785713
"HSCB",1.0551610570516,-12.9796248879029,2.97207949182845
"CCDC117",0.643215123810022,-14.2647856856015,3.03993463705067
"XBP1",0.748843516867984,-7.96353683260066,2.105336049189
"CTA-292E10.6",0.0958723300511651,-8.84946474462853,1.20400194787384
"RHBDD3",0.0479172331517359,-9.29573972594955,1.49767569326331
"EWSR1",0.613283881678449,-9.42895678171669,2.38966487697238
"GAS2L1",0.143192027906428,-14.5790009880219,3.08165814894929
"AP1B1",0.286777384643227,-10.5816227523856,2.25333050999881
"NEFH",0.00753064902801623,-20.8861449912258,4.64637258632733
"THOC5",0.589409445307339,-16.2361940587622,3.75503087370887
"NIPSNAP1",0.26333442101881,-7.72775206618908,1.37163927889643
"NF2",0.208756950690053,-9.10501604481484,1.47785220936203
"ZMAT5",0.454416494043249,-11.9924483368616,2.76437932193239
"UQCR10",4.9857834757132,-10.8156178341341,2.96791497064542
"ASCC2",0.456988060878439,-8.03740381165719,1.70603777750705
"MTMR3",0.370192993771794,-12.9696403651871,2.66273773160812
"OSM",0.0892677350077117,-8.25930049857102,1.54086441765047
"GATSL3",0.737922757298091,-10.9861896187142,2.02511316332156
"TBC1D10A",1.36273565835116,-9.12385592094391,1.89548563974733
"SF3A1",1.18884740033736,-12.7899543093744,3.0426792359188
"CCDC157",0.15831150398846,-15.5469046715479,2.90832959670327
"SEC14L2",0.0523270670695721,-3.79810658038536,-0.381574588168835
"MTFP1",1.16174531433281,-10.8945156767884,2.42162027228387
"RP4-539M6.22",0.241015507338689,-9.4803034394617,1.71500784976064
"PES1",1.16648329455478,-13.3560897312582,3.03169829226402
"TCN2",0.1671598021187,-13.6173496169444,2.75007211187076
"SLC35E4",0.236116688172641,-19.265940914824,4.04187639648568
"DUSP18",0.530953961522416,-10.7176306961424,2.06062637202264
"MORC2-AS1",0.167697496977833,-12.1396991938673,2.33409599724789
"MORC2",0.602398993711306,-10.3237076818677,1.89314407627463
"TUG1",0.456221088501566,-9.42599042787939,1.75198116284864
"SMTN",0.0654909092490057,-12.7667674332561,1.92292607502728
"SELM",0.936340540093498,-6.26640881350499,1.221550336119
"RNF185",0.171471914460395,-9.8552299830349,1.73164955272671
"LIMK2",0.491642261260866,-11.0572342444561,1.92681777154152
"PIK3IP1",1.02105699755419,-5.5616292811222,1.3277356567529
"RP3-400N23.6",0.0398253985416533,-15.6804886500021,3.05412458016863
"PATZ1",0.740231294372525,-11.0041276919437,2.18859179134944
"DRG1",2.30621501925308,-10.0390229032331,2.25120275756583
"EIF4ENIF1",0.559479421405939,-8.52903966866661,1.22007694920002
"SFI1",2.01523560694899,-8.0920404780847,1.55736156648319
"PISD",0.674395666973537,-13.0124118093475,2.84402405710597
"PRR14L",0.554578011287601,-17.6110763968356,3.97115380403179
"DEPDC5",0.218925984088045,-15.4181220308941,2.9994009004142
"YWHAH",1.44262518991,-14.1021569155869,3.74816303854173
"RFPL2",0.00181300031917217,-9.43272478088499,1.36287672519823
"RTCB",3.14900283833206,-10.9908877431428,2.61754080466685
"FBXO7",0.789713900361541,-7.92245106418229,1.82024740276225
"LARGE",0.044850469874117,3.30721903302454,-2.58681136448651
"HMGXB4",0.146745063435518,-10.4922609583317,2.30220747183923
"RP3-510H16.3",0.111812454285709,-13.0143199321458,2.0945293764323
"TOM1",1.6337397043655,-9.84002144731041,2.03998789804704
"HMOX1",0.248022754157752,-20.9894770947175,5.46690185087601
"MCM5",0.607948783322211,-18.4081939399422,4.53665574389054
"APOL6",0.78247585035943,-11.3801584083012,2.48921435023943
"APOL3",0.916495048204174,-10.3561393798761,2.4311030018766
"APOL2",0.884795969492062,-8.98678139124856,1.49332824150886
"APOL1",0.609782496955686,-15.5933387881637,3.33232121167817
"MYH9",5.06857284763012,-9.51126254517328,2.36199396900475
"TXN2",1.07344817578611,-13.2782023356014,3.43814346087756
"FOXRED2",0.0192341176542185,-25.2421423794788,5.61170985639785
"EIF3D",1.35263503306246,-7.889814268141,2.185080681498
"IFT27",1.42720304373772,-8.76691391933755,1.70904204704901
"PVALB",4.83956805635961e-05,7.49072602677004,-4.23895654733508
"NCF4",0.878536083423461,-11.8236274697416,2.70901180333501
"CSF2RB",0.362665435976533,-16.2884106072539,3.5411521476692
"TST",0.0695462606033142,-26.4598939081106,6.05224302568749
"MPST",0.66360661970819,-10.4740801886317,2.29187337551776
"KCTD17",0.841143447276617,-11.7659044670349,2.29907707875104
"IL2RB",0.224747170091936,-3.62193925028165,0.332331895966222
"C1QTNF6",0.131784548176643,-17.3956887913429,3.47531634246262
"SSTR3",0.138332500370616,-16.7863117652369,3.19547101732208
"RAC2",1.98653346945872,-6.84351278160749,2.11163340195059
"CYTH4",0.52637800663811,-10.9965296663049,2.71446011666693
"MFNG",4.66065333172525,-9.85526765386772,2.42782024868769
"CDC42EP1",0.0437924330729002,-11.331600868692,1.82389982746179
"LGALS2",0.12383364318529,-9.18785051124447,2.67240194482897
"GGA1",1.40078336104948,-8.65087443985843,1.98219462932909
"SH3BP1",0.319502036933323,-13.1004793732669,3.28794827261602
"LGALS1",0.316347588605006,-11.3998240967411,3.67625811763323
"NOL12",1.64223621558205,-10.3602108729166,2.34654426810503
"TRIOBP",0.124244219593933,-15.6746759231971,3.51891591553515
"H1F0",0.0996112183855872,-12.7669077336314,2.75601578508151
"GCAT",0.229135130903071,-17.5294207358826,3.56667536293915
"ANKRD54",0.0506559272502303,-10.8770932845079,2.3605187042392
"EIF3L",7.57035891807062,-9.22774947636513,2.69040418457763
"MICALL1",0.260494431672032,-12.3109236395462,2.13071465707035
"POLR2F",3.30291087413902,-9.24587051638601,2.26437527721757
"PICK1",0.57679162580559,-14.2897339168059,2.88297485296892
"PLA2G6",0.147438226835661,-5.02866344259003,0.126928711356486
"MAFF",0.0697764371765709,-13.2204566152803,2.75257135428334
"TMEM184B",1.14660157659951,-11.1611096730166,2.18600782860287
"CSNK1E",0.318889522171419,-14.5329022217484,3.06142807219804
"DDX17",0.567439350891553,-7.05900626333257,1.64242316234594
"CBY1",0.447815631482733,-8.06652266547162,1.00974386570172
"TOMM22",1.138796150135,-12.4505922201611,3.34449934702914
"JOSD1",1.11150683793105,-8.67988447489527,1.6401598369904
"GTPBP1",1.08169574699488,-13.1015944324014,2.9406477655207
"SUN2",2.39628152879152,-5.7466996317626,1.36336861179734
"RP3-508I15.19",0.179768135022521,-3.87574422123229,-0.518089958083845
"RP3-508I15.21",0.0059243574057553,-13.8066219253014,2.28169085629863
"RP3-508I15.22",0.112888690277657,-18.8170757356199,3.73825931934767
"DNAL4",0.976116612075086,-9.925042316994,1.80283218292924
"NPTXR",0.130453242384146,-12.487730612554,1.93981562853682
"CBX6",0.711944505372337,-11.7677121726992,2.46425667089356
"APOBEC3A",0.140034114705138,-16.3456975905149,4.44012132354684
"APOBEC3B",0.0375023621426031,-19.1940651934096,4.92130373000017
"APOBEC3C",0.385303666215434,-8.66813185009859,1.87037498150305
"APOBEC3D",0.450298895017451,-6.11715805750198,0.429426086108922
"APOBEC3F",0.460888677920105,-13.8165808140542,2.72427988321102
"APOBEC3G",0.458761776475448,-6.72125050865754,1.6543298686595
"APOBEC3H",0.035570595292105,-14.8365499395716,3.10485734020907
"CBX7",1.31080452604982,-9.45172792205539,1.90843236444452
"RPL3",4.51790002152872,-3.76862076503417,1.96844568559525
"SYNGR1",0.169313830510402,-10.3510224943801,2.09915746887944
"TAB1",0.533915544656191,-13.2153977181383,2.6979243316491
"MIEF1",0.404646896291765,-7.25433384484128,1.07846787789042
"ATF4",1.15471056928302,-10.2053465419622,2.6760388357352
"RPS19BP1",1.51737746711192,-8.4462587146741,2.15185642148235
"CACNA1I",0.0293449051317432,-7.81096447054026,0.739421010888369
"GRAP2",0.291970908320481,-10.7750726888592,2.62480911482473
"TNRC6B",0.408972925634086,-9.53030982684683,2.16595900307048
"ADSL",0.239676365610709,-10.5629218676581,2.54870574371468
"SGSM3",1.32856984548201,-8.25964449476909,1.61247835714039
"MKL1",0.428045963081152,-13.4026482343861,2.97012886442899
"SLC25A17",0.515753985299472,-14.213441212429,3.14843524325802
"ST13",2.7954657620312,-8.01700928130103,2.20093115241114
"XPNPEP3",0.459531444094347,-10.466988376251,2.11232843794879
"RBX1",2.7100496740744,-11.6951325458439,3.17430176681746
"EP300",0.9224119047279,-8.31962653527244,1.30181940918687
"L3MBTL2",0.136154770592127,-10.7516267220238,2.13799902074871
"RANGAP1",0.708267484115467,-12.818677016448,2.64071476017449
"ZC3H7B",0.798870176788895,-13.9312992987678,2.90653447348359
"TEF",0.0167502875126791,-8.67703714026175,0.91894178377386
"TOB2",0.789903437218942,-11.1429480719703,2.28137264667892
"PHF5A",0.684942905129228,-9.14376669161445,2.20661299419922
"ACO2",1.3542588876735,-13.518156902944,3.32461000208078
"POLR3H",0.643200866626301,-9.86185895412381,1.94369261749816
"PMM1",0.922906887914674,-13.4169051793549,3.02982730909407
"DESI1",0.408310397381744,-14.70234739784,3.59157058184458
"XRCC6",1.97801139003425,-10.2865002627592,2.78685030416262
"NHP2L1",1.95541802068509,-9.08183497886493,2.51130625810179
"C22orf46",0.72678136839169,-7.57442896961733,1.11848852742232
"MEI1",0.942744551020613,-7.85016219130991,1.60500236336092
"CCDC134",0.239732603423426,-21.9079825424908,4.88521247885816
"RP5-821D11.7",0.0927963123869396,-0.284598967063572,-1.20110901351077
"SREBF2",0.328101769834658,-10.3011903915821,2.0057335260928
"CTA-250D10.23",0.020300131849322,-5.13170760218225,0.0678871062597596
"TNFRSF13C",0.156780455112938,1.40871301861587,-1.72545560637184
"CENPM",0.0601437592846306,-28.7152053358901,7.10174708910998
"WBP2NL",0.0132762847559713,-3.26428794141081,-0.734531067680261
"NAGA",0.423073007186985,-19.6660650457351,4.91175065315345
"FAM109B",0.0262920125696568,-14.3835558518331,2.62770706190296
"SMDT1",1.76910536414116,-6.91741411667487,1.87555986722041
"NDUFA6",2.89720050215562,-11.2612776662205,2.84164590298617
"TCF20",0.561670077748499,-9.32397981601913,1.44586821526844
"NFAM1",0.377732329366585,-12.1439888639912,2.48328244932946
"RRP7A",1.79770443830221,-10.5559994863643,2.4858170586952
"SERHL2",0.0896321190571408,-7.32108223554858,0.308271790997435
"POLDIP3",1.28381389811893,-12.6315322732692,2.84796644574118
"RNU12",0.714096963835213,-8.55228290510559,1.76823051543267
"CYB5R3",1.16377796674082,-12.7950155117124,3.04672208193901
"ATP5L2",1.61054840888606,-9.68604570870325,1.99262752190716
"ARFGAP3",0.615592247702666,-13.7349551638701,3.28993166737307
"PACSIN2",0.0765419420305783,-13.1323823070736,3.07734054143274
"TTLL1",0.0878946603600819,-13.0878190465856,2.40873401022385
"BIK",0.0864830175843629,-27.922597093462,6.7425047378831
"MCAT",0.53217000409425,-16.8171222122137,3.82546844394545
"TSPO",1.13588989158929,-10.096312019515,2.97666700011982
"TTLL12",0.664642163851476,-20.0981884756886,4.61934933692227
"SAMM50",0.275855531740633,-12.860099447321,3.05653329286827
"PARVB",0.233028820907383,-9.5675619596028,2.02081397891086
"PARVG",1.57221534042962,-10.9559662848096,2.73235722548117
"LDOC1L",0.0251362285369577,-13.339355659324,2.58499857563102
"PRR5",0.0987446339230187,-6.69802879925381,1.26576590705164
"CTA-217C2.1",0.0527185647952935,-20.6828246867073,4.89033467896949
"NUP50",1.09142097584528,-12.417761751635,2.70108131206773
"KIAA0930",0.183925436848875,-14.9068584896192,3.47658169468913
"UPK3A",0.144919915919102,-25.3152532216633,6.11956032693802
"FAM118A",1.02064580719352,-14.6882868680684,3.31446791061066
"ATXN10",0.436358212943948,-11.1513092347677,2.75149491705923
"C22orf26",0.0946251523609921,-12.5023475071729,1.84513273799103
"RP6-109B7.3",0.272111725498733,-9.43159412910699,1.66255876748544
"FLJ27365",0.067110470761277,-3.5978625377767,-0.408385622910327
"PPARA",0.589368856813321,-10.8299506743588,1.9170752898258
"CDPF1",0.73619514579479,-11.9141790502322,2.39186735453692
"TTC38",0.0830835177281579,-2.45420057364554,-0.0778369625326141
"GTSE1",0.000132541603243317,-33.1217645721312,7.68950392221515
"TRMU",1.1228488389854,-10.9485320146792,2.24416133456475
"GRAMD4",0.364749584214913,-16.9024849225256,3.51829751037103
"CERK",1.24882417498572,-9.95915517505481,2.1107245658437
"CTA-29F11.1",0.306686161974651,-8.05918762372987,1.65366160121
"TBC1D22A",1.39787793695498,-11.0218918238564,2.40090342567668
"LL22NC03-75H12.2",0.143811129749574,-4.964133659174,-0.257510363092448
"C22orf34",0.345345519853055,-17.2616530870332,3.7538315805306
"RP1-29C18.10",0.163513119893406,-10.1729057861734,1.36235726512088
"BRD1",0.18022419865286,-15.4313341806271,3.18305475257295
"ZBED4",0.476439662926866,-11.3561832988498,2.00400602134266
"ALG12",0.639658056147557,-13.9143058280001,3.0830878762102
"CRELD2",0.239926768760217,-7.81480194669486,1.67038637277819
"PIM3",0.627282464843003,-9.61802365766821,2.1620117211837
"MLC1",0.35959427622004,-6.7209351483887,0.543009608014992
"TRABD",1.08107870744594,-9.31643918958183,2.19800506507328
"RP3-402G11.25",0.096219617396549,-14.5400315634934,2.84766260731944
"RP3-402G11.26",0.321015048698582,-6.93315374446168,0.797390945834222
"SELO",0.92572504741817,-17.6214602738521,4.05680297646113
"TUBGCP6",0.672348999517592,-11.6522351503133,2.29424164781013
"HDAC10",1.17500150116513,-11.5382201802254,2.57680027815654
"MAPK11",0.143792769419126,-3.642131477022,-0.655946676363702
"PLXNB2",0.60243827512436,-17.7019348499787,4.2511320664162
"DENND6B",0.915633690406411,-17.7406081470814,4.27755794416475
"PPP6R2",0.648265255342357,-9.63336698070655,1.8578966270751
"SBF1",0.860820183691558,-13.8835939462585,3.00407327543081
"LMF2",0.191345418467903,-15.1037505804324,3.67717652077351
"NCAPH2",0.364356666449052,-8.38973439066726,1.46436100126625
"SCO2",0.678423444601214,-12.6252899182233,3.20188814615028
"CTA-384D8.36",0.215546437490805,-4.58745495432533,-0.248853548254069
"TYMP",0.337563167078309,-13.2576707533658,3.94962000591682
"ODF3B",0.386476610785325,-11.4398863804538,2.83695721515093
"CTA-384D8.35",0.2631387672767,-17.1811007215681,3.56667151467421
"CTA-384D8.34",0.271064268821713,-17.2496887097388,3.84732362980827
"KLHDC7B",0.740218514637874,-9.4028689058317,1.65912917235198
"SYCE3",0.120667455226709,-21.4739814299404,4.50066918985477
"CPT1B",0.101441796360702,-15.3948308393924,2.74590906556874
"CHKB",1.35396375657009,-11.1524596659202,2.40738766682453
"CHKB-AS1",0.138705428280761,-12.521916072799,2.29898495277942
"ARSA",0.544417682661602,-12.6510518885235,2.70834141657357
"RABL2B",0.161528190304057,-6.83430149916292,1.05248341154333
"RBM11",0.25299115585434,-7.11432437210905,0.55395838900665
"HSPA13",1.00452170520087,-11.7229453914597,2.33588321843212
"SAMSN1",0.240250536446277,-13.7137631209567,3.41276830815919
"NRIP1",0.443837297375017,-12.3352049603827,2.31219332958527
"USP25",0.0720599936990702,-11.8057648644128,2.37005748254843
"BTG3",0.421194906432913,-9.93257224110461,2.03125218939971
"C21orf91",1.39165745678061,-6.46878105290458,0.869304204877409
"AP000476.1",0.105402379946825,-0.629524751131571,-1.65848465019503
"MIR155HG",0.126351252014575,-3.75593820772476,-0.661904625868902
"MRPL39",1.49026968774957,-10.0956366740183,2.0516309003079
"ATP5J",2.23546490398864,-10.6664670026055,2.86775324895161
"GABPA",1.08402876483855,-11.5245676391823,2.29254897141638
"APP",0.31266172331948,-11.4792291808047,2.48690421850151
"N6AMT1",0.10683901838384,-16.0178640947831,3.41320703990632
"LTN1",0.358864849917692,-9.45116410844265,1.69734989337816
"RWDD2B",0.273426592116274,-15.1222549189418,3.21101956747596
"USP16",1.38616862591223,-8.35189699138616,1.84484234500152
"CCT8",4.02370482373463,-12.4997179149238,3.30784889620426
"MAP3K7CL",0.0302004924531731,-17.4278649498511,4.03289111787123
"BACH1",0.294905771928941,-13.6058695117595,2.91884430162829
"TIAM1",0.809107797301067,-14.6787814771017,3.1364683383102
"SOD1",2.13785498457841,-8.85061084634859,2.58448031549117
"SCAF4",0.759838424203722,-10.8163948261229,2.39876126163131
"MIS18A",0.0276819868328697,-11.9162517998079,2.5687866662369
"URB1",0.44466607119599,-8.44043855868423,1.12066712655553
"C21orf119",0.260308382378474,-16.3427990901804,3.56437370500428
"EVA1C",0.59142228474851,-10.5860954567067,1.82748544568522
"C21orf59",0.942419563400017,-8.94512987825646,1.99211534281925
"SYNJ1",0.396622546149787,-4.05244323599879,-0.22746813820348
"PAXBP1-AS1",0.0433989414022726,-21.4852263663239,4.701527105653
"PAXBP1",0.479326026063551,-13.1860696010993,2.5508437115022
"C21orf49",0.349418474194352,-11.54949690397,1.95754297585927
"OLIG1",0.176727684193679,-16.3385047638165,3.6675970461955
"IFNAR2",0.746845157778975,-12.0890628190554,2.8635511609097
"IL10RB-AS1",0.275057399915002,-16.2137960795986,3.46989572351832
"IL10RB",1.98580576188463,-12.1182228204849,2.95248624033307
"IFNAR1",1.57195238114283,-12.288404136294,2.85957620244091
"IFNGR2",0.476594445140374,-12.7083244631712,3.29530684533122
"TMEM50B",1.79854442460133,-10.0747058341992,2.21120610364126
"GART",0.760517970257441,-10.0676749375563,2.02445981005199
"SON",3.23744423952047,-6.92708388785418,1.79058617591459
"DONSON",0.000217226082167519,-32.5625844595806,7.75128080649831
"CRYZL1",2.33923430300852,-10.681892849109,2.41872041660754
"ITSN1",0.0631307291223619,-17.3004875819355,3.58364669249276
"ATP5O",1.34124055076007,-8.24833376756781,2.34397299961025
"LINC00649",0.522812822851824,-8.40451628221595,1.63191313493835
"MRPS6",0.483116146175289,-8.38092898760097,2.03051040104493
"SMIM11",1.70752006768783,-6.22515417908125,1.19256676674819
"KCNE1",0.0193671946232573,-10.8579156240768,1.68435548445551
"RCAN1",0.170276594879158,-24.3610903129589,5.40140888719634
"RUNX1",0.926316289549701,-4.04304159932169,0.297673783000935
"SETD4",0.259801471215891,-6.95866092025233,0.874439065987125
"CBR1",2.21195535008959,-14.4265775756561,3.65680939528623
"CBR3",0.232307784475665,-12.2982077871929,2.42340444002246
"DOPEY2",0.318728905272503,-8.00438892281561,1.30483349619476
"AP000692.10",0.179852287346879,-7.19388475862285,0.477317383158946
"MORC3",1.45538429390631,-10.1126609322067,2.04865663655079
"CHAF1B",0.29604275205267,-17.5655399260953,3.64154541359557
"HLCS",0.107577203298489,-6.6644874712663,0.166381214248133
"PIGP",0.557179031422075,-9.92345895630346,2.18137198066204
"TTC3",0.427348988452287,-8.95732655901156,2.09043630194473
"DSCR3",0.0808137032095971,-8.45044082357547,1.82769983313701
"DYRK1A",0.813590793679026,-10.7159841915785,1.97876504280215
"ETS2",0.65795594850808,-13.4161719232774,2.92406570190035
"PSMG1",1.16486738003603,-15.1418694472853,3.59278478019061
"BRWD1",0.14563043167198,-3.00856654030914,0.0764646014597677
"HMGN1",1.97650548740373,-7.95179115528204,2.32643760101113
"WRB",0.962472456982202,-12.7981405990169,2.75123580191989
"BACE2",0.00973452386759106,3.51883038223228,-2.15175789453299
"FAM3B",0.13595977079639,-13.545668049761,2.32402378391582
"MX2",0.489147018729189,-14.5447908230396,3.70630697548309
"MX1",0.607178613930548,-9.66305549440842,2.51103905549489
"PRDM15",0.0918740822829708,-2.46360000257119,-1.1552747409146
"C2CD2",0.185111676249356,-13.9689854627266,2.55541932160896
"ZBTB21",0.505417966195804,-11.6551257008424,2.10248484474553
"ABCG1",0.795603323524602,-7.03532026434023,0.871362117112865
"UBASH3A",0.403653793586121,-8.68730932847072,1.65500861145073
"SLC37A1",0.592755498122087,-11.5602262452847,2.25622216995611
"PDE9A",0.444855602022549,-13.140236991209,2.49239489261262
"WDR4",0.0744160335367652,-14.5496547443892,3.0133055103523
"NDUFV3",1.49143849889459,-12.6269477223593,2.98875686907683
"PKNOX1",0.815942861210262,-12.440734193299,2.56058266898641
"U2AF1",6.92441832516531,-8.40534121428922,2.33780515228238
"AP001046.5",0.106897450262143,-8.24332758170924,0.637926591785386
"SIK1",0.162895963320183,-16.8251920276555,4.14198916586531
"RRP1B",0.476845244654848,-11.6544288031734,2.55638226252486
"PDXK",0.755591816568852,-13.63601347414,3.2526380315719
"CSTB",1.1119827649611,-12.1618463428144,3.45101156462498
"RRP1",0.598946560683075,-13.3925315540391,2.98786383120338
"AP001053.11",0.0429480185890027,-19.4072551156323,4.22372323796453
"AGPAT3",0.351656145691247,-15.0194368935046,3.37074559176955
"TRAPPC10",0.361721055280855,-10.4612532458562,1.9900086206985
"PWP2",0.897680859690305,-9.91080967212641,1.76005120723692
"C21orf33",0.218274323244996,-9.14720264313846,2.14320826156573
"AP001055.6",0.32086327334994,-7.32250575167395,0.91313929900738
"ICOSLG",0.0238181858158435,-3.78708794680211,-0.0921967258490473
"AIRE",0.0871886557272801,-1.13114260926558,-1.56097532029075
"PFKL",1.84905514672321,-12.1433411552881,2.95798654913238
"C21orf2",1.51419984704567,-10.3905470416593,2.23350639500463
"AP001062.7",0.173090074606034,-9.33259308681636,1.113510805123
"TRPM2",0.269168951365962,-14.194252453965,2.71617385014561
"LRRC3",0.121388203174242,-19.6866010951588,4.03287780952336
"UBE2G2",2.10679668480862,-9.49337519609988,2.04059990572415
"SUMO3",0.565989517957758,-10.2726463114066,2.67571700296527
"PTTG1IP",1.57716072419912,-10.8437894029392,2.46874778411305
"ITGB2",1.3682337034959,-9.80845285633417,2.8676831725208
"ITGB2-AS1",2.11784411829094,-9.4359564321788,2.14916311498195
"LL21NC02-1C16.2",0.0897017447676131,-6.32645106603686,0.0104611523565818
"FAM207A",0.57854600365687,-14.8325603638791,3.62522492215626
"ADARB1",0.230314766542406,-11.516456921314,2.09165646791334
"POFUT2",0.523841084022842,-5.53557538543795,0.30000566270323
"COL18A1",0.500803991506484,-9.07281828834537,1.49461572239777
"SLC19A1",0.0232532152757508,-20.845428560835,4.92536581749859
"COL6A2",0.0416507973290941,-4.2006356616031,-0.0703976125051758
"SPATC1L",1.10730090997959,-12.1237309970476,2.60044406788254
"LSS",0.13777995429726,-6.69452477975073,0.61335341010301
"MCM3AP-AS1",0.260104597674672,-16.6029630828105,3.32179197942261
"MCM3AP",0.265105581662815,-9.96978237938175,1.81600488734367
"AP001469.9",0.077860262821133,-20.3327192591127,4.17408547787528
"YBEY",1.13891503094268,-9.39667072297455,1.96887044816406
"C21orf58",0.104447108821811,-19.4389199370617,4.00007791033579
"PCNT",0.309998119826859,-13.1043324493659,2.46945245778211
"DIP2A",1.00955834811441,-7.27811722252423,1.28879902115571
"S100B",0.0267831219766786,-7.87208531552123,1.57782687812482
"PRMT2",0.975473958023088,-5.79529599695125,1.34259512419633
"MT-ND1",3.95218167489001,-5.7021574805386,2.15776668318443
"MT-ND2",2.25250857491841,-4.57724251056759,1.77456538316695
"MT-CO1",4.72545318140939,-5.48411160794408,2.41694327059782
"MT-CO2",1.44611185707746,-4.47134709550628,1.90873455867088
"MT-ATP8",0.071982753876569,-5.84440924342923,0.44845081338158
"MT-ATP6",1.37381295055466,-4.41224157666738,1.56527960605751
"MT-CO3",4.23825800129126,-5.03517692356663,2.07758564849396
"MT-ND3",1.72941616541515,-8.35780701399756,2.07309513976702
"MT-ND4L",2.7824628631479,-8.21661274869935,1.90549291360754
"MT-ND4",4.2574050975754,-4.61094071270362,1.85357242774939
"MT-ND5",2.04454449865595,-7.35957066779369,2.14663941391761
"MT-ND6",0.425909578438052,-13.4970778137051,3.32939951436774
"MT-CYB",2.87481581215303,-4.44583157618255,1.75963863579484
"AC145212.1",0.0487863437149418,-17.2525219519391,3.60381107624197
"AL592183.1",1.32037186233222,-6.41994492107351,1.31549954880924
"AL354822.1",0.0611601992349904,-19.7391653695345,4.08632182720058
"PNRC2",1.62051776101157,-13.4342642970889,3.11206870025866
"SRSF10",0.590013855148757,-8.52088456945392,1.64746878686348
