"","theta","(Intercept)","log_umi"
"AL627309.1",0.158147028664132,-12.743367074885,2.06256469798137
"RP11-206L10.2",0.090721269291354,-12.7921404110945,1.91917469956789
"LINC00115",0.252669045295664,-12.3369290773934,2.16608382286099
"NOC2L",0.600949324188511,-10.0490178440994,2.31533005590845
"KLHL17",0.158147028664132,-12.743367074885,2.06256469798137
"PLEKHN1",0.124744812975913,-12.9345239920951,2.0430897230423
"HES4",0.461711069559223,-10.5019311335211,2.32385979345853
"ISG15",1.5539438666603,-8.98347678852671,2.63955209883017
"AGRN",0.141473787659634,-12.8191386499719,2.05126746596957
"C1orf159",0.224820970152689,-12.0670005958397,2.17690569188224
"TNFRSF18",0.470425238331299,-10.9227495756166,2.27226185606565
"TNFRSF4",0.462499048239967,-10.5013219785986,2.32457267088296
"SDF4",0.689375617171603,-10.0108412805057,2.39038109093082
"B3GALT6",0.388130156551415,-11.2311586600654,2.20347806847025
"UBE2J2",0.63173860223854,-9.9970654483822,2.34501124807745
"ACAP3",0.40274415492585,-11.1611121498551,2.20123994370316
"PUSL1",0.399206633592182,-11.1778740585519,2.20142359739029
"CPSF3L",0.529254682790426,-10.3683788364113,2.33601952249111
"GLTPD1",0.435539115592831,-11.0634795948857,2.23141060292005
"DVL1",0.090721269291354,-12.7921404110945,1.91917469956789
"MXRA8",0.090721269291354,-12.7921404110945,1.91917469956789
"AURKAIP1",1.10892146076276,-9.51326409067557,2.52647083008814
"CCNL2",0.44150556912716,-10.5648226612931,2.28108711421567
"RP4-758J18.2",0.469513024834437,-10.940496306596,2.2722828911925
"MRPL20",1.07719357555052,-9.50345913599065,2.47776743953076
"ATAD3C",0.20586047443855,-12.4926257741773,2.08399135873834
"ATAD3B",0.225242173550997,-11.8928066779572,2.16961132666487
"ATAD3A",0.336747253740007,-11.4292249806333,2.20768150937996
"SSU72",1.12321082829822,-9.55172928860079,2.59221127359179
"AL645728.1",0.226183628844696,-11.8696976462039,2.16872789246404
"C1orf233",0.158147028664132,-12.743367074885,2.06256469798137
"RP11-345P4.9",0.262041219518392,-11.6511250774237,2.18475398016833
"MIB2",0.472836429411988,-10.4911219863517,2.33188663196503
"MMP23B",0.235831001374619,-12.1654885580238,2.16626798040572
"CDK11B",0.399206633592182,-11.1778740585519,2.20142359739029
"SLC35E2B",0.30745846932916,-11.5165418212606,2.20117954666282
"CDK11A",0.44888071364536,-10.5107787354856,2.30756436304663
"SLC35E2",0.250066880072025,-12.508963921607,2.17627790166079
"NADK",0.451272015212291,-10.6762920566033,2.27480668181645
"GNB1",0.656649881367448,-10.0042603411455,2.36696279525869
"PRKCZ",0.246161006325488,-11.7003570237215,2.17449086994333
"RP5-892K4.1",0.174120422480146,-12.6247712823772,2.05817582041029
"C1orf86",0.899334730497719,-9.81880002890511,2.46301871288019
"SKI",0.387415497071228,-11.2345599720108,2.20365151181136
"RER1",1.01015125601036,-9.6273594014679,2.47433096686028
"PEX10",0.246161006325488,-11.7003570237215,2.17449086994333
"PANK4",0.373051709105387,-11.2998379831994,2.20711150239711
"RP3-395M20.12",0.454013950085379,-10.5071062491089,2.31536370574742
"TNFRSF14",0.986067172454318,-9.68836066417884,2.47779840700717
"RP3-395M20.9",0.217168357845664,-12.5125542968357,2.11121018860736
"FAM213B",0.267827718943378,-11.6355057427823,2.18802368561981
"MMEL1",0.217168357845664,-12.5125542968357,2.11121018860736
"MEGF6",0.174120422480146,-12.6247712823772,2.05817582041029
"TPRG1L",0.345669224655264,-11.401591897882,2.20885602943548
"WRAP73",0.469073952242012,-10.9470759180348,2.27225746463897
"TP73-AS1",0.23199352621588,-11.7866684234734,2.16771263742681
"SMIM1",0.230189928028585,-12.5414312256707,2.14290754443097
"LRRC47",0.455798046667823,-10.7117678140659,2.27391579981861
"CEP104",0.3970473175067,-11.1882492880877,2.20168409990758
"DFFB",0.223483964358326,-11.9978879830348,2.17485616472569
"C1orf174",0.44224958461656,-10.5803735437603,2.27925453516894
"NPHP4",0.189222923805307,-12.520920249976,2.05838802962435
"KCNAB2",0.602324140035616,-10.0419935636494,2.31603054008996
"RPL22",2.16938470052149,-7.3100955154298,2.41840184902882
"RNF207",0.197663683629374,-12.4947298912936,2.06814566555827
"ICMT",0.415046963269713,-11.1080426793087,2.20428394207382
"ACOT7",0.227672115065572,-11.8415557376376,2.16792919520032
"RP1-202O8.3",0.090721269291354,-12.7921404110945,1.91917469956789
"ESPN",0.090721269291354,-12.7921404110945,1.91917469956789
"TNFRSF25",0.475756843251888,-10.4874729288503,2.33338428684887
"PLEKHG5",0.191703859566988,-12.5104880710749,2.06046429065225
"NOL9",0.301451509050628,-11.5352080262113,2.19974483512168
"ZBTB48",0.41151785368024,-11.1220366945387,2.20265904087788
"KLHL21",0.267827718943378,-11.6355057427823,2.18802368561981
"PHF13",0.23078253123122,-12.1364778837008,2.17188129372768
"THAP3",0.444506043608345,-11.0575779606091,2.24880821421981
"DNAJC11",0.300427718600343,-11.5384103559416,2.199496241444
"CAMTA1",0.588862983908929,-10.1201561320666,2.31486939294724
"VAMP3",0.509366199888103,-10.4231096921986,2.33909818521645
"PER3",0.22375500450459,-11.9529837127783,2.17254604697426
"UTS2",0.203504806423496,-12.4912497389434,2.07892517954733
"TNFRSF9",0.241462100414639,-12.5470979984664,2.16584933938761
"PARK7",1.46478276795373,-9.08899475351045,2.62036207875481
"RERE",0.45159033950882,-10.6788894047565,2.27473852744698
"ENO1",1.60092143398733,-8.7601746274086,2.61092404054861
"ENO1-AS1",0.217168357845664,-12.5125542968357,2.11121018860736
"H6PD",0.347966476636038,-11.3941523124697,2.20903480623776
"SPSB1",0.211561276790128,-12.5005332691513,2.09729795390912
"SLC25A33",0.469242292256476,-10.9446433888567,2.27227095820305
"TMEM201",0.141473787659634,-12.8191386499719,2.05126746596957
"PIK3CD",0.57061953330043,-10.2146125860114,2.32164866506793
"C1orf200",0.108196131760806,-13.0200960649104,2.02232033555741
"RP11-558F24.4",0.090721269291354,-12.7921404110945,1.91917469956789
"CLSTN1",0.441360628350131,-10.5605221110854,2.2817311430433
"CTNNBIP1",0.45747813270802,-10.5049288074021,2.31957051224978
"LZIC",0.441536334843911,-10.5656480005324,2.28097108004013
"NMNAT1",0.223506913503804,-11.9791550530398,2.17392053640435
"RBP7",0.540746903854297,-10.3315426351986,2.33286435099987
"UBE4B",0.432936132484423,-11.0655252314777,2.22640344540284
"KIF1B",0.223695027974275,-12.0241158264402,2.17597860349096
"PGD",0.682331103220433,-10.0104357733626,2.38570592891582
"APITD1",0.243431321069781,-11.7117139674051,2.17278568107151
"DFFA",0.461246685312996,-10.7534035170666,2.27293558922879
"PEX14",0.341450871520497,-11.4148798667032,2.20838647618076
"CASZ1",0.124744812975913,-12.9345239920951,2.0430897230423
"TARDBP",0.473984477612786,-10.4897222574532,2.33249925800006
"RP4-635E18.8",0.108196131760806,-13.0200960649104,2.02232033555741
"SRM",0.728666095802547,-9.99448989901694,2.41360166101867
"EXOSC10",0.468827847026835,-10.9504354417836,2.27223560509617
"MTOR",0.248182685417313,-11.6927940738112,2.17580024179626
"UBIAD1",0.465277697773284,-10.7875618737204,2.27228848413651
"FBXO2",0.252848887651615,-12.4667426727497,2.17603331892423
"FBXO44",0.446888890309239,-11.0548770528788,2.25291766010547
"FBXO6",0.441291915416034,-10.5389272809212,2.28655112127259
"MAD2L2",0.562637995216523,-10.2494782906711,2.32493107587314
"DRAXIN",0.144335962055549,-12.8071131072533,2.05393865606713
"AGTRAP",0.793597569605048,-9.89607038507127,2.43354246295303
"MTHFR",0.389152308112735,-11.2262808848236,2.2032345380696
"CLCN6",0.226965555352143,-11.8539915358263,2.1682399487526
"KIAA2013",0.40069808220716,-11.1707663965574,2.20130761253405
"PLOD1",0.226965555352143,-11.8539915358263,2.1682399487526
"MFN2",0.417067865676693,-11.1006960539147,2.20556834155463
"MIIP",0.448731235240299,-10.510915185525,2.30730096712485
"TNFRSF8",0.246980506215015,-11.697220033757,2.17501935050782
"TNFRSF1B",0.761132581454662,-9.94837018845271,2.42654695008566
"VPS13D",0.375842218537906,-11.2877179277956,2.20650351365506
"DHRS3",0.383089885247152,-11.2548981870833,2.20473571080868
"PRDM2",0.470119963614651,-10.4942167254756,2.33029187054484
"TMEM51",0.158147028664132,-12.743367074885,2.06256469798137
"RP3-467K16.4",0.101084877533373,-12.9582856770516,1.98697941273538
"EFHD2",0.960936887728734,-9.74910970234375,2.47923892130191
"CASP9",0.262041219518392,-11.6511250774237,2.18475398016833
"DNAJC16",0.223506913503804,-11.9791550530398,2.17392053640435
"AGMAT",0.301451509050628,-11.5352080262113,2.19974483512168
"DDI2",0.289882550421599,-11.5713986766975,2.19675289869919
"PLEKHM2",0.294380013409298,-11.5573781680938,2.19798584160143
"FBLIM1",0.223506913503804,-11.9791550530398,2.17392053640435
"RP11-169K16.9",0.441182532246186,-10.5523856167158,2.28318828891985
"SPEN",0.43569673920408,-11.0633733645392,2.23172104119707
"ZBTB17",0.328611957477222,-11.453340472807,2.20610294815159
"ARHGEF19",0.237201218102107,-12.549029507341,2.1579848493556
"RSG1",0.124744812975913,-12.9345239920951,2.0430897230423
"FBXO42",0.414371199539716,-11.1106139042686,2.20391564436139
"SZRD1",0.586255996794336,-10.1351292552529,2.31560802914032
"NECAP2",0.886549150844631,-9.82430735236948,2.45834541510772
"RP4-798A10.2",0.158147028664132,-12.743367074885,2.06256469798137
"RP4-798A10.4",0.090721269291354,-12.7921404110945,1.91917469956789
"NBPF1",0.286834635663022,-11.5807955599529,2.19585236233327
"CROCCP2",0.450666666508828,-10.671267539604,2.27493663843689
"CROCC",0.224035905850509,-12.0423659378371,2.17656425261388
"RP11-108M9.4",0.460534599664229,-10.7478199259682,2.27305768856878
"RP11-108M9.6",0.223483964358326,-11.9978879830348,2.17485616472569
"ATP13A2",0.405532690978761,-11.1481904505777,2.20135684886821
"SDHB",0.991124884450538,-9.67532127796647,2.47711096488885
"PADI4",0.419614718033372,-11.0922187116707,2.20759173784096
"RCC2",0.458697038274523,-11.0234367871846,2.26748223805551
"ARHGEF10L",0.230775156673327,-11.7994739811921,2.16756261210683
"IFFO2",0.253776510344264,-12.4304809561986,2.17385166909698
"UBR4",0.442071984937598,-10.5771865341491,2.27957823162723
"RP1-43E13.2",0.224897314176702,-12.5307592002766,2.13038747028561
"EMC1",0.229216757627761,-11.8185740413693,2.16758308707388
"MRTO4",0.444377612859841,-10.6101865058298,2.27710851690352
"AKR7A2",0.714045110036498,-10.0051484177522,2.40556944560576
"PQLC2",0.22712266150858,-12.104790066756,2.17568849682712
"CAPZB",1.5980120265211,-8.89452707828783,2.63008472484643
"MINOS1",1.09826455423253,-9.48931751925384,2.49284028290331
"NBL1",0.174120422480146,-12.6247712823772,2.05817582041029
"TMCO4",0.23386501965221,-11.7696233733186,2.16814921311575
"OTUD3",0.217168357845664,-12.5125542968357,2.11121018860736
"UBXN10-AS1",0.090721269291354,-12.7921404110945,1.91917469956789
"CAMK2N1",0.16759266301054,-12.6777798123276,2.06112349582788
"MUL1",0.419800833583891,-11.0916363501629,2.20775783788905
"CDA",0.864267687504792,-9.83388019580206,2.45072146360359
"PINK1",0.409247564379716,-11.1316388278151,2.20197253201869
"PINK1-AS",0.23078253123122,-12.1364778837008,2.17188129372768
"DDOST",0.91260287844428,-9.81169395387383,2.46786015049529
"HP1BP3",0.661955580889626,-10.0059633987547,2.37109501244683
"EIF4G3",0.223483964358326,-11.9978879830348,2.17485616472569
"ECE1",0.468508213192356,-10.9544997360567,2.27219527162539
"NBPF3",0.158147028664132,-12.743367074885,2.06256469798137
"USP48",0.441153676576072,-10.5489949103303,2.28390391332591
"LINC00339",0.28226465445891,-11.5946080769549,2.19434563052973
"CDC42",1.23009207444723,-9.3672030303808,2.57976787450554
"ZBTB40",0.29792123746974,-11.5462653186893,2.19888074652411
"C1QA",0.384979914842639,-11.2460763635708,2.20425993057304
"C1QC",0.157774651310339,-12.7455419546227,2.06250154062551
"C1QB",0.247588502088632,-11.6949632162839,2.1754149104045
"EPHB2",0.124744812975913,-12.9345239920951,2.0430897230423
"KDM1A",0.387415497071228,-11.2345599720108,2.20365151181136
"LUZP1",0.423548881942278,-11.0811483215147,2.21170221133003
"HNRNPR",0.955560988241561,-9.76007994566306,2.47888048588265
"ZNF436",0.164512937804273,-12.7012184827497,2.0621617116166
"TCEA3",0.468147242418652,-10.8180195964788,2.27194522636461
"E2F2",0.223506913503804,-11.9791550530398,2.17392053640435
"ID3",0.496003767297942,-10.4532977682372,2.33889431160468
"MDS2",0.376204747880711,-11.2861261532952,2.20642123524537
"RPL11",6.03520498910091,-4.05228449408417,2.06684449716757
"TCEB3",0.435845304393994,-11.0632789560144,2.23201418300736
"RP5-886K2.3",0.241587964993237,-11.7203125191351,2.17168265402027
"PITHD1",0.724581907424169,-9.9981443850546,2.41145665121848
"LYPLA2",0.576197240157393,-10.1881958878593,2.31935343392794
"GALE",0.251141901207489,-11.6827217186918,2.17775498330012
"HMGCL",0.441829313986691,-10.5723958390502,2.2801113703419
"FUCA1",0.470521253694012,-10.9202711967342,2.27225176355077
"CNR2",0.241904545563597,-12.2014659440717,2.16146712228198
"PNRC2",0.441583724308817,-10.5668496357276,2.28080589354849
"SRSF10",0.44923453456399,-10.6589923325742,2.27527099732106
"IFNLR1",0.141473787659634,-12.8191386499719,2.05126746596957
"STPG1",0.225242173550997,-11.8928066779572,2.16961132666487
"NIPAL3",0.445930847143323,-10.5143401757326,2.30180410620093
"RCAN3",0.634292602279765,-9.99742775829957,2.34748609011183
"RP4-594I10.3",0.241904545563597,-12.2014659440717,2.16146712228198
"SRRM1",0.857793910132477,-9.8371265174386,2.44869809765778
"CLIC4",0.276234074996775,-11.6121930892694,2.19202297773267
"RUNX3",0.573149029511788,-10.2028550422398,2.32060053796182
"SYF2",1.23998023333601,-9.35285835029681,2.57812088262173
"C1orf63",0.886233479415718,-9.82443691306081,2.45823213943832
"RP3-465N24.6",0.108196131760806,-13.0200960649104,2.02232033555741
"TMEM50A",1.09781997155747,-9.48930342501314,2.49228199054589
"TMEM57",0.422599320706511,-11.0835925361052,2.210594906622
"LDLRAP1",0.703147936594549,-10.0092375066957,2.39907494705399
"RP11-70P17.1",0.229957407741661,-11.8091008272557,2.16753714477403
"MAN1C1",0.224820970152689,-12.0670005958397,2.17690569188224
"RP1-187B23.1",0.224820970152689,-12.0670005958397,2.17690569188224
"SEPN1",0.276234074996775,-11.6121930892694,2.19202297773267
"MTFR1L",0.445167271615141,-10.6193041326728,2.2766630152517
"STMN1",0.574827724049584,-10.1948627555668,2.31991279551744
"PAFAH2",0.23199352621588,-11.7866684234734,2.16771263742681
"PDIK1L",0.243830210812101,-11.7099546343108,2.173027354835
"ZNF593",0.463632313017786,-10.5004035751282,2.32555122297515
"CEP85",0.248063606674305,-12.2567014115598,2.16085635613381
"SH3BGRL3",2.61515308884804,-7.06222413012129,2.46379099516787
"UBXN11",0.548118934226961,-10.3057707701288,2.33042630641988
"CD52",3.06927946437613,-6.71400690376549,2.39537511279501
"AIM1L",0.183062415540771,-12.5564644150092,2.05608461177669
"ZNF683",0.280783082914445,-11.5989968295362,2.19381227896606
"DHDDS",0.327625183902159,-11.4562335460741,2.20588919150169
"HMGN2",0.602571843244445,-10.0407878078459,2.31617249182789
"RPS6KA1",0.578082605673987,-10.1788197128099,2.31859454998965
"ARID1A",0.467925749533393,-10.4964873933919,2.32884166055348
"PIGV",0.331993336798167,-11.4433784366681,2.20680003370262
"ZDHHC18",0.291868987972595,-11.5652337563203,2.1973099932792
"GPN2",0.447173934745778,-11.054492823434,2.25338482150854
"GPATCH3",0.33101305530525,-11.4462830540508,2.20660583562448
"NUDC",0.984718064409573,-9.6918238522407,2.47796684580593
"C1orf172",0.158147028664132,-12.743367074885,2.06256469798137
"SLC9A1",0.248182685417313,-11.6927940738112,2.17580024179626
"WDTC1",0.426648790755395,-11.0743124101106,2.2158198817865
"TMEM222",0.45622299897587,-10.5057232518658,2.31812287147243
"SYTL1",0.838812790782604,-9.84880272910707,2.44331119774417
"MAP3K6",0.294380013409298,-11.5573781680938,2.19798584160143
"WASF2",0.927152798147546,-9.80046612749903,2.47278279386033
"RP1-159A19.4",0.141473787659634,-12.8191386499719,2.05126746596957
"AHDC1",0.224820970152689,-12.0670005958397,2.17690569188224
"FGR",1.05647909418645,-9.53227035882042,2.47274790627765
"IFI6",1.46516643450256,-9.0902709554486,2.61887160578995
"FAM76A",0.244209188857659,-11.708319725892,2.17326045705364
"STX12",0.466751167032312,-10.4976278076956,2.32800459318619
"PPP1R8",0.446344348083279,-10.5136994485844,2.30268992150103
"THEMIS2",0.689123015498697,-10.0108337721,2.39021487898404
"RPA2",0.878500646150994,-9.82761875591899,2.45549368759386
"XKR8",0.434022124776444,-11.0645865667127,2.22846712573506
"EYA3",0.229216757627761,-11.8185740413693,2.16758308707388
"PTAFR",0.451021307350471,-11.0477290442405,2.2591507212246
"DNAJC8",0.996856479678708,-9.66058009735716,2.47627098829514
"AL353354.2",0.141473787659634,-12.8191386499719,2.05126746596957
"ATPIF1",1.1079728664963,-9.55856358833542,2.5671835163015
"RP5-1092A3.4",0.250066880072025,-12.508963921607,2.17627790166079
"SESN2",0.223695027974275,-12.0241158264402,2.17597860349096
"MED18",0.250273336557541,-12.2871527362687,2.16237099282398
"PHACTR4",0.466715448051895,-10.8017365854566,2.27209864447271
"RCC1",0.373867454117424,-11.2963183263534,2.20693923232776
"TRNAU1AP",0.442443147486718,-10.5836470372026,2.27895061866087
"SNHG12",0.441411760793503,-10.5621326626203,2.28148080450914
"TAF12",0.746203423721263,-9.97269355776304,2.42159289031533
"RP11-442N24__B.1",0.090721269291354,-12.7921404110945,1.91917469956789
"GMEB1",0.451864202715022,-11.0458244782134,2.26026986317438
"YTHDF2",0.694338634117143,-10.0106600619391,2.39358011215625
"EPB41",0.453734752915787,-10.5072829460428,2.31499223782484
"SRSF4",0.725450098317507,-9.99741455255211,2.41192092179637
"MECR",0.350243796832789,-11.386611316548,2.2091560063327
"MATN1-AS1",0.226183628844696,-11.8696976462039,2.16872789246404
"LAPTM5",1.90839604468564,-7.53391590175495,2.45228442120972
"PUM1",0.465674810917849,-10.9822764140951,2.27150941211475
"SNRNP40",0.661121138723841,-10.00571167617,2.37045753865546
"ZCCHC17",0.529572654577525,-10.3674110533092,2.33594365373942
"SERINC2",0.250273336557541,-12.2871527362687,2.16237099282398
"PEF1",0.609265229628245,-10.0154849234318,2.32157821129345
"PTP4A2",1.06510684769141,-9.51902815682063,2.47417016993772
"KHDRBS1",1.05689052632346,-9.53160352048456,2.47279856906182
"TMEM39B",0.441397319814906,-11.0600511153751,2.24299411454642
"KPNA6",0.466279723342488,-10.797270725487,2.27215518859085
"TXLNA",0.256458208315558,-11.6666219050736,2.18126431842578
"CCDC28B",0.46010852688435,-10.7445268030991,2.27313212749742
"TMEM234",0.352503218725648,-11.3789580565459,2.20921908789345
"EIF3I",1.11055211655131,-9.56664421196857,2.58101262852432
"LCK",1.27368417902842,-9.30803848987848,2.57322965689297
"HDAC1",0.797120936794035,-9.89122299342925,2.43420456692558
"MARCKSL1",0.937043021018428,-9.7896502849057,2.47560107357766
"FAM229A",0.230189928028585,-12.5414312256707,2.14290754443097
"BSDC1",0.516465125516757,-10.4048634445403,2.33839984461982
"ZBTB8OS",0.540280166265983,-10.3331225089087,2.33300997429705
"RBBP4",0.636311884631552,-9.99783029611126,2.34940415017382
"SYNC",0.248182685417313,-11.6927940738112,2.17580024179626
"YARS",0.444965716130129,-10.6170361649767,2.276766879285
"S100PBP",0.446191838281835,-11.0557529710318,2.25175023697878
"RNF19B",0.262041219518392,-11.6511250774237,2.18475398016833
"AK2",0.605337506820879,-10.0285654491782,2.31807866393484
"ADC",0.237201218102107,-12.549029507341,2.1579848493556
"TRIM62",0.250066880072025,-12.508963921607,2.17627790166079
"ZNF362",0.243431321069781,-11.7117139674051,2.17278568107151
"PHC2",0.31342617184787,-11.4983190089717,2.20259098932825
"SMIM12",0.660785292088925,-10.0056067418701,2.37019909543016
"DLGAP3",0.253776510344264,-12.4304809561986,2.17385166909698
"RP11-244H3.4",0.414579621266846,-11.1098167832024,2.20402627731241
"ZMYM6NB",0.108196131760806,-13.0200960649104,2.02232033555741
"ZMYM6",0.248182685417313,-11.6927940738112,2.17580024179626
"ZMYM1",0.224820970152689,-12.0670005958397,2.17690569188224
"SFPQ",0.851724732951778,-9.84045255616148,2.44687929577128
"ZMYM4",0.267827718943378,-11.6355057427823,2.18802368561981
"KIAA0319L",0.47058862160002,-10.8602702110165,2.27188519135454
"NCDN",0.226183628844696,-11.8696976462039,2.16872789246404
"RP4-728D4.2",0.447583979367493,-11.0539138640079,2.25404849497408
"TFAP2E",0.090721269291354,-12.7921404110945,1.91917469956789
"PSMB2",0.988389931895001,-9.68237768816147,2.47748959447371
"C1orf216",0.288321644740492,-11.5762392558387,2.19630309553748
"CLSPN",0.200068319961555,-12.4919902867851,2.07224447718315
"AGO4",0.236991764020421,-11.746402653704,2.16932203132936
"AGO1",0.321787468070285,-11.4733956549449,2.20456706007782
"AGO3",0.420219054721827,-11.0903502698403,2.20814048474172
"ADPRHL2",0.441725766869642,-10.5701691331356,2.28038004388046
"TRAPPC3",0.812777027751013,-9.87213890684787,2.43726602230859
"MAP7D1",0.537838265884519,-10.3412432327715,2.33374168078933
"THRAP3",0.653162197920686,-10.0030900359297,2.36415863580591
"EVA1B",0.224343258730426,-11.9225135940126,2.170983777159
"STK40",0.460270754849155,-11.0161770214272,2.26867444250827
"LSM10",0.975869365031197,-9.71427532951069,2.47888634826319
"OSCP1",0.090721269291354,-12.7921404110945,1.91917469956789
"MRPS15",0.816445255626004,-9.8682395190221,2.43803398593413
"CSF3R",0.717776969252648,-10.0030592712596,2.40770885675128
"LINC01137",0.223506913503804,-11.9791550530398,2.17392053640435
"ZC3H12A",0.422204211747287,-11.0846502912945,2.21015587565398
"MEAF6",1.09619293779781,-9.48944973380275,2.49039581498913
"SNIP1",0.158147028664132,-12.743367074885,2.06256469798137
"GNL2",0.443677568708803,-10.6014743261178,2.27760817426372
"C1orf109",0.358755284880245,-11.3567763940505,2.20908540634382
"YRDC",0.456917225105099,-10.72025166495,2.27370809212221
"C1orf122",0.542997292469876,-10.3238590476727,2.33215048977062
"MTF1",0.410508970363257,-11.1262600224375,2.20232349699316
"INPP5B",0.248182685417313,-11.6927940738112,2.17580024179626
"SF3A3",0.600373083977625,-10.0520988771536,2.31508301896295
"FHL3",0.459080748460276,-10.7366351082992,2.27331494285397
"UTP11L",0.4539544788363,-10.6976576509203,2.27426733380929
"RRAGC",0.451453996002459,-10.5087641553301,2.31175255703729
"RP5-864K19.4",0.158147028664132,-12.743367074885,2.06256469798137
"MYCBP",0.443959816731303,-10.5187088004038,2.29703566314867
"AKIRIN1",0.676904513172965,-10.0096614647093,2.38198165032087
"NDUFS5",1.35994166877035,-9.21878747987402,2.56718363851089
"MACF1",0.58377239594304,-10.1489464279057,2.31643389608708
"KIAA0754",0.230189928028585,-12.5414312256707,2.14290754443097
"RP11-69E11.4",0.124744812975913,-12.9345239920951,2.0430897230423
"PABPC4",0.724394091376702,-9.99830008066596,2.41135600108367
"HPCAL4",0.253776510344264,-12.4304809561986,2.17385166909698
"PPIE",0.672463112889302,-10.0087809824499,2.37884992723974
"TRIT1",0.273380743037275,-11.6202558307662,2.19077419739312
"MYCL",0.358635535324636,-11.3572159547066,2.20909250513434
"MFSD2A",0.108196131760806,-13.0200960649104,2.02232033555741
"CAP1",1.46275598640481,-9.14116330553617,2.57841583405409
"PPT1",0.936881715487452,-9.78985033180996,2.47555923601172
"RLF",0.285804672065154,-11.5839316416338,2.19552882576664
"RP1-39G22.7",0.415046963269713,-11.1080426793087,2.20428394207382
"ZMPSTE24",0.445750211097666,-11.0562755163753,2.25099477312809
"COL9A2",0.225618966400741,-12.0834241998706,2.17670796339033
"SMAP2",0.807885571499506,-9.87767020863973,2.4362782084483
"ZFP69B",0.141473787659634,-12.8191386499719,2.05126746596957
"ZFP69",0.224685844288479,-11.9098833485468,2.17037723291924
"EXO5",0.241695900609293,-12.5467848054605,2.16624256450464
"ZNF684",0.235911853711193,-11.753792553068,2.168868054776
"NFYC-AS1",0.241904545563597,-12.2014659440717,2.16146712228198
"NFYC",0.585446045568734,-10.1396876449656,2.31586621633457
"CITED4",0.459637242371163,-11.0192060395029,2.26821399206174
"CTPS1",0.40274415492585,-11.1611121498551,2.20123994370316
"SCMH1",0.22712266150858,-12.104790066756,2.17568849682712
"HIVEP3",0.380470518690739,-11.266954524078,2.20539002901601
"FOXJ3",0.457296166037405,-11.0291450802274,2.26627374376439
"PPCS",0.901614972575554,-9.81771123085305,2.4638572891787
"CCDC30",0.230189928028585,-12.5414312256707,2.14290754443097
"PPIH",0.597887747448696,-10.0661751731254,2.31432623203514
"YBX1",2.15361369422141,-7.29548143353038,2.44190018947544
"LEPRE1",0.37857325423284,-11.2755623803673,2.20585812355457
"C1orf50",0.441667087585508,-10.5320553930231,2.28901731208658
"CCDC23",0.671611203035987,-10.008593707767,2.37824119596693
"ERMAP",0.24453111945453,-12.2214289751843,2.16052314828958
"ZNF691",0.224065621849842,-11.9347801167679,2.1716016566889
"SLC2A1",0.306439806001703,-11.519684101789,2.20093803309746
"EBNA1BP2",0.573999895990634,-10.1988296060759,2.32025161043605
"RP1-92O14.3",0.124744812975913,-12.9345239920951,2.0430897230423
"CDC20",0.124744812975913,-12.9345239920951,2.0430897230423
"ELOVL1",0.504384598026874,-10.4350108445762,2.33927333480222
"MED8",0.566503502883452,-10.2329898115586,2.32335244665009
"SZT2",0.309940402152195,-11.5089209858606,2.20176716673798
"HYI",0.241587964993237,-11.7203125191351,2.17168265402027
"KDM4A",0.276234074996775,-11.6121930892694,2.19202297773267
"KDM4A-AS1",0.090721269291354,-12.7921404110945,1.91917469956789
"ST3GAL3",0.22375500450459,-11.9529837127783,2.17254604697426
"IPO13",0.224820970152689,-12.0670005958397,2.17690569188224
"DPH2",0.321787468070285,-11.4733956549449,2.20456706007782
"ATP6V0B",1.22707865800015,-9.37165948956455,2.5802789542053
"CCDC24",0.237201218102107,-12.549029507341,2.1579848493556
"DMAP1",0.453083717465203,-10.5076945476831,2.3141066589129
"ERI3",0.470958423003333,-10.4932921054469,2.33080702550067
"RNF220",0.468032621882543,-10.8166073510891,2.27195546693902
"TMEM53",0.225498377413436,-11.8859695206285,2.169328216192
"C1orf228",0.507870611338103,-10.4267657074682,2.33918055765148
"RPS8",4.74066227998604,-4.82265593452817,2.1385916350867
"BEST4",0.141473787659634,-12.8191386499719,2.05126746596957
"PLK3",0.503506022224235,-10.4370350500929,2.33927532983033
"PTCH2",0.241904545563597,-12.2014659440717,2.16146712228198
"EIF2B3",0.4697185895386,-10.9370853209865,2.2722874422799
"HECTD3",0.223695027974275,-12.0241158264402,2.17597860349096
"UROD",0.563148055234849,-10.2473451241754,2.3247249327184
"HPDL",0.124744812975913,-12.9345239920951,2.0430897230423
"MUTYH",0.445206524832609,-11.0568781963634,2.25005423745749
"TOE1",0.303949947574791,-11.5274100049873,2.20034205527944
"TESK2",0.189222923805307,-12.520920249976,2.05838802962435
"PRDX1",1.11169239842327,-9.56651372981344,2.58336661284991
"AKR1A1",0.762721731644477,-9.94564825486946,2.42698423598133
"NASP",0.623454825957821,-9.9977084810121,2.33658922172949
"GPBP1L1",0.51191896241394,-10.4167200905897,2.33890548942158
"TMEM69",0.444563787827994,-10.6123959997229,2.2769937261643
"IPP",0.28226465445891,-11.5946080769549,2.19434563052973
"MAST2",0.217168357845664,-12.5125542968357,2.11121018860736
"PIK3R3",0.158147028664132,-12.743367074885,2.06256469798137
"POMGNT1",0.363949299317625,-11.3370969602392,2.20861637561393
"LRRC41",0.46081891744545,-10.750035635498,2.27300776096084
"UQCRH",1.47796715471872,-9.11108249541616,2.59616348383377
"NSUN4",0.28226465445891,-11.5946080769549,2.19434563052973
"FAAH",0.426955933497949,-11.0737273074679,2.21627849385811
"MKNK1",0.465439519638008,-10.7890837813952,2.27226558969651
"MOB3C",0.347027480193409,-11.3972077836428,2.20896727921405
"ATPAF1",0.445450149217302,-10.5151796418081,2.30073166588779
"EFCAB14",0.441416057186885,-10.5359720606378,2.28752285220277
"PDZK1IP1",0.139904318189886,-12.826258312958,2.04984230696901
"CMPK1",1.23438714522221,-9.3609176520105,2.57904279599862
"SPATA6",0.247077097144011,-12.2454950947163,2.16053428480212
"BEND5",0.303949947574791,-11.5274100049873,2.20034205527944
"FAF1",0.471055523349826,-10.8819255240326,2.27199661036438
"CDKN2C",0.3970473175067,-11.1882492880877,2.20168409990758
"RNF11",0.458863658433255,-10.5039998595993,2.32106791211819
"EPS15",0.475148547133117,-10.488256009743,2.33308821997582
"OSBPL9",0.44129635457583,-10.5582049084099,2.28211341385396
"NRD1",0.540401611434877,-10.3327120540353,2.33297216580289
"TXNDC12",0.857494540440502,-9.83728738863777,2.44860641409204
"KTI12",0.456008661339454,-11.0338531524977,2.26504572955277
"BTF3L4",0.660887385610731,-10.0056378380401,2.37027763368479
"CC2D1B",0.224685844288479,-11.9098833485468,2.17037723291924
"ORC1",0.108196131760806,-13.0200960649104,2.02232033555741
"PRPF38A",0.614884641450875,-10.004307676169,2.32739828243633
"ZCCHC11",0.44864988402184,-10.5109902691831,2.30715663257216
"GPX7",0.461165934444582,-10.7527605308829,2.27294829357925
"FAM159A",0.441959131997346,-10.5289244491554,2.29040489010216
"COA7",0.224897314176702,-12.5307592002766,2.13038747028561
"ZYG11B",0.380470518690739,-11.266954524078,2.20539002901601
"ECHDC2",0.441218659412626,-10.5415039217996,2.28578366541857
"SCP2",1.10379773125294,-9.49214957295573,2.50201819443134
"SLC1A7",0.189222923805307,-12.520920249976,2.05838802962435
"CPT2",0.383089885247152,-11.2548981870833,2.20473571080868
"C1orf123",0.607682642655486,-10.0201642172422,2.32008159626699
"RP5-1024G6.7",0.141473787659634,-12.8191386499719,2.05126746596957
"MAGOH",0.86709588021817,-9.83255592652197,2.45163663054657
"RP11-117D22.2",0.247088309743925,-12.5303994035623,2.17384969389464
"NDC1",0.224685844288479,-11.9098833485468,2.17037723291924
"YIPF1",0.459285071193362,-11.0208277653869,2.26794751633124
"HSPB11",0.499459459274227,-10.4460279042148,2.33915928524765
"LRRC42",0.335776925411619,-11.4321320549466,2.20751459858229
"TMEM59",1.32729541128511,-9.24862516148099,2.5682505232226
"TCEANC2",0.224820970152689,-12.0670005958397,2.17690569188224
"CYB5RL",0.108196131760806,-13.0200960649104,2.02232033555741
"MRPL37",0.479396732263127,-10.4824403101364,2.33496177203535
"SSBP3",0.455355263082105,-11.0360485054148,2.26437704582327
"ACOT11",0.151289836493976,-12.7783680320405,2.05965516873174
"PARS2",0.160919524648358,-12.7261534701212,2.06272317382464
"TTC22",0.225618966400741,-12.0834241998706,2.17670796339033
"DHCR24",0.183062415540771,-12.5564644150092,2.05608461177669
"USP24",0.439377263286929,-11.0612499562935,2.23903745483429
"OMA1",0.417264300389483,-11.1000132340757,2.2057088928863
"MYSM1",0.303949947574791,-11.5274100049873,2.20034205527944
"JUN",2.1652471814768,-7.29365576404496,2.43579826438915
"LINC01135",0.253776510344264,-12.4304809561986,2.17385166909698
"FGGY",0.253657432497421,-12.3755230244616,2.1693722917142
"HOOK1",0.141473787659634,-12.8191386499719,2.05126746596957
"NFIA",0.203504806423496,-12.4912497389434,2.07892517954733
"TM2D1",0.51807937741007,-10.4005168064221,2.33817438766676
"INADL",0.390854073685558,-11.2181224489868,2.20284858943329
"L1TD1",0.117913150105663,-12.9954662061038,2.04171346236043
"USP1",0.448228764678751,-10.5113988031452,2.30639501038034
"DOCK7",0.090721269291354,-12.7921404110945,1.91917469956789
"ATG4C",0.458875663569119,-11.022664309496,2.26762632551946
"ALG6",0.419800833583891,-11.0916363501629,2.20775783788905
"ITGB3BP",0.224035905850509,-12.0423659378371,2.17656425261388
"EFCAB7",0.16759266301054,-12.6777798123276,2.06112349582788
"DLEU2L",0.108196131760806,-13.0200960649104,2.02232033555741
"PGM1",0.470581321205525,-10.8600544277902,2.27188441189735
"JAK1",0.946960518481174,-9.77543852037014,2.47773698645329
"LEPR",0.134486423716054,-12.8558240348517,2.04569081801718
"LEPROT",0.530812411282365,-10.3636165409546,2.33564369954369
"PDE4B",0.465114448809925,-10.786043880917,2.27231204570332
"MIER1",0.470971040728587,-10.8752360928173,2.2719535999494
"SLC35D1",0.23078253123122,-12.1364778837008,2.17188129372768
"IL23R",0.230189928028585,-12.5414312256707,2.14290754443097
"IL12RB2",0.158147028664132,-12.743367074885,2.06256469798137
"SERBP1",1.15133379365296,-9.50031287598133,2.59320855804751
"GADD45A",0.470994700089151,-10.902333234727,2.27214170872511
"WLS",0.160919524648358,-12.7261534701212,2.06272317382464
"LRRC7",0.174120422480146,-12.6247712823772,2.05817582041029
"LRRC40",0.368990430787037,-11.3169031375202,2.20788440781945
"SRSF11",1.04539176928904,-9.55152254599012,2.47193391022963
"ANKRD13C",0.386694205114887,-11.2379833690839,2.20382975371651
"HHLA3",0.28226465445891,-11.5946080769549,2.19434563052973
"ZRANB2",0.588715904974445,-10.1210178311676,2.31490733095435
"LRRIQ3",0.222829340074856,-12.526032281622,2.12531919851295
"FPGT",0.251141901207489,-11.6827217186918,2.17775498330012
"CRYZ",0.430700447862138,-11.0679250303405,2.22234549611966
"TYW3",0.431029775290445,-11.0675248271579,2.22292701973991
"ACADM",0.549522892215002,-10.3006604738985,2.32993046337096
"RABGGTB",0.57848557954626,-10.1767796974113,2.31843386067001
"ST6GALNAC3",0.124744812975913,-12.9345239920951,2.0430897230423
"PIGK",0.439082438693684,-11.0614254305605,2.23845414509524
"AK5",0.396124470565307,-11.1927029108298,2.20181963945277
"ZZZ3",0.386694205114887,-11.2379833690839,2.20382975371651
"USP33",0.449990064764469,-10.6655507822656,2.2750886029252
"FAM73A",0.315885778068481,-11.4909045559396,2.20317613981035
"NEXN",0.224685844288479,-11.9098833485468,2.17037723291924
"FUBP1",0.474282545075011,-10.4893523990134,2.3326534784397
"DNAJB4",0.253776510344264,-12.4304809561986,2.17385166909698
"RP11-386I14.4",0.223506913503804,-11.9791550530398,2.17392053640435
"IFI44L",1.10816171500981,-9.50443494325683,2.51786083215477
"IFI44",0.641481211898637,-9.99919935048525,2.35415876906438
"RP5-887A10.1",0.312425506356505,-11.501347778606,2.20235379569433
"RP11-475O6.1",0.108196131760806,-13.0200960649104,2.02232033555741
"RP11-486G15.2",0.108196131760806,-13.0200960649104,2.02232033555741
"PRKACB",0.448062071186585,-10.6484346463658,2.27558323357464
"RPF1",0.684079896324915,-10.0106004127371,2.3868816155187
"GNG5",1.10792157975815,-9.55194394099733,2.56042030009917
"CTBS",0.44802283359268,-10.5116126062662,2.30601734060462
"SSX2IP",0.211561276790128,-12.5005332691513,2.09729795390912
"MCOLN2",0.223483964358326,-11.9978879830348,2.17485616472569
"MCOLN3",0.101084877533373,-12.9582856770516,1.98697941273538
"SYDE2",0.124744812975913,-12.9345239920951,2.0430897230423
"C1orf52",0.452109902514625,-10.5083235769897,2.31272481445261
"BCL10",0.470521253694012,-10.9202711967342,2.27225176355077
"RP11-131L23.1",0.158147028664132,-12.743367074885,2.06256469798137
"ZNHIT6",0.285804672065154,-11.5839316416338,2.19552882576664
"ODF2L",0.674484315168119,-10.0092066876545,2.38028541286659
"RP4-612B15.3",0.241904545563597,-12.2014659440717,2.16146712228198
"SH3GLB1",0.756259358985721,-9.95662189330256,2.42510737567356
"SEP15",1.10903663530762,-9.51856494868499,2.53126545976014
"HS2ST1",0.306439806001703,-11.519684101789,2.20093803309746
"LMO4",0.537919939249462,-10.3409764164429,2.33371827218105
"PKN2",0.460513131752885,-11.0149730421718,2.26884319915514
"GTF2B",0.605150317585273,-10.029313818837,2.31793362071702
"CCBL2",0.44129635457583,-10.5582049084099,2.28211341385396
"RBMXL1",0.447482896963273,-10.6430009992121,2.27575569584847
"GBP3",0.456008661339454,-11.0338531524977,2.26504572955277
"GBP1",0.639372542346412,-9.99859108303984,2.35224447291353
"GBP2",0.94839317140438,-9.77307035424098,2.47797357744407
"GBP4",0.443044282628155,-10.5220770420116,2.29436392142818
"GBP5",0.537919939249462,-10.3409764164429,2.33371827218105
"LRRC8B",0.226183628844696,-11.8696976462039,2.16872789246404
"RP5-1007M22.2",0.223695027974275,-12.0241158264402,2.17597860349096
"LRRC8C",0.43957820972166,-11.0611362743163,2.23943387392018
"RP5-943J3.2",0.158147028664132,-12.743367074885,2.06256469798137
"LRRC8D",0.460163479778454,-11.0167071373592,2.26859810249708
"ZNF326",0.441816887308936,-11.0597700948226,2.24380086597125
"ZNF644",0.434784023671921,-11.0640018101029,2.22993718314082
"CDC7",0.158147028664132,-12.743367074885,2.06256469798137
"TGFBR3",0.336747253740007,-11.4292249806333,2.20768150937996
"BTBD8",0.124744812975913,-12.9345239920951,2.0430897230423
"GLMN",0.453758642162102,-11.0409096493427,2.26261277835448
"RPAP2",0.449530830069779,-11.0507162907346,2.25704368652988
"GFI1",0.225242173550997,-11.8928066779572,2.16961132666487
"EVI5",0.237474031983325,-11.7432841815218,2.1695380237315
"RPL5",4.76177453170538,-5.05425554021744,2.09956363583808
"FAM69A",0.350243796832789,-11.386611316548,2.2091560063327
"MTF2",0.563951966635997,-10.2439547687157,2.32439828219675
"TMED5",0.589130630295617,-10.1185834435721,2.31480287554181
"CCDC18",0.444092279917588,-11.0579699829562,2.24806124624802
"DR1",0.658927369011663,-10.0050124046962,2.36875708343589
"DNTTIP2",0.619907275329534,-9.99938995017426,2.33281451255924
"GCLM",0.457729764880145,-10.726391133117,2.27355818387294
"ARHGAP29",0.174120422480146,-12.6247712823772,2.05817582041029
"ABCD3",0.431029775290445,-11.0675248271579,2.22292701973991
"CNN3",0.252669045295664,-12.3369290773934,2.16608382286099
"ALG14",0.237474031983325,-11.7432841815218,2.1695380237315
"RWDD3",0.230189928028585,-12.5414312256707,2.14290754443097
"PTBP2",0.238267439470462,-12.1788669084481,2.16398271757428
"DPYD",0.465439519638008,-10.7890837813952,2.27226558969651
"AGL",0.298947621855813,-11.5430506211532,2.19913559051376
"SLC35A3",0.432617019850273,-11.0658294236109,2.22580811138779
"HIAT1",0.469948417021772,-10.8453584863788,2.27185128186003
"SASS6",0.279756854451389,-11.6020065129566,2.1934278299972
"TRMT13",0.467656805323684,-10.9641422478343,2.27204912278007
"DBT",0.23199352621588,-11.7866684234734,2.16771263742681
"RTCA",0.515940502106623,-10.40626023791,2.33846831090936
"CDC14A",0.460513131752885,-11.0149730421718,2.26884319915514
"EXTL2",0.23078253123122,-12.1364778837008,2.17188129372768
"SLC30A7",0.469242292256476,-10.9446433888567,2.27227095820305
"DPH5",0.540891606543474,-10.3310548887918,2.33281954438012
"AC093157.1",0.124744812975913,-12.9345239920951,2.0430897230423
"RP11-421L21.2",0.090721269291354,-12.7921404110945,1.91917469956789
"RP11-421L21.3",0.375735573807875,-11.2881886386573,2.20652769281198
"RP4-575N6.4",0.232518630657796,-11.7815991479491,2.16781318725399
"S1PR1",0.456008661339454,-11.0338531524977,2.26504572955277
"RNPC3",0.421222617755518,-11.08739230309,2.2091223616577
"AMY2B",0.189222923805307,-12.520920249976,2.05838802962435
"PRMT6",0.232716917859322,-12.1484300758739,2.16966635603658
"VAV3",0.258748343647862,-11.6601487887884,2.18272220633917
"VAV3-AS1",0.108196131760806,-13.0200960649104,2.02232033555741
"SLC25A24",0.447356090876264,-10.6417867530277,2.27579602713367
"RP11-483I13.5",0.108196131760806,-13.0200960649104,2.02232033555741
"FAM102B",0.250066880072025,-12.508963921607,2.17627790166079
"HENMT1",0.451879402496941,-10.6812388440668,2.2746772108113
"PRPF38B",0.800753231682296,-9.88643778011638,2.43489359370133
"STXBP3",0.469543408155108,-10.8380205441914,2.27185984663184
"GPSM2",0.174120422480146,-12.6247712823772,2.05817582041029
"CLCC1",0.264423314147689,-11.6446953514024,2.18614617169067
"WDR47",0.217168357845664,-12.5125542968357,2.11121018860736
"TAF13",0.250273336557541,-12.2871527362687,2.16237099282398
"RP5-1065J22.8",0.235831001374619,-12.1654885580238,2.16626798040572
"TMEM167B",0.451157848291789,-10.5089763223601,2.31130350822141
"KIAA1324",0.250066880072025,-12.508963921607,2.17627790166079
"SARS",0.74150238875355,-9.97945539991906,2.41967651861636
"PSRC1",0.217168357845664,-12.5125542968357,2.11121018860736
"SORT1",0.223506913503804,-11.9791550530398,2.17392053640435
"PSMA5",1.09714314667424,-9.48932140249153,2.49146402592894
"ATXN7L2",0.217168357845664,-12.5125542968357,2.11121018860736
"CYB561D1",0.344727029962021,-11.4046107988564,2.20876481991351
"AMIGO1",0.117913150105663,-12.9954662061038,2.04171346236043
"GNAI3",0.748712400127483,-9.96884488547779,2.42254095188952
"AMPD2",0.443267682997208,-10.5211319475339,2.29505914794845
"GSTM4",0.224035905850509,-12.0423659378371,2.17656425261388
"GSTM2",0.224820970152689,-12.0670005958397,2.17690569188224
"GSTM1",0.23078253123122,-12.1364778837008,2.17188129372768
"GSTM3",0.43135889769969,-11.0671477892444,2.2235123103596
"CSF1",0.174120422480146,-12.6247712823772,2.05817582041029
"AHCYL1",0.470913979024418,-10.9067634166935,2.27217255884453
"STRIP1",0.40274415492585,-11.1611121498551,2.20123994370316
"RBM15",0.23386501965221,-11.7696233733186,2.16814921311575
"SLC16A4",0.230189928028585,-12.5414312256707,2.14290754443097
"RP5-1074L1.4",0.127557276531685,-12.9088084177487,2.0432601244901
"LAMTOR5-AS1",0.090721269291354,-12.7921404110945,1.91917469956789
"LAMTOR5",1.10736756088233,-9.50019163656609,2.51322821726607
"RP11-284N8.3",0.252669045295664,-12.3369290773934,2.16608382286099
"KCNA3",0.461336846505291,-11.0107266950075,2.2693906361035
"CD53",1.58696151090281,-8.9257596528564,2.63389263947014
"RP11-96K19.2",0.090721269291354,-12.7921404110945,1.91917469956789
"LRIF1",0.466943671905894,-10.804166138417,2.27207155188029
"RP11-96K19.5",0.124744812975913,-12.9345239920951,2.0430897230423
"DRAM2",0.804406088553879,-9.88183685354593,2.43559387787467
"CEPT1",0.446872383093467,-10.5129602470716,2.30378166460768
"RP5-1180E21.5",0.303949947574791,-11.5274100049873,2.20034205527944
"DENND2D",0.814178117845703,-9.87062765125473,2.43755732676223
"CHI3L2",0.45896719819466,-10.7357684182267,2.27333522322166
"WDR77",0.447546091022237,-10.5121405724012,2.30511704605942
"ATP5F1",1.23579238185963,-9.35887933882804,2.57880946823019
"C1orf162",1.47096720064637,-9.13285532542036,2.5821567389443
"RAP1A",1.11154280089329,-9.56656950396585,2.5830949115023
"FAM212B",0.234124487534521,-12.5469724166974,2.15166150171537
"DDX20",0.300427718600343,-11.5384103559416,2.199496241444
"CTTNBP2NL",0.090721269291354,-12.7921404110945,1.91917469956789
"ST7L",0.443071382832761,-11.0588328107998,2.24617533386007
"CAPZA1",0.836229691182458,-9.85069886209482,2.44264370698944
"MOV10",0.283289517473143,-11.5915210627692,2.19470062821077
"RP11-426L16.3",0.090721269291354,-12.7921404110945,1.91917469956789
"RHOC",1.02510236612403,-9.59266050516973,2.47260759383861
"PPM1J",0.090721269291354,-12.7921404110945,1.91917469956789
"SLC16A1",0.226183628844696,-11.8696976462039,2.16872789246404
"SLC16A1-AS1",0.141473787659634,-12.8191386499719,2.05126746596957
"LRIG2",0.229652322568163,-11.8128955357699,2.16754706132433
"PHTF1",0.434022124776444,-11.0645865667127,2.22846712573506
"RSBN1",0.523903077244996,-10.3842147287868,2.33717586107458
"PTPN22",0.467656805323684,-10.9641422478343,2.27204912278007
"AP4B1-AS1",0.124744812975913,-12.9345239920951,2.0430897230423
"AP4B1",0.312415811570225,-11.5013771452248,2.20235150349299
"DCLRE1B",0.252669045295664,-12.3369290773934,2.16608382286099
"RP5-1073O3.7",0.421481688619997,-11.086652483809,2.20938691239575
"HIPK1",0.468640681023308,-10.8244467292472,2.27190686780533
"TRIM33",0.460513131752885,-11.0149730421718,2.26884319915515
"BCAS2",0.789265476684258,-9.90231820930085,2.43272997020187
"DENND2C",0.108196131760806,-13.0200960649104,2.02232033555741
"NRAS",0.439082438693684,-11.0614254305605,2.23845414509524
"CSDE1",1.10800942086568,-9.54869881705659,2.55738739355308
"SIKE1",0.453782569441757,-10.6963223230125,2.27430048774685
"TSPAN2",0.404721923560707,-11.1519112943397,2.20129724393512
"VANGL1",0.108196131760806,-13.0200960649104,2.02232033555741
"ATP1A1",0.931103385508436,-9.79652179549898,2.47397942065975
"CD58",0.441157510825965,-10.545772147932,2.28465777973538
"CD2",1.17168277878653,-9.46295896627687,2.590288854354
"CD101",0.223483964358326,-11.9978879830348,2.17485616472569
"TTF2",0.224065621849842,-11.9347801167679,2.1716016566889
"MAN1A2",0.445907242886321,-11.0560946168345,2.25126355553387
"FAM46C",0.455237028190971,-10.7075209649482,2.27402338846774
"GDAP2",0.27374702762166,-11.6192263026565,2.19093972565155
"WDR3",0.279756854451389,-11.6020065129566,2.1934278299972
"WARS2",0.267694467968558,-11.6358610197616,2.18795109768326
"RP11-418J17.1",0.241695900609293,-12.5467848054605,2.16624256450464
"PHGDH",0.232716917859322,-12.1484300758739,2.16966635603658
"REG4",0.252848887651615,-12.4667426727497,2.17603331892423
"NOTCH2",0.448452754431405,-10.6520180315335,2.27547489807325
"FAM72B",0.124744812975913,-12.9345239920951,2.0430897230423
"FCGR1B",0.397681954069581,-11.1851943815121,2.20159827090245
"RP11-343N15.5",0.27374702762166,-11.6192263026565,2.19093972565155
"RP11-344P13.6",0.252669045295664,-12.3369290773934,2.16608382286099
"RP11-423O2.5",0.090721269291354,-12.7921404110945,1.91917469956789
"RP11-782C8.1",0.108196131760806,-13.0200960649104,2.02232033555741
"LINC00623",0.090721269291354,-12.7921404110945,1.91917469956789
"AL592284.1",0.217168357845664,-12.5125542968357,2.11121018860736
"RP11-640M9.1",0.294380013409298,-11.5573781680938,2.19798584160143
"NBPF9",0.225242173550997,-11.8928066779572,2.16961132666487
"PDE4DIP",0.392224807405787,-11.2115284221543,2.20255036683991
"AL590452.1",0.25207905255751,-12.3217627193962,2.16484660681938
"NOTCH2NL",0.615869450317406,-10.0030486134596,2.3284638330374
"NBPF10",0.503865492567667,-10.436210531775,2.3392756888524
"TXNIP",1.52717873128762,-7.8868305368678,2.53650105086824
"POLR3GL",0.94282983532329,-9.78179798046697,2.47694366701646
"ANKRD34A",0.124744812975913,-12.9345239920951,2.0430897230423
"RP11-315I20.1",0.174120422480146,-12.6247712823772,2.05817582041029
"LIX1L",0.442213622801767,-10.5797385107321,2.2793170527697
"RBM8A",1.1081782143649,-9.56129139785459,2.57039991418304
"PEX11B",0.470938658701406,-10.8735186137538,2.27194407816807
"ITGA10",0.090721269291354,-12.7921404110945,1.91917469956789
"ANKRD35",0.203504806423496,-12.4912497389434,2.07892517954733
"PIAS3",0.23078253123122,-12.1364778837008,2.17188129372768
"NUDT17",0.158147028664132,-12.743367074885,2.06256469798137
"POLR3C",0.464266716237479,-10.9928206954033,2.27095920656136
"RNF115",0.583641300696956,-10.14966038914,2.31648023422223
"CD160",0.467393271753589,-10.9668367797542,2.27199326154281
"GPR89A",0.300427718600343,-11.5384103559416,2.199496241444
"NBPF12",0.253309504187197,-11.6759268360451,2.17920616014382
"PRKAB2",0.243431321069781,-11.7117139674051,2.17278568107151
"RP11-337C18.8",0.174120422480146,-12.6247712823772,2.05817582041029
"FMO5",0.22712266150858,-12.104790066756,2.17568849682712
"CHD1L",0.408722119676973,-11.1339227526879,2.20185107472394
"BCL9",0.23078253123122,-12.1364778837008,2.17188129372768
"ACP6",0.226183628844696,-11.8696976462039,2.16872789246404
"NBPF14",0.224820970152689,-12.0670005958397,2.17690569188224
"NBPF15",0.174120422480146,-12.6247712823772,2.05817582041029
"RP11-14N7.2",0.174120422480146,-12.6247712823772,2.05817582041029
"RP11-403I13.8",0.371035178180678,-11.308387848168,2.20751175530643
"RP11-277L2.3",0.462687695900046,-11.0030379728966,2.27018466021815
"RP11-353N4.4",0.23199352621588,-11.7866684234734,2.16771263742681
"FCGR1A",0.446323417127342,-10.6315858617512,2.27615738783294
"RP11-196G18.24",0.090721269291354,-12.7921404110945,1.91917469956789
"HIST2H2BE",0.462136740962016,-11.0062870856586,2.26987450329849
"HIST2H2AC",0.435093998916501,-11.0637800400456,2.2305398914053
"HIST2H2AB",0.108196131760806,-13.0200960649104,2.02232033555741
"BOLA1",0.470509432022273,-10.8580293735321,2.2718772084898
"SF3B4",0.579622956364476,-10.1709705674518,2.31798711879063
"MTMR11",0.44116275528236,-10.5503533623386,2.28360997646177
"OTUD7B",0.124744812975913,-12.9345239920951,2.0430897230423
"VPS45",0.42576098429317,-11.0761029999866,2.21456408232124
"PLEKHO1",0.56454546472441,-10.2414290653066,2.32415567599496
"ANP32E",0.52549892451582,-10.3795797287052,2.33685349551097
"APH1A",0.94378269988105,-9.7803925469568,2.47714095568251
"C1orf54",0.29675605260278,-11.549926849467,2.19859175563447
"C1orf51",0.101084877533373,-12.9582856770516,1.98697941273538
"MRPS21",1.0224858139882,-9.59847778697195,2.47284871837796
"PRPF3",0.398585905729195,-11.1808496154353,2.2014893716533
"RPRD2",0.4708411397843,-10.910048552978,2.27219152285974
"TARS2",0.294380013409298,-11.5573781680938,2.19798584160143
"ADAMTSL4",0.225242173550997,-11.8928066779572,2.16961132666487
"MCL1",1.44001192637149,-9.15885699877884,2.57272486574856
"ENSA",1.1080366637548,-9.55968410713218,2.56845631610329
"GOLPH3L",0.371035178180678,-11.308387848168,2.20751175530643
"CTSS",1.28157268823426,-8.11659067854676,2.52632380256443
"CTSK",0.158147028664132,-12.743367074885,2.06256469798137
"ARNT",0.371035178180678,-11.308387848168,2.20751175530643
"SETDB1",0.390547942851553,-11.2195909881759,2.2029167383211
"CERS2",0.591483934432662,-10.1046502020339,2.31432166648551
"FAM63A",0.235301446437578,-11.7582718172183,2.16862943826843
"PRUNE",0.253996396280578,-11.673843890216,2.17965873210482
"C1orf56",0.319344583891345,-11.4806092560161,2.20399355485001
"CDC42SE1",0.975995910193553,-9.71396091413839,2.47887614340208
"MLLT11",0.465558896906269,-10.9832004866793,2.27146940752692
"GABPB2",0.422599320706511,-11.0835925361052,2.210594906622
"TNFAIP8L2",0.60733077154202,-10.0213064161023,2.31976354240922
"SCNM1",0.676170027079272,-10.009525897043,2.38146744594726
"VPS72",0.500171371586635,-10.4444855042169,2.33919532436306
"PIP5K1A",0.366057967804558,-11.3287833212256,2.20834701635366
"PSMD4",1.10819409837558,-9.50465875866445,2.51809304290007
"RP11-126K1.2",0.230189928028585,-12.5414312256707,2.14290754443097
"ZNF687",0.223506913503804,-11.9791550530398,2.17392053640435
"PI4KB",0.441765570774379,-10.5710417635638,2.28027448775856
"RFX5",0.446888890309239,-11.0548770528788,2.25291766010547
"RP11-126K1.6",0.237201218102107,-12.549029507341,2.1579848493556
"PSMB4",0.876686522220737,-9.82836693167578,2.45486114958849
"POGZ",0.466695015628803,-10.973536817111,2.27182052672007
"TUFT1",0.124744812975913,-12.9345239920951,2.0430897230423
"SNX27",0.466732458491485,-10.8019155856479,2.2720966082752
"MRPL9",0.734936626574346,-9.98781408846422,2.41671134825028
"OAZ3",0.090721269291354,-12.7921404110945,1.91917469956789
"TDRKH",0.253776510344264,-12.4304809561986,2.17385166909698
"RP11-98D18.9",0.189222923805307,-12.520920249976,2.05838802962435
"RORC",0.23078253123122,-12.1364778837008,2.17188129372768
"C2CD4D",0.155814392341329,-12.7564208083967,2.06194045217959
"THEM4",0.442386834245196,-10.5256301439779,2.29212131296818
"S100A10",1.25542384292851,-8.11809185152232,2.58156949604511
"S100A11",1.25259046886758,-8.1029556969907,2.53377934125284
"S100A9",1.22352332688054,-8.12489717226955,2.57246160894224
"S100A12",0.499382163335583,-10.446194232136,2.3391548989627
"S100A8",1.60711218996326,-8.82130560554658,2.62005375455407
"S100A6",2.36289770365529,-7.13969147739412,2.47676497101906
"S100A4",3.38930745678756,-5.83316471419866,2.22074933106299
"S100A13",0.232716917859322,-12.1484300758739,2.16966635603658
"CHTOP",0.607318539945935,-10.0213489288324,2.31975340367473
"SNAPIN",0.663697150641239,-10.0064960392495,2.3724213492973
"ILF2",0.950207875469047,-9.76996997096942,2.47825210787914
"INTS3",0.288321644740492,-11.5762392558387,2.19630309553748
"SLC27A3",0.467269051057546,-10.9680744008023,2.27196574441331
"GATAD2B",0.470521253694012,-10.9202711967342,2.27225176355077
"DENND4B",0.469399475625454,-10.8356440382054,2.27186269280174
"CRTC2",0.457430667591744,-11.0286243350014,2.2663945925938
"SLC39A1",0.457222719205008,-10.5050889791544,2.31928154771866
"CREB3L4",0.226965555352143,-11.8539915358263,2.1682399487526
"JTB",1.44141827987167,-9.15785111842923,2.57297895375077
"RP11-422P24.11",0.090721269291354,-12.7921404110945,1.91917469956789
"RAB13",0.319796689227963,-11.4792689224824,2.20409993212018
"RPS27",5.55959843713981,-4.47176146154647,2.16000344919601
"TPM3",1.46468798271921,-9.0885384892249,2.62089020932287
"C1orf43",1.00755590769357,-9.63370304976459,2.47469623777901
"UBAP2L",0.465672124702862,-10.7912887969667,2.27223333847898
"HAX1",0.969595364538552,-9.72953970611551,2.4792491566777
"ATP8B2",0.225242173550997,-11.8928066779572,2.16961132666487
"RP11-350G8.5",0.108196131760806,-13.0200960649104,2.02232033555741
"IL6R",0.44802283359268,-10.5116126062662,2.30601734060462
"UBE2Q1",0.413563329334592,-11.113773316338,2.20351006986298
"ADAR",0.87230404339653,-9.83024190940484,2.45336686145305
"PMVK",0.765447737860717,-9.9409816736932,2.42769830527726
"RP11-307C12.13",0.189222923805307,-12.520920249976,2.05838802962435
"PBXIP1",0.809173801098239,-9.87617911920855,2.4365363544924
"PYGO2",0.368990430787037,-11.3169031375202,2.20788440781945
"RP11-307C12.12",0.101084877533373,-12.9582856770516,1.98697941273538
"SHC1",0.412723173171574,-11.117110779204,2.20313156899108
"CKS1B",0.506374078856518,-10.4303550466547,2.33923903986786
"FLAD1",0.44200293316727,-10.5758749588275,2.27971857667834
"ZBTB7B",0.464175566024058,-10.9934573941137,2.27091891202819
"ADAM15",0.371035178180678,-11.308387848168,2.20751175530643
"EFNA4",0.40069808220716,-11.1707663965574,2.20130761253405
"EFNA3",0.108196131760806,-13.0200960649104,2.02232033555741
"SLC50A1",0.451329074631278,-10.5088540951092,2.3115650630808
"DPM3",0.448583653332393,-10.5110553067873,2.30703816158059
"KRTCAP2",1.10824548090628,-9.54290719193946,2.55222201005003
"TRIM46",0.158147028664132,-12.743367074885,2.06256469798137
"THBS3",0.189222923805307,-12.520920249976,2.05838802962435
"MTX1",0.444091313591591,-10.6067110575318,2.27729743406712
"GBA",0.229216757627761,-11.8185740413693,2.16758308707388
"FAM189B",0.226183628844696,-11.8696976462039,2.16872789246404
"SCAMP3",0.583369272381169,-10.151140495139,2.31657585792484
"CLK2",0.264423314147689,-11.6446953514024,2.18614617169067
"FDPS",0.733901414524507,-9.98900557153017,2.416215651825
"RUSC1-AS1",0.090721269291354,-12.7921404110945,1.91917469956789
"RUSC1",0.407422221264717,-11.1396657475591,2.20159670875146
"ASH1L",0.442400957849145,-10.5255389035878,2.29217339328879
"MSTO1",0.197663683629374,-12.4947298912936,2.06814566555827
"YY1AP1",0.442196916581248,-10.57944063175,2.27934690873783
"DAP3",0.844508243094898,-9.84489991197708,2.44483684951939
"GON4L",0.483969344205203,-10.4754144166881,2.33654167751565
"SYT11",0.258748343647862,-11.6601487887884,2.18272220633917
"RIT1",0.461497324864078,-11.0098599485605,2.2694894081042
"KIAA0907",0.453122733580334,-10.69115483543,2.27442939777377
"ARHGEF2",0.566503502883452,-10.2329898115586,2.32335244665009
"SSR2",1.52078282467531,-8.51949828404792,2.57203601552434
"UBQLN4",0.22712266150858,-12.104790066756,2.17568849682712
"LAMTOR2",1.02835822119283,-9.58558264070056,2.47234838384806
"RAB25",0.174120422480146,-12.6247712823772,2.05817582041029
"LMNA",0.487156986482942,-10.4700512045781,2.33740069847522
"SEMA4A",0.470905116509274,-10.8718063541902,2.27193462190516
"SLC25A44",0.267827718943378,-11.6355057427823,2.18802368561981
"PMF1",0.722282099996672,-9.99996333814241,2.41021150083986
"BGLAP",0.117913150105663,-12.9954662061038,2.04171346236043
"SMG5",0.303949947574791,-11.5274100049873,2.20034205527944
"TMEM79",0.23199352621588,-11.7866684234734,2.16771263742681
"C1orf85",0.432153470739172,-11.066289033713,2.22495044312229
"CCT3",0.971342248900873,-9.7253684082057,2.47917673676049
"MEF2D",0.448404260440289,-11.0526438410954,2.25533925584446
"TTC24",0.141473787659634,-12.8191386499719,2.05126746596957
"APOA1BP",0.624232928187139,-9.99748195230059,2.33740446442761
"GPATCH4",0.465749042746365,-10.7920297136097,2.27222391741454
"ISG20L2",0.441614026465712,-10.5327467523329,2.28873461815356
"RRNAD1",0.33101305530525,-11.4462830540508,2.20660583562448
"MRPL24",0.570514281602675,-10.2150942340317,2.32169196121779
"HDGF",0.4433266380766,-10.5208955222994,2.29523670115702
"PRCC",0.441155206515391,-10.5464158386752,2.28449921898765
"SH2D2A",0.456205989847508,-10.5057338486212,2.31810274097546
"ARHGEF11",0.141473787659634,-12.8191386499719,2.05126746596957
"ETV3",0.306439806001703,-11.519684101789,2.20093803309746
"FCRL5",0.246980506215015,-11.697220033757,2.17501935050782
"FCRL3",0.324219516860707,-11.4662383054687,2.20512556831078
"FCRL2",0.361513043421799,-11.3464568668466,2.20887218072178
"FCRL1",0.45971552842902,-10.7414943751363,2.27320098074944
"CD1D",0.445229982423752,-10.5156008162151,2.30022342716354
"CD1A",0.108196131760806,-13.0200960649104,2.02232033555741
"CD1C",0.465646642016364,-10.9825025480987,2.27150010712586
"MNDA",0.754506334989497,-9.95953612922048,2.42455021081715
"PYHIN1",0.445006554809197,-10.5160671286412,2.29969157693459
"IFI16",0.87770778411967,-9.82794306953407,2.45521519240713
"AIM2",0.413835197228197,-11.1126907728899,2.20364123031112
"FCER1A",0.469081772661447,-10.8307422429868,2.27187889873734
"DUSP23",0.611409968041457,-10.0103184905157,2.32373411526336
"FCRL6",0.470361833526122,-10.8542596850158,2.27186518151661
"VSIG8",0.090721269291354,-12.7921404110945,1.91917469956789
"TAGLN2",1.54302334903422,-8.99792221414998,2.64049272242367
"PIGM",0.23199352621588,-11.7866684234734,2.16771263742681
"IGSF8",0.452954145724957,-10.6898281384931,2.27446232814444
"RP11-536C5.7",0.124744812975913,-12.9345239920951,2.0430897230423
"PEA15",0.451461868861529,-11.0467502634396,2.25974143488206
"DCAF8",0.441638519547798,-10.5681617533741,2.28063387853322
"PEX19",0.463532745220378,-10.7720502280869,2.27255100402113
"COPA",0.447945972267936,-10.5116956825364,2.3058740829363
"NCSTN",0.443481818964056,-10.5989005059733,2.27777193071874
"SLAMF6",0.445790780986055,-10.6260665285535,2.27637372647226
"CD84",0.45324594592992,-10.5075919158588,2.31433000347305
"SLAMF1",0.455086572580416,-11.0369175429275,2.26409235539893
"RP11-404F10.2",0.090721269291354,-12.7921404110945,1.91917469956789
"CD48",1.22329686511201,-8.1247946996837,2.57226022826058
"SLAMF7",0.441977409179775,-11.0596575701718,2.24411167420022
"LY9",0.59828557338548,-10.0638533243041,2.31441423561815
"CD244",0.469466214018155,-10.9412489522269,2.27228109815982
"F11R",0.232716917859322,-12.1484300758739,2.16966635603658
"TSTD1",1.00684307328512,-9.63546363393697,2.47479453941162
"USF1",0.358755284880245,-11.3567763940505,2.20908540634382
"ARHGAP30",0.812668606096584,-9.87225715083704,2.43724375293323
"PFDN2",0.925235346434199,-9.80222928717865,2.4721768972178
"NIT1",0.448609356360386,-10.6534284264154,2.2754323641429
"DEDD",0.452139644525247,-11.0451609854515,2.26062929952455
"UFC1",1.23688964711584,-9.35728596200394,2.57862820250976
"USP21",0.224065621849842,-11.9347801167679,2.1716016566889
"PPOX",0.355648341701213,-11.3679762538592,2.20920993508267
"B4GALT3",0.458093213536887,-10.5045192744151,2.32024656164082
"NDUFS2",0.843924046283337,-9.84528208646148,2.44467728558157
"FCER1G",1.58351959442686,-8.68846621544213,2.59964290394498
"TOMM40L",0.223506913503804,-11.9791550530398,2.17392053640435
"MPZ",0.211561276790128,-12.5005332691513,2.09729795390912
"SDHC",0.968747648921517,-9.73154415161561,2.47927682040816
"FCGR2A",0.601889351172801,-10.0441625544978,2.31579113547856
"HSPA6",0.359648244991767,-11.3534775894331,2.20902733604245
"FCGR3A",1.10789716308338,-9.55393166020507,2.56234028629166
"FCGR2B",0.456484918047221,-11.0321651855354,2.26551427332229
"FCGR3B",0.244822657477716,-12.5397573781334,2.17103389596362
"FCRLA",0.44810344256423,-10.6488178497512,2.27557145653818
"FCRLB",0.224554648387167,-12.0600007742538,2.17687390222265
"DUSP12",0.455335771075523,-10.7082746434688,2.27400435849471
"ATF6",0.468972266220677,-10.8291162924239,2.27188442770813
"SH2D1B",0.421448875846965,-11.0867453447412,2.20935304027357
"UHMK1",0.469639996184715,-10.8396586328714,2.27185424615383
"UAP1",0.469649799117703,-10.9382668729188,2.2722862989636
"HSD17B7",0.465899493474853,-10.980441223856,2.27158543562664
"RP11-267N12.3",0.174120422480146,-12.6247712823772,2.05817582041029
"NUF2",0.134486423716054,-12.8558240348517,2.04569081801718
"MGST3",0.974597520935079,-9.71742590242322,2.47898172269722
"ALDH9A1",0.621643952070625,-9.99841839793323,2.33467193010637
"TMCO1",0.864083220096929,-9.83396808424269,2.45066245930286
"UCK2",0.230775156673327,-11.7994739811921,2.16756261210683
"POGK",0.335776925411619,-11.4321320549466,2.20751459858229
"TADA1",0.23386501965221,-11.7696233733186,2.16814921311575
"GPA33",0.225242173550997,-11.8928066779572,2.16961132666487
"POU2F1",0.368990430787037,-11.3169031375202,2.20788440781945
"CD247",1.10866692735236,-9.53370859048934,2.54430830122667
"RP11-104L21.3",0.249029583942693,-11.6898006335492,2.17635571763485
"CREG1",0.50227403021319,-10.4398259871143,2.33926024878274
"RP3-455J7.4",0.141473787659634,-12.8191386499719,2.05126746596957
"RCSD1",0.98856658889171,-9.68193326791762,2.47746800000623
"MPZL1",0.226965555352143,-11.8539915358263,2.1682399487526
"MPC2",0.785963065294926,-9.90727521501777,2.43210583548556
"DCAF6",0.452139644525247,-11.0451609854515,2.26062929952455
"TIPRL",0.452189241323505,-10.508267744689,2.31283891867285
"SFT2D2",0.460513131752885,-11.0149730421718,2.26884319915515
"TBX19",0.090721269291354,-12.7921404110945,1.91917469956789
"XCL2",0.457070014425991,-10.5051861440327,2.31910860436111
"XCL1",0.469605599393061,-10.9390052832431,2.27228555065638
"ATP1B1",0.224897314176702,-12.5307592002766,2.13038747028561
"NME7",0.249029583942693,-11.6898006335492,2.17635571763485
"BLZF1",0.375842218537906,-11.2877179277956,2.20650351365506
"F5",0.250273336557541,-12.2871527362687,2.16237099282398
"SELP",0.108196131760806,-13.0200960649104,2.02232033555741
"C1orf112",0.197663683629374,-12.4947298912936,2.06814566555827
"SELL",1.47393234063682,-9.07122979054504,2.63432994802072
"METTL18",0.470331989245457,-10.8535325076562,2.27186350014073
"SCYL3",0.393197807386538,-11.2068282466186,2.20234907139182
"KIFAP3",0.300427718600343,-11.5384103559416,2.199496241444
"GORAB",0.224065621849842,-11.9347801167679,2.1716016566889
"FMO4",0.189222923805307,-12.520920249976,2.05838802962435
"PRRC2C",0.914313030165334,-9.81058558034242,2.4684674995182
"VAMP4",0.454425694479469,-11.038962932443,2.26337038156405
"METTL13",0.436442734311754,-11.0629006738888,2.23319244437128
"DNM3",0.124744812975913,-12.9345239920951,2.0430897230423
"PIGC",0.618333377556085,-10.0005517898705,2.33112357375686
"SUCO",0.355648341701213,-11.3679762538592,2.20920993508267
"FASLG",0.27374702762166,-11.6192263026565,2.19093972565155
"TNFSF4",0.227092222552256,-12.5355364583155,2.13566503720302
"RP11-296O14.3",0.232716917859322,-12.1484300758739,2.16966635603658
"PRDX6",1.1090192790713,-9.51683103782511,2.52971280260188
"KLHL20",0.459670055213797,-11.0190529207968,2.26823918660078
"CENPL",0.230775156673327,-11.7994739811921,2.16756261210683
"DARS2",0.241695900609293,-12.5467848054605,2.16624256450464
"ZBTB37",0.223695027974275,-12.0241158264402,2.17597860349096
"RC3H1",0.429885971519857,-11.0689786371609,2.22093782401831
"RABGAP1L",0.603513225900731,-10.0363519041324,2.31675956231838
"CACYBP",0.924792416422033,-9.80262099999506,2.47203442238423
"MRPS14",0.499296179419922,-10.4463791591469,2.33915011070586
"KIAA0040",0.460574848674262,-10.5027822560835,2.32278796757037
"RFWD2",0.462849631231545,-10.7663215923104,2.27266294020788
"RALGPS2",0.460753915855538,-11.0137593440319,2.26900930028204
"FAM20B",0.226183628844696,-11.8696976462039,2.16872789246404
"TOR3A",0.499809238525121,-10.4452726224569,2.33917812086207
"ABL2",0.312415811570225,-11.5013771452248,2.20235150349299
"SOAT1",0.466081704228971,-10.978900845539,2.27164356973505
"TOR1AIP2",0.441106494975151,-11.060235648736,2.24242918160908
"RP11-533E19.7",0.241904545563597,-12.2014659440717,2.16146712228198
"TOR1AIP1",0.444857252485835,-10.5163911037443,2.29932986771994
"RP11-533E19.5",0.124744812975913,-12.9345239920951,2.0430897230423
"CEP350",0.463280402882616,-10.7699188696941,2.27259259158758
"QSOX1",0.470192273206564,-10.9281073698789,2.27227794184389
"RP5-1180C10.2",0.108196131760806,-13.0200960649104,2.02232033555741
"ACBD6",0.463068706326419,-10.5008648582101,2.32507117439821
"XPR1",0.224685844288479,-11.9098833485468,2.17037723291924
"STX6",0.339105839734121,-11.4220917610365,2.20805934831243
"MR1",0.469556330754228,-10.8382406365832,2.27185953780243
"IER5",0.453187926010195,-10.5076282018268,2.31425037062514
"RP11-309G3.3",0.158147028664132,-12.743367074885,2.06256469798137
"GLUL",0.701234412147435,-10.0096807567746,2.39790179110919
"RNASEL",0.226183628844696,-11.8696976462039,2.16872789246404
"RGS16",0.25207905255751,-12.3217627193962,2.16484660681938
"NPL",0.467032692541159,-10.9703777922816,2.27190952591939
"DHX9",0.478738601462637,-10.4833878418288,2.33469799704304
"SMG7",0.358755284880245,-11.3567763940505,2.20908540634382
"NCF2",0.9608769622266,-9.74923696629468,2.47923651862712
"ARPC5",1.56663367741112,-8.96448805709842,2.63795526111862
"RGL1",0.158147028664132,-12.743367074885,2.06256469798137
"COLGALT2",0.117913150105663,-12.9954662061038,2.04171346236043
"TSEN15",0.465455945237294,-10.4988247675426,2.3270288504672
"C1orf21",0.46278877742888,-11.0024263857793,2.27023859565842
"EDEM3",0.248182685417313,-11.6927940738112,2.17580024179626
"FAM129A",0.399206633592182,-11.1778740585519,2.20142359739029
"RNF2",0.463968014104421,-10.9948867109131,2.27082351033435
"TRMT1L",0.347966476636038,-11.3941523124697,2.20903480623776
"SWT1",0.241695900609293,-12.5467848054605,2.16624256450464
"IVNS1ABP",0.467681206962559,-10.4967276864239,2.32867105711041
"TPR",0.800424472644517,-9.88686280717933,2.43483105810673
"C1orf27",0.306439806001703,-11.519684101789,2.20093803309746
"PTGS2",0.174120422480146,-12.6247712823772,2.05817582041029
"RGS18",0.470716074440433,-10.9145145369895,2.2722212639999
"RGS1",0.67543031616524,-10.0093913623694,2.38095061339857
"RGS2",1.1229631911652,-9.55213942645256,2.59213193157463
"UCHL5",0.46098223535,-10.7513211982846,2.2729799134518
"TROVE2",0.559085129356945,-10.2640256882021,2.3263478075707
"GLRX2",0.435093998916501,-11.0637800400456,2.2305398914053
"CDC73",0.455335771075523,-10.7082746434688,2.27400435849471
"B3GALT2",0.090721269291354,-12.7921404110945,1.91917469956789
"CFH",0.224820970152689,-12.0670005958397,2.17690569188224
"ASPM",0.090721269291354,-12.7921404110945,1.91917469956789
"ZBTB41",0.203504806423496,-12.4912497389434,2.07892517954733
"DENND1B",0.398585905729195,-11.1808496154353,2.2014893716533
"C1orf53",0.230189928028585,-12.5414312256707,2.14290754443097
"NEK7",0.44604923141131,-10.5141519002573,2.30206105374315
"RP11-553K8.2",0.090721269291354,-12.7921404110945,1.91917469956789
"PTPRC",1.47842152083129,-9.11346467671443,2.59421612241744
"MIR181A1HG",0.248063606674305,-12.2567014115598,2.16085635613381
"ZNF281",0.436589996430009,-11.0628128427073,2.23348485197752
"DDX59",0.435539115592831,-11.0634795948857,2.23141060292005
"CAMSAP2",0.108196131760806,-13.0200960649104,2.02232033555741
"KIF21B",0.253309504187197,-11.6759268360451,2.17920616014382
"TMEM9",0.455741416634711,-11.0347643053309,2.26477638039729
"PHLDA3",0.108196131760806,-13.0200960649104,2.02232033555741
"CSRP1",0.489373961380714,-10.4661120094131,2.33789331727052
"RPS10P7",0.151289836493976,-12.7783680320405,2.05965516873174
"NAV1",0.189222923805307,-12.520920249976,2.05838802962435
"IPO9-AS1",0.108196131760806,-13.0200960649104,2.02232033555741
"IPO9",0.446888890309239,-11.0548770528788,2.25291766010547
"TIMM17A",0.544750346685214,-10.3177599507786,2.33157515428549
"RNPEP",0.600172838311095,-10.0531896295805,2.31500201930003
"ARL8A",0.429885971519857,-11.0689786371609,2.22093782401831
"PTPN7",0.603493988464309,-10.0364401888639,2.31674695651682
"LGR6",0.158147028664132,-12.743367074885,2.06256469798137
"UBE2T",0.340067388229639,-11.4191531240828,2.20820029460304
"PPP1R12B",0.241695900609293,-12.5467848054605,2.16624256450464
"KDM5B",0.235301446437578,-11.7582718172183,2.16862943826843
"RABIF",0.446803238573915,-10.5130539345888,2.30364241156964
"KLHL12",0.344727029962021,-11.4046107988564,2.20876481991351
"ADIPOR1",0.706789598476496,-10.0081812457704,2.40128621286343
"CYB5R1",0.445742494370073,-10.6255514811137,2.27639441507381
"TMEM183A",0.506151417963066,-10.4308787682994,2.33924353678499
"RP11-134P9.3",0.241904545563597,-12.2014659440717,2.16146712228198
"LINC01136",0.230189928028585,-12.5414312256707,2.14290754443097
"BTG2",1.23285453989097,-9.36314884812795,2.57929915572734
"ATP2B4",0.455086572580416,-11.0369175429275,2.26409235539893
"LAX1",0.23199352621588,-11.7866684234734,2.16771263742681
"ZC3H11A",0.459899534984952,-10.7429132200187,2.27316871668763
"ZBED6",0.239821284006671,-11.7294544893823,2.1707043800697
"SNRPE",0.802066050383165,-9.88476179325523,2.43514426429775
"PPP1R15B",0.442106248984151,-11.0595695375116,2.24435716759037
"PIK3C2B",0.253776510344264,-12.4304809561986,2.17385166909698
"MDM4",0.483786486747464,-10.4757101395748,2.33648673769452
"RBBP5",0.295410275228684,-11.554141821301,2.19824841004802
"DSTYK",0.421222617755518,-11.08739230309,2.2091223616577
"TMCC2",0.134486423716054,-12.8558240348517,2.04569081801718
"NUAK2",0.3898509979475,-11.2229339133157,2.20307673770791
"CDK18",0.108196131760806,-13.0200960649104,2.02232033555741
"MFSD4",0.141473787659634,-12.8191386499719,2.05126746596957
"ELK4",0.327625183902159,-11.4562335460741,2.20588919150169
"SLC45A3",0.124744812975913,-12.9345239920951,2.0430897230423
"NUCKS1",0.869107538556849,-9.83165413129501,2.45230081640358
"RAB7L1",0.575744769877278,-10.190412605813,2.3195380910401
"SLC41A1",0.229652322568163,-11.8128955357699,2.16754706132433
"FAM72A",0.183062415540771,-12.5564644150092,2.05608461177669
"C1orf186",0.101084877533373,-12.9582856770516,1.98697941273538
"SRGAP2",0.280783082914445,-11.5989968295362,2.19381227896606
"IKBKE",0.4412217861366,-10.554873086337,2.28270718765468
"RASSF5",0.887243876163388,-9.82401495504813,2.45859421574733
"EIF2D",0.441160226068444,-10.5499828167299,2.2836894210417
"RP11-343H5.6",0.090721269291354,-12.7921404110945,1.91917469956789
"MAPKAPK2",0.445907242886321,-11.0560946168345,2.25126355553387
"IL24",0.244822657477716,-12.5397573781334,2.17103389596362
"FAIM3",0.97863573711106,-9.70733599480242,2.47864194142726
"YOD1",0.090721269291354,-12.7921404110945,1.91917469956789
"CD55",0.972065630537028,-9.72362264107232,2.47913939908406
"CR2",0.174120422480146,-12.6247712823772,2.05817582041029
"CR1",0.333403376990808,-11.4392096641121,2.20707488015413
"CD46",0.607167517428589,-10.0218536771012,2.31961823837093
"RP1-28O10.1",0.196341041432362,-12.4970517396407,2.0661059072368
"G0S2",0.601522911326688,-10.0460235083654,2.31560394763834
"HSD11B1",0.141473787659634,-12.8191386499719,2.05126746596957
"TRAF3IP3",1.46465869502722,-9.0853383642343,2.62445868532821
"DIEXF",0.3424062520656,-11.4119124168537,2.20850656884158
"HHAT",0.124744812975913,-12.9345239920951,2.0430897230423
"RCOR3",0.466081704228971,-10.978900845539,2.27164356973505
"TRAF5",0.447989157999243,-10.6477599119905,2.27560425911902
"SLC30A1",0.244209188857659,-11.708319725892,2.17326045705364
"LPGAT1",0.441487500545038,-11.0599928488793,2.24316765206705
"INTS7",0.241904545563597,-12.2014659440717,2.16146712228198
"PPP2R5A",0.444902804468699,-10.5162909621878,2.29944058611584
"TMEM206",0.3424062520656,-11.4119124168537,2.20850656884158
"NENF",0.763045755424846,-9.94509631262561,2.42707132648894
"RP11-61J19.4",0.124744812975913,-12.9345239920951,2.0430897230423
"ATF3",0.453375814972991,-10.5075076472895,2.31450775020545
"BATF3",0.440098787187017,-11.0608408686103,2.24046462769688
"NSL1",0.581401477985369,-10.1616813744644,2.3173005226352
"TATDN3",0.468770961141962,-10.9511746996857,2.27222961195586
"FLVCR1-AS1",0.248063606674305,-12.2567014115598,2.16085635613381
"FLVCR1",0.238267439470462,-12.1788669084481,2.16398271757428
"ANGEL2",0.440813407751939,-11.0604149675732,2.24186067697917
"RPS6KC1",0.229216757627761,-11.8185740413693,2.16758308707388
"SMYD2",0.457282581591027,-10.7230089897772,2.27364031108761
"CENPF",0.176748782393078,-12.6034416412025,2.05712031195249
"KCTD3",0.108196131760806,-13.0200960649104,2.02232033555741
"GPATCH2",0.363949299317625,-11.3370969602392,2.20861637561393
"RRP15",0.438359458117575,-11.0618177554228,2.23700850805954
"LYPLAL1",0.468050104004774,-10.8168198995545,2.27195369470045
"EPRS",0.505217733018447,-10.4330745944691,2.33926379178628
"BPNT1",0.359648244991767,-11.3534775894331,2.20902733604245
"IARS2",0.465114448809925,-10.786043880917,2.27231204570332
"RAB3GAP2",0.448559247750488,-11.0523924368995,2.25557852176882
"MARC2",0.141473787659634,-12.8191386499719,2.05126746596957
"MARC1",0.22359885487826,-12.0165619881248,2.1756934881188
"HLX",0.230189928028585,-12.5414312256707,2.14290754443097
"DUSP10",0.406637679241818,-11.1431730062663,2.20147877707083
"TAF1A",0.235301446437578,-11.7582718172183,2.16862943826843
"RP11-378J18.3",0.149194613300045,-12.7873767300866,2.05815063602025
"MIA3",0.463532745220378,-10.7720502280869,2.27255100402113
"AIDA",0.333403376990808,-11.4392096641121,2.20707488015413
"BROX",0.430553315703544,-11.068107905147,2.2220894932881
"FAM177B",0.253776510344264,-12.4304809561986,2.17385166909698
"RP11-452F19.3",0.339105839734121,-11.4220917610365,2.20805934831243
"DISP1",0.183062415540771,-12.5564644150092,2.05608461177669
"TLR5",0.250273336557541,-12.2871527362687,2.16237099282398
"SUSD4",0.250273336557541,-12.2871527362687,2.16237099282398
"CAPN8",0.090721269291354,-12.7921404110945,1.91917469956789
"CAPN2",0.999922877825577,-9.65278308496618,2.47581425988151
"TP53BP2",0.254213568718537,-11.6731934857396,2.17980150004989
"RP11-504P24.8",0.108196131760806,-13.0200960649104,2.02232033555741
"RP11-504P24.6",0.108196131760806,-13.0200960649104,2.02232033555741
"FBXO28",0.375842218537906,-11.2877179277956,2.20650351365506
"DEGS1",0.715529728809383,-10.0043668691717,2.40642678909697
"NVL",0.300427718600343,-11.5384103559416,2.199496241444
"CNIH4",0.564182551248915,-10.2429789348663,2.32430453036393
"WDR26",0.421627528630122,-11.0862418942471,2.2095385434348
"CNIH3",0.203504806423496,-12.4912497389434,2.07892517954733
"LBR",0.606146015484797,-10.0254747099039,2.31873637568151
"SRP9",1.12051131651939,-9.55610869171433,2.59119820597312
"EPHX1",0.158147028664132,-12.743367074885,2.06256469798137
"RP11-285F7.2",0.319344583891345,-11.4806092560161,2.20399355485001
"TMEM63A",0.442144270145439,-10.5785139234568,2.27944096434056
"PYCR2",0.596096157585478,-10.0767866398789,2.31407067574865
"SDE2",0.38490862710076,-11.2464107177746,2.20427787268896
"H3F3A",1.36916236302885,-9.21111247375833,2.56718033778172
"ACBD3",0.400797231986774,-11.170296037619,2.20130173084719
"LIN9",0.217168357845664,-12.5125542968357,2.11121018860736
"PARP1",0.664024118378055,-10.0065939473057,2.37266859772442
"ITPKB",0.470809992216929,-10.8676355505507,2.271914026283
"PSEN2",0.252669045295664,-12.3369290773934,2.16608382286099
"ADCK3",0.465512011234498,-10.7897589850027,2.27225509670126
"ZNF678",0.241587964993237,-11.7203125191351,2.17168265402027
"SNAP47",0.470481123446579,-10.8572590151395,2.2718748336457
"JMJD4",0.419800833583891,-11.0916363501629,2.20775783788905
"ARF1",1.47796469859187,-9.1110731400879,2.59617125164812
"C1orf35",0.48379505691259,-10.4756963073741,2.33648932688476
"MRPL55",0.850405521701068,-9.84121812319833,2.44649614833384
"GUK1",1.46566931559106,-9.09144259430329,2.61744394023529
"IBA57",0.225242173550997,-11.8928066779572,2.16961132666487
"OBSCN",0.225618966400741,-12.0834241998706,2.17670796339033
"TRIM11",0.471052508090443,-10.8975499997057,2.27210751981198
"HIST3H2A",0.158147028664132,-12.743367074885,2.06256469798137
"RNF187",0.749550293876431,-9.96753228752395,2.42284696334373
"RHOU",0.174120422480146,-12.6247712823772,2.05817582041029
"RAB4A",0.666375816064486,-10.0072739489368,2.37442684643552
"RP4-803J11.2",0.090721269291354,-12.7921404110945,1.91917469956789
"CCSAP",0.158147028664132,-12.743367074885,2.06256469798137
"NUP133",0.22712266150858,-12.104790066756,2.17568849682712
"ABCB10",0.250066880072025,-12.508963921607,2.17627790166079
"TAF5L",0.230189928028585,-12.5414312256707,2.14290754443097
"URB2",0.237201218102107,-12.549029507341,2.1579848493556
"GALNT2",0.426126782327076,-11.0753467526915,2.21507321696338
"COG2",0.469543408155108,-10.8380205441914,2.27185984663184
"C1orf198",0.163379876379926,-12.7093886505394,2.06242598565933
"TTC13",0.321787468070285,-11.4733956549449,2.20456706007782
"ARV1",0.463541015422718,-10.9977043424495,2.27062245936407
"FAM89A",0.158147028664132,-12.743367074885,2.06256469798137
"C1orf131",0.496856651913152,-10.4515358688415,2.33897434738159
"GNPAT",0.457390704028679,-10.504985141997,2.31947291104761
"EXOC8",0.23199352621588,-11.7866684234734,2.16771263742681
"SPRTN",0.470736231193212,-10.9138442610296,2.27221692661567
"EGLN1",0.449008320750393,-10.6569969458353,2.27532735096336
"RP11-295G20.2",0.283289517473143,-11.5915210627692,2.19470062821077
"TSNAX",0.604456180768497,-10.0321997256572,2.31741331324586
"DISC1",0.223695027974275,-12.0241158264402,2.17597860349096
"MAP10",0.090721269291354,-12.7921404110945,1.91917469956789
"NTPCR",0.46446822187516,-10.7801785227555,2.27240699568352
"PCNXL2",0.224035905850509,-12.0423659378371,2.17656425261388
"SLC35F3",0.108196131760806,-13.0200960649104,2.02232033555741
"RP5-827C21.4",0.426126782327076,-11.0753467526915,2.21507321696338
"COA6",0.584414913335179,-10.1454286340437,2.31621326094111
"TARBP1",0.470430067666639,-10.8559594661355,2.27186978866362
"IRF2BP2",0.624185329829626,-9.99749687586423,2.33735532592042
"RP11-443B7.1",0.117913150105663,-12.9954662061038,2.04171346236043
"TOMM20",1.09786618657958,-9.48930334668952,2.49233861802374
"RBM34",0.333403376990808,-11.4392096641121,2.20707488015413
"ARID4B",0.782920353524883,-9.91198386737909,2.43152088535148
"GGPS1",0.581848387871725,-10.1593103608425,2.31713286213241
"TBCE",0.280783082914445,-11.5989968295362,2.19381227896606
"B3GALNT2",0.230189928028585,-12.5414312256707,2.14290754443097
"LYST",0.710714796194326,-10.0067068787132,2.40362294887136
"NID1",0.108196131760806,-13.0200960649104,2.02232033555741
"GPR137B",0.413422552360771,-11.1143271642826,2.20344336623923
"ERO1LB",0.380470518690739,-11.266954524078,2.20539002901601
"EDARADD",0.217168357845664,-12.5125542968357,2.11121018860736
"LGALS8",0.472251225067908,-10.4918059681627,2.3315583812378
"RP11-385F5.5",0.108196131760806,-13.0200960649104,2.02232033555741
"HEATR1",0.294380013409298,-11.5573781680938,2.19798584160143
"MTR",0.303949947574791,-11.5274100049873,2.20034205527944
"GREM2",0.090721269291354,-12.7921404110945,1.91917469956789
"FH",0.444388302782576,-10.5175094202381,2.29816008945851
"KMO",0.279756854451389,-11.6020065129566,2.1934278299972
"OPN3",0.465512011234498,-10.7897589850027,2.27225509670126
"CHML",0.124744812975913,-12.9345239920951,2.0430897230423
"CEP170",0.284318980144439,-11.5884261614358,2.19504583395654
"SDCCAG8",0.447683148035962,-10.5119856728768,2.30537849375389
"AKT3",0.23199352621588,-11.7866684234734,2.16771263742681
"ZBTB18",0.22712266150858,-12.104790066756,2.17568849682712
"ADSS",0.609593605785839,-10.0146082072689,2.32190005153874
"DESI2",0.424856849288194,-11.0780617227707,2.21334472978913
"COX20",0.54055370171873,-10.3321974003781,2.33292448720384
"HNRNPU-AS1",0.28226465445891,-11.5946080769549,2.19434563052973
"HNRNPU",1.0671489484118,-9.51612270463485,2.47462916226427
"RP11-156E8.1",0.235301446437578,-11.7582718172183,2.16862943826843
"EFCAB2",0.455595410503959,-10.7102254558365,2.27395353967963
"SMYD3",0.464542807516834,-10.7808442129625,2.27239594630409
"TFB2M",0.436589996430009,-11.0628128427073,2.23348485197752
"CNST",0.464203785238913,-10.7778435591109,2.272447528607
"SCCPDH",0.443796549606492,-10.6030051533251,2.27751329185018
"AHCTF1",0.256458208315558,-11.6666219050736,2.18126431842578
"ZNF670",0.158147028664132,-12.743367074885,2.06256469798137
"ZNF669",0.298947621855813,-11.5430506211532,2.19913559051376
"ZNF124",0.239121755146729,-11.7333567076361,2.17034018854576
"RP11-488L18.10",0.23078253123122,-12.1364778837008,2.17188129372768
"RP11-488L18.8",0.108196131760806,-13.0200960649104,2.02232033555741
"ZNF496",0.248063606674305,-12.2567014115598,2.16085635613381
"NLRP3",0.435093998916501,-11.0637800400456,2.2305398914053
"TRIM58",0.134486423716054,-12.8558240348517,2.04569081801718
"SH3BP5L",0.22712266150858,-12.104790066756,2.17568849682712
"ZNF672",0.454152945485395,-11.0397712504279,2.26306431927164
"ZNF692",0.353423375039231,-11.3757870770628,2.2092263265141
"PGBD2",0.390066209911041,-11.2218994058218,2.20302662204789
"SH3YL1",0.610084758594834,-10.0133557916021,2.32238705676327
"ACP1",1.03548609664825,-9.57070943739314,2.47197030166357
"TMEM18",0.488280953014624,-10.4680768675172,2.33766095887389
"TSSC1",0.446768682050989,-10.5130996604943,2.30357219413487
"TRAPPC12",0.441256202613648,-10.5400703490534,2.28620133644548
"TRAPPC12-AS1",0.203504806423496,-12.4912497389434,2.07892517954733
"ADI1",0.81101218831957,-9.87408950466899,2.43690469843249
"AC142528.1",0.189222923805307,-12.520920249976,2.05838802962435
"AC108488.4",0.108196131760806,-13.0200960649104,2.02232033555741
"RNASEH1",0.443146990733685,-10.5943140312907,2.27808919318601
"RNASEH1-AS1",0.387415497071228,-11.2345599720108,2.20365151181136
"RPS7",5.01738884287663,-4.83176012262055,2.10622905519292
"CMPK2",0.461648281149757,-10.5019789304437,2.32380153224651
"RSAD2",0.443191006884531,-10.5214442990379,2.29482631094891
"RNF144A",0.230775156673327,-11.7994739811921,2.16756261210683
"AC092580.4",0.44492096521317,-10.6165258159984,2.27679067193561
"ID2",1.47692293900481,-9.1081632520214,2.59872210996807
"KIDINS220",0.462238283582424,-11.0057065118088,2.26993315808555
"MBOAT2",0.141473787659634,-12.8191386499719,2.05126746596957
"ASAP2",0.101084877533373,-12.9582856770516,1.98697941273538
"ITGB1BP1",0.812896629965822,-9.87200991201799,2.43729159741636
"CPSF3",0.445907242886321,-11.0560946168345,2.25126355553387
"IAH1",0.798675337952872,-9.88914902168852,2.43449844216621
"ADAM17",0.334378193686549,-11.4363146701623,2.20725800015964
"RP11-214N9.1",0.183062415540771,-12.5564644150092,2.05608461177669
"YWHAQ",1.1087403080466,-9.53198107314476,2.5428380300834
"TAF1B",0.397681954069581,-11.1851943815121,2.20159827090245
"RP11-254F7.2",0.223483964358326,-11.9978879830348,2.17485616472569
"KLF11",0.413728758910694,-11.1131257446612,2.20358959514145
"RRM2",0.224582768389093,-12.0607886154199,2.17688039666302
"HPCAL1",0.729054759451686,-9.99411745083792,2.41380265760718
"ODC1",0.633619241627677,-9.99732166568614,2.34684125403315
"NOL10",0.41876523347763,-11.0949465185247,2.20686491455466
"RN7SL832P",0.235831001374619,-12.1654885580238,2.16626798040572
"ATP6V1C2",0.189222923805307,-12.520920249976,2.05838802962435
"PDIA6",1.05101221877657,-9.54143945487813,2.47221583672119
"PQLC3",0.607075121768223,-10.0221671378898,2.31953648329563
"ROCK2",0.241904545563597,-12.2014659440717,2.16146712228198
"E2F6",0.223695027974275,-12.0241158264402,2.17597860349096
"LPIN1",0.453237009256109,-10.5075975013194,2.3143177532413
"TRIB2",0.469773757781221,-10.8420443604401,2.27185280327771
"NBAS",0.3424062520656,-11.4119124168537,2.20850656884158
"DDX1",0.458373935938662,-10.5043294603561,2.32054809968574
"FAM49A",0.44246864302131,-10.5840743959336,2.27891319526746
"SMC6",0.40069808220716,-11.1707663965574,2.20130761253405
"RDH14",0.5656869874717,-10.2365295788289,2.32368799089298
"LINC00954",0.37857325423284,-11.2755623803673,2.20585812355457
"TTC32",0.446888890309239,-11.0548770528788,2.25291766010547
"WDR35",0.174120422480146,-12.6247712823772,2.05817582041029
"LAPTM4A",0.99803829242778,-9.65756372905846,2.47609494296724
"PUM2",0.430222025732156,-11.0685295513821,2.22151008738469
"RHOB",0.752748350001936,-9.96241015263811,2.42396600809242
"HS1BP3",0.402156426655047,-11.1638693220506,2.20124681578532
"C2orf43",0.291868987972595,-11.5652337563203,2.1973099932792
"ATAD2B",0.230775156673327,-11.7994739811921,2.16756261210683
"UBXN2A",0.453758642162102,-11.0409096493427,2.26261277835448
"MFSD2B",0.108196131760806,-13.0200960649104,2.02232033555741
"C2orf44",0.108196131760806,-13.0200960649104,2.02232033555741
"FKBP1B",0.217168357845664,-12.5125542968357,2.11121018860736
"SF3B14",0.939903786127455,-9.78592668259704,2.47629716971205
"FAM228B",0.420219054721827,-11.0903502698403,2.20814048474172
"TP53I3",0.22375500450459,-11.9529837127783,2.17254604697426
"ITSN2",0.608262354459677,-10.0183593805305,2.32061665649541
"NCOA1",0.470424564558701,-10.9227661444229,2.2722619266685
"PTRHD1",0.721752262416348,-10.0003726937794,2.40992668244993
"CENPO",0.183062415540771,-12.5564644150092,2.05608461177669
"ADCY3",0.217168357845664,-12.5125542968357,2.11121018860736
"DNAJC27",0.090721269291354,-12.7921404110945,1.91917469956789
"DNAJC27-AS1",0.253776510344264,-12.4304809561986,2.17385166909698
"POMC",0.452010269092231,-10.5083887923387,2.31257951376447
"DNMT3A",0.402077300843532,-11.1642420320731,2.20124874261808
"DTNB",0.375842218537906,-11.2877179277956,2.20650351365506
"ASXL2",0.434865138257234,-11.0639438779174,2.2300948069479
"KIF3C",0.192834623827178,-12.5063962458297,2.06161465662577
"RAB10",0.77607021365841,-9.92300341732637,2.43013515124367
"GAREML",0.124744812975913,-12.9345239920951,2.0430897230423
"HADHA",0.961812784486048,-9.74722921203291,2.47927043819604
"HADHB",0.741102191930916,-9.98000651847771,2.41950580557898
"EPT1",0.248063606674305,-12.2567014115598,2.16085635613381
"OTOF",0.117913150105663,-12.9954662061038,2.04171346236043
"SLC35F6",0.253309504187197,-11.6759268360451,2.17920616014382
"CENPA",0.101084877533373,-12.9582856770516,1.98697941273538
"MAPRE3",0.22712266150858,-12.104790066756,2.17568849682712
"TMEM214",0.438061472206239,-11.061981536038,2.23641423368284
"AGBL5",0.23078253123122,-12.1364778837008,2.17188129372768
"OST4",1.58108910297279,-8.9385764830488,2.63533815453017
"KHK",0.228616423114379,-11.8269160569712,2.16766920223184
"ABHD1",0.090721269291354,-12.7921404110945,1.91917469956789
"PREB",0.443596950928513,-10.6004165664405,2.27767436209797
"SLC5A6",0.344727029962021,-11.4046107988564,2.20876481991351
"ATRAID",1.10205344302155,-9.49055623238648,2.49854051732036
"CAD",0.252669045295664,-12.3369290773934,2.16608382286099
"MPV17",0.460171986292643,-10.5030790149684,2.32239512198788
"GTF3C2",0.318341970007255,-11.4835878418945,2.20375844416355
"AC074117.10",0.108196131760806,-13.0200960649104,2.02232033555741
"EIF2B4",0.452815285820077,-11.0434699635991,2.26147898883768
"SNX17",0.991448346151805,-9.67449033634463,2.47706569017835
"ZNF513",0.141473787659634,-12.8191386499719,2.05126746596957
"PPM1G",0.802438338177956,-9.88428886242654,2.43521536578745
"NRBP1",0.571304941057644,-10.2114661474364,2.32136461177984
"KRTCAP3",0.224065621849842,-11.9347801167679,2.1716016566889
"IFT172",0.141473787659634,-12.8191386499719,2.05126746596957
"ZNF512",0.3424062520656,-11.4119124168537,2.20850656884158
"CCDC121",0.108196131760806,-13.0200960649104,2.02232033555741
"GPN1",0.441164828037685,-10.5506706441597,2.28354156567486
"SUPT7L",0.455741416634711,-11.0347643053309,2.26477638039729
"SLC4A1AP",0.426126782327076,-11.0753467526915,2.21507321696338
"MRPL33",0.645837706142292,-10.000586582538,2.35800223675208
"RBKS",0.327625183902159,-11.4562335460741,2.20588919150169
"BRE",0.505987925588449,-10.4312648323529,2.339247873167
"FOSL2",0.46359213072336,-10.9973732184086,2.27064718638474
"PLB1",0.230189928028585,-12.5414312256707,2.14290754443097
"PPP1CB",0.526211694099554,-10.3774871020686,2.33670359881294
"TRMT61B",0.458185445605236,-11.0255965342884,2.2670599817995
"WDR43",0.470642737634343,-10.9168068233093,2.27223547210513
"FAM179A",0.108196131760806,-13.0200960649104,2.02232033555741
"CLIP4",0.385644368635365,-11.2429541466967,2.20409298919515
"YPEL5",1.12946844308313,-9.54091883729168,2.59356730343451
"LBH",0.830251198028718,-9.85541050287006,2.44115666271965
"LCLAT1",0.31342617184787,-11.4983190089717,2.20259098932825
"EHD3",0.211561276790128,-12.5005332691513,2.09729795390912
"MEMO1",0.264423314147689,-11.6446953514024,2.18614617169067
"DPY30",0.762465914627439,-9.94609058396443,2.42691588727321
"SPAST",0.230775156673327,-11.7994739811921,2.16756261210683
"RP11-563N4.1",0.235831001374619,-12.1654885580238,2.16626798040572
"SLC30A6",0.235831001374619,-12.1654885580238,2.16626798040572
"NLRC4",0.22359885487826,-12.0165619881248,2.1756934881188
"YIPF4",0.621161876819652,-9.99865728832604,2.33415960187622
"AL133245.2",0.203504806423496,-12.4912497389434,2.07892517954733
"BIRC6",0.451579699541951,-10.5086772312992,2.31194102668107
"TTC27",0.393197807386538,-11.2068282466186,2.20234907139182
"RASGRP3",0.283289517473143,-11.5915210627692,2.19470062821077
"FAM98A",0.277255247064729,-11.6092735883829,2.19244704213465
"FEZ2",0.455595410503959,-10.7102254558365,2.27395353967963
"VIT",0.20586047443855,-12.4926257741773,2.08399135873834
"STRN",0.257390481680311,-11.6639522845591,2.1818596410426
"HEATR5B",0.355648341701213,-11.3679762538592,2.20920993508267
"GPATCH11",0.241587964993237,-11.7203125191351,2.17168265402027
"EIF2AK2",0.624632423795577,-9.99738636900609,2.3378225145145
"CEBPZ-AS1",0.50952691767384,-10.4227139108144,2.33908800192789
"CEBPZ",0.466751167032312,-10.4976278076956,2.32800459318619
"NDUFAF7",0.427202172917513,-11.0732687855997,2.21664433726829
"PRKD3",0.417264300389483,-11.1000132340757,2.2057088928863
"QPCT",0.442588056698595,-10.5859931323784,2.27874246527441
"AC006369.2",0.38490862710076,-11.2464107177746,2.20427787268896
"CDC42EP3",0.689881757436304,-10.010842859178,2.39071174408492
"LINC00211",0.124744812975913,-12.9345239920951,2.0430897230423
"RMDN2",0.256458208315558,-11.6666219050736,2.18126431842578
"CYP1B1",0.247088309743925,-12.5303994035623,2.17384969389464
"ATL2",0.23386501965221,-11.7696233733186,2.16814921311575
"HNRNPLL",0.457556992384257,-11.0281337032581,2.26650842588907
"GALM",0.44210842424249,-10.5778644874908,2.27950731649997
"SRSF7",1.46674951635876,-9.08021501166125,2.62904739372263
"GEMIN6",0.462462992702798,-11.0043833175682,2.27006223214441
"DHX57",0.285804672065154,-11.5839316416338,2.19552882576664
"MORN2",0.226183628844696,-11.8696976462039,2.16872789246404
"SOS1",0.295410275228684,-11.554141821301,2.19824841004802
"MAP4K3",0.141473787659634,-12.8191386499719,2.05126746596957
"AC007246.3",0.253776510344264,-12.4304809561986,2.17385166909698
"THUMPD2",0.251141901207489,-11.6827217186918,2.17775498330012
"SLC8A1",0.230189928028585,-12.5414312256707,2.14290754443097
"AC083949.1",0.090721269291354,-12.7921404110945,1.91917469956789
"EML4",0.597033963440135,-10.0712061819671,2.31417852692799
"COX7A2L",1.47283825285343,-9.13049036767368,2.58335073229684
"MTA3",0.259698035201824,-11.6575219173265,2.18331637770344
"HAAO",0.253657432497421,-12.3755230244616,2.1693722917142
"AC093609.1",0.124744812975913,-12.9345239920951,2.0430897230423
"THADA",0.373867454117424,-11.2963183263534,2.20693923232776
"ZFP36L2",1.2268758720345,-8.10635396097995,2.54876023747951
"AC010883.5",0.250273336557541,-12.2871527362687,2.16237099282398
"DYNC2LI1",0.28110022752944,-11.5980628447373,2.19392848223974
"LRPPRC",0.467269051057546,-10.9680744008023,2.27196574441331
"PPM1B",0.505068157777391,-10.433423535986,2.33926616640069
"PREPL",0.395475044594798,-11.1958381738975,2.20192792670038
"CAMKMT",0.368144687795282,-11.3203729192437,2.20802777652338
"SRBD1",0.415510719002565,-11.106311988757,2.20455272536393
"PRKCE",0.240833156429668,-12.1943115620664,2.16207577526586
"ATP6V1E2",0.264423314147689,-11.6446953514024,2.18614617169067
"RHOQ",0.253309504187197,-11.6759268360451,2.17920616014382
"PIGF",0.470046622296926,-10.8473250521136,2.27185210760372
"CRIPT",0.470692743436857,-10.8634841234373,2.27189741949426
"SOCS5",0.223506913503804,-11.9791550530398,2.17392053640435
"MCFD2",0.442656670058953,-11.0591628553823,2.24539547940442
"TTC7A",0.455086572580416,-11.0369175429275,2.26409235539893
"AC073283.7",0.108196131760806,-13.0200960649104,2.02232033555741
"CALM2",1.60402971423592,-8.86665085576964,2.62641024780518
"MSH2",0.40069808220716,-11.1707663965574,2.20130761253405
"KCNK12",0.24453111945453,-12.2214289751843,2.16052314828958
"MSH6",0.253309504187197,-11.6759268360451,2.17920616014382
"FBXO11",0.409247564379716,-11.1316388278151,2.20197253201869
"AC079807.2",0.090721269291354,-12.7921404110945,1.91917469956789
"FOXN2",0.363949299317625,-11.3370969602392,2.20861637561393
"RP11-191L17.1",0.090721269291354,-12.7921404110945,1.91917469956789
"PPP1R21",0.458441249466775,-11.0245266792527,2.26727440248262
"STON1",0.108196131760806,-13.0200960649104,2.02232033555741
"GPR75-ASB3",0.28226465445891,-11.5946080769549,2.19434563052973
"CHAC2",0.244209188857659,-11.708319725892,2.17326045705364
"ERLEC1",0.441383256358991,-10.5612321039275,2.28162056386444
"PSME4",0.3424062520656,-11.4119124168537,2.20850656884158
"ACYP2",0.47043110593351,-10.4938776642429,2.33048542161396
"SPTBN1",0.4631823152279,-10.7690971512378,2.27260879070822
"EML6",0.151289836493976,-12.7783680320405,2.05965516873174
"RTN4",1.06007524347543,-9.52655354879739,2.47324759766357
"RPS27A",4.72069639268487,-4.82433161533924,2.1411175082586
"MTIF2",0.433626224205873,-11.0649209213207,2.2277063738303
"CCDC88A",0.451058769049925,-11.0476483268045,2.25920157836266
"AC012358.8",0.189222923805307,-12.520920249976,2.05838802962435
"CCDC104",0.535055792476809,-10.3502762542532,2.33453347110091
"SMEK2",0.449787258189448,-10.5100016264174,2.30911392838496
"RP11-554J4.1",0.228616423114379,-11.8269160569712,2.16766920223184
"PNPT1",0.466649433978617,-10.8010506321357,2.27210742259537
"VRK2",0.469073952242012,-10.9470759180348,2.27225746463897
"FANCL",0.253309504187197,-11.6759268360451,2.17920616014382
"BCL11A",0.364813574873717,-11.3337043851981,2.2085136085088
"PAPOLG",0.309940402152195,-11.5089209858606,2.20176716673798
"REL",0.632755698836072,-9.99719022421051,2.3460054549719
"PUS10",0.224820970152689,-12.0670005958397,2.17690569188224
"PEX13",0.407422221264717,-11.1396657475591,2.20159670875146
"KIAA1841",0.253776510344264,-12.4304809561986,2.17385166909698
"C2orf74",0.239821284006671,-11.7294544893823,2.1707043800697
"AHSA2",0.416169416065135,-11.1038987932544,2.20496221833531
"USP34",0.470521253694012,-10.9202711967342,2.27225176355077
"RP11-355B11.2",0.158147028664132,-12.743367074885,2.06256469798137
"XPO1",0.448452754431405,-10.6520180315335,2.27547489807325
"FAM161A",0.124744812975913,-12.9345239920951,2.0430897230423
"CCT4",0.964989639437853,-9.74021202326215,2.47932922773779
"COMMD1",0.626493691816408,-9.99705010371695,2.3397464511231
"B3GNT2",0.442106248984151,-11.0595695375116,2.24435716759037
"EHBP1",0.29792123746974,-11.5462653186893,2.19888074652411
"WDPCP",0.248063606674305,-12.2567014115598,2.16085635613381
"MDH1",1.02222542151009,-9.59906713396875,2.47287530984185
"UGP2",0.896135379951966,-9.82025892643634,2.46184332435488
"VPS54",0.183062415540771,-12.5564644150092,2.05608461177669
"PELI1",0.45838813568535,-10.7313777988037,2.27344056840083
"AC074289.1",0.23199352621588,-11.7866684234734,2.16771263742681
"LINC00309",0.151289836493976,-12.7783680320405,2.05965516873174
"LGALSL",0.16759266301054,-12.6777798123276,2.06112349582788
"AFTPH",0.470642737634343,-10.9168068233093,2.27223547210513
"SERTAD2",0.457813981150186,-11.0271096933204,2.26673934385283
"AC007880.1",0.108196131760806,-13.0200960649104,2.02232033555741
"AC007386.2",0.108196131760806,-13.0200960649104,2.02232033555741
"SLC1A4",0.223695027974275,-12.0241158264402,2.17597860349096
"CEP68",0.442311136532753,-11.0594241609805,2.24474539644407
"RAB1A",0.620536534652911,-9.99900474727131,2.3334926240107
"ACTR2",0.924700483714895,-9.80270154346621,2.47200478280371
"ETAA1",0.22375500450459,-11.9529837127783,2.17254604697426
"C1D",0.539728180395551,-10.3349784309038,2.3331795161021
"WDR92",0.246161006325488,-11.7003570237215,2.17449086994333
"PNO1",0.446806297308425,-10.6364356331425,2.27598127317159
"PPP3R1",0.441708739954289,-10.5697851016106,2.28042706668222
"RP11-474G23.2",0.158147028664132,-12.743367074885,2.06256469798137
"RP11-474G23.3",0.253776510344264,-12.4304809561986,2.17385166909698
"CNRIP1",0.101084877533373,-12.9582856770516,1.98697941273538
"PLEK",0.881722885829853,-9.826294763835,2.45662592731317
"FBXO48",0.253657432497421,-12.3755230244616,2.1693722917142
"APLF",0.253776510344264,-12.4304809561986,2.17385166909698
"ARHGAP25",0.631428974800258,-9.99703474807138,2.34470758101885
"GFPT1",0.31342617184787,-11.4983190089717,2.20259098932825
"NFU1",0.562436986032906,-10.250317927535,2.32501279199309
"RP11-427H3.3",0.42735931876825,-11.0729846998067,2.21688060694556
"AAK1",0.749794012644451,-9.96714617915865,2.42293469784416
"ANXA4",0.622687784615234,-9.99797456954377,2.33577736951178
"GMCL1",0.44321997877122,-10.5953367512196,2.27801598337563
"SNRNP27",0.446901281076608,-10.5129228499308,2.30383992565911
"MXD1",0.447866536741136,-11.0534847721999,2.25449952205691
"PCBP1-AS1",0.470938658701406,-10.8735186137538,2.27194407816807
"PCBP1",1.47512220616293,-9.10473433193826,2.60197379796289
"AC016700.5",0.108196131760806,-13.0200960649104,2.02232033555741
"C2orf42",0.246161006325488,-11.7003570237215,2.17449086994333
"TIA1",0.446520904452613,-10.513441729154,2.30306290113592
"PCYOX1",0.321787468070285,-11.4733956549449,2.20456706007782
"SNRPG",0.743036616231623,-9.97731031615974,2.42032041114561
"FAM136A",0.465195277169838,-10.4990565443667,2.32682393185209
"TEX261",0.421627528630122,-11.0862418942471,2.2095385434348
"NAGK",0.703406810238918,-10.0091767776726,2.39923450047326
"MCEE",0.469859536479708,-10.9346168300406,2.2722876273228
"MPHOSPH10",0.567289991141985,-10.2295456179357,2.32302761657096
"PAIP2B",0.228616423114379,-11.8269160569712,2.16766920223184
"ZNF638",0.471029304843426,-10.8998280114411,2.27212449229524
"DYSF",0.16759266301054,-12.6777798123276,2.06112349582788
"EXOC6B",0.230189928028585,-12.5414312256707,2.14290754443097
"SFXN5",0.335776925411619,-11.4321320549466,2.20751459858229
"RAB11FIP5",0.141473787659634,-12.8191386499719,2.05126746596957
"SMYD5",0.241904545563597,-12.2014659440717,2.16146712228198
"PRADC1",0.460165767087199,-10.7449678941262,2.27312256352863
"CCT7",0.939978621320992,-9.78582520815461,2.47631448320849
"FBXO41",0.223622439527297,-11.9638943891038,2.1731220410916
"ALMS1",0.23078253123122,-12.1364778837008,2.17188129372768
"TPRKB",0.470842453468576,-10.4934218365528,2.33073575898669
"DUSP11",0.582238724014116,-10.1572371624382,2.31698888411407
"STAMBP",0.453571334998246,-10.6946728999742,2.27434146931513
"DGUOK",1.04337724171807,-9.55528418111511,2.471891581213
"DGUOK-AS1",0.090721269291354,-12.7921404110945,1.91917469956789
"TET3",0.225618966400741,-12.0834241998706,2.17670796339033
"BOLA3",0.445192778462906,-10.5156760353105,2.30013318282381
"BOLA3-AS1",0.117913150105663,-12.9954662061038,2.04171346236043
"MOB1A",0.943883937545297,-9.78024074346836,2.47716120405182
"MTHFD2",0.544899343787276,-10.3172383128895,2.33152563704189
"DCTN1",0.444506043608345,-11.0575779606091,2.24880821421981
"C2orf81",0.189222923805307,-12.520920249976,2.05838802962435
"WDR54",0.519691009513634,-10.3961087486077,2.33792849353607
"INO80B",0.22712266150858,-12.104790066756,2.17568849682712
"WBP1",0.224820970152689,-12.0670005958397,2.17690569188224
"MOGS",0.412232615927374,-11.1190928018689,2.20292933682233
"MRPL53",0.583891096613372,-10.1482940314679,2.31639255953671
"CCDC142",0.211561276790128,-12.5005332691513,2.09729795390912
"TTC31",0.341450871520497,-11.4148798667032,2.20838647618076
"LBX2-AS1",0.141473787659634,-12.8191386499719,2.05126746596957
"PCGF1",0.466244162246896,-10.9775149329986,2.27169217078617
"AUP1",0.843879921582015,-9.8453127444204,2.44466556879188
"HTRA2",0.45472695530116,-10.7036218322032,2.27411970377184
"LOXL3",0.230189928028585,-12.5414312256707,2.14290754443097
"DOK1",0.458999211543404,-10.7360126123323,2.27332947871584
"SEMA4F",0.101084877533373,-12.9582856770516,1.98697941273538
"HK2",0.238267439470462,-12.1788669084481,2.16398271757428
"POLE4",0.929768069247227,-9.79790899585838,2.47358405295935
"MRPL19",0.545400594316959,-10.3154744348248,2.33135801716706
"GCFC2",0.460270754849155,-11.0161770214272,2.26867444250827
"RP11-342K6.1",0.090721269291354,-12.7921404110945,1.91917469956789
"SUCLG1",0.859068011507879,-9.83646733898058,2.44908963119637
"DNAH6",0.108196131760806,-13.0200960649104,2.02232033555741
"TRABD2A",0.606185855835446,-10.0253279158698,2.3187695888144
"TMSB10",4.54317010807078,-5.01792667114423,2.27305856406451
"KCMF1",0.447866536741136,-11.0534847721999,2.25449952205691
"TGOLN2",0.801343817400543,-9.88567969770688,2.43500627061632
"RETSAT",0.235301446437578,-11.7582718172183,2.16862943826843
"ELMOD3",0.448559247750488,-11.0523924368995,2.25557852176882
"CAPG",1.07955282656316,-9.50089272999459,2.47875322839928
"MAT2A",0.462183432332006,-10.50156960492,2.32428988292812
"GGCX",0.446888890309239,-11.0548770528788,2.25291766010547
"VAMP8",1.49618333674997,-9.04914831976705,2.63986355922675
"VAMP5",1.04231535343513,-9.55729421350434,2.4718795075187
"RNF181",0.988594681922847,-9.68186086036791,2.47746415707663
"TMEM150A",0.3424062520656,-11.4119124168537,2.20850656884158
"USP39",0.468520958314063,-10.8228361176508,2.27191579988443
"C2orf68",0.46837187758729,-10.9561497736816,2.27217399438718
"GNLY",1.14697684855077,-9.5084620878526,2.59362455677819
"ST3GAL5",0.447285512716124,-10.6411109741745,2.27581880025718
"POLR1A",0.224065621849842,-11.9347801167679,2.1716016566889
"PTCD3",0.471079982325748,-10.8938472025987,2.27208079657434
"IMMT",0.466099218043346,-10.4982383684094,2.32752136726217
"RP11-301O19.1",0.246166158895163,-12.2361638875869,2.16040759973726
"MRPL35",0.463968014104421,-10.9948867109131,2.27082351033435
"KDM3A",0.315885778068481,-11.4909045559396,2.20317613981035
"CHMP3",0.83146647834578,-9.85441217719962,2.44145200910519
"RNF103",0.235831001374619,-12.1654885580238,2.16626798040572
"RMND5A",0.447866536741136,-11.0534847721999,2.25449952205691
"CD8A",0.74047305032884,-9.98085560044035,2.41923446681916
"CD8B",0.855468169678866,-9.83837391041092,2.44799254947848
"LINC00152",0.61561351945981,-10.0033590029168,2.3281875924541
"RP11-1399P15.1",0.424276368036996,-11.0793961633691,2.21260063979599
"KRCC1",0.589938198015248,-10.1138394209825,2.31461730205874
"THNSL2",0.108196131760806,-13.0200960649104,2.02232033555741
"EIF2AK3",0.252669045295664,-12.3369290773934,2.16608382286099
"AC062029.1",0.241904545563597,-12.2014659440717,2.16146712228198
"RPIA",0.635236251610037,-9.99760838454371,2.34838767601476
"AC103563.8",0.124744812975913,-12.9345239920951,2.0430897230423
"MAL",0.752159679558048,-9.96336361491125,2.4237660977761
"MRPS5",0.622618630277506,-9.99800100835794,2.33570440253044
"ZNF514",0.256458208315558,-11.6666219050736,2.18126431842578
"ZNF2",0.189222923805307,-12.520920249976,2.05838802962435
"FAHD2A",0.409247564379716,-11.1316388278151,2.20197253201869
"LINC00342",0.230189928028585,-12.5414312256707,2.14290754443097
"ANKRD36C",0.445168142593702,-11.0569186850893,2.24998706796407
"GPAT2",0.235831001374619,-12.1654885580238,2.16626798040572
"DUSP2",1.10899617192019,-9.51556822036868,2.52857244475056
"STARD7",0.597144409272845,-10.070548076282,2.31419460135087
"TMEM127",0.470424564558701,-10.9227661444229,2.2722619266685
"CIAO1",0.441325599839474,-10.5593155504949,2.28192771962981
"SNRNP200",0.591941351416374,-10.1019041704311,2.31425032179505
"AC021188.4",0.124744812975913,-12.9345239920951,2.0430897230423
"ITPRIPL1",0.174120422480146,-12.6247712823772,2.05817582041029
"ARID5A",0.647422370342952,-10.0011238283034,2.35936762429183
"KANSL3",0.306439806001703,-11.519684101789,2.20093803309746
"LMAN2L",0.243431321069781,-11.7117139674051,2.17278568107151
"CNNM4",0.090721269291354,-12.7921404110945,1.91917469956789
"CNNM3",0.248063606674305,-12.2567014115598,2.16085635613381
"ANKRD39",0.447930754953249,-10.6472157906834,2.27562116801563
"SEMA4C",0.217168357845664,-12.5125542968357,2.11121018860736
"FAHD2B",0.226965555352143,-11.8539915358263,2.1682399487526
"ANKRD36",0.432936132484423,-11.0655252314777,2.22640344540284
"AC159540.1",0.141473787659634,-12.8191386499719,2.05126746596957
"COX5B",1.48600151247292,-9.0590812851623,2.638185889952
"ACTR1B",0.565265988566542,-10.2383456449128,2.3238608992588
"ZAP70",0.744806821521466,-9.9747594805322,2.42104077277031
"TMEM131",0.301451509050628,-11.5352080262113,2.19974483512168
"INPP4A",0.443660844006436,-10.5196717565383,2.29621116964409
"COA5",0.476058379240913,-10.4870767479697,2.33352657596126
"UNC50",0.515577087396776,-10.407222031403,2.3385135650101
"MGAT4A",0.695275615855494,-10.0105727797093,2.39417382739468
"AC109826.1",0.23488365536117,-12.1604014949367,2.16725669041873
"TSGA10",0.30745846932916,-11.5165418212606,2.20117954666282
"C2ORF15",0.230189928028585,-12.5414312256707,2.14290754443097
"LIPT1",0.410508970363257,-11.1262600224375,2.20232349699316
"MITD1",0.577762076497681,-10.1804329291506,2.31872275181311
"TXNDC9",0.530944126856206,-10.3632110785709,2.33561170194366
"EIF5B",0.754127388134578,-9.9601601076334,2.42442650401021
"REV1",0.471029304843426,-10.8998280114411,2.27212449229524
"AFF3",0.419191998738824,-11.093565434873,2.20722376610892
"AC092667.2",0.090721269291354,-12.7921404110945,1.91917469956789
"CHST10",0.141473787659634,-12.8191386499719,2.05126746596957
"PDCL3",0.675956144627447,-10.0094903302015,2.3813189277045
"RPL31",4.7751587279429,-5.04736299979248,2.09901141398563
"TBC1D8",0.230775156673327,-11.7994739811921,2.16756261210683
"CNOT11",0.429885971519857,-11.0689786371609,2.22093782401831
"RNF149",0.758316191255056,-9.95316371360963,2.42573678225775
"MAP4K4",0.463706409448009,-10.7735314462296,2.27252277348926
"IL1R2",0.101084877533373,-12.9582856770516,1.98697941273538
"IL18R1",0.264423314147689,-11.6446953514024,2.18614617169067
"IL18RAP",0.290382565328907,-11.5698518330356,2.19689580065371
"MFSD9",0.252669045295664,-12.3369290773934,2.16608382286099
"TMEM182",0.241695900609293,-12.5467848054605,2.16624256450464
"MRPS9",0.458414490375281,-10.5043024667397,2.32059138667769
"TGFBRAP1",0.225242173550997,-11.8928066779572,2.16961132666487
"AC012360.4",0.108196131760806,-13.0200960649104,2.02232033555741
"RP11-332H14.2",0.230775156673327,-11.7994739811921,2.16756261210683
"C2orf49",0.447173934745778,-11.054492823434,2.25338482150854
"NCK2",0.446578773382856,-10.6341723293695,2.27606246823351
"C2orf40",0.253657432497421,-12.3755230244616,2.1693722917142
"UXS1",0.55772666086548,-10.2694462954001,2.32687947318496
"GCC2",0.641595790220199,-9.99923407395718,2.35426161811379
"LIMS1",0.818669334870996,-9.86598167178235,2.43851072523361
"RANBP2",0.44081340775194,-11.0604149675732,2.24186067697917
"CCDC138",0.230189928028585,-12.5414312256707,2.14290754443097
"SEPT10",0.174120422480146,-12.6247712823772,2.05817582041029
"LINC00116",0.582579481362602,-10.1554080324238,2.31686235404411
"BCL2L11",0.379271756886716,-11.272411461542,2.20568822445906
"MIR4435-1HG",0.477827244470749,-10.4846735782366,2.33431812343865
"ANAPC1",0.309940402152195,-11.5089209858606,2.20176716673798
"MERTK",0.124744812975913,-12.9345239920951,2.0430897230423
"TMEM87B",0.330475393088555,-11.4478690199335,2.20649652887833
"FBLN7",0.279756854451389,-11.6020065129566,2.1934278299972
"ZC3H8",0.470773670483536,-10.9125605638885,2.27220902945437
"ZC3H6",0.468640681023308,-10.8244467292472,2.27190686780533
"TTL",0.241587964993237,-11.7203125191351,2.17168265402027
"POLR1B",0.274763684215137,-11.6163651062188,2.1913919874752
"CHCHD5",0.762520858067628,-9.94599661836681,2.42693070235237
"AC079922.3",0.23199352621588,-11.7866684234734,2.16771263742681
"SLC20A1",0.453375814972991,-10.5075076472895,2.31450775020545
"CKAP2L",0.101084877533373,-12.9582856770516,1.98697941273538
"IL1B",0.611789088840492,-10.0095371521958,2.32412708019971
"IL1RN",0.374679352731283,-11.2927952629622,2.20676207294801
"PSD4",0.457018936122911,-10.7210198871213,2.27368923559849
"PAX8",0.230189928028585,-12.5414312256707,2.14290754443097
"RP11-65I12.1",0.253309504187197,-11.6759268360451,2.17920616014382
"CBWD2",0.448256569349917,-10.6502291547143,2.27552869956684
"RABL2A",0.27374702762166,-11.6192263026565,2.19093972565155
"SLC35F5",0.243431321069781,-11.7117139674051,2.17278568107151
"RP11-141B14.1",0.160919524648358,-12.7261534701212,2.06272317382464
"ACTR3",1.42232360024912,-9.17129684972954,2.57015325684277
"DDX18",0.868994770942031,-9.83170477419471,2.45226361702283
"AC009404.2",0.090721269291354,-12.7921404110945,1.91917469956789
"CCDC93",0.355648341701213,-11.3679762538592,2.20920993508267
"INSIG2",0.470352481117701,-10.9244920150266,2.27226785827944
"MARCO",0.467277884225342,-10.8078091878183,2.27203212702124
"STEAP3",0.108196131760806,-13.0200960649104,2.02232033555741
"C2orf76",0.304599415136758,-11.5253951374674,2.20050448175165
"DBI",1.17863349190288,-9.45063336192599,2.58909175194166
"TMEM177",0.228070176077342,-12.1148956344859,2.17481902121531
"PTPN4",0.558282682953151,-10.267234511237,2.32666181822044
"EPB41L5",0.141473787659634,-12.8191386499719,2.05126746596957
"TMEM185B",0.27374702762166,-11.6192263026565,2.19093972565155
"RALB",0.579542037436929,-10.1713857103861,2.31801843409419
"CLASP1",0.270272096743267,-11.6288514890299,2.18928097708031
"NIFK-AS1",0.471069556556761,-10.8955824919421,2.27209351424172
"NIFK",0.597069356224714,-10.0709968410692,2.31418360198734
"TSN",0.5790608739523,-10.1738519669306,2.31820592847105
"GYPC",1.10817026215177,-9.54454586769467,2.55366297317109
"BIN1",1.07710838921549,-9.50355470318856,2.4777338818032
"ERCC3",0.432153470739172,-11.066289033713,2.22495044312229
"MAP3K2",0.413422552360771,-11.1143271642826,2.20344336623923
"IWS1",0.467495359694839,-10.8102626613311,2.27200892292948
"MYO7B",0.241904545563597,-12.2014659440717,2.16146712228198
"LIMS2",0.271279197396557,-11.6260880152739,2.1897771111063
"WDR33",0.647264917293099,-10.0010675174156,2.35923223639669
"SFT2D3",0.28226465445891,-11.5946080769549,2.19434563052973
"RP5-935K16.1",0.141473787659634,-12.8191386499719,2.05126746596957
"POLR2D",0.453758642162102,-11.0409096493427,2.26261277835448
"AMMECR1L",0.253657432497421,-12.3755230244616,2.1693722917142
"RP11-395A13.2",0.277255247064729,-11.6092735883829,2.19244704213465
"SAP130",0.248182685417313,-11.6927940738112,2.17580024179626
"UGGT1",0.258748343647862,-11.6601487887884,2.18272220633917
"HS6ST1",0.24453111945453,-12.2214289751843,2.16052314828958
"SMPD4",0.223695027974275,-12.0241158264402,2.17597860349096
"MZT2B",1.27130070685026,-9.31100788047435,2.57353388665831
"CCDC115",0.80521740961112,-9.88084604897908,2.43575191799227
"IMP4",0.660813510326943,-10.0056145391233,2.37022077802386
"PTPN18",0.753828699274709,-9.96064924491137,2.42432854728218
"FAM168B",0.357857053743936,-11.3600580995814,2.20913446435256
"PLEKHB2",0.446887667079061,-10.5129404385792,2.3038124947071
"MZT2A",1.09568388664333,-9.4895497804453,2.48984823355301
"MGAT5",0.30745846932916,-11.5165418212606,2.20117954666282
"TMEM163",0.124744812975913,-12.9345239920951,2.0430897230423
"CCNT2",0.357857053743936,-11.3600580995814,2.20913446435256
"RAB3GAP1",0.458185445605236,-11.0255965342884,2.2670599817995
"ZRANB3",0.244916527525987,-12.2247027655083,2.16045750987412
"R3HDM1",0.437959565411311,-11.0620339028961,2.23621173018153
"UBXN4",0.933937485384687,-9.79338600310273,2.47478102570444
"MCM6",0.238138542840808,-11.7391499257657,2.16985043115345
"DARS",0.691043087430683,-10.010825521442,2.39146380038103
"AC093391.2",0.124744812975913,-12.9345239920951,2.0430897230423
"CXCR4",1.25103680788438,-8.10263822597989,2.53437486299768
"HNMT",0.448853281783626,-10.6556136368885,2.27536779504921
"SPOPL",0.241904545563597,-12.2014659440717,2.16146712228198
"KYNU",0.441260033577392,-10.5566825657328,2.28237822354532
"ARHGAP15",1.10821000912603,-9.50479076204862,2.51822992992993
"GTDC1",0.29792123746974,-11.5462653186893,2.19888074652411
"ZEB2",0.556386047192341,-10.2747171688698,2.32739507873723
"ZEB2-AS1",0.223506913503804,-11.9791550530398,2.17392053640435
"ACVR2A",0.158147028664132,-12.743367074885,2.06256469798137
"ORC4",0.441708739954289,-10.5697851016106,2.28042706668222
"MBD5",0.276234074996775,-11.6121930892694,2.19202297773267
"EPC2",0.355648341701213,-11.3679762538592,2.20920993508267
"KIF5C",0.158147028664132,-12.743367074885,2.06256469798137
"MMADHC",0.720929488859774,-10.0009681437617,2.40947317196898
"RBM43",0.355648341701213,-11.3679762538592,2.20920993508267
"NMI",0.847224185015062,-9.84315281307303,2.44558782549754
"RIF1",0.41876523347763,-11.0949465185247,2.20686491455466
"ARL5A",0.941113865564072,-9.78425957403845,2.47657327580905
"STAM2",0.235831001374619,-12.1654885580238,2.16626798040572
"FMNL2",0.203504806423496,-12.4912497389434,2.07892517954733
"PRPF40A",0.7018800528344,-10.0095379691259,2.39829819019245
"ARL6IP6",0.578397113691586,-10.1772314498913,2.3184693627365
"NR4A2",0.964234698140542,-9.74190610102962,2.47932474836354
"GPD2",0.248063606674305,-12.2567014115598,2.16085635613381
"CYTIP",1.17085220514813,-9.46445715463559,2.59043019684843
"ACVR1C",0.203504806423496,-12.4912497389434,2.07892517954733
"ACVR1",0.229216757627761,-11.8185740413693,2.16758308707388
"PKP4",0.230189928028585,-12.5414312256707,2.14290754443097
"WDSUB1",0.429885971519857,-11.0689786371609,2.22093782401831
"BAZ2B",0.458441249466775,-11.0245266792527,2.26727440248262
"AC009506.1",0.224897314176702,-12.5307592002766,2.13038747028561
"AC009961.3",0.124744812975913,-12.9345239920951,2.0430897230423
"MARCH7",0.610659672179539,-10.0119839094887,2.32296443012271
"CD302",0.474571495549123,-10.4889893704419,2.33280101738433
"LY75",0.237474031983325,-11.7432841815218,2.1695380237315
"RBMS1",0.701709262261961,-10.0095762731852,2.39819351118584
"TANK",0.655257558555659,-10.0037990292431,2.36585295188483
"AC009299.3",0.158147028664132,-12.743367074885,2.06256469798137
"PSMD14",0.621229432561748,-9.99862269567472,2.3342315109954
"SLC4A10",0.246980506215015,-11.697220033757,2.17501935050782
"DPP4",0.449812863045508,-11.0501902005793,2.25745446820819
"IFIH1",0.468508213192356,-10.9544997360567,2.27219527162539
"GCA",0.737657918053893,-9.98451369254872,2.41797903479309
"COBLL1",0.224685844288479,-11.9098833485468,2.17037723291924
"SLC38A11",0.108196131760806,-13.0200960649104,2.02232033555741
"GALNT3",0.248063606674305,-12.2567014115598,2.16085635613381
"TTC21B",0.224035905850509,-12.0423659378371,2.17656425261388
"STK39",0.23386501965221,-11.7696233733186,2.16814921311575
"CERS6",0.283289517473143,-11.5915210627692,2.19470062821077
"DHRS9",0.227092222552256,-12.5355364583155,2.13566503720302
"FASTKD1",0.226183628844696,-11.8696976462039,2.16872789246404
"PPIG",0.855384945696992,-9.83841916936014,2.44796758623945
"PHOSPHO2",0.203504806423496,-12.4912497389434,2.07892517954733
"SSB",1.02328078270007,-9.59670076129798,2.47277285129293
"METTL5",0.664684183037617,-10.0067869056391,2.37316384467479
"UBR3",0.333403376990808,-11.4392096641121,2.20707488015413
"GORASP2",0.535707612485017,-10.348180470641,2.33435197250421
"TLK1",0.3970473175067,-11.1882492880877,2.20168409990758
"METTL8",0.386694205114887,-11.2379833690839,2.20382975371651
"DCAF17",0.23199352621588,-11.7866684234734,2.16771263742681
"CYBRD1",0.235831001374619,-12.1654885580238,2.16626798040572
"DYNC1I2",0.467089423632747,-10.8057269383233,2.27205309291179
"SLC25A12",0.289074020188819,-11.5738966375685,2.19651914290944
"HAT1",0.442742342353749,-10.5883935330336,2.2785398471375
"METAP1D",0.264423314147689,-11.6446953514024,2.18614617169067
"ITGA6",0.347966476636038,-11.3941523124697,2.20903480623776
"AC078883.3",0.250273336557541,-12.2871527362687,2.16237099282398
"AC093818.1",0.252669045295664,-12.3369290773934,2.16608382286099
"PDK1",0.407422221264717,-11.1396657475591,2.20159670875146
"MLTK",0.310205549730724,-11.5081110286284,2.2018297554136
"CDCA7",0.253776510344264,-12.4304809561986,2.17385166909698
"SP3",0.446229816281351,-10.6306263998119,2.27619352625283
"OLA1",0.728783594944429,-9.99437956019671,2.41366265861737
"CIR1",0.651556697500645,-10.0025402195256,2.36283851918456
"SCRN3",0.23199352621588,-11.7866684234734,2.16771263742681
"GPR155",0.457363327490223,-10.7236203391143,2.2736255323853
"WIPF1",0.963085195564444,-9.74445009857623,2.47930598262479
"CHN1",0.124744812975913,-12.9345239920951,2.0430897230423
"ATF2",0.441397319814906,-11.0600511153751,2.24299411454642
"ATP5G3",1.47191360973306,-9.13169875586535,2.58273491201245
"KIAA1715",0.403501589206038,-11.1575587932611,2.20124753937753
"MTX2",0.454804683559535,-10.704220545299,2.27410556775072
"HNRNPA3",1.11160002972488,-9.56655080449715,2.58319756667697
"NFE2L2",0.484557864068627,-10.4744545042877,2.33671487114481
"AC079305.10",0.224035905850509,-12.0423659378371,2.17656425261388
"AGPS",0.386694205114887,-11.2379833690839,2.20382975371651
"TTC30A",0.108196131760806,-13.0200960649104,2.02232033555741
"RBM45",0.248182685417313,-11.6927940738112,2.17580024179626
"AC009948.5",0.237201218102107,-12.549029507341,2.1579848493556
"PRKRA",0.560549158120487,-10.2580878654334,2.32576703951505
"FKBP7",0.141473787659634,-12.8191386499719,2.05126746596957
"PLEKHA3",0.443420112052296,-10.5980675540771,2.27782693381338
"TTN-AS1",0.243223370171526,-11.7126444041898,2.17266007041554
"TTN",0.248063606674305,-12.2567014115598,2.16085635613381
"CCDC141",0.174120422480146,-12.6247712823772,2.05817582041029
"SESTD1",0.389152308112735,-11.2262808848236,2.2032345380696
"CWC22",0.447583979367493,-11.0539138640079,2.25404849497408
"UBE2E3",0.678489449644757,-10.0099248969099,2.38308147344961
"AC104820.2",0.22712266150858,-12.104790066756,2.17568849682712
"ITGA4",0.62695944803593,-9.99700018458656,2.34022320065203
"SSFA2",0.28226465445891,-11.5946080769549,2.19434563052973
"DNAJC10",0.468342575745614,-10.9564961879767,2.27216974070113
"NUP35",0.23386501965221,-11.7696233733186,2.16814921311575
"ZNF804A",0.108196131760806,-13.0200960649104,2.02232033555741
"AC097500.2",0.22712266150858,-12.104790066756,2.17568849682712
"ZC3H15",0.905204280982393,-9.8158929582758,2.4651715889197
"ITGAV",0.230189928028585,-12.5414312256707,2.14290754443097
"WDR75",0.28226465445891,-11.5946080769549,2.19434563052973
"SLC40A1",0.47021365439789,-10.8508289218119,2.27185665270014
"ASNSD1",0.507755608979815,-10.4270476521708,2.33918661423223
"ANKAR",0.223832322940662,-12.0326474074349,2.17627999918919
"OSGEPL1",0.226183628844696,-11.8696976462039,2.16872789246404
"ORMDL1",0.897382909221939,-9.81969698213649,2.46230344453835
"PMS1",0.344727029962021,-11.4046107988564,2.20876481991351
"C2orf88",0.248201900262171,-12.5239015672209,2.17495854015159
"HIBCH",0.470638387509514,-10.8617879248824,2.27189151130049
"INPP1",0.40069808220716,-11.1707663965574,2.20130761253405
"MFSD6",0.288321644740492,-11.5762392558387,2.19630309553748
"TMEM194B",0.228468715570751,-12.1186282691869,2.17441752459222
"AC093388.3",0.158147028664132,-12.743367074885,2.06256469798137
"NAB1",0.276234074996775,-11.6121930892694,2.19202297773267
"GLS",0.461099941100382,-11.0119780515967,2.26923802886216
"STAT1",0.740941803940345,-9.98022419144266,2.41943696034928
"STAT4",0.494286697187088,-10.4567655760236,2.33870071276504
"NABP1",0.460084013575896,-10.7443331063705,2.27313558103397
"SDPR",0.432537418235197,-11.0659060060214,2.22566018734511
"SLC39A10",0.404153181232032,-11.1545373369774,2.20126864703396
"STK17B",0.929116125751947,-9.79856636413603,2.47338791341303
"RP11-347P5.1",0.711745593778389,-10.0062569030269,2.40422989409609
"AC020571.3",0.252669045295664,-12.3369290773934,2.16608382286099
"GTF3C3",0.243431321069781,-11.7117139674051,2.17278568107151
"PGAP1",0.224065621849842,-11.9347801167679,2.1716016566889
"ANKRD44",0.694034879192814,-10.0106822916561,2.39338674658031
"AC013264.2",0.447284310071452,-10.6410993645828,2.27581918594902
"SF3B1",0.747927334107457,-9.97007032363106,2.4222498342753
"COQ10B",0.531606839000649,-10.3611586617167,2.33544563975674
"HSPD1",0.869643582056002,-9.83141359336269,2.45247774091594
"HSPE1",0.976620711727866,-9.712408291775,2.47882559371343
"MOB4",0.573022174399237,-10.2034501640441,2.32065217016838
"MARS2",0.151289836493976,-12.7783680320405,2.05965516873174
"PLCL1",0.151289836493976,-12.7783680320405,2.05965516873174
"FTCDNL1",0.23199352621588,-11.7866684234734,2.16771263742681
"C2orf69",0.439082438693684,-11.0614254305605,2.23845414509524
"TYW5",0.284210373767362,-11.5887530195495,2.19500978861293
"C2orf47",0.428716979578481,-11.0707001835205,2.21899923203206
"SPATS2L",0.446763310836033,-11.0550438650269,2.25270942933637
"KCTD18",0.432936132484423,-11.0655252314777,2.22640344540284
"SGOL2",0.252848887651615,-12.4667426727497,2.17603331892423
"BZW1",0.808931070145087,-9.87645829298295,2.43648790250905
"RP11-469M7.1",0.090721269291354,-12.7921404110945,1.91917469956789
"CLK1",0.633933732686625,-9.99736548897403,2.34714179183735
"PPIL3",0.449812863045508,-11.0501902005793,2.25745446820819
"NIF3L1",0.427003874317524,-11.0736383029078,2.21634928193124
"ORC2",0.357871950846443,-11.360003929169,2.20913372780387
"FAM126B",0.456655151286558,-11.0315481693836,2.2656771341511
"NDUFB3",0.741653312673503,-9.97924689401524,2.41974010499634
"CFLAR",0.93394771534955,-9.79337426911177,2.47478382766342
"CASP10",0.43371124623731,-11.0648461788982,2.22786589069926
"CASP8",0.601581349383409,-10.0457248178473,2.31563320025518
"TRAK2",0.360929126623443,-11.348664862052,2.2089234439008
"STRADB",0.465353162942224,-10.9848158321527,2.27139695591619
"TMEM237",0.241695900609293,-12.5467848054605,2.16624256450464
"ALS2",0.241695900609293,-12.5467848054605,2.16624256450464
"SUMO1",1.10197118111883,-9.49050054139937,2.49839223075945
"NOP58",0.618608404269485,-10.0003311527222,2.33142052111571
"RP11-686O6.2",0.252669045295664,-12.3369290773934,2.16608382286099
"BMPR2",0.291413082648431,-11.5666487749997,2.19718325903111
"FAM117B",0.321787468070285,-11.4733956549449,2.20456706007782
"ICA1L",0.294380013409298,-11.5573781680938,2.19798584160143
"WDR12",0.33101305530525,-11.4462830540508,2.20660583562448
"CARF",0.256458208315558,-11.6666219050736,2.18126431842578
"NBEAL1",1.25467466447564,-8.10344635048519,2.53301930856159
"CYP20A1",0.448590951431755,-10.6532619503449,2.27543727014396
"ABI2",0.425599010015811,-11.0764465109698,2.21434103854351
"CD28",0.457243257760503,-10.5050798197267,2.31930740265865
"CTLA4",0.203504806423496,-12.4912497389434,2.07892517954733
"ICOS",0.463638418936991,-10.9970730418248,2.27066963710986
"INO80D",0.301451509050628,-11.5352080262113,2.19974483512168
"AC007383.3",0.189222923805307,-12.520920249976,2.05838802962435
"NDUFS1",0.456410468432617,-11.0324401653521,2.265442364989
"EEF1B2",2.67556639427167,-7.04050532379965,2.4597613227605
"ZDBF2",0.189222923805307,-12.520920249976,2.05838802962435
"FASTKD2",0.419191998738824,-11.093565434873,2.20722376610892
"KLF7",0.434022124776444,-11.0645865667127,2.22846712573506
"CREB1",0.441154011296621,-10.5467036049341,2.284430068962
"METTL21A",0.505168676520553,-10.433189113156,2.33926459905708
"AC079767.4",0.339642533095818,-11.4204538855825,2.20813873433694
"CCNYL1",0.241695900609293,-12.5467848054605,2.16624256450464
"AC096772.6",0.124744812975913,-12.9345239920951,2.0430897230423
"IDH1",0.391034449720587,-11.2172574368034,2.20280874917758
"PIKFYVE",0.386694205114887,-11.2379833690839,2.20382975371651
"RPE",0.411737258668924,-11.1211175896479,2.20273862926291
"KANSL1L",0.124744812975913,-12.9345239920951,2.0430897230423
"AC006994.2",0.090721269291354,-12.7921404110945,1.91917469956789
"LANCL1",0.341450871520497,-11.4148798667032,2.20838647618076
"IKZF2",0.253657432497421,-12.3755230244616,2.1693722917142
"SPAG16",0.381238232647967,-11.2634457055846,2.20519977492097
"BARD1",0.232716917859322,-12.1484300758739,2.16966635603658
"ATIC",0.588356521382243,-10.1231042747426,2.31500058263417
"PECR",0.380470518690739,-11.266954524078,2.20539002901601
"XRCC5",1.0532194691386,-9.53765586042642,2.47239678244697
"RP11-566E18.3",0.124744812975913,-12.9345239920951,2.0430897230423
"SMARCAL1",0.344727029962021,-11.4046107988564,2.20876481991351
"RPL37A",3.62933563231635,-5.6847686059752,2.18905520152955
"TNS1",0.141473787659634,-12.8191386499719,2.05126746596957
"CXCR2",0.124744812975913,-12.9345239920951,2.0430897230423
"CXCR1",0.134486423716054,-12.8558240348517,2.04569081801718
"ARPC2",2.17858233236414,-7.29682605428575,2.42343334572715
"GPBAR1",0.514938047327002,-10.4089050990093,2.3385901455617
"AAMP",0.658247866494445,-10.0047863887334,2.36822372931362
"PNKD",0.737630737211798,-9.98454782190182,2.41796668748122
"TMBIM1",0.601612268773759,-10.0455669113829,2.31564880825237
"SLC11A1",0.603828993782516,-10.0349316075766,2.31697012198257
"CTDSP1",0.654294585858808,-10.0034705471056,2.36507699367834
"RP11-378A13.2",0.197663683629374,-12.4947298912936,2.06814566555827
"USP37",0.226965555352143,-11.8539915358263,2.1682399487526
"RQCD1",0.431029775290445,-11.0675248271579,2.22292701973991
"ZNF142",0.252669045295664,-12.3369290773934,2.16608382286099
"BCS1L",0.354338737965476,-11.3726041745804,2.20922558771979
"RNF25",0.391165868391548,-11.2166277534237,2.20278032446364
"STK36",0.16759266301054,-12.6777798123276,2.06112349582788
"TTLL4",0.23078253123122,-12.1364778837008,2.17188129372768
"CYP27A1",0.254213568718537,-11.6731934857396,2.17980150004989
"WNT10A",0.246980506215015,-11.697220033757,2.17501935050782
"NHEJ1",0.248182685417313,-11.6927940738112,2.17580024179626
"CNPPD1",0.522861345293255,-10.3872106410513,2.33737707619039
"FAM134A",0.52744107654491,-10.3738390970671,2.33643493788769
"ZFAND2B",0.614938135299381,-10.0042347844465,2.32745561833774
"ATG9A",0.306439806001703,-11.519684101789,2.20093803309746
"ANKZF1",0.444824038982804,-10.6154092969287,2.27684304555567
"GLB1L",0.141473787659634,-12.8191386499719,2.05126746596957
"STK16",0.503147256488829,-10.4378495578478,2.33927152004543
"TUBA4A",1.08763864788904,-9.49356788918983,2.48314034409332
"DNAJB2",0.452268837632706,-10.5082168203182,2.31295437252209
"DNPEP",0.588947532639592,-10.1196610227044,2.31484789149939
"GMPPA",0.470912015205707,-10.9068559625189,2.2721732078511
"CHPF",0.197663683629374,-12.4947298912936,2.06814566555827
"STK11IP",0.304968383277002,-11.5242495501821,2.20059173286867
"EPHA4",0.158147028664132,-12.743367074885,2.06256469798137
"FARSB",0.471080678561326,-10.8853796884183,2.27201976266994
"ACSL3",0.439672793520755,-11.0610825881908,2.2396203816399
"AP1S3",0.235831001374619,-12.1654885580238,2.16626798040572
"WDFY1",0.288321644740492,-11.5762392558387,2.19630309553748
"MRPL44",0.535707612485017,-10.348180470641,2.33435197250421
"SERPINE2",0.238832905663613,-12.1821119682831,2.16351159451527
"CUL3",0.468952876908715,-10.9487575343855,2.27224704910563
"DOCK10",0.447588166768091,-10.5120930182286,2.30519790650691
"IRS1",0.151289836493976,-12.7783680320405,2.05965516873174
"RHBDD1",0.237474031983325,-11.7432841815218,2.1695380237315
"MFF",0.714943780104968,-10.0046812849166,2.40608873313629
"AGFG1",0.371035178180678,-11.308387848168,2.20751175530643
"CCL20",0.16759266301054,-12.6777798123276,2.06112349582788
"PID1",0.450093139587397,-11.049645179633,2.25785805696448
"TRIP12",0.423998801453458,-11.0800531538353,2.21225352228727
"SP110",1.10884655206421,-9.51171100110063,2.52502543059698
"SP140",0.518431224310939,-10.3995587141805,2.33812229204612
"SP140L",0.527797219864395,-10.3727728185201,2.33635475789497
"SP100",1.10042189791922,-9.48972892188883,2.49583660796217
"CAB39",0.444219591306214,-11.0578495020023,2.24829091578599
"ITM2C",0.487622577412776,-10.4692385336572,2.3375107232824
"GPR55",0.090721269291354,-12.7921404110945,1.91917469956789
"PSMD1",0.441910930829114,-10.5740757887497,2.27991750634576
"NCL",1.04863847625686,-9.54562237525419,2.4720664730302
"NMUR1",0.224820970152689,-12.0670005958397,2.17690569188224
"PTMA",5.01656418403676,-4.88863569085906,2.0942753270047
"PDE6D",0.44224958461656,-10.5803735437603,2.27925453516894
"COPS7B",0.470742622592687,-10.8651844101931,2.27190491065712
"DIS3L2",0.460513131752885,-11.0149730421718,2.26884319915515
"TIGD1",0.223506913503804,-11.9791550530398,2.17392053640435
"EIF4E2",0.80640443951377,-9.87941508908416,2.43598441718089
"EFHD1",0.090721269291354,-12.7921404110945,1.91917469956789
"GIGYF2",0.406088429914157,-11.1456644063624,2.20141239290653
"INPP5D",0.574563479875968,-10.1961314632418,2.32002016037991
"ATG16L1",0.31342617184787,-11.4983190089717,2.20259098932825
"DGKD",0.436589996430009,-11.0628128427073,2.23348485197752
"USP40",0.224065621849842,-11.9347801167679,2.1716016566889
"AC097713.4",0.158147028664132,-12.743367074885,2.06256469798137
"ARL4C",0.965502886280293,-9.73905871359747,2.47933079615535
"COPS8",0.587050570691756,-10.1306150346738,2.31536632725553
"LRRFIP1",1.20767060869149,-9.40174425894858,2.58376307643432
"RAMP1",0.330578993759514,-11.4475644963923,2.20651786251655
"UBE2F",0.71733277695014,-10.0033313852902,2.40745721295909
"SCLY",0.24453111945453,-12.2214289751843,2.16052314828958
"ILKAP",0.512550222130541,-10.4151028137871,2.33884579468201
"AC016757.3",0.108196131760806,-13.0200960649104,2.02232033555741
"HES6",0.224820970152689,-12.0670005958397,2.17690569188224
"PER2",0.174120422480146,-12.6247712823772,2.05817582041029
"TRAF3IP1",0.141473787659634,-12.8191386499719,2.05126746596957
"ASB1",0.468169158486645,-10.9585289648028,2.27214354147953
"HDAC4",0.258748343647862,-11.6601487887884,2.18272220633917
"AC062017.1",0.238267439470462,-12.1788669084481,2.16398271757428
"NDUFA10",0.756032921870588,-9.95699903736036,2.4250359382174
"MYEOV2",1.01401495688673,-9.61809122763853,2.47381990842218
"ANKMY1",0.368144687795282,-11.3203729192437,2.20802777652338
"DUSP28",0.454425694479469,-11.038962932443,2.26337038156405
"RNPEPL1",0.694381033931303,-10.0106568306913,2.39360708183018
"CAPN10-AS1",0.248063606674305,-12.2567014115598,2.16085635613381
"CAPN10",0.328611957477222,-11.453340472807,2.20610294815159
"GPR35",0.251740665480719,-11.6808076325287,2.17815457711918
"SNED1",0.252669045295664,-12.3369290773934,2.16608382286099
"MTERFD2",0.600215907072328,-10.0529531857482,2.31501824152074
"PASK",0.485156932382971,-10.4734556318589,2.33688313659205
"PPP1R7",0.884925728188303,-9.82497699331374,2.45776445308154
"HDLBP",0.441222746993246,-10.5413199893601,2.28583589902365
"SEPT2",0.617867716060878,-10.000956285761,2.33062188914013
"FARP2",0.23078253123122,-12.1364778837008,2.17188129372768
"STK25",0.441251658144675,-10.5563570665266,2.28243656205428
"THAP4",0.457296166037405,-11.0291450802274,2.26627374376439
"ATG4B",0.45081954103891,-10.5092143209253,2.31077769807097
"DTYMK",0.478072447340046,-10.484327372169,2.33442123241312
"ING5",0.433537658725829,-11.0649961576723,2.22753815066812
"D2HGDH",0.306439806001703,-11.519684101789,2.20093803309746
"PDCD1",0.223554738259914,-11.9715000141209,2.17352084545088
"AC131097.3",0.108196131760806,-13.0200960649104,2.02232033555741
"TRNT1",0.438359458117575,-11.0618177554228,2.23700850805954
"CRBN",0.925964582856744,-9.80156240813076,2.47240788036285
"RP11-97C16.1",0.090721269291354,-12.7921404110945,1.91917469956789
"SUMF1",0.418144160677394,-11.0970101508282,2.20636493494739
"SETMAR",0.23078253123122,-12.1364778837008,2.17188129372768
"ITPR1",0.358755284880245,-11.3567763940505,2.20908540634382
"AC018816.3",0.228468715570751,-12.1186282691869,2.17441752459222
"BHLHE40",0.442640470539937,-10.524097019843,2.29303223483698
"ARL8B",0.468952876908715,-10.9487575343855,2.27224704910563
"EDEM1",0.43371124623731,-11.0648461788982,2.22786589069926
"RAD18",0.23078253123122,-12.1364778837008,2.17188129372768
"SRGAP3",0.211561276790128,-12.5005332691513,2.09729795390912
"SETD5-AS1",0.57848557954626,-10.1767796974113,2.31843386067001
"THUMPD3",0.468730479715783,-10.8256773433419,2.27190014185859
"SETD5",0.441222746993246,-10.5413199893601,2.28583589902365
"RP11-58B17.2",0.090721269291354,-12.7921404110945,1.91917469956789
"MTMR14",0.625101276853287,-9.9972811310289,2.33830908443902
"BRPF1",0.228218527898891,-11.8328472417398,2.1677628936284
"OGG1",0.469859536479708,-10.9346168300406,2.2722876273228
"CAMK1",0.471409827892632,-10.4927821248832,2.33107504509361
"TADA3",0.666567868456524,-10.0073243070668,2.37456848917647
"ARPC4",1.10872006440825,-9.56420774211994,2.57454724483273
"TTLL3",0.285804672065154,-11.5839316416338,2.19552882576664
"RPUSD3",0.457527793797772,-10.5048967420205,2.3196257743441
"JAGN1",0.705402538387887,-10.0086184429079,2.40045016367726
"IL17RE",0.108196131760806,-13.0200960649104,2.02232033555741
"IL17RC",0.247088309743925,-12.5303994035623,2.17384969389464
"CRELD1",0.42576098429317,-11.0761029999866,2.21456408232124
"PRRT3",0.249029583942693,-11.6898006335492,2.17635571763485
"EMC3",0.691815175116594,-10.0108054202592,2.39196206242515
"FANCD2",0.24453111945453,-12.2214289751843,2.16052314828958
"BRK1",1.58560643973534,-8.92886502159759,2.63424977228329
"VHL",0.460270754849155,-11.0161770214272,2.26867444250827
"IRAK2",0.23078253123122,-12.1364778837008,2.17188129372768
"TATDN2",0.288321644740492,-11.5762392558387,2.19630309553748
"GHRL",0.247088309743925,-12.5303994035623,2.17384969389464
"SEC13",0.614150126312674,-10.0053710547144,2.3266147455035
"ATG7",0.326895211193067,-11.4583730021957,2.20572894961056
"VGLL4",0.446191838281835,-11.0557529710318,2.25175023697878
"TAMM41",0.463968014104421,-10.9948867109131,2.27082351033435
"TSEN2",0.235301446437578,-11.7582718172183,2.16862943826843
"MKRN2",0.460534599664229,-10.7478199259682,2.27305768856878
"RAF1",0.507030974818333,-10.4287894417379,2.33921674283586
"TMEM40",0.229746902210988,-12.1291525627251,2.17304968113305
"CAND2",0.141473787659634,-12.8191386499719,2.05126746596957
"RPL32",6.01443225749586,-4.06347017491086,2.06855742307621
"IQSEC1",0.442639850250371,-10.5241004539831,2.29303010019662
"NUP210",0.513766589915862,-10.4119695965831,2.3387235138371
"HDAC11",0.124744812975913,-12.9345239920951,2.0430897230423
"FBLN2",0.158147028664132,-12.743367074885,2.06256469798137
"WNT7A",0.229216757627761,-11.8185740413693,2.16758308707388
"CHCHD4",0.404153181232032,-11.1545373369774,2.20126864703396
"TMEM43",0.442904498140283,-10.5908238650485,2.27834723586847
"AC093495.4",0.189222923805307,-12.520920249976,2.05838802962435
"XPC",0.444799965049509,-10.5165187210985,2.29919075295317
"LSM3",0.727980235668138,-9.99514375904663,2.41324757285065
"SLC6A6",0.450678355958021,-11.0484650451427,2.25867951853826
"CCDC174",0.444511647231292,-10.5171994251646,2.29847343351843
"FGD5-AS1",0.450820759725565,-10.6725609379235,2.27490416200949
"NR2C2",0.16759266301054,-12.6777798123276,2.06112349582788
"MRPS25",0.477250707114204,-10.4854723062136,2.33406747823581
"ZFYVE20",0.225242173550997,-11.8928066779572,2.16961132666487
"CAPN7",0.445206524832609,-11.0568781963634,2.25005423745749
"SH3BP5-AS1",0.23199352621588,-11.7866684234734,2.16771263742681
"SH3BP5",0.663735936498255,-10.0065075677728,2.37245061112032
"METTL6",0.225242173550997,-11.8928066779572,2.16961132666487
"EAF1",0.225242173550997,-11.8928066779572,2.16961132666487
"EAF1-AS1",0.189222923805307,-12.520920249976,2.05838802962435
"COLQ",0.250066880072025,-12.508963921607,2.17627790166079
"HACL1",0.468640681023308,-10.8244467292472,2.27190686780533
"BTD",0.391542381200609,-11.2148170147019,2.20269764738519
"ANKRD28",0.358755284880245,-11.3567763940505,2.20908540634382
"DPH3",0.450250463202316,-10.5096410159242,2.30987418825776
"OXNAD1",0.660321305404424,-10.0054628426475,2.36984119813835
"RFTN1",0.46864147168578,-10.9528412152691,2.27221323904934
"RP11-415F23.2",0.124744812975913,-12.9345239920951,2.0430897230423
"RP11-415F23.4",0.203504806423496,-12.4912497389434,2.07892517954733
"PLCL2",0.412723173171574,-11.117110779204,2.20313156899108
"TBC1D5",0.456655151286558,-11.0315481693836,2.2656771341511
"SATB1",0.584459087018574,-10.1451855234083,2.31619816319282
"KCNH8",0.124744812975913,-12.9345239920951,2.0430897230423
"RAB5A",0.494790667220911,-10.4557564948911,2.33876149356991
"KAT2B",0.309940402152195,-11.5089209858606,2.20176716673798
"SGOL1",0.163379876379926,-12.7093886505394,2.06242598565933
"UBE2E2",0.464784344548824,-10.7830187416078,2.27236047342638
"UBE2E1",0.668638009055618,-10.0078684280661,2.37608865561655
"NKIRAS1",0.235831001374619,-12.1654885580238,2.16626798040572
"RPL15",4.51624736123003,-5.01608959348937,2.27056691868334
"NR1D2",0.353423375039231,-11.3757870770628,2.2092263265141
"TOP2B",0.470269911555221,-10.8521154433458,2.27185953644958
"NGLY1",0.494599120627058,-10.4561406740931,2.33873874818096
"OXSM",0.277255247064729,-11.6092735883829,2.19244704213465
"SLC4A7",0.410853954033236,-11.1248065260659,2.20243255972684
"RP11-222K16.2",0.360537502732357,-11.350150452398,2.20895772655342
"EOMES",0.419614718033372,-11.0922187116707,2.20759173784096
"CMC1",0.605064475200396,-10.0296601132619,2.31786742423318
"AZI2",0.441358193573411,-10.5604393188349,2.28174434582257
"TGFBR2",0.505819143674796,-10.431662531946,2.33925203180588
"STT3B",0.716951267269229,-10.0035586702151,2.40724050427605
"OSBPL10",0.23386501965221,-11.7696233733186,2.16814921311575
"ZNF860",0.174120422480146,-12.6247712823772,2.05817582041029
"GPD1L",0.276234074996775,-11.6121930892694,2.19202297773267
"CMTM8",0.464128151115905,-10.7771768711149,2.2724579070653
"CMTM7",0.948745663022465,-9.77247302696907,2.47802941468313
"CMTM6",0.860751509881726,-9.83560217927141,2.44960987245698
"DYNC1LI1",0.44200293316727,-10.5758749588275,2.27971857667834
"CNOT10",0.456473830881948,-10.7168913969677,2.27378904205607
"CCR4",0.250066880072025,-12.508963921607,2.17627790166079
"GLB1",0.447685958555719,-10.6449305213113,2.27569492952876
"CRTAP",0.548076322257488,-10.3059245329636,2.33044116467745
"UBP1",0.235301446437578,-11.7582718172183,2.16862943826843
"CLASP2",0.444092279917588,-11.0579699829562,2.24806124624802
"PDCD6IP",0.615063126234724,-10.0040688276438,2.32759224147191
"TRANK1",0.445907242886321,-11.0560946168345,2.25126355553387
"EPM2AIP1",0.470812218675523,-10.4934558276556,2.33071762300863
"MLH1",0.441816887308936,-11.0597700948226,2.24380086597125
"LRRFIP2",0.441434665621201,-10.5628276012543,2.28137575717742
"RP11-259K5.2",0.108196131760806,-13.0200960649104,2.02232033555741
"GOLGA4",0.446752725210776,-10.6359082951746,2.27600081615805
"CTDSPL",0.223506913503804,-11.9791550530398,2.17392053640435
"VILL",0.312415811570225,-11.5013771452248,2.20235150349299
"PLCD1",0.256458208315558,-11.6666219050736,2.18126431842578
"DLEC1",0.141473787659634,-12.8191386499719,2.05126746596957
"ACAA1",0.742724645649409,-9.97775165504825,2.42019055247831
"MYD88",0.708383442439485,-10.0076363851974,2.40224287382664
"OXSR1",0.393197807386538,-11.2068282466186,2.20234907139182
"EXOG",0.463104616163342,-10.7684436265857,2.27262105956783
"WDR48",0.40069808220716,-11.1707663965574,2.20130761253405
"GORASP1",0.264423314147689,-11.6446953514024,2.18614617169067
"TTC21A",0.253309504187197,-11.6759268360451,2.17920616014382
"CSRNP1",0.619640319986281,-9.99956506918813,2.33252943789366
"CX3CR1",0.564603714067978,-10.24118113342,2.32413192266476
"SLC25A38",0.532196724754828,-10.3593209239475,2.33529465024175
"RPSA",4.62470375641081,-5.11785383263989,2.10515728551753
"EIF1B",0.923957061551765,-9.80334248543167,2.4717622616663
"ENTPD3-AS1",0.368528016870476,-11.3188100218044,2.20796489906469
"RPL14",4.96854944882327,-4.8228755844999,2.11251560651046
"RP11-391M1.4",0.124744812975913,-12.9345239920951,2.0430897230423
"ZNF619",0.158147028664132,-12.743367074885,2.06256469798137
"ZNF620",0.108196131760806,-13.0200960649104,2.02232033555741
"ZNF621",0.241904545563597,-12.2014659440717,2.16146712228198
"CTNNB1",0.491429004997422,-10.4623066795766,2.33827864245334
"ULK4",0.229216757627761,-11.8185740413693,2.16758308707388
"TRAK1",0.321787468070285,-11.4733956549449,2.20456706007782
"VIPR1",0.334604638253007,-11.435644035761,2.20730079968563
"SEC22C",0.449568334958675,-10.6619042566263,2.27518785822978
"SS18L2",0.649133684055598,-10.0017010487313,2.36081734917304
"NKTR",0.713300606926303,-10.0055218513182,2.40513674837421
"ZBTB47",0.211561276790128,-12.5005332691513,2.09729795390912
"CCDC13",0.090721269291354,-12.7921404110945,1.91917469956789
"HIGD1A",0.443146990733685,-10.5943140312907,2.27808919318601
"RP11-70C1.1",0.211561276790128,-12.5005332691513,2.09729795390912
"POMGNT2",0.203504806423496,-12.4912497389434,2.07892517954733
"SNRK",0.444824038982804,-10.6154092969287,2.27684304555567
"ANO10",0.248182685417313,-11.6927940738112,2.17580024179626
"ABHD5",0.428446554260073,-11.071127736124,2.2185671502779
"RP11-424N24.2",0.090721269291354,-12.7921404110945,1.91917469956789
"TCAIM",0.355648341701213,-11.3679762538592,2.20920993508267
"LINC00694",0.141473787659634,-12.8191386499719,2.05126746596957
"ZNF445",0.22712266150858,-12.104790066756,2.17568849682712
"ZNF852",0.158147028664132,-12.743367074885,2.06256469798137
"ZNF197",0.239121755146729,-11.7333567076361,2.17034018854576
"ZNF35",0.108196131760806,-13.0200960649104,2.02232033555741
"ZNF502",0.134486423716054,-12.8558240348517,2.04569081801718
"ZNF501",0.230189928028585,-12.5414312256707,2.14290754443097
"KIAA1143",0.484627420451004,-10.4743401458862,2.33673481990266
"TMEM42",0.455595410503959,-10.7102254558365,2.27395353967963
"ZDHHC3",0.454886288215052,-10.506553424103,2.31648815273515
"EXOSC7",0.500363775132971,-10.4440622477188,2.33920347392016
"LARS2",0.241695900609293,-12.5467848054605,2.16624256450464
"LIMD1",0.336747253740007,-11.4292249806333,2.20768150937996
"SACM1L",0.467974296481794,-10.8158896820749,2.27196157200096
"LZTFL1",0.312415811570225,-11.5013771452248,2.20235150349299
"FYCO1",0.232716917859322,-12.1484300758739,2.16966635603658
"CXCR6",0.234442395208157,-11.7649008657235,2.16832862362675
"CCR1",0.344727029962021,-11.4046107988564,2.20876481991351
"CCR2",0.356555152777628,-11.3647454858364,2.20918466236155
"CCR5",0.226183628844696,-11.8696976462039,2.16872789246404
"CCRL2",0.189222923805307,-12.520920249976,2.05838802962435
"ALS2CL",0.217168357845664,-12.5125542968357,2.11121018860736
"TMIE",0.141473787659634,-12.8191386499719,2.05126746596957
"CCDC12",1.06501703445226,-9.51915709523275,2.47415108833816
"NBEAL2",0.467089423632747,-10.8057269383233,2.27205309291179
"SETD2",0.468827847026835,-10.9504354417836,2.27223560509617
"KIF9",0.21944115833592,-12.5179220526473,2.11688791980076
"KLHL18",0.407958412982414,-11.1372829407209,2.20169167034514
"RP11-708J19.1",0.262041219518392,-11.6511250774237,2.18475398016833
"PTPN23",0.237474031983325,-11.7432841815218,2.1695380237315
"SCAP",0.419191998738824,-11.093565434873,2.20722376610892
"ELP6",0.441261945560828,-10.5567690123839,2.28236293405738
"SMARCC1",0.447356090876264,-10.6417867530277,2.27579602713367
"DHX30",0.451837992649614,-10.6809061595312,2.27468632872196
"MAP4",0.460534599664229,-10.7478199259682,2.27305768856878
"CAMP",0.090721269291354,-12.7921404110945,1.91917469956789
"ZNF589",0.232716917859322,-12.1484300758739,2.16966635603658
"NME6",0.462870431052782,-11.0019253394221,2.2702821516156
"CCDC51",0.258748343647862,-11.6601487887884,2.18272220633917
"TMA7",1.32022833242242,-8.15263301880438,2.52374872236537
"ATRIP",0.224065621849842,-11.9347801167679,2.1716016566889
"TREX1",0.690187880757875,-10.0108391688615,2.3909100272845
"SHISA5",1.01305218574072,-9.62037725671377,2.47394323269605
"PFKFB4",0.223506913503804,-11.9791550530398,2.17392053640435
"UQCRC1",0.90410662701656,-9.81646165591404,2.46476914255974
"SLC26A6",0.223506913503804,-11.9791550530398,2.17392053640435
"NCKIPSD",0.203504806423496,-12.4912497389434,2.07892517954733
"IP6K2",0.58213680915545,-10.1577767062031,2.3170258322379
"PRKAR2A",0.452954145724957,-10.6898281384931,2.27446232814444
"SLC25A20",0.45049931863238,-11.0488345395743,2.25843021261986
"ARIH2OS",0.445780429790534,-11.0562410102116,2.25104661376168
"ARIH2",0.441205537973821,-10.5421008163174,2.2856148565988
"P4HTM",0.471088405921536,-10.8878729320305,2.27203670532309
"WDR6",0.455595410503959,-10.7102254558365,2.27395353967963
"DALRD3",0.442932202350475,-10.5225901563596,2.29400673213415
"NDUFAF3",0.992255449668925,-9.67241630113872,2.47695056221574
"IMPDH2",0.807102360017139,-9.87858980827214,2.43612323247965
"QRICH1",0.470556125667525,-10.8593455965825,2.27188268166667
"QARS",0.684919383710347,-10.0106661531102,2.38744190433937
"USP19",0.331890559235657,-11.4436833369937,2.20677952007671
"CCDC71",0.401299674451208,-11.1679179393041,2.20127607943342
"KLHDC8B",0.241695900609293,-12.5467848054605,2.16624256450464
"C3orf62",0.249029583942693,-11.6898006335492,2.17635571763485
"USP4",0.44663321542813,-10.6347118592001,2.27604282236088
"GPX1",1.55483987950044,-8.98221317750139,2.63945785335531
"RHOA",1.59866080404999,-8.74826423519031,2.6090857031009
"TCTA",0.455622791177009,-11.035161282022,2.26465513774488
"AMT",0.203504806423496,-12.4912497389434,2.07892517954733
"NICN1",0.262041219518392,-11.6511250774237,2.18475398016833
"DAG1",0.224820970152689,-12.0670005958397,2.17690569188224
"APEH",0.457339186975208,-10.5050182683626,2.31941521288078
"MST1",0.108196131760806,-13.0200960649104,2.02232033555741
"RNF123",0.243431321069781,-11.7117139674051,2.17278568107151
"GMPPB",0.174120422480146,-12.6247712823772,2.05817582041029
"IP6K1",0.470681407897464,-10.9156277515682,2.27222890948923
"FAM212A",0.225356398442332,-11.889706575033,2.1694817817392
"UBA7",0.444965716130129,-10.6170361649767,2.276766879285
"MON1A",0.225242173550997,-11.8928066779572,2.16961132666487
"RBM6",0.466751167032312,-10.4976278076956,2.32800459318619
"RBM5",0.473017370728886,-10.4909036979906,2.33198500952826
"GNAI2",1.04718886144333,-9.54823348215156,2.47199742707339
"U73166.2",0.090721269291354,-12.7921404110945,1.91917469956789
"IFRD2",0.449632565541075,-10.662465585478,2.2751725014506
"HYAL3",0.21944115833592,-12.5179220526473,2.11688791980076
"NAT6",0.391542381200609,-11.2148170147019,2.20269764738519
"HYAL2",0.226965555352143,-11.8539915358263,2.1682399487526
"TUSC2",0.554339075496849,-10.2826308784712,2.32817021260552
"RASSF1",0.592773055340539,-10.0968867872041,2.31414371702487
"ZMYND10",0.124744812975913,-12.9345239920951,2.0430897230423
"NPRL2",0.441632351113488,-10.5325011321176,2.28883390639783
"CYB561D2",0.644302136425483,-10.0000836324687,2.3566668620061
"TMEM115",0.445907242886321,-11.0560946168345,2.25126355553387
"CACNA2D2",0.124744812975913,-12.9345239920951,2.0430897230423
"XXcos-LUCA11.4",0.366057967804558,-11.3287833212256,2.20834701635366
"C3orf18",0.174120422480146,-12.6247712823772,2.05817582041029
"HEMK1",0.356696002664731,-11.3642402258732,2.20917983915079
"CISH",0.561881580161065,-10.2526215443792,2.32523576683099
"MAPKAPK3",0.675671836685923,-10.0094382033005,2.38112031197965
"RP11-804H8.6",0.189222923805307,-12.520920249976,2.05838802962435
"DOCK3",0.108196131760806,-13.0200960649104,2.02232033555741
"MANF",0.716952593223961,-10.0035578853557,2.40724125685794
"RBM15B",0.444219591306214,-11.0578495020023,2.24829091578599
"VPRBP",0.264423314147689,-11.6446953514024,2.18614617169067
"RAD54L2",0.339105839734121,-11.4220917610365,2.20805934831243
"TEX264",0.815638089886443,-9.86908059503993,2.437862414508
"RRP9",0.46837187758729,-10.9561497736816,2.27217399438718
"PARP3",0.229216757627761,-11.8185740413693,2.16758308707388
"PCBP4",0.249029583942693,-11.6898006335492,2.17635571763485
"ABHD14B",0.809847594795091,-9.8754070623472,2.4366711286162
"ABHD14A",0.591507746704882,-10.1045076753743,2.31431773746874
"ACY1",0.189222923805307,-12.520920249976,2.05838802962435
"RPL29",5.04561620940558,-4.85150342306625,2.09941464993623
"DUSP7",0.248182685417313,-11.6927940738112,2.17580024179626
"POC1A",0.252848887651615,-12.4667426727497,2.17603331892423
"ALAS1",0.426126782327076,-11.0753467526915,2.21507321696338
"TWF2",0.892122355404552,-9.8220055277984,2.46037215149866
"RP5-1157M23.2",0.090721269291354,-12.7921404110945,1.91917469956789
"PPM1M",0.483969344205203,-10.4754144166881,2.33654167751565
"WDR82",0.547753813733807,-10.3070870747095,2.33055355551692
"GLYCTK",0.338394294207393,-11.4242544396246,2.2079498291315
"DNAH1",0.23078253123122,-12.1364778837008,2.17188129372768
"BAP1",0.421222617755518,-11.08739230309,2.2091223616577
"PHF7",0.248182685417313,-11.6927940738112,2.17580024179626
"NISCH",0.471079982325751,-10.8938472025987,2.27208079657433
"STAB1",0.23386501965221,-11.7696233733186,2.16814921311575
"NT5DC2",0.090721269291354,-12.7921404110945,1.91917469956789
"SMIM4",0.447173934745778,-11.054492823434,2.25338482150854
"PBRM1",0.455459565000666,-10.7091915776667,2.27397888525315
"GNL3",0.563269902362111,-10.246834225248,2.32467560856385
"GLT8D1",0.441491371783964,-10.5644528553363,2.28113761513146
"SPCS1",1.31421728828009,-9.26186721917347,2.56911620823272
"NEK4",0.223695027974275,-12.0241158264402,2.17597860349096
"TMEM110",0.253776510344264,-12.4304809561986,2.17385166909698
"SFMBT1",0.351171286008345,-11.3834909426269,2.20918834958548
"RFT1",0.418530573039128,-11.0957236004947,2.20667291091027
"PRKCD",0.441731999332897,-10.5312646571237,2.28934977322094
"TKT",1.4368276537155,-9.16109708421497,2.57215527640339
"DCP1A",0.442071984937598,-10.5771865341491,2.27957823162723
"ACTR8",0.383089885247152,-11.2548981870833,2.20473571080868
"SELK",1.10900813617549,-9.51621383916552,2.52915581558179
"CACNA2D3",0.345669224655264,-11.401591897882,2.20885602943548
"CCDC66",0.452578542046066,-10.6868393027488,2.27453626673376
"FAM208A",0.360929126623443,-11.348664862052,2.2089234439008
"ARHGEF3",0.462183432332006,-10.50156960492,2.32428988292812
"HESX1",0.124744812975913,-12.9345239920951,2.0430897230423
"APPL1",0.443460092074118,-10.5203885560552,2.29563246760906
"PDE12",0.40274415492585,-11.1611121498551,2.20123994370316
"ARF4",0.741964621010047,-9.97881820906126,2.41987210159218
"RP11-755B10.4",0.250066880072025,-12.508963921607,2.17627790166079
"DENND6A",0.284210373767362,-11.5887530195495,2.19500978861293
"SLMAP",0.46562981113536,-10.9826369442503,2.27149430380875
"FLNB",0.298947621855813,-11.5430506211532,2.19913559051376
"DNASE1L3",0.251702481372405,-12.4889353349147,2.17665160612745
"ABHD6",0.225242173550997,-11.8928066779572,2.16961132666487
"RPP14",0.436893202563595,-11.0626333829986,2.23408600567037
"PXK",0.466732458491485,-10.8019155856479,2.2720966082752
"PDHB",0.756652788773802,-9.95596538134861,2.42522994204363
"RP11-802O23.3",0.090721269291354,-12.7921404110945,1.91917469956789
"KCTD6",0.412232615927374,-11.1190928018689,2.20292933682233
"ACOX2",0.117913150105663,-12.9954662061038,2.04171346236043
"FAM3D",0.101084877533373,-12.9582856770516,1.98697941273538
"FHIT",0.58339117725457,-10.1510217543544,2.31656806513679
"C3orf14",0.22375500450459,-11.9529837127783,2.17254604697426
"THOC7",0.81328609198192,-9.87158542744058,2.43737163439122
"ATXN7",0.469682250855151,-10.8403911395676,2.27185403641855
"PSMD6-AS2",0.189222923805307,-12.520920249976,2.05838802962435
"PSMD6",0.733935287175224,-9.98896712248692,2.41623192316653
"RP11-245J9.4",0.090721269291354,-12.7921404110945,1.91917469956789
"SLC25A26",0.464305852430334,-10.4998340063909,2.32611099112286
"LRIG1",0.27374702762166,-11.6192263026565,2.19093972565155
"KBTBD8",0.235831001374619,-12.1654885580238,2.16626798040572
"SUCLG2",0.705486683883208,-10.0085935734063,2.40050107132643
"FAM19A1",0.174120422480146,-12.6247712823772,2.05817582041029
"EOGT",0.231651184619857,-12.1420498232607,2.17088222604676
"TMF1",0.461165934444582,-10.7527605308829,2.27294829357925
"UBA3",0.580314001054374,-10.1673927264015,2.31771796211307
"ARL6IP5",1.47721190349438,-9.10884509448125,2.59809220532496
"LMOD3",0.203504806423496,-12.4912497389434,2.07892517954733
"FRMD4B",0.239821284006671,-11.7294544893823,2.1707043800697
"MITF",0.158147028664132,-12.743367074885,2.06256469798137
"FOXP1",0.829605802971259,-9.85595022395856,2.4410016627339
"RP11-154H23.3",0.108196131760806,-13.0200960649104,2.02232033555741
"EIF4E3",0.438359458117575,-11.0618177554228,2.23700850805954
"GPR27",0.090721269291354,-12.7921404110945,1.91917469956789
"PROK2",0.141473787659634,-12.8191386499719,2.05126746596957
"LINC00877",0.471038997876278,-10.8988520314179,2.27211622326571
"RYBP",0.391542381200609,-11.2148170147019,2.20269764738519
"SHQ1",0.226183628844696,-11.8696976462039,2.16872789246404
"PPP4R2",0.448122275807434,-10.6489920441202,2.27556611725723
"EBLN2",0.267827718943378,-11.6355057427823,2.18802368561981
"ZNF717",0.141473787659634,-12.8191386499719,2.05126746596957
"GBE1",0.31443513214356,-11.49527297383,2.2028296155004
"CHMP2B",0.627445318696244,-9.99695698695225,2.34071862878456
"CGGBP1",0.701382408663343,-10.0096504465995,2.39799344076879
"RP11-159G9.5",0.108196131760806,-13.0200960649104,2.02232033555741
"ZNF654",0.250066880072025,-12.508963921607,2.17627790166079
"C3orf38",0.444738934245435,-10.6144397890888,2.27689085997177
"ARL13B",0.279756854451389,-11.6020065129566,2.1934278299972
"DHFRL1",0.247088309743925,-12.5303994035623,2.17384969389464
"NSUN3",0.239121755146729,-11.7333567076361,2.17034018854576
"ARL6",0.174120422480146,-12.6247712823772,2.05817582041029
"CRYBG3",0.0626198768584415,-21.9352678913184,4.45162447249689
"MINA",0.471055523349826,-10.8819255240326,2.27199661036438
"CLDND1",0.578685344128546,-10.1757651369418,2.31835520500503
"CPOX",0.301451509050628,-11.5352080262113,2.19974483512168
"ST3GAL6",0.250273336557541,-12.2871527362687,2.16237099282398
"DCBLD2",0.090721269291354,-12.7921404110945,1.91917469956789
"CMSS1",0.45422934719306,-10.5069707204777,2.31564543693308
"TBC1D23",0.380470518690739,-11.266954524078,2.20539002901601
"NIT2",0.523147497105368,-10.3863930040932,2.3373233269345
"TOMM70A",0.352503218725648,-11.3789580565459,2.20921908789345
"TFG",0.501395490261232,-10.4417884957006,2.33923932714273
"SENP7",0.410508970363257,-11.1262600224375,2.20232349699316
"TRMT10C",0.455790451236188,-10.5059922403885,2.31760424937495
"PCNP",1.08721138581875,-9.49389771371651,2.48286192434034
"ZBTB11",0.340067388229639,-11.4191531240828,2.20820029460304
"ZBTB11-AS1",0.225618966400741,-12.0834241998706,2.17670796339033
"RPL24",3.22145916422376,-5.96410893866137,2.24869247676086
"CEP97",0.238267439470462,-12.1788669084481,2.16398271757428
"NXPE3",0.435845304393994,-11.0632789560144,2.23201418300736
"NFKBIZ",0.747026788939139,-9.97144822736302,2.42190922188142
"RP11-221J22.2",0.124744812975913,-12.9345239920951,2.0430897230423
"ALCAM",0.241695900609293,-12.5467848054605,2.16624256450464
"CBLB",0.470352481117701,-10.9244920150266,2.27226785827944
"BBX",0.742515805057749,-9.97805242320829,2.4201053685399
"CD47",1.07138769311169,-9.51045677689688,2.4757641047196
"RP11-861A13.4",0.368144687795282,-11.3203729192437,2.20802777652338
"IFT57",0.57559179009582,-10.1911577170392,2.31960043044642
"KIAA1524",0.203504806423496,-12.4912497389434,2.07892517954733
"DZIP3",0.309940402152195,-11.5089209858606,2.20176716673798
"TRAT1",0.873317820611319,-9.82979909405081,2.45370864526562
"PVRL3",0.101084877533373,-12.9582856770516,1.98697941273538
"CD96",0.66863113970529,-10.0078666592887,2.37608364029906
"ABHD10",0.433254182495701,-11.0652411245051,2.22700203959687
"GCSAM",0.470319484765596,-10.9252615355967,2.27227195692879
"CD200",0.31342617184787,-11.4983190089717,2.20259098932825
"BTLA",0.399206633592182,-11.1778740585519,2.20142359739029
"ATG3",0.993851320251705,-9.66829765509692,2.47671734477402
"SLC35A5",0.363949299317625,-11.3370969602392,2.20861637561393
"CD200R1",0.353423375039231,-11.3757870770628,2.2092263265141
"GTPBP8",0.469399475625454,-10.8356440382054,2.27186269280174
"C3orf17",0.469454699415162,-10.9414279771426,2.27228063782946
"SPICE1",0.239121755146729,-11.7333567076361,2.17034018854576
"SIDT1",0.422599320706511,-11.0835925361052,2.210594906622
"SIDT1-AS1",0.47104870725766,-10.8811625597915,2.27199142087098
"KIAA2018",0.262041219518392,-11.6511250774237,2.18475398016833
"NAA50",0.443532563446729,-10.5201244038103,2.29584413654402
"ATP6V1A",0.373867454117424,-11.2963183263534,2.20693923232776
"ZDHHC23",0.108196131760806,-13.0200960649104,2.02232033555741
"KIAA1407",0.259698035201824,-11.6575219173265,2.18331637770344
"QTRTD1",0.267827718943378,-11.6355057427823,2.18802368561981
"RP11-553L6.2",0.253776510344264,-12.4304809561986,2.17385166909698
"ZNF80",0.141473787659634,-12.8191386499719,2.05126746596957
"TIGIT",0.553964033018262,-10.2840655564559,2.32831108455856
"RP11-553L6.5",0.238267439470462,-12.1788669084481,2.16398271757428
"ZBTB20",0.453197192526646,-10.6917421105743,2.27441495642061
"ZBTB20-AS1",0.090721269291354,-12.7921404110945,1.91917469956789
"B4GALT4",0.440945897485895,-11.0603346951204,2.24211820685609
"ARHGAP31",0.223695027974275,-12.0241158264402,2.17597860349096
"TMEM39A",0.303949947574791,-11.5274100049873,2.20034205527944
"POGLUT1",0.37857325423284,-11.2755623803673,2.20585812355457
"RP11-190C22.8",0.124744812975913,-12.9345239920951,2.0430897230423
"TIMMDC1",0.600957648833406,-10.0489739746313,2.31533381605784
"RP11-190C22.9",0.090721269291354,-12.7921404110945,1.91917469956789
"ADPRH",0.224065621849842,-11.9347801167679,2.1716016566889
"POPDC2",0.158147028664132,-12.743367074885,2.06256469798137
"COX17",0.936140630986111,-9.79076567077712,2.47536818388486
"GSK3B",0.463008248319403,-11.0010795224206,2.27035424340138
"LRRC58",0.448559247750488,-11.0523924368995,2.25557852176882
"FSTL1",0.124744812975913,-12.9345239920951,2.0430897230423
"NDUFB4",1.08859273402944,-9.49288691698857,2.48378265041795
"HGD",0.151289836493976,-12.7783680320405,2.05965516873174
"RABL3",0.256458208315558,-11.6666219050736,2.18126431842578
"GTF2E1",0.28226465445891,-11.5946080769549,2.19434563052973
"HCLS1",1.28483999363275,-9.29448655022045,2.57188341620625
"GOLGB1",0.395475044594798,-11.1958381738975,2.20192792670038
"IQCB1",0.42576098429317,-11.0761029999866,2.21456408232124
"EAF2",0.609117995717922,-10.0158870516728,2.32143458918668
"SLC15A2",0.090721269291354,-12.7921404110945,1.91917469956789
"CD86",0.445376270819832,-10.515318189218,2.30056135872194
"CSTA",0.451359034384496,-10.6770029902319,2.27478813204627
"CCDC58",0.226965555352143,-11.8539915358263,2.1682399487526
"FAM162A",0.727946990055076,-9.9951748599657,2.41323037544264
"WDR5B",0.23078253123122,-12.1364778837008,2.17188129372768
"RP11-299J3.8",0.241904545563597,-12.2014659440717,2.16146712228198
"KPNA1",0.465366835548073,-10.7883964773752,2.27227619332748
"PARP9",0.507030974818333,-10.4287894417379,2.33921674283586
"DTX3L",0.470521253694012,-10.9202711967342,2.27225176355077
"PARP15",0.450217692207375,-11.0494011192308,2.25803510715799
"PARP14",0.549208273333826,-10.3018166958922,2.33004338116502
"HSPBAP1",0.452815285820077,-11.0434699635991,2.26147898883768
"DIRC2",0.223483964358326,-11.9978879830348,2.17485616472569
"RP11-67L2.2",0.174120422480146,-12.6247712823772,2.05817582041029
"PDIA5",0.253657432497421,-12.3755230244616,2.1693722917142
"SEC22A",0.243431321069781,-11.7117139674051,2.17278568107151
"PTPLB",0.413897455375829,-11.1124427710348,2.20367288133126
"MYLK-AS1",0.189222923805307,-12.520920249976,2.05838802962435
"MYLK",0.117913150105663,-12.9954662061038,2.04171346236043
"CCDC14",0.427867446793118,-11.0720831208783,2.21765595472018
"KALRN",0.124744812975913,-12.9345239920951,2.0430897230423
"UMPS",0.437326993464604,-11.0623805503055,2.23495169521019
"HEG1",0.339105839734121,-11.4220917610365,2.20805934831243
"ZNF148",0.443461541670427,-10.5986276456646,2.27778984777137
"SNX4",0.465277697773284,-10.7875618737204,2.27228848413651
"OSBPL11",0.3424062520656,-11.4119124168537,2.20850656884158
"ALG1L",0.141473787659634,-12.8191386499719,2.05126746596957
"SLC41A3",0.448559247750488,-11.0523924368995,2.25557852176882
"ZXDC",0.294380013409298,-11.5573781680938,2.19798584160143
"CHST13",0.23078253123122,-12.1364778837008,2.17188129372768
"TXNRD3",0.101084877533373,-12.9582856770516,1.98697941273538
"CHCHD6",0.243431321069781,-11.7117139674051,2.17278568107151
"PLXNA1",0.090721269291354,-12.7921404110945,1.91917469956789
"TPRA1",0.426126782327076,-11.0753467526915,2.21507321696338
"MCM2",0.23078253123122,-12.1364778837008,2.17188129372768
"PODXL2",0.230060037367206,-12.131467514195,2.17270134224941
"ABTB1",0.607774059164706,-10.0198737517825,2.32016574480842
"MGLL",0.362689393589097,-11.3419692774095,2.20875757090512
"SEC61A1",0.4898799840011,-10.4651869809716,2.33799363748683
"RUVBL1",0.538751454903232,-10.3382316071953,2.33347307210599
"EEFSEC",0.464472995037701,-10.9913766677462,2.27104822401667
"RPN1",0.659869925083454,-10.0053169807391,2.36949150301167
"RAB7A",1.10894068535415,-9.56486413539876,2.57569773079107
"ACAD9",0.330031274206338,-11.4491777419876,2.20640509817246
"GP9",0.232722701247033,-11.779694600467,2.16785723987137
"ISY1",0.552269894188754,-10.290477720442,2.3289390426304
"CNBP",1.25975439506023,-8.10498740174824,2.53133061559153
"COPG1",0.457282581591027,-10.7230089897772,2.27364031108761
"HMCES",0.445958750631757,-10.5142950041075,2.30186489894288
"H1FX",0.85567100144545,-9.83826347680141,2.44805337890199
"MBD4",0.596249293821091,-10.0758699360807,2.31408457340088
"IFT122",0.141473787659634,-12.8191386499719,2.05126746596957
"PLXND1",0.312415811570225,-11.5013771452248,2.20235150349299
"TMCC1",0.23078253123122,-12.1364778837008,2.17188129372768
"PIK3R4",0.230775156673327,-11.7994739811921,2.16756261210683
"ATP2C1",0.350243796832789,-11.386611316548,2.2091560063327
"ASTE1",0.347966476636038,-11.3941523124697,2.20903480623776
"NEK11",0.16759266301054,-12.6777798123276,2.06112349582788
"NUDT16",0.555073344657444,-10.2798106106137,2.3278937776808
"MRPL3",0.649907269493686,-10.0019655030065,2.36146574866904
"ACPP",0.211561276790128,-12.5005332691513,2.09729795390912
"DNAJC13",0.339105839734121,-11.4220917610365,2.20805934831243
"NPHP3",0.382130038513004,-11.2593401122925,2.20497840721719
"UBA5",0.461399999798722,-10.7546190202145,2.27290856344418
"BFSP2",0.090721269291354,-12.7921404110945,1.91917469956789
"CDV3",0.611565093394311,-10.0099969724653,2.32389555195165
"TOPBP1",0.228616423114379,-11.8269160569712,2.16766920223184
"SRPRB",0.458179806845072,-10.7297895238442,2.2734767097074
"RAB6B",0.090721269291354,-12.7921404110945,1.91917469956789
"RYK",0.239821284006671,-11.7294544893823,2.1707043800697
"ANAPC13",0.6139390107142,-10.0056934118862,2.3263886437004
"CEP63",0.463104616163342,-10.7684436265857,2.27262105956783
"MSL2",0.452815285820077,-11.0434699635991,2.26147898883768
"PCCB",0.407422221264717,-11.1396657475591,2.20159670875146
"STAG1",0.44479385938757,-11.0572985931918,2.2493214171772
"SLC35G2",0.124744812975913,-12.9345239920951,2.0430897230423
"RP11-85F14.5",0.251141901207489,-11.6827217186918,2.17775498330012
"NCK1",0.596648788476479,-10.0734885912946,2.31412790501174
"DBR1",0.360929126623443,-11.348664862052,2.2089234439008
"ARMC8",0.447050815178701,-10.6388347163614,2.27589663177318
"MRAS",0.225618966400741,-12.0834241998706,2.17670796339033
"CEP70",0.224820970152689,-12.0670005958397,2.17690569188224
"FAIM",0.380470518690739,-11.266954524078,2.20539002901601
"PIK3CB",0.251141901207489,-11.6827217186918,2.17775498330012
"MRPS22",0.473096622015288,-10.4908076391363,2.33202794493865
"COPB2",0.44409037424552,-10.5183252122115,2.29738544867542
"RP11-319G6.1",0.189222923805307,-12.520920249976,2.05838802962435
"NMNAT3",0.252669045295664,-12.3369290773934,2.16608382286099
"SLC25A36",0.470352481117701,-10.9244920150266,2.27226785827944
"ACPL2",0.224820970152689,-12.0670005958397,2.17690569188224
"ZBTB38",0.435093998916501,-11.0637800400456,2.2305398914053
"RASA2",0.467901842741246,-10.815018135868,2.2719684111364
"RNF7",1.06850664571682,-9.51426082433376,2.47496744770967
"ATP1B3",0.860376140810772,-9.83579111060993,2.44949295262851
"TFDP2",0.464709983424311,-10.782350860978,2.2723715084727
"RP11-485G4.2",0.223506913503804,-11.9791550530398,2.17392053640435
"GK5",0.197663683629374,-12.4947298912936,2.06814566555827
"XRN1",0.445907242886321,-11.0560946168345,2.25126355553387
"ATR",0.243431321069781,-11.7117139674051,2.17278568107151
"U2SURP",0.583902932071295,-10.1482308430292,2.31638840255274
"RP11-91G21.1",0.090721269291354,-12.7921404110945,1.91917469956789
"CHST2",0.467658290627455,-10.9641267466644,2.27204942176847
"SLC9A9",0.352503218725648,-11.3789580565459,2.20921908789345
"C3orf58",0.253309504187197,-11.6759268360451,2.17920616014382
"PLSCR1",0.758056935287785,-9.95360620329084,2.42566028352948
"GYG1",0.65729856113035,-10.0044784502398,2.36747656742642
"HLTF",0.301451509050628,-11.5352080262113,2.19974483512168
"HPS3",0.423548881942278,-11.0811483215147,2.21170221133003
"COMMD2",0.48013660372497,-10.4813555785158,2.33524586785634
"RNF13",0.627937729464501,-9.99692901589675,2.34121840251729
"PFN2",0.235301446437578,-11.7582718172183,2.16862943826843
"TSC22D2",0.356555152777628,-11.3647454858364,2.20918466236155
"SERP1",1.60713251130425,-8.82715168728883,2.62089562298954
"EIF2A",0.814014605769804,-9.87080195087752,2.43752285594435
"SELT",1.10871375623657,-9.53261791724544,2.54337896778804
"RP11-103G8.2",0.257390481680311,-11.6639522845591,2.1818596410426
"SIAH2",0.678426318874695,-10.0099150107681,2.38303798010018
"GPR171",0.441159092362366,-10.545592275614,2.28470188333727
"P2RY14",0.253776510344264,-12.4304809561986,2.17385166909698
"P2RY13",0.349832825779977,-11.3879848745824,2.20913834057439
"MBNL1",0.987084250898877,-9.68574288757385,2.47766531271201
"MBNL1-AS1",0.229652322568163,-11.8128955357699,2.16754706132433
"RAP2B",0.468397784884105,-10.8212181499753,2.27192300111475
"DHX36",0.544411717078785,-10.318945180031,2.33168763228082
"C3orf33",0.226183628844696,-11.8696976462039,2.16872789246404
"SLC33A1",0.42576098429317,-11.0761029999866,2.21456408232124
"GMPS",0.516667858719388,-10.4043221862188,2.33837284203765
"SSR3",0.908078376983244,-9.81434627101178,2.46621973116612
"TIPARP-AS1",0.223506913503804,-11.9791550530398,2.17392053640435
"TIPARP",0.443805074415447,-11.0582265927477,2.24753658013198
"LINC00886",0.195877526224658,-12.4980257143051,2.06543910186492
"LEKR1",0.141473787659634,-12.8191386499719,2.05126746596957
"LINC00880",0.090721269291354,-12.7921404110945,1.91917469956789
"CCNL1",1.0960920033534,-9.48946769431143,2.49028469216305
"PTX3",0.227092222552256,-12.5355364583155,2.13566503720302
"RSRC1",0.450750935072458,-10.6719780014593,2.27491939255416
"RP11-538P18.2",0.252669045295664,-12.3369290773934,2.16608382286099
"MLF1",0.250066880072025,-12.508963921607,2.17627790166079
"GFM1",0.467656805323684,-10.9641422478343,2.27204912278007
"LXN",0.381238232647967,-11.2634457055846,2.20519977492097
"MFSD1",0.458163478381469,-10.5044691696715,2.3203223377375
"IFT80",0.224820970152689,-12.0670005958397,2.17690569188224
"SMC4",0.441938330760803,-10.5291184974313,2.29031429788975
"TRIM59",0.124744812975913,-12.9345239920951,2.0430897230423
"KPNA4",0.468827847026835,-10.9504354417836,2.27223560509617
"PPM1L",0.235831001374619,-12.1654885580238,2.16626798040572
"NMD3",0.441848389275716,-10.5727944585465,2.28006467619654
"SPTSSB",0.249409917417656,-12.274155028267,2.1616259667294
"PDCD10",0.609851420685606,-10.0139410656529,2.32215439957486
"SERPINI1",0.235301446437578,-11.7582718172183,2.16862943826843
"GOLIM4",0.174120422480146,-12.6247712823772,2.05817582041029
"MYNN",0.405784564075255,-11.1470431723959,2.20138044675578
"LRRC34",0.108196131760806,-13.0200960649104,2.02232033555741
"SEC62",0.992889442598806,-9.6707666558903,2.47685578565596
"GPR160",0.249029583942693,-11.6898006335492,2.17635571763485
"PHC3",0.452632076065351,-10.507983473755,2.31347465282965
"PRKCI",0.224554648387167,-12.0600007742538,2.17687390222265
"SKIL",0.38490862710076,-11.2464107177746,2.20427787268896
"RPL22L1",0.945490992957098,-9.7777720367987,2.47747195191459
"EIF5A2",0.258748343647862,-11.6601487887884,2.18272220633917
"TNIK",0.466263169003828,-10.9773517722709,2.27169792749473
"PP13439",0.090721269291354,-12.7921404110945,1.91917469956789
"FNDC3B",0.339105839734121,-11.4220917610365,2.20805934831243
"TNFSF10",1.04083157638595,-9.5601349223719,2.47187187030428
"NCEH1",0.217168357845664,-12.5125542968357,2.11121018860736
"TBL1XR1",0.46267209482466,-10.7648546368452,2.27269217904762
"ZMAT3",0.427003874317524,-11.0736383029078,2.21634928193124
"PIK3CA",0.243431321069781,-11.7117139674051,2.17278568107151
"KCNMB3",0.211561276790128,-12.5005332691513,2.09729795390912
"ZNF639",0.459670055213797,-11.0190529207968,2.26823918660078
"MFN1",0.243431321069781,-11.7117139674051,2.17278568107151
"RP11-145M9.4",0.211561276790128,-12.5005332691513,2.09729795390912
"GNB4",0.237474031983325,-11.7432841815218,2.1695380237315
"ACTL6A",0.458951188738825,-10.7356463828215,2.2733384037379
"MRPL47",0.572399437562603,-10.2063796251005,2.3209099118148
"NDUFB5",0.98445953842826,-9.69248736485713,2.47799890904017
"USP13",0.241695900609293,-12.5467848054605,2.16624256450464
"TTC14",0.557259532917974,-10.2712912143395,2.32705985327727
"FXR1",0.623877231351222,-9.99757973359344,2.33703287599115
"DNAJC19",0.761013071921244,-9.9485739767218,2.42651365187486
"ATP11B",0.456008661339454,-11.0338531524977,2.26504572955277
"DCUN1D1",0.417706406105695,-11.0984921151618,2.20603198222978
"MCCC1",0.382334356441131,-11.2583961991317,2.20492687364879
"LAMP3",0.253903838479869,-12.4147871760794,2.17266699110733
"MCF2L2",0.108196131760806,-13.0200960649104,2.02232033555741
"B3GNT5",0.141473787659634,-12.8191386499719,2.05126746596957
"KLHL6",0.392685114494146,-11.2093084210418,2.20245414975608
"KLHL24",0.461563327110717,-10.7559089758286,2.27287963747379
"YEATS2",0.25202033054173,-11.6799364473648,2.17835566134709
"MAP6D1",0.158147028664132,-12.743367074885,2.06256469798137
"PARL",0.703120678949626,-10.0092441693122,2.39905827776104
"ABCC5",0.262041219518392,-11.6511250774237,2.18475398016833
"EIF2B5",0.443404796662936,-10.5978565990172,2.27784052749531
"DVL3",0.211561276790128,-12.5005332691513,2.09729795390912
"AP2M1",1.10789679247144,-9.55377647173844,2.56218908719055
"ABCF3",0.441816887308936,-11.0597700948226,2.24380086597125
"ALG3",0.534014282175514,-10.3536006776091,2.33481779369624
"ECE2",0.265406466391688,-11.6420470295071,2.1867035920894
"PSMD2",0.603557079233326,-10.0361526785863,2.31678835056569
"EIF4G1",0.46600167286103,-10.9795869391517,2.27161868716172
"FAM131A",0.203504806423496,-12.4912497389434,2.07892517954733
"POLR2H",0.589954935291841,-10.1137415722457,2.31461328148521
"MAGEF1",0.446772923984106,-10.5130940285685,2.30358082375698
"VPS8",0.417706406105695,-11.0984921151618,2.20603198222978
"MAP3K13",0.471038421696397,-10.8801924954492,2.27198321165804
"TMEM41A",0.451461868861529,-11.0467502634396,2.25974143488206
"SENP2",0.292898552493258,-11.5620231623232,2.19758929715922
"IGF2BP2",0.158147028664132,-12.743367074885,2.06256469798137
"TRA2B",1.10746108241025,-9.50060326922976,2.51369900049123
"ETV5",0.250066880072025,-12.508963921607,2.17627790166079
"DGKG",0.090721269291354,-12.7921404110945,1.91917469956789
"TBCCD1",0.36307676210191,-11.34047880421,2.20871625135506
"DNAJB11",0.608146380759245,-10.0187123101459,2.32050927494892
"RP11-573D15.9",0.189222923805307,-12.520920249976,2.05838802962435
"EIF4A2",1.34921311306737,-8.18971982840155,2.52553125540195
"RFC4",0.446191838281835,-11.0557529710318,2.25175023697878
"ST6GAL1",0.481589502556497,-10.479167775955,2.33577231177669
"RPL39L",0.363949299317625,-11.3370969602392,2.20861637561393
"RTP4",0.443326829727088,-10.5968197376977,2.27791157764779
"BCL6",0.438656995374367,-11.0616560779418,2.23760088373403
"LPP-AS2",0.158147028664132,-12.743367074885,2.06256469798137
"LPP",0.471008256811995,-10.8777109729384,2.27196783532734
"AC022498.1",0.108196131760806,-13.0200960649104,2.02232033555741
"TPRG1-AS1",0.174120422480146,-12.6247712823772,2.05817582041029
"TPRG1",0.232716917859322,-12.1484300758739,2.16966635603658
"IL1RAP",0.247811002876367,-12.2536677256346,2.16074836170627
"CCDC50",0.446682797255165,-10.5132153758504,2.30339660497936
"MB21D2",0.141473787659634,-12.8191386499719,2.05126746596957
"OPA1",0.3970473175067,-11.1882492880877,2.20168409990758
"HES1",0.361328432867191,-11.3471548922664,2.20888813242713
"ATP13A3",0.224820970152689,-12.0670005958397,2.17690569188224
"TMEM44-AS1",0.223695027974275,-12.0241158264402,2.17597860349096
"LSG1",0.421222617755518,-11.08739230309,2.2091223616577
"FAM43A",0.368990430787037,-11.3169031375202,2.20788440781945
"XXYLT1",0.258748343647862,-11.6601487887884,2.18272220633917
"ACAP2",0.600744255805198,-10.0501023785197,2.31523818607946
"PPP1R2",1.10642409218981,-9.49698882395003,2.50933444451612
"AC069513.4",0.108196131760806,-13.0200960649104,2.02232033555741
"LINC00969",0.448195561037512,-10.6496689278262,2.27554550806558
"MUC20",0.090721269291354,-12.7921404110945,1.91917469956789
"TNK2",0.448150147023622,-11.0530496170843,2.25494573937143
"TNK2-AS1",0.090721269291354,-12.7921404110945,1.91917469956789
"TFRC",0.452538331969986,-11.0441732940492,2.26113552391318
"SLC51A",0.158147028664132,-12.743367074885,2.06256469798137
"PCYT1A",0.449376937569164,-11.0509974342892,2.25681593453957
"TCTEX1D2",0.438656995374367,-11.0616560779418,2.23760088373403
"UBXN7",0.396764397742597,-11.1896123302451,2.20172546820869
"UBXN7-AS1",0.189222923805307,-12.520920249976,2.05838802962435
"RNF168",0.461626197316322,-11.0091527522982,2.26956910827078
"WDR53",0.253309504187197,-11.6759268360451,2.17920616014382
"FBXO45",0.108196131760806,-13.0200960649104,2.02232033555741
"NRROS",0.456617829190184,-10.5054801149945,2.31858871501576
"PIGX",0.44117824003602,-10.5437054161218,2.28518152482345
"CEP19",0.291868987972595,-11.5652337563203,2.1973099932792
"PAK2",0.633655051745826,-9.99732756285158,2.34687576477336
"SENP5",0.300427718600343,-11.5384103559416,2.199496241444
"NCBP2",0.680958170432332,-10.0102719517172,2.38477309417366
"NCBP2-AS2",0.675124353674222,-10.0093314258168,2.38073574201034
"PIGZ",0.117913150105663,-12.9954662061038,2.04171346236043
"DLG1",0.462462992702798,-11.0043833175682,2.27006223214441
"BDH1",0.333403376990808,-11.4392096641121,2.20707488015413
"KIAA0226",0.468952876908715,-10.9487575343855,2.27224704910563
"FYTTD1",0.464419290336784,-10.4997375875867,2.32620386430272
"LRCH3",0.411015890030226,-11.1241298180287,2.2024862367745
"IQCG",0.223695027974275,-12.0241158264402,2.17597860349096
"RPL35A",4.9300306533169,-4.95224980462939,2.0934837937714
"ZNF595",0.377786134052374,-11.2791081096936,2.206051454787
"ZNF718",0.252669045295664,-12.3369290773934,2.16608382286099
"ZNF141",0.224065621849842,-11.9347801167679,2.1716016566889
"ZNF721",0.464784344548824,-10.7830187416078,2.27236047342638
"PIGG",0.404721923560707,-11.1519112943397,2.20129724393512
"PDE6B",0.320024800439306,-11.4785921450911,2.20415311654313
"RP11-1191J2.5",0.197663683629374,-12.4947298912936,2.06814566555827
"ATP5I",1.10902842392502,-9.52166144933692,2.53398134150997
"MYL5",0.355648341701213,-11.3679762538592,2.20920993508267
"MFSD7",0.232716917859322,-12.1484300758739,2.16966635603658
"PCGF3",0.344727029962021,-11.4046107988564,2.20876481991351
"RP11-440L14.1",0.141473787659634,-12.8191386499719,2.05126746596957
"CPLX1",0.144335962055549,-12.8071131072533,2.05393865606713
"GAK",0.446013804758255,-10.6284026144717,2.27628057968259
"TMEM175",0.461905932875632,-11.0075926007702,2.26973953022764
"DGKQ",0.250066880072025,-12.508963921607,2.17627790166079
"IDUA",0.230983945130703,-12.1378126716987,2.17165075691868
"FGFRL1",0.252848887651615,-12.4667426727497,2.17603331892423
"RNF212",0.141473787659634,-12.8191386499719,2.05126746596957
"SPON2",0.630717102535698,-9.99697229700996,2.34400575409158
"CTBP1",0.441171116104945,-10.5513664558583,2.28339537438304
"CTBP1-AS2",0.241587964993237,-11.7203125191351,2.17168265402027
"MAEA",0.536172366589371,-10.3466818709572,2.33422203784593
"UVSSA",0.248063606674305,-12.2567014115598,2.16085635613381
"CRIPAK",0.211561276790128,-12.5005332691513,2.09729795390912
"RP11-1398P2.1",0.471008256811995,-10.8777109729384,2.27196783532734
"FAM53A",0.124744812975913,-12.9345239920951,2.0430897230423
"SLBP",0.644486156364434,-10.0001445704223,2.35682762732372
"RP11-572O17.1",0.230189928028585,-12.5414312256707,2.14290754443097
"TMEM129",0.464962652157125,-10.987797172115,2.27124901174385
"TACC3",0.441300048049044,-10.538676189033,2.28662910456446
"LETM1",0.309940402152195,-11.5089209858606,2.20176716673798
"WHSC1",0.232518630657796,-11.7815991479491,2.16781318725399
"NELFA",0.470933745178307,-10.9058088823268,2.27216592473144
"C4orf48",0.817847110619709,-9.86680708689749,2.43833341088105
"POLN",0.090721269291354,-12.7921404110945,1.91917469956789
"HAUS3",0.459061954631743,-11.0218444344604,2.26777449365016
"MXD4",0.465816968603691,-10.9811168736422,2.2715581675054
"ZFYVE28",0.41013036493236,-11.1278560713743,2.20220928371783
"RNF4",0.441617733417945,-10.5676934925695,2.28069408669562
"FAM193A",0.23386501965221,-11.7696233733186,2.16814921311575
"TNIP2",0.500679952231245,-10.4433699869829,2.33921612330021
"SH3BP2",0.481089581303942,-10.4799304249622,2.33559672354693
"ADD1",0.598891226490626,-10.0603649734885,2.31457063318583
"MFSD10",0.597573754382567,-10.0680103943647,2.31426483373511
"NOP14-AS1",0.243431321069781,-11.7117139674051,2.17278568107151
"NOP14",0.258748343647862,-11.6601487887884,2.18272220633917
"GRK4",0.141473787659634,-12.8191386499719,2.05126746596957
"HTT",0.40326202114724,-11.1586754422497,2.2012434360644
"RGS12",0.226638644512834,-12.09882799307,2.1760808961638
"DOK7",0.158147028664132,-12.743367074885,2.06256469798137
"LRPAP1",0.868063043848379,-9.83212483736998,2.45195546335291
"TMEM128",0.441164828037685,-10.5506706441597,2.28354156567486
"LYAR",0.968431537299949,-9.73228706796577,2.47928572628242
"ZBTB49",0.23078253123122,-12.1364778837008,2.17188129372768
"NSG1",0.441985825029876,-10.5286850027456,2.29052031849689
"STX18",0.445075879307569,-10.6182818771682,2.27670941312887
"STX18-AS1",0.141473787659634,-12.8191386499719,2.05126746596957
"CYTL1",0.253779511092076,-12.3843396347291,2.17013215080412
"JAKMIP1",0.259698035201824,-11.6575219173265,2.18331637770344
"WFS1",0.108196131760806,-13.0200960649104,2.02232033555741
"MAN2B2",0.414579621266846,-11.1098167832024,2.20402627731241
"MRFAP1",1.0489957318539,-9.54498663863166,2.47208688634898
"RP11-539L10.3",0.232716917859322,-12.1484300758739,2.16966635603658
"AC093323.3",0.470816596931244,-10.9110008216115,2.27219775007654
"RP11-539L10.2",0.256458208315558,-11.6666219050736,2.18126431842578
"S100P",0.158147028664132,-12.743367074885,2.06256469798137
"MRFAP1L1",0.483641545817974,-10.475943659774,2.33644273542121
"BLOC1S4",0.815360154999516,-9.86937210528306,2.43780397099864
"KIAA0232",0.271279197396557,-11.6260880152739,2.1897771111063
"TBC1D14",0.460860255112778,-11.0132155967598,2.26908022765579
"RP11-367J11.2",0.124744812975913,-12.9345239920951,2.0430897230423
"CCDC96",0.108196131760806,-13.0200960649104,2.02232033555741
"TADA2B",0.249029583942693,-11.6898006335492,2.17635571763485
"GRPEL1",0.59242532764859,-10.0989955206439,2.31418579033776
"RP11-367J11.3",0.141473787659634,-12.8191386499719,2.05126746596957
"AFAP1",0.203504806423496,-12.4912497389434,2.07892517954733
"SH3TC1",0.344727029962021,-11.4046107988564,2.20876481991351
"ACOX3",0.224035905850509,-12.0423659378371,2.17656425261388
"TRMT44",0.217168357845664,-12.5125542968357,2.11121018860736
"SLC2A9",0.197663683629374,-12.4947298912936,2.06814566555827
"WDR1",1.09905600273901,-9.48937865935729,2.49386848183391
"ZNF518B",0.224065621849842,-11.9347801167679,2.1716016566889
"HS3ST1",0.174120422480146,-12.6247712823772,2.05817582041029
"RAB28",0.466520430061606,-10.9751095379629,2.27177373508839
"BOD1L1",0.428216570434736,-11.0714992812824,2.21820260460062
"CPEB2",0.228468715570751,-12.1186282691869,2.17441752459222
"FBXL5",0.599665666569587,-10.0559864364489,2.31481324402584
"FAM200B",0.608212683556726,-10.0185091659868,2.32057022389666
"BST1",0.547020909274864,-10.3097145435044,2.33080533311639
"CD38",0.467106928173973,-10.9696552632638,2.27192757882745
"FGFBP2",0.908645185640951,-9.81402655272932,2.46642540465538
"TAPT1",0.248063606674305,-12.2567014115598,2.16085635613381
"TAPT1-AS1",0.24453111945453,-12.2214289751843,2.16052314828958
"QDPR",0.549068393635059,-10.3023259723864,2.33009265986394
"LAP3",0.803139242080084,-9.88340932984362,2.43535030034429
"MED28",0.836659021149701,-9.85037925576068,2.4427538713453
"DCAF16",0.324219516860707,-11.4662383054687,2.20512556831078
"LCORL",0.234442395208157,-11.7649008657235,2.16832862362675
"PACRGL",0.207958832313227,-12.4948363334425,2.08872989060712
"DHX15",0.442078867879467,-10.5773093993985,2.2795652535386
"CCDC149",0.108196131760806,-13.0200960649104,2.02232033555741
"SEPSECS",0.224685844288479,-11.9098833485468,2.17037723291924
"PI4K2B",0.451864202715022,-11.0458244782134,2.26026986317438
"ZCCHC4",0.224685844288479,-11.9098833485468,2.17037723291924
"ANAPC4",0.451372267750762,-11.0469516945623,2.25962239464892
"SEL1L3",0.468770961141962,-10.9511746996857,2.27222961195586
"SMIM20",0.61378197699791,-10.005938286523,2.32622202672986
"RBPJ",0.581915635661479,-10.158953424415,2.31710782088376
"TBC1D19",0.316892564723818,-11.487899975682,2.20341573710902
"STIM2",0.459061954631743,-11.0218444344604,2.26777449365016
"ARAP2",0.444092279917588,-11.0579699829562,2.24806124624802
"DTHD1",0.203504806423496,-12.4912497389434,2.07892517954733
"RELL1",0.224897314176702,-12.5307592002766,2.13038747028561
"PGM2",0.443479162290694,-11.058506443011,2.24693545946936
"TBC1D1",0.480947784646831,-10.4801468012379,2.33554656706319
"RP11-617D20.1",0.189222923805307,-12.520920249976,2.05838802962435
"AC021860.1",0.174120422480146,-12.6247712823772,2.05817582041029
"KLF3",0.62380953277014,-9.99760020962045,2.33696203805324
"TLR10",0.396124470565307,-11.1927029108298,2.20181963945277
"TLR1",0.355648341701213,-11.3679762538592,2.20920993508267
"TLR6",0.217168357845664,-12.5125542968357,2.11121018860736
"FAM114A1",0.158147028664132,-12.743367074885,2.06256469798137
"TMEM156",0.456273708634664,-11.0329247965751,2.26530922533443
"KLHL5",0.352503218725648,-11.3789580565459,2.20921908789345
"WDR19",0.197663683629374,-12.4947298912936,2.06814566555827
"RFC1",0.441302731966352,-10.538602476571,2.28665242914344
"RPL9",5.04562566926545,-4.8515828801151,2.09939599604825
"LIAS",0.471029304843426,-10.8998280114411,2.27212449229524
"UGDH",0.3424062520656,-11.4119124168537,2.20850656884158
"SMIM14",0.623790512799785,-9.99760576298564,2.33694212930285
"UBE2K",0.500989812632688,-10.4426848967943,2.33922639842335
"PDS5A",0.446065443052937,-10.6289286413623,2.2762587373864
"N4BP2",0.229216757627761,-11.8185740413693,2.16758308707388
"RHOH",1.08368928492133,-9.49683911562361,2.48077743358439
"RBM47",0.27374702762166,-11.6192263026565,2.19093972565155
"APBB2",0.090721269291354,-12.7921404110945,1.91917469956789
"TMEM33",0.444219591306214,-11.0578495020023,2.24829091578599
"SLC30A9",0.404153181232032,-11.1545373369774,2.20126864703396
"ATP8A1",0.264423314147689,-11.6446953514024,2.18614617169067
"GUF1",0.23386501965221,-11.7696233733186,2.16814921311575
"GNPDA2",0.423108525334999,-11.0822684052108,2.21118580546383
"COMMD8",0.67767223158634,-10.0097912421648,2.38251594995545
"ATP10D",0.250154079628326,-11.6859704731468,2.17709922861073
"NFXL1",0.241904545563597,-12.2014659440717,2.16146712228198
"TXK",0.550869855984532,-10.2957028511128,2.32944941819482
"TEC",0.158147028664132,-12.743367074885,2.06256469798137
"SLAIN2",0.441816887308936,-11.0597700948226,2.24380086597125
"FRYL",0.451461868861529,-11.0467502634396,2.25974143488206
"OCIAD1",0.924180017108577,-9.80315100408456,2.47183474674332
"OCIAD2",1.01479526472902,-9.61624583876733,2.47372129754101
"DCUN1D4",0.224820970152689,-12.0670005958397,2.17690569188224
"SGCB",0.248063606674305,-12.2567014115598,2.16085635613381
"USP46",0.241904545563597,-12.2014659440717,2.16146712228198
"USP46-AS1",0.108196131760806,-13.0200960649104,2.02232033555741
"SCFD2",0.237474031983325,-11.7432841815218,2.1695380237315
"FIP1L1",0.561696494951744,-10.2533852110684,2.325309886116
"LNX1",0.174120422480146,-12.6247712823772,2.05817582041029
"CHIC2",0.506919851146463,-10.4290549114729,2.33922082513869
"SRD5A3",0.441154011296621,-10.5467036049341,2.284430068962
"TMEM165",0.767413290704553,-9.93760767683502,2.42818377029484
"CLOCK",0.241904545563597,-12.2014659440717,2.16146712228198
"EXOC1",0.447866536741136,-11.0534847721999,2.25449952205691
"CEP135",0.434473370897298,-11.0642321732457,2.22933455060039
"AASDH",0.404721923560707,-11.1519112943397,2.20129724393512
"PPAT",0.229216757627761,-11.8185740413693,2.16758308707388
"PAICS",0.451784292066833,-11.0460111040034,2.26016588166271
"SRP72",0.815272582824237,-9.8694640058537,2.43778559092447
"HOPX",0.902414988646297,-9.81731061233657,2.46414929203307
"SPINK2",0.224035905850509,-12.0423659378371,2.17656425261388
"REST",0.501395490261232,-10.4417884957006,2.33923932714273
"NOA1",0.463068706326419,-10.5008648582101,2.32507117439821
"POLR2B",0.459899534984952,-10.7429132200187,2.27316871668763
"IGFBP7",0.614150667084946,-10.0053702399037,2.32661532228254
"CENPC",0.461905932875632,-11.0075926007702,2.26973953022764
"STAP1",0.302475217228896,-11.5320111680238,2.19999069667813
"UBA6",0.470556125667525,-10.8593455965825,2.27188268166667
"UBA6-AS1",0.248182685417313,-11.6927940738112,2.17580024179626
"YTHDC1",0.45824406971681,-10.5044156407236,2.32040893604595
"UGT2B17",0.120707098411081,-12.9721198132448,2.04278316906583
"SULT1B1",0.174120422480146,-12.6247712823772,2.05817582041029
"IGJ",0.466680434216893,-10.8013722015719,2.27210277206691
"UTP3",0.452145600029409,-10.6833851350225,2.27462305141618
"RUFY3",0.241587964993237,-11.7203125191351,2.17168265402027
"GRSF1",0.68820602852981,-10.0108181986466,2.38961435315316
"MOB1B",0.241904545563597,-12.2014659440717,2.16146712228198
"DCK",0.90377955803242,-9.81662751900839,2.46464918829937
"COX18",0.256458208315558,-11.6666219050736,2.18126431842578
"ANKRD17",0.458185445605236,-11.0255965342884,2.2670599817995
"IL8",0.634528041396662,-9.99746983521988,2.3477116565451
"PF4",0.458734003443268,-11.0232790309714,2.26751243034082
"PPBP",0.441262010110711,-10.5567719187272,2.2823624206699
"CXCL3",0.212356408428568,-12.5020985598392,2.09926546660646
"CXCL2",0.39048080715864,-11.2199072150611,2.20293062453423
"MTHFD2L",0.358755284880245,-11.3567763940505,2.20908540634382
"EREG",0.35025285362374,-11.3865826221668,2.20915684574475
"AREG",0.228468715570751,-12.1186282691869,2.17441752459222
"RCHY1",0.460084013575896,-10.7443331063705,2.27313558103397
"THAP6",0.285804672065154,-11.5839316416338,2.19552882576664
"G3BP2",0.800445579519827,-9.88683553541456,2.43483506772947
"USO1",0.465599737957007,-10.7905959150144,2.27224300661219
"NAAA",0.914313853138826,-9.8105850449645,2.46846779108655
"SDAD1",0.454734328634932,-10.5066493174416,2.31629553061953
"CXCL10",0.252894755553163,-12.3437793837222,2.1666603119349
"NUP54",0.449436415421931,-10.6607520866455,2.27521997501924
"SCARB2",0.418574759026422,-11.0955678103737,2.20670878166951
"SEPT11",0.458670201633452,-11.023552034202,2.26746047988101
"CCNI",1.45055723411864,-8.36637772553997,2.5476727940773
"CCNG2",0.454629331530044,-10.7028710228249,2.27413831807052
"CNOT6L",0.448590951431755,-10.6532619503449,2.27543727014396
"MRPL1",0.443951925516042,-10.6049753140227,2.2773968116074
"RP11-109G23.3",0.243431321069781,-11.7117139674051,2.17278568107151
"BMP2K",0.225618966400741,-12.0834241998706,2.17670796339033
"PAQR3",0.250066880072025,-12.508963921607,2.17627790166079
"ANTXR2",0.460481296077389,-11.0151362283763,2.26882127401173
"PRDM8",0.158147028664132,-12.743367074885,2.06256469798137
"RASGEF1B",0.438656995374367,-11.0616560779418,2.23760088373403
"HNRNPD",0.644618729037374,-10.0001879453233,2.35694356320115
"RP11-127B20.3",0.28226465445891,-11.5946080769549,2.19434563052973
"HNRNPDL",1.57735430897071,-8.66856196284253,2.59644397502654
"ENOPH1",0.562486335992268,-10.2501097786909,2.32499222791367
"SCD5",0.124744812975913,-12.9345239920951,2.0430897230423
"SEC31A",0.462988995090833,-10.5009311695247,2.32500210180846
"THAP9-AS1",0.46079480176484,-10.5026214775906,2.3229996840023
"THAP9",0.141473787659634,-12.8191386499719,2.05126746596957
"LIN54",0.211561276790128,-12.5005332691513,2.09729795390912
"COPS4",0.566007629247562,-10.2351447291312,2.32355673107089
"PLAC8",1.47436887617621,-9.07075933039213,2.63453634363221
"COQ2",0.471083847691216,-10.8930607936149,2.27207441342697
"HPSE",0.270272096743267,-11.6288514890299,2.18928097708031
"HELQ",0.462687695900046,-11.0030379728966,2.27018466021815
"MRPS18C",0.657681654720616,-10.0046051361339,2.36777934824022
"FAM175A",0.441209254158924,-10.5541419639743,2.28284475991172
"AGPAT9",0.254213568718537,-11.6731934857396,2.17980150004989
"WDFY3",0.141473787659634,-12.8191386499719,2.05126746596957
"ARHGAP24",0.463907287054124,-10.9952939577132,2.27079580487841
"PTPN13",0.090721269291354,-12.7921404110945,1.91917469956789
"C4orf36",0.158147028664132,-12.743367074885,2.06256469798137
"AFF1",0.382334356441131,-11.2583961991317,2.20492687364879
"KLHL8",0.380470518690739,-11.266954524078,2.20539002901601
"HSD17B11",1.10510868424728,-9.4940694576389,2.50522704542396
"NUDT9",0.451461868861529,-11.0467502634396,2.25974143488206
"PKD2",0.124744812975913,-12.9345239920951,2.0430897230423
"PPM1K",0.682960224174742,-10.0105019261615,2.38613030265572
"HERC6",0.462462992702798,-11.0043833175682,2.27006223214441
"HERC5",0.464874316142192,-10.9884493648391,2.27121416217867
"PYURF",1.10705491696558,-9.4989705548855,2.51179904753451
"HERC3",0.458185445605236,-11.0255965342884,2.2670599817995
"NAP1L5",0.237474031983325,-11.7432841815218,2.1695380237315
"FAM13A-AS1",0.174120422480146,-12.6247712823772,2.05817582041029
"FAM13A",0.23725053172448,-12.1731849932404,2.16488675757854
"TIGD2",0.108196131760806,-13.0200960649104,2.02232033555741
"GPRIN3",0.373051709105387,-11.2998379831994,2.20711150239711
"SNCA",0.390547942851553,-11.2195909881759,2.2029167383211
"CCSER1",0.124744812975913,-12.9345239920951,2.0430897230423
"SMARCAD1",0.226965555352143,-11.8539915358263,2.1682399487526
"PDLIM5",0.456033118269232,-10.7135519336819,2.27387145634838
"RAP1GDS1",0.466943671905894,-10.804166138417,2.27207155188029
"TSPAN5",0.404471081465603,-11.1530680395283,2.20128322405954
"EIF4E",0.512175286740937,-10.4160651694725,2.33888165748551
"METAP1",0.461972621424254,-10.7591707417479,2.27280936683332
"ADH5",0.791600298930866,-9.89891001990228,2.43316696093487
"TRMT10A",0.224897314176702,-12.5307592002766,2.13038747028561
"DAPP1",0.456910761810318,-10.5052870516153,2.31892648987923
"LAMTOR3",0.465158919239992,-10.9863133439902,2.27132487993924
"DNAJB14",0.450162472585512,-10.6670233280236,2.27505034616677
"H2AFZ",1.46050082619397,-9.14314325801366,2.57763378275162
"PPP3CA",0.40274415492585,-11.1611121498551,2.20123994370316
"AP001816.1",0.226183628844696,-11.8696976462039,2.16872789246404
"BANK1",0.624553168993859,-9.99740509471515,2.33774003872821
"SLC39A8",0.470486088604529,-10.9212176522505,2.27225489182846
"AF213884.2",0.20586047443855,-12.4926257741773,2.08399135873834
"NFKB1",0.445648767857147,-10.5148270427033,2.30118177522697
"MANBA",0.451711250546432,-11.0461792467831,2.26007031144719
"UBE2D3",1.60257763407033,-8.87512198322443,2.62754736183808
"RP11-10L12.4",0.197663683629374,-12.4947298912936,2.06814566555827
"CISD2",0.550429417380307,-10.297330337031,2.32960769766113
"SLC9B1",0.189222923805307,-12.520920249976,2.05838802962435
"SLC9B2",0.225242173550997,-11.8928066779572,2.16961132666487
"BDH2",0.447173934745778,-11.054492823434,2.25338482150854
"CENPE",0.151289836493976,-12.7783680320405,2.05965516873174
"AC004069.2",0.090721269291354,-12.7921404110945,1.91917469956789
"TET2",0.412723173171574,-11.117110779204,2.20313156899108
"PPA2",0.595731816589666,-10.0789835530133,2.31404839441514
"INTS12",0.46757393192015,-10.8111707913014,2.27200104572413
"GSTCD",0.124744812975913,-12.9345239920951,2.0430897230423
"TBCK",0.288590462873358,-11.5754092024981,2.19638240501721
"AIMP1",0.613796023890709,-10.0059161124629,2.32623696811173
"PAPSS1",0.459449022213589,-10.7394503099513,2.27324752110826
"CYP2U1",0.250066880072025,-12.508963921607,2.17627790166079
"HADH",0.470983252232793,-10.8759941564151,2.27195773717067
"LEF1",0.85120674419228,-9.84075264101692,2.44672863475286
"RPL34",4.2701716766186,-5.27296426333126,2.12139648158643
"OSTC",0.908254331615463,-9.81424844202337,2.46628373035555
"SEC24B-AS1",0.203504806423496,-12.4912497389434,2.07892517954733
"SEC24B",0.460513131752885,-11.0149730421718,2.26884319915515
"CCDC109B",1.11723209558716,-9.56094740515838,2.58938851153297
"CASP6",0.466732458491485,-10.8019155856479,2.2720966082752
"PLA2G12A",0.450138546037054,-10.6668224152448,2.27505518497316
"GAR1",0.447668665961884,-10.6447670654976,2.27570014089163
"ELOVL6",0.158147028664132,-12.743367074885,2.06256469798137
"C4orf32",0.449530830069779,-11.0507162907346,2.25704368652988
"RP11-73K9.2",0.158147028664132,-12.743367074885,2.06256469798137
"AP1AR",0.241904545563597,-12.2014659440717,2.16146712228198
"TIFA",0.452309838371976,-10.684696680468,2.27458881547798
"ALPK1",0.253657432497421,-12.3755230244616,2.1693722917142
"LARP7",0.599651699106089,-10.0560640108007,2.31480842909042
"CAMK2D",0.446888890309239,-11.0548770528788,2.25291766010547
"UGT8",0.141473787659634,-12.8191386499719,2.05126746596957
"SNHG8",1.08158852563677,-9.49882104621018,2.47969835656335
"METTL14",0.291868987972595,-11.5652337563203,2.1973099932792
"SEC24D",0.232518630657796,-11.7815991479491,2.16781318725399
"USP53",0.243431321069781,-11.7117139674051,2.17278568107151
"C4orf3",1.19814964338403,-9.41724033011766,2.58551820816998
"MAD2L1",0.375842218537906,-11.2877179277956,2.20650351365506
"TNIP3",0.090721269291354,-12.7921404110945,1.91917469956789
"ANXA5",1.14200153780703,-9.5177540876032,2.59393973537626
"EXOSC9",0.46397493363932,-10.7758415750894,2.27248165807132
"CCNA2",0.253643569596,-12.4389171039249,2.17444331111211
"BBS7",0.259698035201824,-11.6575219173265,2.18331637770344
"KIAA1109",0.28226465445891,-11.5946080769549,2.19434563052973
"BBS12",0.124744812975913,-12.9345239920951,2.0430897230423
"NUDT6",0.247088309743925,-12.5303994035623,2.17384969389464
"SPATA5",0.229216757627761,-11.8185740413693,2.16758308707388
"SPRY1",0.233973705160349,-12.1554547310342,2.16825127524374
"PLK4",0.151289836493976,-12.7783680320405,2.05965516873174
"MFSD8",0.383089885247152,-11.2548981870833,2.20473571080868
"C4orf29",0.276234074996775,-11.6121930892694,2.19202297773267
"LARP1B",0.385644368635365,-11.2429541466967,2.20409298919515
"PGRMC2",0.454823201071078,-10.7043627280587,2.27410206384209
"JADE1",0.460534599664229,-10.7478199259682,2.27305768856878
"SCLT1",0.470971040728587,-10.8752360928173,2.2719535999494
"C4orf33",0.374057154329494,-11.2954984652189,2.20689828995907
"ELF2",0.441179825690769,-10.543594835236,2.28521077027809
"NDUFC1",0.709420714444543,-10.0072416070257,2.40285939964137
"NAA15",0.441956023614279,-10.5749737796155,2.27981790285366
"RP11-83A24.2",0.467632803846326,-10.8118442691144,2.27199511975503
"RAB33B",0.355648341701213,-11.3679762538592,2.20920993508267
"SETD7",0.229216757627761,-11.8185740413693,2.16758308707388
"MGST2",0.469588526401812,-10.9392824264907,2.27228513506343
"MAML3",0.225242173550997,-11.8928066779572,2.16961132666487
"SCOC",0.546227459874699,-10.3125464050182,2.33107741077547
"RP11-425I13.3",0.203504806423496,-12.4912497389434,2.07892517954733
"ELMOD2",0.23386501965221,-11.7696233733186,2.16814921311575
"TBC1D9",0.22712266150858,-12.104790066756,2.17568849682712
"RP11-102N12.3",0.224685844288479,-11.9098833485468,2.17037723291924
"ZNF330",0.443062002448281,-10.5219980685657,2.29442284722597
"RP11-362F19.1",0.449938525356465,-11.0499453478964,2.25763758669933
"IL15",0.43357101091938,-11.0649685190225,2.22760162184235
"INPP4B",0.46986567530547,-10.4944905951491,2.33013152420748
"RP11-223C24.1",0.252669045295664,-12.3369290773934,2.16608382286099
"USP38",0.404721923560707,-11.1519112943397,2.20129724393512
"GAB1",0.124744812975913,-12.9345239920951,2.0430897230423
"SMARCA5",0.452713335834293,-10.5079317996378,2.31358938366416
"SMARCA5-AS1",0.124744812975913,-12.9345239920951,2.0430897230423
"ANAPC10",0.470692743436857,-10.8634841234373,2.27189741949426
"ABCE1",0.443267682997208,-10.5211319475339,2.29505914794845
"OTUD4",0.318341970007255,-11.4835878418945,2.20375844416355
"SMAD1",0.174120422480146,-12.6247712823772,2.05817582041029
"MMAA",0.225242173550997,-11.8928066779572,2.16961132666487
"ZNF827",0.217168357845664,-12.5125542968357,2.11121018860736
"LSM6",0.833523105757547,-9.85277336859259,2.44196054801894
"SLC10A7",0.225498377413436,-11.8859695206285,2.169328216192
"TMEM184C",0.225242173550997,-11.8928066779572,2.16961132666487
"PRMT10",0.592720634729448,-10.0972089824935,2.31415001712232
"ARHGAP10",0.251141901207489,-11.6827217186918,2.17775498330012
"NR3C2",0.241695900609293,-12.5467848054605,2.16624256450464
"LRBA",0.441411701782171,-10.5360578582282,2.28749298959624
"RPS3A",4.40859195793803,-4.90674489374638,2.20438096694076
"SH3D19",0.341450871520497,-11.4148798667032,2.20838647618076
"RP11-372K14.2",0.241695900609293,-12.5467848054605,2.16624256450464
"PET112",0.229216757627761,-11.8185740413693,2.16758308707388
"RP11-18H21.1",0.457892408308777,-10.7276203414228,2.27352876480433
"FBXW7",0.363949299317625,-11.3370969602392,2.20861637561393
"MIR4453",0.141473787659634,-12.8191386499719,2.05126746596957
"TMEM154",0.49393808453315,-10.4574585273605,2.33865631399479
"ARFIP1",0.405532690978761,-11.1481904505777,2.20135684886821
"TRIM2",0.124744812975913,-12.9345239920951,2.0430897230423
"KIAA0922",0.467768565121898,-10.8134327814754,2.27198220331804
"TLR2",0.355648341701213,-11.3679762538592,2.20920993508267
"RNF175",0.090721269291354,-12.7921404110945,1.91917469956789
"PLRG1",0.49033699713477,-10.4643456279073,2.33808106040759
"MAP9",0.243431321069781,-11.7117139674051,2.17278568107151
"GUCY1A3",0.141473787659634,-12.8191386499719,2.05126746596957
"GUCY1B3",0.241695900609293,-12.5467848054605,2.16624256450464
"CTSO",0.465438350247918,-10.9841531997386,2.27142848357572
"PDGFC",0.174120422480146,-12.6247712823772,2.05817582041029
"FAM198B",0.237201218102107,-12.549029507341,2.1579848493556
"RP11-597D13.9",0.108196131760806,-13.0200960649104,2.02232033555741
"C4orf46",0.225242173550997,-11.8928066779572,2.16961132666487
"ETFDH",0.360929126623443,-11.348664862052,2.2089234439008
"PPID",0.512865250947027,-10.4142920861091,2.33881437879824
"FNIP2",0.322784307187702,-11.4704529360613,2.20479588854816
"RAPGEF2",0.250066880072025,-12.508963921607,2.17627790166079
"NAF1",0.383089885247152,-11.2548981870833,2.20473571080868
"TMA16",0.466365029897947,-10.4979900693757,2.32772001375194
"MARCH1",0.540440281980022,-10.3325790445835,2.33295949493952
"FAM218A",0.090721269291354,-12.7921404110945,1.91917469956789
"TMEM192",0.467959874501419,-10.8157206632703,2.27196262724289
"KLHL2",0.248182685417313,-11.6927940738112,2.17580024179626
"MSMO1",0.446888890309239,-11.0548770528788,2.25291766010547
"DDX60",0.435845304393994,-11.0632789560144,2.23201418300736
"DDX60L",0.459917265131018,-11.0178876425251,2.26842122695366
"PALLD",0.189222923805307,-12.520920249976,2.05838802962435
"CBR4",0.423931914395732,-11.080211145273,2.21216986686524
"SH3RF1",0.217168357845664,-12.5125542968357,2.11121018860736
"NEK1",0.265406466391688,-11.6420470295071,2.1867035920894
"CLCN3",0.390066209911041,-11.2218994058218,2.20302662204789
"C4orf27",0.44224958461656,-10.5803735437603,2.27925453516894
"GALNT7",0.248063606674305,-12.2567014115598,2.16085635613381
"HMGB2",1.13572563471399,-9.52943293469026,2.5940139156137
"RP11-798M19.6",0.238267439470462,-12.1788669084481,2.16398271757428
"SAP30",0.241904545563597,-12.2014659440717,2.16146712228198
"FBXO8",0.439082438693684,-11.0614254305605,2.23845414509524
"CEP44",0.229216757627761,-11.8185740413693,2.16758308707388
"HPGD",0.371864737553081,-11.304893420966,2.20735161476811
"SPCS3",0.628251817588414,-9.99691799645171,2.34153697235151
"AGA",0.444609996282054,-10.5169643171459,2.29872295498901
"DCTD",0.531099790897838,-10.362729906416,2.33557292770516
"WWC2",0.090721269291354,-12.7921404110945,1.91917469956789
"CDKN2AIP",0.457018936122911,-10.7210198871213,2.27368923559849
"ING2",0.44229724041017,-10.5812046320045,2.27917421977069
"RWDD4",0.447770792929961,-10.5118877076705,2.30554579171481
"TRAPPC11",0.258748343647862,-11.6601487887884,2.18272220633917
"IRF2",0.615842981511826,-10.003081144802,2.32843523300574
"RP11-326I11.3",0.335776925411619,-11.4321320549466,2.20751459858229
"CASP3",0.436151430429715,-11.0630849362033,2.23261677780967
"PRIMPOL",0.373867454117424,-11.2963183263534,2.20693923232776
"CENPU",0.144335962055549,-12.8071131072533,2.05393865606713
"ACSL1",0.283289517473143,-11.5915210627692,2.19470062821077
"RP11-701P16.2",0.090721269291354,-12.7921404110945,1.91917469956789
"RP11-701P16.5",0.179079171372477,-12.5851870903322,2.05642686546188
"SLC25A4",0.42856380048193,-11.0709413607913,2.21875411376278
"KIAA1430",0.454440653019497,-10.7014172143349,2.27417425325599
"SNX25",0.253776510344264,-12.4304809561986,2.17385166909698
"LRP2BP",0.279756854451389,-11.6020065129566,2.1934278299972
"ANKRD37",0.309940402152195,-11.5089209858606,2.20176716673798
"UFSP2",0.448931007097724,-10.656309896619,2.27534709655389
"CYP4V2",0.437326993464604,-11.0623805503055,2.23495169521019
"FRG1",0.680755496563535,-10.0102433752161,2.38463409868282
"CCDC127",0.390854073685558,-11.2181224489868,2.20284858943329
"SDHA",0.666355228507578,-10.0072682584306,2.37441159194888
"PDCD6",1.10888449603901,-9.51245711578812,2.52572009710778
"C5orf55",0.223695027974275,-12.0241158264402,2.17597860349096
"EXOC3",0.451058769049925,-11.0476483268045,2.25920157836266
"CTD-2228K2.5",0.452415944957224,-11.044481760299,2.26098191258156
"CEP72",0.252848887651615,-12.4667426727497,2.17603331892423
"BRD9",0.478629953841723,-10.4835421437277,2.33465372776138
"SLC12A7",0.445206524832609,-11.0568781963634,2.25005423745749
"CLPTM1L",0.357857053743936,-11.3600580995814,2.20913446435256
"LPCAT1",0.44146251595386,-10.5636387746551,2.28125647056835
"MRPL36",0.580293780061285,-10.1674976978424,2.31772576429644
"NDUFS6",1.03194698692841,-9.57797854198534,2.47212325606719
"KIAA0947",0.407958412982414,-11.1372829407209,2.20169167034514
"MED10",1.00815003849502,-9.63224245321972,2.4746113121431
"NSUN2",0.463755930050264,-10.9963025860952,2.27072525089428
"SRD5A1",0.40608842991416,-11.1456644063624,2.20141239290653
"PAPD7",0.217168357845664,-12.5125542968357,2.11121018860736
"MTRR",0.429737419639844,-11.069181350469,2.22068498166288
"FASTKD3",0.226183628844696,-11.8696976462039,2.16872789246404
"RP11-480D4.6",0.090721269291354,-12.7921404110945,1.91917469956789
"MIR4458HG",0.304968383277002,-11.5242495501821,2.20059173286867
"FAM173B",0.241695900609293,-12.5467848054605,2.16624256450464
"CCT5",0.917322076157878,-9.80853488640544,2.46952488267346
"CTD-2256P15.4",0.158147028664132,-12.743367074885,2.06256469798137
"CTD-2256P15.2",0.203504806423496,-12.4912497389434,2.07892517954733
"MARCH6",0.441159232230566,-10.5455734024074,2.2847065630033
"ROPN1L",0.197663683629374,-12.4947298912936,2.06814566555827
"DAP",0.451579699541951,-10.5086772312992,2.31194102668107
"TRIO",0.225242173550997,-11.8928066779572,2.16961132666487
"FAM105A",0.453905958456148,-10.5071720276973,2.31522074437262
"CTD-2165H16.4",0.108196131760806,-13.0200960649104,2.02232033555741
"FAM105B",0.368990430787037,-11.3169031375202,2.20788440781945
"ANKH",0.454126931714967,-10.6989936899503,2.27423339446287
"ZNF622",0.57939095782826,-10.1721590911399,2.3180764848875
"FAM134B",0.470430067666639,-10.8559594661355,2.27186978866362
"BASP1",0.42806200713187,-11.0717557023694,2.21796062644139
"DROSHA",0.229216757627761,-11.8185740413693,2.16758308707388
"C5orf22",0.23199352621588,-11.7866684234734,2.16771263742681
"GOLPH3",0.443043446538867,-10.5928437217449,2.27819620686718
"CTD-2186M15.3",0.226965555352143,-11.8539915358263,2.1682399487526
"MTMR12",0.224820970152689,-12.0670005958397,2.17690569188224
"ZFR",0.471088405921536,-10.8878729320305,2.27203670532309
"SUB1",1.10982753924774,-9.56627654774477,2.57906575577412
"TARS",0.45881326484851,-10.7346115983738,2.27336423755043
"AMACR",0.124744812975913,-12.9345239920951,2.0430897230423
"CTD-2517O10.6",0.117913150105663,-12.9954662061038,2.04171346236043
"RAD1",0.449248994765384,-11.0512244947746,2.25662638474856
"BRIX1",0.518442229691899,-10.3995287404941,2.33812064105029
"DNAJC21",0.461572265360525,-11.0094505482045,2.26953570450041
"SPEF2",0.277255247064729,-11.6092735883829,2.19244704213465
"IL7R",1.46453379062323,-9.08651612610409,2.62319356885117
"LMBRD2",0.232716917859322,-12.1484300758739,2.16966635603658
"SKP2",0.431829747166416,-11.0666301549537,2.22436033133221
"NADK2",0.253657432497421,-12.3755230244616,2.1693722917142
"NIPBL",0.448731235240299,-10.510915185525,2.30730096712485
"C5orf42",0.141473787659634,-12.8191386499719,2.05126746596957
"NUP155",0.235301446437578,-11.7582718172183,2.16862943826843
"WDR70",0.465629811135358,-10.9826369442504,2.27149430380876
"RICTOR",0.589173765985407,-10.1183310204928,2.31479237364317
"FYB",1.30100117669217,-9.27600090398738,2.57021440054726
"AC008964.1",0.248182685417313,-11.6927940738112,2.17580024179626
"DAB2",0.224224617207444,-11.9274496365774,2.17122878817926
"PTGER4",0.613499419213666,-10.0063965869163,2.32592179092674
"TTC33",0.315885778068481,-11.4909045559396,2.20317613981035
"PRKAA1",0.446345079324981,-10.6318072705431,2.27614910746922
"RPL37",3.5965900955021,-5.70444795024993,2.19317147307381
"CARD6",0.174120422480146,-12.6247712823772,2.05817582041029
"OXCT1",0.469618518829442,-10.9387939108691,2.27228585409963
"C5orf51",0.22712266150858,-12.104790066756,2.17568849682712
"FBXO4",0.465578505440502,-10.9830443522075,2.27147638546467
"CCDC152",0.34092570661876,-11.4165114625925,2.20831829330584
"CTD-2035E11.3",0.544641568194398,-10.3181424680444,2.33161150432821
"CTD-2035E11.4",0.141473787659634,-12.8191386499719,2.05126746596957
"ANXA2R",0.877170908215134,-9.82816472811238,2.45502876622871
"AC025171.1",0.224820970152689,-12.0670005958397,2.17690569188224
"CTD-2035E11.5",0.158147028664132,-12.743367074885,2.06256469798137
"ZNF131",0.477250707114204,-10.4854723062136,2.33406747823581
"HMGCS1",0.371864737553081,-11.304893420966,2.20735161476811
"CCL28",0.368990430787037,-11.3169031375202,2.20788440781945
"C5orf28",0.386694205114887,-11.2379833690839,2.20382975371651
"C5orf34",0.124744812975913,-12.9345239920951,2.0430897230423
"PAIP1",0.471382052613669,-10.4928135809879,2.33105869988774
"NNT-AS1",0.423466918161946,-11.0813574000943,2.21160687352687
"NNT",0.462462992702798,-11.0043833175682,2.27006223214441
"MRPS30",0.61794134367403,-10.0008898141741,2.3307016205334
"EMB",0.621101293454623,-9.99868973816694,2.33409501240197
"PARP8",0.452369552191856,-10.5081515566432,2.31309971338111
"ITGA1",0.108196131760806,-13.0200960649104,2.02232033555741
"PELO",0.389152308112735,-11.2262808848236,2.2032345380696
"MOCS2",0.470874883088849,-10.9085491811394,2.27218429921566
"CTD-2366F13.1",0.141473787659634,-12.8191386499719,2.05126746596957
"NDUFS4",0.728474888140735,-9.99467261484442,2.41350339832695
"ARL15",0.248063606674305,-12.2567014115598,2.16085635613381
"SNX18",0.456008661339454,-11.0338531524977,2.26504572955277
"GZMK",0.921144090312848,-9.80566226553401,2.47083212510302
"GZMA",1.10789401342666,-9.55524516864924,2.5636585806282
"DHX29",0.455087361420977,-10.5064256103946,2.31673972207002
"SKIV2L2",0.44081340775194,-11.0604149675732,2.24186067697917
"PPAP2A",0.27374702762166,-11.6192263026565,2.19093972565155
"SLC38A9",0.241904545563597,-12.2014659440717,2.16146712228198
"IL6ST",0.441816887308936,-11.0597700948226,2.24380086597125
"CTD-2031P19.3",0.108196131760806,-13.0200960649104,2.02232033555741
"ANKRD55",0.22712266150858,-12.104790066756,2.17568849682712
"MAP3K1",0.459633274018299,-10.7408622948659,2.27321420482589
"SETD9",0.158147028664132,-12.743367074885,2.06256469798137
"MIER3",0.189222923805307,-12.520920249976,2.05838802962435
"GPBP1",0.742358741623612,-9.97827307853796,2.4200391830636
"PLK2",0.224035905850509,-12.0423659378371,2.17656425261388
"GAPT",0.474150430735117,-10.4895174258125,2.33258570491826
"PDE4D",0.303949947574791,-11.5274100049873,2.20034205527944
"DEPDC1B",0.108196131760806,-13.0200960649104,2.02232033555741
"ERCC8",0.24453111945453,-12.2214289751843,2.16052314828958
"NDUFAF2",0.443252626836399,-10.5957906480655,2.27798373611935
"SMIM15",0.556809033657189,-10.2730640758206,2.32723352282704
"ZSWIM6",0.239881091244745,-12.188341232715,2.16270937414437
"KIF2A",0.449008320750393,-10.6569969458353,2.27532735096336
"DIMT1",0.485751565632497,-10.4724599228612,2.33704507542385
"IPO11",0.22712266150858,-12.104790066756,2.17568849682712
"SREK1IP1",0.597947086762904,-10.0658263774782,2.31433817539296
"CWC27",0.493595860494511,-10.4581296645393,2.3386095382849
"ADAMTS6",0.230189928028585,-12.5414312256707,2.14290754443097
"CENPK",0.467105340716925,-10.9696705066452,2.27192719472745
"PPWD1",0.470556125667525,-10.8593455965825,2.27188268166667
"TRIM23",0.22574027356051,-11.8799454622156,2.16909304326823
"TRAPPC13",0.407422221264717,-11.1396657475591,2.20159670875146
"CTC-534A2.2",0.241695900609293,-12.5467848054605,2.16624256450464
"SGTB",0.423548881942278,-11.0811483215147,2.21170221133003
"NLN",0.251043590229985,-12.498046019625,2.17663952098868
"ERBB2IP",0.450294067101652,-10.6681296685475,2.27501979794633
"SREK1",0.509857259462682,-10.4218918064882,2.33906505459445
"MAST4",0.375842218537906,-11.2877179277956,2.20650351365506
"CD180",0.449405679568257,-11.0509413639076,2.25685930308836
"PIK3R1",0.44890670667004,-10.5107554455575,2.30760991505988
"SLC30A5",0.470773670483536,-10.9125605638885,2.27220902945437
"CCNB1",0.232291934049086,-12.5447235191184,2.14763920278489
"CENPH",0.409713198449859,-11.1296402699602,2.20209375853006
"MRPS36",0.567256195085083,-10.2296938990229,2.32304154627304
"CDK7",0.398585905729195,-11.1808496154353,2.2014893716533
"CCDC125",0.203504806423496,-12.4912497389434,2.07892517954733
"TAF9",0.799666447569577,-9.88784871192497,2.43468650566493
"RAD17",0.341450871520497,-11.4148798667032,2.20838647618076
"GTF2H2C",0.235831001374619,-12.1654885580238,2.16626798040572
"SMN2",0.319344583891345,-11.4806092560161,2.20399355485001
"SMN1",0.439802940473279,-11.0610103999574,2.2398782579355
"NAIP",0.223540084909684,-12.0097398524288,2.17540210140458
"GTF2H2",0.33467873020386,-11.4354256661043,2.20731506610919
"BDP1",0.446514259325753,-10.6335182579187,2.27608553965847
"MCCC2",0.431029775290445,-11.0675248271579,2.22292701973991
"MRPS27",0.469126466619933,-10.9463326367937,2.27226219297079
"PTCD2",0.248063606674305,-12.2567014115598,2.16085635613381
"TNPO1",0.441106494975151,-11.060235648736,2.24242918160908
"FCHO2",0.141473787659634,-12.8191386499719,2.05126746596957
"TMEM171",0.117913150105663,-12.9954662061038,2.04171346236043
"RP11-79P5.9",0.174120422480146,-12.6247712823772,2.05817582041029
"BTF3",2.34568979874466,-7.14484853839659,2.47750970539328
"ANKRA2",0.470757582093663,-10.9131185401193,2.27221271737716
"UTP15",0.239121755146729,-11.7333567076361,2.17034018854576
"ENC1",0.158147028664132,-12.743367074885,2.06256469798137
"HEXB",0.622387669793309,-9.99809519471542,2.33546074236116
"GFM2",0.229216757627761,-11.8185740413693,2.16758308707388
"NSA2",1.00336200848227,-9.64411912842679,2.47530313250369
"FAM169A",0.250066880072025,-12.508963921607,2.17627790166079
"HMGCR",0.229216757627761,-11.8185740413693,2.16758308707388
"COL4A3BP",0.468952876908715,-10.9487575343855,2.27224704910563
"POLK",0.467089423632747,-10.8057269383233,2.27205309291179
"POC5",0.29792123746974,-11.5462653186893,2.19888074652411
"IQGAP2",0.564365786756538,-10.2422001786242,2.32422972985558
"F2R",0.259698035201824,-11.6575219173265,2.18331637770344
"F2RL1",0.174120422480146,-12.6247712823772,2.05817582041029
"S100Z",0.371864737553081,-11.304893420966,2.20735161476811
"AGGF1",0.441956023614279,-10.5749737796155,2.27981790285366
"WDR41",0.467500263646791,-10.9657555940922,2.27201639551126
"TBCA",1.10897656812606,-9.51481581093857,2.52788981813216
"AP3B1",0.464128151115905,-10.7771768711149,2.2724579070653
"CTD-2037K23.2",0.452538331969986,-11.0441732940492,2.26113552391318
"SCAMP1",0.432617019850273,-11.0658294236109,2.22580811138779
"LHFPL2",0.217168357845664,-12.5125542968357,2.11121018860736
"ARSB",0.238267439470462,-12.1788669084481,2.16398271757428
"JMY",0.246161006325488,-11.7003570237215,2.17449086994333
"HOMER1",0.247077097144011,-12.2454950947163,2.16053428480212
"PAPD4",0.466216595151856,-10.4981281579829,2.32760934164714
"MTX3",0.174120422480146,-12.6247712823772,2.05817582041029
"SERINC5",0.441670734941439,-10.5689267923533,2.28053628526127
"ZFYVE16",0.277255247064729,-11.6092735883829,2.19244704213465
"CTD-2015H6.3",0.134486423716054,-12.8558240348517,2.04569081801718
"DHFR",0.277255247064729,-11.6092735883829,2.19244704213465
"MSH3",0.377786134052374,-11.2791081096936,2.206051454787
"RASGRF2",0.226965555352143,-11.8539915358263,2.1682399487526
"CKMT2-AS1",0.309940402152195,-11.5089209858606,2.20176716673798
"ZCCHC9",0.446101767799613,-10.5140672482687,2.30217366852512
"SSBP2",0.447050815178701,-10.6388347163614,2.27589663177318
"ATG10",0.471055523349826,-10.8819255240326,2.27199661036438
"RPS23",5.04325307425517,-4.86148352129871,2.09740290287246
"TMEM167A",0.595533027310421,-10.0801746613474,2.31403738127679
"XRCC4",0.22712266150858,-12.104790066756,2.17568849682712
"VCAN",0.616667281263837,-10.002132183097,2.3293213902735
"COX7C",1.21979742870193,-8.11447965834013,2.55890113370125
"RASA1",0.23386501965221,-11.7696233733186,2.16814921311575
"CTC-428H11.2",0.189222923805307,-12.520920249976,2.05838802962435
"CCNH",0.71110152037066,-10.0065421584706,2.40385170534727
"TMEM161B",0.258748343647862,-11.6601487887884,2.18272220633917
"TMEM161B-AS1",0.426126782327076,-11.0753467526915,2.21507321696338
"MEF2C",0.522868258685427,-10.3871909357192,2.33737577922836
"CETN3",0.223506913503804,-11.9791550530398,2.17392053640435
"MBLAC2",0.252669045295664,-12.3369290773934,2.16608382286099
"LYSMD3",0.258748343647862,-11.6601487887884,2.18272220633917
"RP11-213H15.1",0.090721269291354,-12.7921404110945,1.91917469956789
"LUCAT1",0.174120422480146,-12.6247712823772,2.05817582041029
"ARRDC3",0.451738464656321,-10.6800973240775,2.27470719678167
"FAM172A",0.457296166037405,-11.0291450802274,2.26627374376439
"POU5F2",0.223695027974275,-12.0241158264402,2.17597860349096
"KIAA0825",0.124744812975913,-12.9345239920951,2.0430897230423
"ANKRD32",0.345669224655264,-11.401591897882,2.20885602943548
"MCTP1",0.230775156673327,-11.7994739811921,2.16756261210683
"TTC37",0.412232615927374,-11.1190928018689,2.20292933682233
"ARSK",0.248182685417313,-11.6927940738112,2.17580024179626
"GPR150",0.250066880072025,-12.508963921607,2.17627790166079
"RFESD",0.253776510344264,-12.4304809561986,2.17385166909698
"RHOBTB3",0.211561276790128,-12.5005332691513,2.09729795390912
"GLRX",1.35653060146765,-9.22170840701325,2.56722167282345
"ELL2",0.230189928028585,-12.5414312256707,2.14290754443097
"CAST",0.806509362252434,-9.87928997716679,2.43600500458146
"ERAP1",0.426126782327076,-11.0753467526915,2.21507321696338
"CTD-2260A17.2",0.22359885487826,-12.0165619881248,2.1756934881188
"ERAP2",0.464962652157125,-10.987797172115,2.27124901174385
"LNPEP",0.446466748657696,-10.513521510215,2.30294877630798
"RIOK2",0.455931245010107,-10.7127767598215,2.27389132086314
"RGMB",0.232716917859322,-12.1484300758739,2.16966635603658
"CHD1",0.445879643793093,-10.5144308756189,2.30169196672057
"CTD-2007H13.3",0.158147028664132,-12.743367074885,2.06256469798137
"FAM174A",0.376642009157337,-11.284195595534,2.20632061926168
"ST8SIA4",0.459670055213797,-11.0190529207968,2.26823918660078
"SLCO4C1",0.158147028664132,-12.743367074885,2.06256469798137
"PAM",0.267827718943378,-11.6355057427823,2.18802368561981
"GIN1",0.235831001374619,-12.1654885580238,2.16626798040572
"PPIP5K2",0.408434799473412,-11.1351889702975,2.20178654845716
"C5orf30",0.224035905850509,-12.0423659378371,2.17656425261388
"FBXL17",0.232518630657796,-11.7815991479491,2.16781318725399
"LINC01023",0.189222923805307,-12.520920249976,2.05838802962435
"FER",0.217168357845664,-12.5125542968357,2.11121018860736
"PJA2",0.480628593042779,-10.4806297631558,2.33543141098155
"MAN2A1",0.294380013409298,-11.5573781680938,2.19798584160143
"SLC25A46",0.470277201354911,-10.9262265997638,2.27227590126986
"WDR36",0.264423314147689,-11.6446953514024,2.18614617169067
"CAMK4",0.601524424514975,-10.0460157516889,2.31560470241251
"STARD4",0.223483964358326,-11.9978879830348,2.17485616472569
"NREP",0.250066880072025,-12.508963921607,2.17627790166079
"EPB41L4A-AS1",0.862451902755376,-9.83475411573926,2.45014355754013
"APC",0.251141901207489,-11.6827217186918,2.17775498330012
"SRP19",0.745091523636331,-9.97434387254657,2.42115448517532
"REEP5",1.10099999392446,-9.48996990540305,2.49674904742443
"DCP2",0.45624210682159,-10.5057115083496,2.31814578075232
"MCC",0.124744812975913,-12.9345239920951,2.0430897230423
"YTHDC2",0.444506043608345,-11.0575779606091,2.24880821421981
"CTC-428G20.3",0.090721269291354,-12.7921404110945,1.91917469956789
"PGGT1B",0.38490862710076,-11.2464107177746,2.20427787268896
"CTC-428G20.6",0.124744812975913,-12.9345239920951,2.0430897230423
"CCDC112",0.459917265131018,-11.0178876425251,2.26842122695366
"FEM1C",0.224820970152689,-12.0670005958397,2.17690569188224
"AC010226.4",0.241695900609293,-12.5467848054605,2.16624256450464
"TMED7",0.4539544788363,-10.6976576509203,2.27426733380929
"ATG12",0.702598936363496,-10.009369312989,2.39873817264515
"AP3S1",0.786272602839248,-9.906804535973,2.43216476081285
"CTD-2287O16.5",0.230189928028585,-12.5414312256707,2.14290754443097
"COMMD10",0.441429192101302,-10.5357188042833,2.28761159144245
"DTWD2",0.232716917859322,-12.1484300758739,2.16966635603658
"DMXL1",0.469639996184715,-10.8396586328714,2.27185424615383
"TNFAIP8",1.09278577273318,-9.49051462266727,2.48706271562324
"HSD17B4",0.463445366443175,-10.9983196927337,2.27057521678805
"SRFBP1",0.377786134052374,-11.2791081096936,2.206051454787
"SNX2",0.988361788067639,-9.68245020522054,2.4774934252893
"SNX24",0.253776510344264,-12.4304809561986,2.17385166909698
"CEP120",0.381238232647967,-11.2634457055846,2.20519977492097
"CSNK1G3",0.3424062520656,-11.4119124168537,2.20850656884158
"GRAMD3",0.248063606674305,-12.2567014115598,2.16085635613381
"ALDH7A1",0.101084877533373,-12.9582856770516,1.98697941273538
"PHAX",0.554038135345744,-10.2837827445743,2.32828330928583
"LMNB1",0.414371199539716,-11.1106139042686,2.20391564436139
"MARCH3",0.23078253123122,-12.1364778837008,2.17188129372768
"C5orf63",0.228218527898891,-11.8328472417398,2.1677628936284
"PRRC1",0.347966476636038,-11.3941523124697,2.20903480623776
"CTC-228N24.3",0.461673869650844,-11.0088840313604,2.26959999757557
"SLC12A2",0.230189928028585,-12.5414312256707,2.14290754443097
"ISOC1",0.468520958314063,-10.8228361176508,2.27191579988443
"HINT1",1.30948205471637,-8.14091398300252,2.52381893550355
"LYRM7",0.464360269820372,-10.992170630101,2.27100047905584
"CDC42SE2",1.01661843165378,-9.61195566496174,2.47349600861165
"RAPGEF6",0.350243796832789,-11.386611316548,2.2091560063327
"FNIP1",0.22712266150858,-12.104790066756,2.17568849682712
"ACSL6",0.366057967804558,-11.3287833212256,2.20834701635366
"SLC22A4",0.199299986424844,-12.4926705964246,2.0708780468965
"SLC22A5",0.238267439470462,-12.1788669084481,2.16398271757428
"C5orf56",0.706526743717608,-10.0082661751493,2.40112810522263
"AC116366.6",0.158147028664132,-12.743367074885,2.06256469798137
"IRF1",1.10871950483147,-9.5324756176855,2.54325798450127
"RAD50",0.441273042494974,-10.5394993864461,2.28637667212445
"KIF3A",0.403245635049653,-11.1587518385803,2.20124324826665
"SEPT8",0.241695900609293,-12.5467848054605,2.16624256450464
"SHROOM1",0.090721269291354,-12.7921404110945,1.91917469956789
"UQCRQ",1.10886419762432,-9.52860936289266,2.5399658884864
"LEAP2",0.224065621849842,-11.9347801167679,2.1716016566889
"AFF4",0.474506863636641,-10.4890706018632,2.33276835363593
"ZCCHC10",0.45227091739192,-10.6843851660307,2.27459665134324
"HSPA4",0.442772218999446,-10.5233929123792,2.29347803648061
"C5orf15",0.444131994032873,-10.5182061838116,2.29749517722803
"VDAC1",0.97702899659075,-9.71138855573128,2.47879040768402
"CTB-113I20.2",0.251450920079226,-12.4926165812902,2.17666950565306
"TCF7",1.04451804688589,-9.5531471994669,2.47191234879671
"SKP1",1.47295458308205,-9.10151227141557,2.605353647385
"PPP2CA",0.767944389171736,-9.93669651645466,2.4283130788516
"CDKL3",0.457893936581819,-11.0267875306099,2.26680854254753
"CTD-2410N18.3",0.090721269291354,-12.7921404110945,1.91917469956789
"UBE2B",0.764073252134696,-9.94333526930121,2.42734303462984
"RP11-215P8.3",0.158147028664132,-12.743367074885,2.06256469798137
"CDKN2AIPNL",0.480947784646831,-10.4801468012379,2.33554656706319
"JADE2",0.448931007097724,-10.656309896619,2.27534709655389
"SAR1B",0.441243093397492,-10.5559422517759,2.2825117124538
"SEC24A",0.229216757627761,-11.8185740413693,2.16758308707388
"CAMLG",1.01378380747461,-9.61863724107337,2.47384854796624
"DDX46",0.813431004833556,-9.87142888392562,2.43740156385073
"C5orf24",0.468309926144367,-10.9568798666511,2.27216491704932
"TXNDC15",0.496504293169566,-10.4522648016445,2.33894212395636
"PCBD2",0.285804672065154,-11.5839316416338,2.19552882576664
"C5orf66",0.230189928028585,-12.5414312256707,2.14290754443097
"H2AFY",1.11859187989015,-9.55901890439477,2.59023517551952
"TIFAB",0.117913150105663,-12.9954662061038,2.04171346236043
"TGFBI",0.653624592554776,-10.0032459871341,2.36453460426752
"SMAD5",0.226965555352143,-11.8539915358263,2.1682399487526
"KLHL3",0.141473787659634,-12.8191386499719,2.05126746596957
"HNRNPA0",1.47762101926662,-9.10997324863708,2.59710330463544
"RP11-381K20.2",0.090721269291354,-12.7921404110945,1.91917469956789
"FAM13B",0.315885778068481,-11.4909045559396,2.20317613981035
"BRD8",0.36307676210191,-11.34047880421,2.20871625135506
"CDC23",0.303949947574791,-11.5274100049873,2.20034205527944
"FAM53C",0.446806297308425,-10.6364356331425,2.27598127317159
"KDM3B",0.433537658725829,-11.0649961576723,2.22753815066812
"EGR1",0.471040808067484,-10.8804228154454,2.271984743343
"ETF1",0.441960981792737,-10.5750669805977,2.27980686895123
"HSPA9",0.720416637493281,-10.001331722456,2.40918978019705
"CTNNA1",0.469466214018155,-10.9412489522269,2.27228109815982
"SIL1",0.459670055213797,-11.0190529207968,2.26823918660078
"MATR3",0.91322375723436,-9.81129089335579,2.46808166926954
"PAIP2",1.1084923239977,-9.56328477651025,2.573113412848
"CTB-43P18.1",0.141473787659634,-12.8191386499719,2.05126746596957
"MZB1",0.468223417511878,-10.9579074170398,2.27215215137768
"SPATA24",0.235831001374619,-12.1654885580238,2.16626798040572
"DNAJC18",0.197663683629374,-12.4947298912936,2.06814566555827
"TMEM173",0.70839050363093,-10.0076338136367,2.40224708491501
"UBE2D2",1.44040887971609,-9.1585735794652,2.57279566637524
"CXXC5",0.522743204444005,-10.3875471692659,2.33739917984979
"NRG2",0.108196131760806,-13.0200960649104,2.02232033555741
"LINC01024",0.253657432497421,-12.3755230244616,2.1693722917142
"PURA",0.326504014052084,-11.459519405033,2.2056428400722
"CYSTM1",0.442374892769309,-10.5257079629415,2.29207710354952
"PFDN1",0.701189538304226,-10.0096899134795,2.39787410278978
"HBEGF",0.272900009466217,-11.6215999739909,2.19055375278003
"ANKHD1",0.40274415492585,-11.1611121498551,2.20123994370316
"SRA1",0.62732650060048,-9.99696693127884,2.34059781556005
"APBB3",0.441816887308936,-11.0597700948226,2.24380086597125
"SLC35A4",0.441446785693487,-10.5631862484195,2.28132287280301
"CD14",0.952492637132651,-9.76587512958885,2.47855337048063
"NDUFA2",1.09174081787454,-9.49100016868232,2.48616626930269
"TMCO6",0.366057967804558,-11.3287833212256,2.20834701635366
"IK",1.01372131088751,-9.61878560753796,2.4738565594354
"WDR55",0.467012361046587,-10.804907952095,2.2720634986008
"DND1",0.090721269291354,-12.7921404110945,1.91917469956789
"HARS",0.584493639242148,-10.1449952592265,2.3161863734921
"HARS2",0.285804672065154,-11.5839316416338,2.19552882576664
"ZMAT2",0.878391775794615,-9.82766391953866,2.45545586974001
"TAF7",1.00313625251418,-9.64468368597111,2.47533603171145
"DIAPH1",0.590374577328487,-10.1112636234513,2.31452696312546
"HDAC3",0.551495893315821,-10.2933757300494,2.32922208909248
"RELL2",0.285804672065154,-11.5839316416338,2.19552882576664
"FCHSD1",0.239121755146729,-11.7333567076361,2.17034018854576
"ARAP3",0.217168357845664,-12.5125542968357,2.11121018860736
"KIAA0141",0.467269051057546,-10.9680744008023,2.27196574441331
"RNF14",0.448238021421789,-11.0529128422977,2.25508259951743
"GNPDA1",0.454817740576116,-11.037767643354,2.26380075981115
"NDFIP1",1.11367318329856,-9.56516851149371,2.58619930054099
"ARHGAP26",0.436589996430009,-11.0628128427073,2.23348485197752
"NR3C1",0.626272509310122,-9.99707984082328,2.33951954192625
"YIPF5",0.460040721187235,-10.50317409506,2.32226553692903
"PRELID2",0.197663683629374,-12.4947298912936,2.06814566555827
"LARS",0.446318837979418,-10.5137365370336,2.30263548486647
"RBM27",0.462054324448494,-10.7598307521755,2.27279636077864
"TCERG1",0.464542807516834,-10.7808442129625,2.27239594630409
"PPP2R2B",0.239821284006671,-11.7294544893823,2.1707043800697
"JAKMIP2",0.203504806423496,-12.4912497389434,2.07892517954733
"SCGB3A2",0.203504806423496,-12.4912497389434,2.07892517954733
"FBXO38",0.347966476636038,-11.3941523124697,2.20903480623776
"ADRB2",0.47095494633815,-10.8742787490136,2.27194764701986
"GRPEL2",0.229216757627761,-11.8185740413693,2.16758308707388
"PCYOX1L",0.228218527898891,-11.8328472417398,2.1677628936284
"CSNK1A1",0.791561204628412,-9.89896617262715,2.43315964012817
"ARHGEF37",0.235301446437578,-11.7582718172183,2.16862943826843
"PPARGC1B",0.25207905255751,-12.3217627193962,2.16484660681938
"SLC26A2",0.253776510344264,-12.4304809561986,2.17385166909698
"TIGD6",0.203504806423496,-12.4912497389434,2.07892517954733
"HMGXB3",0.225242173550997,-11.8928066779572,2.16961132666487
"CSF1R",0.552395243872128,-10.2900070523423,2.3288929499774
"PDGFRB",0.090721269291354,-12.7921404110945,1.91917469956789
"TCOF1",0.446928419444809,-10.6376299704557,2.27593753756513
"CD74",3.14178215685462,-6.05749935414423,2.26795780196718
"RPS14",5.43381989377115,-4.59761639478084,2.19053670033231
"NDST1",0.203504806423496,-12.4912497389434,2.07892517954733
"RBM22",0.507030974818333,-10.4287894417379,2.33921674283586
"DCTN4",0.343359179239708,-11.408930703865,2.20861820343539
"IRGM",0.108196131760806,-13.0200960649104,2.02232033555741
"GPX3",0.117913150105663,-12.9954662061038,2.04171346236043
"TNIP1",0.746274169635847,-9.97258771035158,2.42162034682692
"ANXA6",1.10814027134506,-9.54518281262118,2.55422732234584
"CCDC69",0.684419756295905,-10.0106283773008,2.38710866015785
"GM2A",0.387415497071228,-11.2345599720108,2.20365151181136
"SLC36A1",0.253776510344264,-12.4304809561986,2.17385166909698
"SPARC",0.348299608308624,-11.3930575872932,2.20905569674881
"ATOX1",0.685038274889641,-10.010674729592,2.38752103672131
"G3BP1",0.604703944151638,-10.031155923283,2.31759539127074
"FAM114A2",0.3898509979475,-11.2229339133157,2.20307673770791
"MFAP3",0.248063606674305,-12.2567014115598,2.16085635613381
"GALNT10",0.359648244991767,-11.3534775894331,2.20902733604245
"SAP30L",0.253776510344264,-12.4304809561986,2.17385166909698
"LARP1",0.474251021864422,-10.4893916811548,2.33263732823052
"FAXDC2",0.151289836493976,-12.7783680320405,2.05965516873174
"CNOT8",0.476593557240162,-10.486364906903,2.33377441049345
"GEMIN5",0.241695900609293,-12.5467848054605,2.16624256450464
"MRPL22",0.678010793225674,-10.0098466943451,2.38274997699249
"HAVCR2",0.442444228414679,-10.5836648959075,2.27894900061162
"MED7",0.424690576490872,-11.0784359731251,2.21312839463121
"ITK",0.546550455589986,-10.31139767896,2.3309671947675
"CYFIP2",0.609703467982835,-10.0143196721827,2.32200827591783
"ADAM19",0.360929126623443,-11.348664862052,2.2089234439008
"THG1L",0.463326042938237,-10.9990803314876,2.27051630325722
"CLINT1",0.441261180893849,-10.539893162393,2.28625529267738
"EBF1",0.241904545563597,-12.2014659440717,2.16146712228198
"RNF145",0.56232927954657,-10.2507655829187,2.32505618314274
"UBLCP1",0.46321330358429,-10.7693576013754,2.27260380579048
"TTC1",0.680404626809174,-10.0101979840698,2.38439508302238
"PWWP2A",0.419800833583891,-11.0916363501629,2.20775783788905
"CCNJL",0.090721269291354,-12.7921404110945,1.91917469956789
"SLU7",0.690221977436643,-10.0108389711252,2.3909321479224
"PTTG1",0.471067011451225,-10.8958959905614,2.27209549191805
"MIR146A",0.090721269291354,-12.7921404110945,1.91917469956789
"CCNG1",0.828336060703878,-9.85703173120379,2.44070080258548
"NUDCD2",0.648432793701996,-10.0014610997618,2.36022502426142
"HMMR",0.108196131760806,-13.0200960649104,2.02232033555741
"MAT2B",0.763136021543663,-9.94494183885951,2.42709534998116
"RARS",0.449647972125679,-10.662599225302,2.27516881558332
"PANK3",0.28226465445891,-11.5946080769549,2.19434563052973
"SPDL1",0.223506913503804,-11.9791550530398,2.17392053640435
"DOCK2",0.588072554454954,-10.1247434091451,2.3150758198815
"LCP2",0.716817188882628,-10.0036377725932,2.40716437062844
"KCNMB1",0.239121755146729,-11.7333567076361,2.17034018854576
"NPM1",2.07311729905903,-7.29738795514807,2.4768220129763
"FBXW11",0.3970473175067,-11.1882492880877,2.20168409990758
"STK10",0.691903647348195,-10.0108025368321,2.39201901014547
"UBTD2",0.174120422480146,-12.6247712823772,2.05817582041029
"DUSP1",3.0789921167385,-6.2078405807184,2.29777953593372
"ERGIC1",0.459091006260252,-10.5038448290042,2.32130409608385
"RPL26L1",0.57455189782073,-10.1961870570897,2.32002492368552
"ATP6V0E1",1.58819891900383,-8.92281521099551,2.63354774418974
"CREBRF",0.457282581591027,-10.7230089897772,2.27364031108761
"BNIP1",0.457556992384257,-11.0281337032581,2.26650842588907
"BOD1",0.442549315784405,-10.524623717831,2.29270935695173
"CPEB4",0.239121755146729,-11.7333567076361,2.17034018854576
"SFXN1",0.469081950196615,-10.8307449042259,2.27187888970533
"HRH2",0.451424513007129,-11.046833556493,2.25969154566667
"THOC3",0.465672124702862,-10.7912887969667,2.27223333847898
"FAM153B",0.23078253123122,-12.1364778837008,2.17188129372768
"SIMC1",0.235831001374619,-12.1654885580238,2.16626798040572
"KIAA1191",0.469073952242012,-10.9470759180348,2.27225746463897
"ARL10",0.174120422480146,-12.6247712823772,2.05817582041029
"NOP16",0.457180367859613,-11.0295869668091,2.26616815360276
"HIGD2A",1.47917597101191,-9.06580178554948,2.6363727474219
"CLTB",0.921319373221566,-9.80552120383598,2.47089083158765
"FAF2",0.327625183902159,-11.4562335460741,2.20588919150169
"RNF44",0.441205537973821,-10.5421008163174,2.2856148565988
"TSPAN17",0.405532690978761,-11.1481904505777,2.20135684886821
"HK3",0.443805074415447,-11.0582265927477,2.24753658013198
"UIMC1",0.462625137715389,-10.7644724713077,2.2727004000732
"ZNF346",0.228218527898891,-11.8328472417398,2.1677628936284
"NSD1",0.541221568871718,-10.3299393118328,2.33271674445102
"RAB24",0.603278060737057,-10.0374380401523,2.31660657944001
"MXD3",0.353423375039231,-11.3757870770628,2.2092263265141
"PRELID1",1.49291865925094,-9.0523333481838,2.63942353435874
"LMAN2",1.08789534891585,-9.49338224097491,2.48331080852962
"RGS14",0.623994265631786,-9.99754807968709,2.33715556980337
"F12",0.203504806423496,-12.4912497389434,2.07892517954733
"GRK6",0.907181145709009,-9.81484539079404,2.46589432597035
"PRR7",0.448514433807552,-10.6525683900406,2.27545790331898
"DBN1",0.225242173550997,-11.8928066779572,2.16961132666487
"PDLIM7",0.466442300936461,-10.9758007648209,2.27175162990866
"DOK3",0.449658314278782,-11.0504821370448,2.25723088360115
"DDX41",0.448590951431755,-10.6532619503449,2.27543727014396
"FAM193B",0.252669045295664,-12.3369290773934,2.16608382286099
"TMED9",1.0728556909223,-9.50860122921823,2.47621721751765
"B4GALT7",0.438359458117575,-11.0618177554228,2.23700850805954
"FAM153A",0.253776510344264,-12.4304809561986,2.17385166909698
"RP11-423H2.3",0.108196131760806,-13.0200960649104,2.02232033555741
"N4BP3",0.197663683629374,-12.4947298912936,2.06814566555827
"RMND5B",0.47016039081919,-10.8496561505248,2.27185484850689
"NHP2",1.04779704102769,-9.54713260043549,2.47202415107379
"HNRNPAB",0.472061141849757,-10.4920275241496,2.3314501688607
"PHYKPL",0.594600743127082,-10.0858084693286,2.3140275872584
"CLK4",0.454552020325396,-10.7022759199651,2.27415302267593
"ZNF354A",0.390854073685558,-11.2181224489868,2.20284858943329
"ZNF354B",0.225242173550997,-11.8928066779572,2.16961132666487
"ZNF879",0.241695900609293,-12.5467848054605,2.16624256450464
"ZNF354C",0.158147028664132,-12.743367074885,2.06256469798137
"RUFY1",0.453604120102053,-10.507363841278,2.31481719692643
"HNRNPH1",0.684407153649373,-10.0106273688792,2.38710024789915
"CANX",0.766983896964827,-9.93834384729125,2.42807862147985
"MAML1",0.455086572580416,-11.0369175429275,2.26409235539893
"LTC4S",0.230060037367206,-12.131467514195,2.17270134224941
"MGAT4B",0.279756854451389,-11.6020065129566,2.1934278299972
"SQSTM1",0.969255350675767,-9.73034252726085,2.47925971301006
"C5orf45",0.463956841686305,-10.7756842933702,2.27248444996587
"CTC-241N9.1",0.108196131760806,-13.0200960649104,2.02232033555741
"TBC1D9B",0.441106494975151,-11.060235648736,2.24242918160908
"RNF130",0.951009596783277,-9.76855167096777,2.47836231350209
"MAPK9",0.237474031983325,-11.7432841815218,2.1695380237315
"CTB-129O4.1",0.108196131760806,-13.0200960649104,2.02232033555741
"CNOT6",0.28226465445891,-11.5946080769549,2.19434563052973
"SCGB3A1",0.44144171558816,-10.5354773313841,2.2876984937339
"MGAT1",0.701279171454828,-10.0096704916507,2.3979290844109
"LINC00847",0.470905116509274,-10.8718063541902,2.27193462190516
"ZFP62",0.421627528630122,-11.0862418942471,2.2095385434348
"CTC-338M12.5",0.247077097144011,-12.2454950947163,2.16053428480212
"TRIM7",0.23078253123122,-12.1364778837008,2.17188129372768
"TRIM41",0.368144687795282,-11.3203729192437,2.20802777652338
"GNB2L1",4.80230844542751,-5.03273101100516,2.09790192791809
"CTC-338M12.4",0.223506913503804,-11.9791550530398,2.17392053640435
"TRIM52",0.414579621266846,-11.1098167832024,2.20402627731241
"AC008443.1",0.090721269291354,-12.7921404110945,1.91917469956789
"TRIM52-AS1",0.458185445605236,-11.0255965342884,2.2670599817995
"DUSP22",0.509115949802761,-10.4237301230395,2.33911417233137
"IRF4",0.23386501965221,-11.7696233733186,2.16814921311575
"EXOC2",0.459670055213797,-11.0190529207968,2.26823918660078
"HUS1B",0.203504806423496,-12.4912497389434,2.07892517954733
"RP11-532F6.3",0.244822657477716,-12.5397573781334,2.17103389596362
"GMDS",0.441106494975151,-11.060235648736,2.24242918160908
"GMDS-AS1",0.301451509050628,-11.5352080262113,2.19974483512168
"WRNIP1",0.223695027974275,-12.0241158264402,2.17597860349096
"SERPINB1",1.29629086172148,-9.28125518600016,2.57066739824704
"RP11-420G6.4",0.237201218102107,-12.549029507341,2.1579848493556
"SERPINB9",0.441667087585508,-10.5320553930231,2.28901731208658
"SERPINB6",0.929249750957774,-9.79843438179988,2.47342873589382
"LINC01011",0.224820970152689,-12.0670005958397,2.17690569188224
"NQO2",0.573475270491216,-10.2013189448617,2.32046771634984
"RIPK1",0.439082438693684,-11.0614254305605,2.23845414509524
"RP1-40E16.12",0.241904545563597,-12.2014659440717,2.16146712228198
"BPHL",0.243431321069781,-11.7117139674051,2.17278568107151
"TUBB2A",0.38012968005694,-11.2685122867967,2.20547523755786
"PSMG4",0.461033245935361,-10.5024429045719,2.32322597935706
"FAM50B",0.265406466391688,-11.6420470295071,2.1867035920894
"PRPF4B",0.445574998357948,-10.6237558364488,2.27646806418549
"ECI2",0.55463904707687,-10.2814801369792,2.3280575000712
"CDYL",0.303949947574791,-11.5274100049873,2.20034205527944
"RPP40",0.347027480193409,-11.3972077836428,2.20896727921405
"RP11-428J1.5",0.174120422480146,-12.6247712823772,2.05817582041029
"LYRM4",0.716312136487695,-10.0039321588912,2.40687674805145
"FARS2",0.45044524416492,-10.6694128028107,2.27498586141456
"F13A1",0.276695300964154,-11.6108773913882,2.19221651858524
"LY86",0.992960686049162,-9.67058649305778,2.47684673350477
"RREB1",0.404153181232032,-11.1545373369774,2.20126864703396
"SSR1",0.714939137838849,-10.0046837676041,2.40608606397551
"RIOK1",0.47051357233558,-10.9205005063694,2.27225150304222
"SNRNP48",0.471029304843426,-10.8998280114411,2.27212449229524
"TXNDC5",0.203504806423496,-12.4912497389434,2.07892517954733
"BLOC1S5",0.449658314278782,-11.0504821370448,2.25723088360115
"EEF1E1",0.489198896667418,-10.4664295402168,2.33785761467402
"SLC35B3",0.431829747166416,-11.0666301549537,2.22436033133221
"GCNT2",0.241904545563597,-12.2014659440717,2.16146712228198
"PAK1IP1",0.411015890030226,-11.1241298180287,2.2024862367745
"TMEM14C",0.779982955399631,-9.91662651849795,2.43093522724204
"RP11-421M1.8",0.108196131760806,-13.0200960649104,2.02232033555741
"TMEM14B",1.03452647765107,-9.57265373110909,2.4720032680679
"SMIM13",0.385644368635365,-11.2429541466967,2.20409298919515
"NEDD9",0.465277697773284,-10.7875618737204,2.27228848413651
"TMEM170B",0.217168357845664,-12.5125542968357,2.11121018860736
"ADTRP",0.470868564996867,-10.8701021265649,2.27192738000204
"HIVEP1",0.226965555352143,-11.8539915358263,2.1682399487526
"PHACTR1",0.443892111531542,-10.6042074778676,2.27744087741373
"TBC1D7",0.438656995374367,-11.0616560779418,2.23760088373403
"GFOD1",0.312415811570225,-11.5013771452248,2.20235150349299
"SIRT5",0.437326993464604,-11.0623805503055,2.23495169521019
"NOL7",0.993532416471896,-9.66911730555056,2.47676383022862
"AL441883.1",0.090721269291354,-12.7921404110945,1.91917469956789
"RANBP9",0.344727029962021,-11.4046107988564,2.20876481991351
"MCUR1",0.441598597177555,-10.5672216815085,2.28075604583804
"CD83",0.526363250334245,-10.3770387132038,2.33667086442547
"JARID2",0.468213485422354,-10.9580216594021,2.27215059320545
"DTNBP1",0.596522149492954,-10.074246014172,2.31411249715473
"MYLIP",0.885976201597707,-9.82454243136127,2.45813990843529
"GMPR",0.40517209567256,-11.1498423107876,2.20132790386151
"ATXN1",0.456918892634846,-11.0305791095925,2.26592629540201
"RP1-151F17.2",0.108196131760806,-13.0200960649104,2.02232033555741
"FAM8A1",0.309940402152195,-11.5089209858606,2.20176716673798
"NUP153",0.414579621266846,-11.1098167832024,2.20402627731241
"RP11-500C11.3",0.229216757627761,-11.8185740413693,2.16758308707388
"KIF13A",0.225618966400741,-12.0834241998706,2.17670796339033
"NHLRC1",0.174120422480146,-12.6247712823772,2.05817582041029
"TPMT",0.469460173574298,-10.4949207652761,2.32987224324049
"KDM1B",0.443805074415447,-11.0582265927477,2.24753658013198
"DEK",1.02722458780378,-9.58801405534278,2.47242993053171
"RNF144B",0.375487384862029,-11.2892756927383,2.20658333980609
"MBOAT1",0.224065621849842,-11.9347801167679,2.1716016566889
"E2F3",0.286834635663022,-11.5807955599529,2.19585236233327
"CDKAL1",0.347966476636038,-11.3941523124697,2.20903480623776
"SOX4",0.429247081008935,-11.0698865714674,2.2198704713348
"MRS2",0.467700223698433,-10.8126261546767,2.27198881706489
"ALDH5A1",0.22712266150858,-12.104790066756,2.17568849682712
"TDP2",0.510412503781721,-10.4205121248982,2.33902732803579
"ACOT13",0.442656670058953,-11.0591628553823,2.24539547940442
"C6orf62",0.493590096897743,-10.4581409761989,2.33860875483597
"GMNN",0.28364626455796,-11.5904528595306,2.19482183207775
"FAM65B",1.10806033657865,-9.5472647323254,2.55608144923174
"RP11-367G6.3",0.228616423114379,-11.8269160569712,2.16766920223184
"LRRC16A",0.090721269291354,-12.7921404110945,1.91917469956789
"TRIM38",0.569795539212458,-10.2183689405159,2.32199171603155
"U91328.19",0.124744812975913,-12.9345239920951,2.0430897230423
"HIST1H3A",0.141473787659634,-12.8191386499719,2.05126746596957
"HIST1H1C",0.50159515439463,-10.4413454013201,2.33924493246931
"HFE",0.189222923805307,-12.520920249976,2.05838802962435
"HIST1H4C",0.517041475234462,-10.4033210884326,2.338322642494
"HIST1H2BC",0.375735573807875,-11.2881886386573,2.20652769281198
"HIST1H2AC",0.457098611034401,-10.7216233271407,2.27367461735315
"HIST1H1E",0.253309504187197,-11.6759268360451,2.17920616014382
"HIST1H2BD",0.268825599748016,-11.6327952833949,2.18854563833127
"HIST1H3D",0.23078253123122,-12.1364778837008,2.17188129372768
"HIST1H4E",0.24453111945453,-12.2214289751843,2.16052314828958
"HIST1H2BG",0.174120422480146,-12.6247712823772,2.05817582041029
"HIST1H2AE",0.238267439470462,-12.1788669084481,2.16398271757428
"HIST1H1D",0.226965555352143,-11.8539915358263,2.1682399487526
"HIST1H4H",0.151289836493976,-12.7783680320405,2.05965516873174
"BTN3A2",0.989814886395787,-9.67870286887952,2.47729675369011
"BTN2A2",0.336747253740007,-11.4292249806333,2.20768150937996
"BTN3A1",0.450029667630869,-10.5098099219852,2.30951538349366
"BTN3A3",0.455595410503959,-10.7102254558365,2.27395353967963
"BTN2A1",0.446191838281835,-11.0557529710318,2.25175023697878
"HCG11",0.223506913503804,-11.9791550530398,2.17392053640435
"HMGN4",0.452139644525247,-11.0451609854515,2.26062929952455
"ABT1",0.667241126215036,-10.0075075396832,2.37506473313285
"ZNF322",0.252669045295664,-12.3369290773934,2.16608382286099
"RP11-457M11.5",0.090721269291354,-12.7921404110945,1.91917469956789
"HIST1H2BJ",0.239769875723578,-12.1876638682168,2.16278966273569
"HIST1H2AG",0.189222923805307,-12.520920249976,2.05838802962435
"HIST1H2BK",0.572208336806196,-10.2072719256453,2.32098908100288
"HIST1H2AH",0.108196131760806,-13.0200960649104,2.02232033555741
"ZNF391",0.090721269291354,-12.7921404110945,1.91917469956789
"ZNF184",0.253776510344264,-12.4304809561986,2.17385166909698
"HIST1H4J",0.23078253123122,-12.1364778837008,2.17188129372768
"HIST1H2BN",0.27374702762166,-11.6192263026565,2.19093972565155
"HIST1H2AL",0.108196131760806,-13.0200960649104,2.02232033555741
"HIST1H1B",0.24091750569098,-12.5477283541057,2.16491264231531
"HIST1H2AM",0.174120422480146,-12.6247712823772,2.05817582041029
"RP1-313I6.12",0.490249089910255,-10.464508160074,2.33806458098307
"ZNF165",0.158147028664132,-12.743367074885,2.06256469798137
"ZSCAN16-AS1",0.468640681023308,-10.8244467292472,2.27190686780533
"ZSCAN16",0.423548881942278,-11.0811483215147,2.21170221133003
"ZKSCAN8",0.224065621849842,-11.9347801167679,2.1716016566889
"ZSCAN9",0.223483964358326,-11.9978879830348,2.17485616472569
"ZKSCAN4",0.250066880072025,-12.508963921607,2.17627790166079
"NKAPL",0.16759266301054,-12.6777798123276,2.06112349582788
"ZKSCAN3",0.250066880072025,-12.508963921607,2.17627790166079
"ZSCAN12",0.189222923805307,-12.520920249976,2.05838802962435
"HCG14",0.090721269291354,-12.7921404110945,1.91917469956789
"TRIM27",0.44663321542813,-10.6347118592001,2.27604282236088
"GABBR1",0.333403376990808,-11.4392096641121,2.20707488015413
"ZFP57",0.24453111945453,-12.2214289751843,2.16052314828958
"HLA-F",1.11849604195216,-9.55915804143624,2.59018048788221
"HLA-G",0.306439806001703,-11.519684101789,2.20093803309746
"HLA-A",4.39879410126873,-5.21334677416176,2.11474054260724
"ZNRD1-AS1",0.248063606674305,-12.2567014115598,2.16085635613381
"ZNRD1",0.697338961891907,-10.0103410338206,2.39547645148489
"PPP1R11",0.850480786675912,-9.8411738059761,2.44651786322422
"TRIM26",0.466263169003828,-10.9773517722709,2.27169792749473
"HCG18",0.456655151286558,-11.0315481693836,2.2656771341511
"TRIM39",0.441366240510793,-10.537018473029,2.28716630729949
"RPP21",0.441205537973821,-10.5421008163174,2.2856148565988
"HLA-E",2.3703496109676,-7.13743965992983,2.47642918011085
"GNL1",0.44174795880692,-10.5706567086712,2.28032135208117
"PRR3",0.383089885247152,-11.2548981870833,2.20473571080868
"ABCF1",0.473984477612786,-10.4897222574532,2.33249925800006
"PPP1R10",0.441402481078149,-10.5362412029443,2.28742909738712
"MRPS18B",0.887307166343942,-9.82398889232065,2.45861699212107
"ATAT1",0.27374702762166,-11.6192263026565,2.19093972565155
"C6orf136",0.421222617755518,-11.08739230309,2.2091223616577
"DHX16",0.389152308112735,-11.2262808848236,2.2032345380696
"PPP1R18",1.10891846340541,-9.51319278352211,2.5264050764261
"NRM",0.404721923560707,-11.1519112943397,2.20129724393512
"MDC1",0.235831001374619,-12.1654885580238,2.16626798040572
"TUBB",1.11215389268367,-9.56630813353273,2.58413231056508
"XXbac-BPG252P9.9",0.301451509050628,-11.5352080262113,2.19974483512168
"FLOT1",0.657748420464254,-10.004623494394,2.36783140483176
"XXbac-BPG252P9.10",0.189222923805307,-12.520920249976,2.05838802962435
"IER3",0.465901272609908,-10.9804265783925,2.27158601716852
"DDR1",0.158147028664132,-12.743367074885,2.06256469798137
"GTF2H4",0.108196131760806,-13.0200960649104,2.02232033555741
"VARS2",0.223483964358326,-11.9978879830348,2.17485616472569
"CCHCR1",0.22375500450459,-11.9529837127783,2.17254604697426
"TCF19",0.224685844288479,-11.9098833485468,2.17037723291924
"XXbac-BPG299F13.17",0.703060732762885,-10.0092587658112,2.39902161045639
"HLA-C",4.95118084354314,-4.93715984514821,2.09316645180532
"HLA-B",3.41627656805308,-5.81539436770715,2.21691387815915
"XXbac-BPG181B23.7",0.174120422480146,-12.6247712823772,2.05817582041029
"MICA",0.439802940473279,-11.0610103999574,2.2398782579355
"MICB",0.406637679241818,-11.1431730062663,2.20147877707083
"DDX39B",0.448452754431405,-10.6520180315335,2.27547489807325
"NFKBIL1",0.47063653280078,-10.916989476422,2.27223635431626
"LTA",0.371864737553081,-11.304893420966,2.20735161476811
"TNF",0.319344583891345,-11.4806092560161,2.20399355485001
"LTB",2.09391999922393,-7.24993071957401,2.48672238533196
"LST1",1.58157050525507,-8.68199197948038,2.59860373457239
"NCR3",0.639770335793224,-9.99869688264882,2.35260702998401
"AIF1",1.49975901770829,-8.47110820383423,2.56414555494369
"PRRC2A",0.466211900497891,-10.7965871642526,2.27216395322723
"BAG6",0.569990518528893,-10.2174785911818,2.32190960376514
"APOM",0.251141901207489,-11.6827217186918,2.17775498330012
"C6orf47",0.460350780922653,-10.7463886625205,2.27308890793746
"GPANK1",0.445009828659842,-10.6175366684805,2.27674359081088
"CSNK2B",1.13220547693932,-9.53592838214639,2.59384007661097
"LY6G5B",0.090721269291354,-12.7921404110945,1.91917469956789
"LY6G5C",0.228468715570751,-12.1186282691869,2.17441752459222
"ABHD16A",0.387415497071228,-11.2345599720108,2.20365151181136
"LY6G6F",0.191703859566988,-12.5104880710749,2.06046429065225
"C6orf25",0.23488365536117,-12.1604014949367,2.16725669041873
"DDAH2",0.515046154091526,-10.4086218666419,2.33857757289487
"CLIC1",1.23089823196388,-8.10432214446603,2.54536494476049
"MSH5",0.16759266301054,-12.6777798123276,2.06112349582788
"VARS",0.398585905729195,-11.1808496154353,2.2014893716533
"LSM2",0.950772339856897,-9.76897700455131,2.47833043705202
"HSPA1L",0.151289836493976,-12.7783680320405,2.05965516873174
"HSPA1A",0.488709614028414,-10.4673127355272,2.33775507984111
"HSPA1B",0.241904545563597,-12.2014659440717,2.16146712228198
"C6orf48",1.58529728944547,-8.92955710485464,2.63432892433354
"NEU1",0.441305174301552,-10.558544163887,2.28205600351685
"EHMT2",0.466740114589797,-10.9731263699476,2.27183272329786
"C2",0.223695027974275,-12.0241158264402,2.17597860349096
"NELFE",0.676904513172965,-10.0096614647093,2.38198165032087
"SKIV2L",0.353423375039231,-11.3757870770628,2.2092263265141
"DXO",0.461905932875632,-11.0075926007702,2.26973953022764
"STK19",0.235831001374619,-12.1654885580238,2.16626798040572
"ATF6B",0.755238529186188,-9.95832446574756,2.42478584436759
"FKBPL",0.235831001374619,-12.1654885580238,2.16626798040572
"PRRT1",0.141473787659634,-12.8191386499719,2.05126746596957
"PPT2",0.189222923805307,-12.520920249976,2.05838802962435
"AGPAT1",0.463711072273834,-10.9965985302904,2.27070423148973
"RNF5",0.748954745082873,-9.96847125606893,2.42263071386363
"AGER",0.241904545563597,-12.2014659440717,2.16146712228198
"PBX2",0.441816887308936,-11.0597700948226,2.24380086597125
"GPSM3",1.33604584774941,-8.1719099565396,2.52438204420123
"NOTCH4",0.252848887651615,-12.4667426727497,2.17603331892423
"HLA-DRA",2.08574626218627,-7.30155481225517,2.47085706182859
"HLA-DRB5",1.46493566532635,-9.08414920657574,2.62565592184222
"HLA-DRB1",1.22381658878453,-8.10876582084629,2.55205743655164
"HLA-DQA1",1.12261791106154,-9.55271782108612,2.59201825622609
"HLA-DQB1",1.12060867777728,-9.55595826788278,2.59124286739448
"HLA-DQB1-AS1",0.108196131760806,-13.0200960649104,2.02232033555741
"HLA-DQA2",0.792615858298942,-9.89745753453136,2.43335780949968
"HLA-DQB2",0.437193474172236,-11.0624565478601,2.2346866650318
"HLA-DOB",0.443587793227012,-10.6002954802745,2.27768206980992
"TAP2",0.465834989095481,-10.4984829458011,2.32732133875074
"PSMB8",1.46920134362546,-9.0966857360003,2.61089868518206
"TAPSAR1",1.01239517056051,-9.62193986396138,2.4740269114068
"PSMB9",1.58677112828809,-8.69972181952494,2.60144928403678
"TAP1",1.02600127747223,-9.59068589272685,2.47253057613677
"HLA-DMB",0.963740526861422,-9.74300552941866,2.47931804654221
"HLA-DMA",1.12240210222422,-9.55307548693452,2.59194376850406
"BRD2",0.788026827162247,-9.90415566069121,2.43249616084939
"XXbac-BPG181M17.6",0.124744812975913,-12.9345239920951,2.0430897230423
"HLA-DOA",0.348901448787346,-11.3910718616814,2.20908977133735
"HLA-DPA1",1.21902457244544,-8.11782100170665,2.56277950824009
"HLA-DPB1",1.27778765256613,-8.10535485189212,2.5817755202072
"RXRB",0.466433065176947,-10.7988085163261,2.27213296681826
"SLC39A7",0.469033690959166,-10.8300236767256,2.2718811497834
"HSD17B8",0.44927864485518,-10.6593807253005,2.27525984847035
"RING1",0.444401591063981,-10.6104712694111,2.27709257911405
"VPS52",0.327625183902159,-11.4562335460741,2.20588919150169
"RPS18",6.13236860852071,-4.01036540409677,2.06282058806741
"B3GALT4",0.467958896131062,-10.9608923501182,2.27210794030642
"WDR46",0.469554687399735,-10.4948208422522,2.32993303207193
"PFDN6",0.60361342862302,-10.0358973985968,2.31682566941705
"RGL2",0.470961184049704,-10.874640489376,2.27194979268434
"TAPBP",1.09304313978438,-9.49040311468428,2.48729122901707
"ZBTB22",0.264423314147689,-11.6446953514024,2.18614617169067
"DAXX",0.525695296579392,-10.3790038942714,2.33681232868933
"KIFC1",0.170283238858961,-12.6562478362583,2.05995523468468
"PHF1",0.592217330292474,-10.1002485609441,2.31421321656677
"CUTA",1.46502997494746,-9.1390856356526,2.57928731287103
"SYNGAP1",0.279756854451389,-11.6020065129566,2.1934278299972
"ZBTB9",0.174120422480146,-12.6247712823772,2.05817582041029
"BAK1",0.460451448286112,-10.7471727720563,2.27307189375309
"ITPR3",0.309940402152195,-11.5089209858606,2.20176716673798
"UQCC2",0.587169689518267,-10.1299352413696,2.31533129207839
"LEMD2",0.452954145724957,-10.6898281384931,2.27446232814444
"HMGA1",0.704574818526622,-10.0088614329914,2.39994439050989
"C6orf1",0.553602210952934,-10.2854401203397,2.32844494914622
"RP11-513I15.6",0.141473787659634,-12.8191386499719,2.05126746596957
"NUDT3",0.563684650630007,-10.2450867400655,2.32450772286404
"RPS10",4.71723430425228,-5.07616094714765,2.10139581202076
"PACSIN1",0.203504806423496,-12.4912497389434,2.07892517954733
"C6orf106",0.445907242886321,-11.0560946168345,2.25126355553387
"RP11-140K17.3",0.363949299317625,-11.3370969602392,2.20861637561393
"SNRPC",0.964187626609322,-9.74201087537817,2.47932428131
"UHRF1BP1",0.108196131760806,-13.0200960649104,2.02232033555741
"TAF11",0.539916006543785,-10.3343470536642,2.33312192863918
"ANKS1A",0.217168357845664,-12.5125542968357,2.11121018860736
"ZNF76",0.43371124623731,-11.0648461788982,2.22786589069926
"DEF6",0.783628398143872,-9.91087787488867,2.4316583026554
"PPARD",0.228218527898891,-11.8328472417398,2.1677628936284
"FANCE",0.158147028664132,-12.743367074885,2.06256469798137
"RPL10A",5.04471956149594,-4.84834601075764,2.1001965782169
"FKBP5",0.564632977353269,-10.2410565170182,2.32411998684565
"SRPK1",0.468859981005973,-10.9499964557248,2.27223846079973
"MAPK14",0.441574801618842,-10.5332877369607,2.28852059783056
"MAPK13",0.418144160677394,-11.0970101508282,2.20636493494739
"BRPF3",0.189222923805307,-12.520920249976,2.05838802962435
"ETV7",0.22375500450459,-11.9529837127783,2.17254604697426
"KCTD20",0.470938658701406,-10.8735186137538,2.27194407816807
"STK38",0.58441347651543,-10.1454365390664,2.31621375249008
"SRSF3",1.46486367904387,-9.08930627609748,2.61999865540369
"CDKN1A",0.513969561580463,-10.4114418922675,2.33870116200024
"CPNE5",0.230151203420488,-11.806753904998,2.16753561117243
"PPIL1",0.464962652157125,-10.987797172115,2.27124901174385
"C6orf89",0.451982656511092,-10.6820740333844,2.27465579693306
"PI16",0.339105839734121,-11.4220917610365,2.20805934831243
"MTCH1",0.741060400511894,-9.98006330824834,2.41948788579039
"FGD2",0.471056752778017,-10.897117985711,2.27210429387895
"COX6A1P2",0.907864931608842,-9.81447004984461,2.46614366493535
"PIM1",0.918662261248461,-9.8075632362147,2.46998809150319
"TBC1D22B",0.267827718943378,-11.6355057427823,2.18802368561981
"RNF8",0.469952441531498,-10.9329061543071,2.27228743469413
"CMTR1",0.432153470739172,-11.066289033713,2.22495044312229
"CCDC167",0.603464931097157,-10.0365727883885,2.31672794221836
"MDGA1",0.090721269291354,-12.7921404110945,1.91917469956789
"ZFAND3",0.444309386855842,-10.6093721014139,2.27715060028305
"BTBD9",0.23199352621588,-11.7866684234734,2.16771263742681
"GLO1",0.719957327326243,-10.0016494129517,2.40893510869018
"SAYSD1",0.469859536479708,-10.9346168300406,2.2722876273228
"UNC5CL",0.108196131760806,-13.0200960649104,2.02232033555741
"OARD1",0.577334012082782,-10.1825740940474,2.31889520020388
"NFYA",0.300427718600343,-11.5384103559416,2.199496241444
"TREML1",0.224302765477839,-11.9241622381608,2.1710655128721
"TREML2",0.250066880072025,-12.508963921607,2.17627790166079
"TREM1",0.45296856265928,-11.0430697877423,2.26166785600434
"FOXP4",0.253776510344264,-12.4304809561986,2.17385166909698
"TFEB",0.462363550069959,-11.0049708067145,2.27000581100442
"FRS3",0.203504806423496,-12.4912497389434,2.07892517954733
"PRICKLE4",0.224820970152689,-12.0670005958397,2.17690569188224
"USP49",0.174120422480146,-12.6247712823772,2.05817582041029
"MED20",0.252848887651615,-12.4667426727497,2.17603331892423
"BYSL",0.230060037367206,-12.131467514195,2.17270134224941
"CCND3",1.43189341711158,-9.16460655667785,2.57139933417881
"TAF8",0.447583979367493,-11.0539138640079,2.25404849497408
"MRPS10",0.446344348083279,-10.5136994485844,2.30268992150103
"TRERF1",0.235301446437578,-11.7582718172183,2.16862943826843
"UBR2",0.456655528079872,-10.718263991071,2.27375522497781
"TBCC",0.79859204685224,-9.8892595304449,2.43448246864506
"GLTSCR1L",0.322784307187702,-11.4704529360613,2.20479588854816
"RPL7L1",0.636790897908241,-9.99794152894483,2.34985480213039
"C6orf226",0.443460092074118,-10.5203885560552,2.29563246760906
"PTCRA",0.240688263413915,-11.7248453471037,2.17117455858357
"CNPY3",1.1083876585395,-9.53983818227399,2.54956403494095
"RP3-475N16.1",0.235831001374619,-12.1654885580238,2.16626798040572
"PEX6",0.360929126623443,-11.348664862052,2.2089234439008
"PPP2R5D",0.350243796832789,-11.386611316548,2.2091560063327
"MEA1",0.701859423793366,-10.0095438735003,2.3982859236642
"KLHDC3",0.565124481393828,-10.2389570939281,2.32391967630654
"RRP36",0.251141901207489,-11.6827217186918,2.17775498330012
"CUL7",0.158147028664132,-12.743367074885,2.06256469798137
"KLC4",0.22574027356051,-11.8799454622156,2.16909304326823
"MRPL2",0.451082273264119,-10.5090290870756,2.31118750868584
"PTK7",0.090721269291354,-12.7921404110945,1.91917469956789
"SRF",0.258748343647862,-11.6601487887884,2.18272220633917
"CUL9",0.251141901207489,-11.6827217186918,2.17775498330012
"DNPH1",0.618136953750245,-10.0007205094111,2.33091261823162
"CRIP3",0.124744812975913,-12.9345239920951,2.0430897230423
"ZNF318",0.325211595687644,-11.4633216038494,2.20535006957762
"ABCC10",0.247173116828772,-11.6964984448509,2.17514400681585
"TJAP1",0.347966476636038,-11.3941523124697,2.20903480623776
"POLR1C",0.380470518690739,-11.266954524078,2.20539002901601
"YIPF3",0.608221355110358,-10.0184829611958,2.32057832284521
"XPO5",0.23078253123122,-12.1364778837008,2.17188129372768
"POLH",0.223483964358326,-11.9978879830348,2.17485616472569
"GTPBP2",0.223478761113204,-11.9952368670909,2.17473011309681
"MAD2L1BP",0.419323248922178,-11.0931396436682,2.20733540757202
"RSPH9",0.108196131760806,-13.0200960649104,2.02232033555741
"MRPS18A",0.453905958456148,-10.5071720276973,2.31522074437262
"VEGFA",0.183062415540771,-12.5564644150092,2.05608461177669
"MRPL14",0.782038509381909,-9.91337020666836,2.43134801615516
"TMEM63B",0.241904545563597,-12.2014659440717,2.16146712228198
"SLC29A1",0.277255247064729,-11.6092735883829,2.19244704213465
"HSP90AB1",1.46594750594892,-9.09198159855183,2.6167635718309
"SLC35B2",0.445206524832609,-11.0568781963634,2.25005423745749
"NFKBIE",0.40069808220716,-11.1707663965574,2.20130761253405
"AARS2",0.241695900609293,-12.5467848054605,2.16624256450464
"CDC5L",0.544151087621164,-10.3198531120542,2.33177351470065
"SUPT3H",0.441976500049116,-10.575370547099,2.27977347899318
"RUNX2",0.321787468070285,-11.4733956549449,2.20456706007782
"CLIC5",0.090721269291354,-12.7921404110945,1.91917469956789
"RP1-8B1.4",0.241695900609293,-12.5467848054605,2.16624256450464
"ENPP4",0.224065621849842,-11.9347801167679,2.1716016566889
"ENPP5",0.250066880072025,-12.508963921607,2.17627790166079
"PLA2G7",0.318358596425731,-11.4835384849726,2.20376236093397
"RP11-385F7.1",0.141473787659634,-12.8191386499719,2.05126746596957
"CD2AP",0.384068756376719,-11.2503479439045,2.2044907306658
"MUT",0.253309504187197,-11.6759268360451,2.17920616014382
"CENPQ",0.226183628844696,-11.8696976462039,2.16872789246404
"MCM3",0.441357263055574,-10.5372340983742,2.2870959736497
"PAQR8",0.355648341701213,-11.3679762538592,2.20920993508267
"EFHC1",0.330031274206338,-11.4491777419876,2.20640509817246
"TRAM2",0.248063606674305,-12.2567014115598,2.16085635613381
"TRAM2-AS1",0.174120422480146,-12.6247712823772,2.05817582041029
"TMEM14A",0.442525520185403,-11.0592618382552,2.24514909905223
"GSTA4",0.240534707141203,-11.7256403043515,2.17108882714731
"ICK",0.230189928028585,-12.5414312256707,2.14290754443097
"FBXO9",0.457729764880145,-10.726391133117,2.27355818387294
"ELOVL5",0.805085142696619,-9.88100803662792,2.43572599187293
"GCLC",0.225618966400741,-12.0834241998706,2.17670796339033
"LRRC1",0.090721269291354,-12.7921404110945,1.91917469956789
"DST",0.174120422480146,-12.6247712823772,2.05817582041029
"KIAA1586",0.225242173550997,-11.8928066779572,2.16961132666487
"ZNF451",0.446888890309239,-11.0548770528788,2.25291766010547
"BAG2",0.421627528630122,-11.0862418942471,2.2095385434348
"PRIM2",0.315885778068481,-11.4909045559396,2.20317613981035
"XXbac-BPGBPG55C20.2",0.251043590229985,-12.498046019625,2.17663952098868
"FKBP1C",0.203504806423496,-12.4912497389434,2.07892517954733
"PTP4A1",0.637049269679921,-9.99799601187797,2.35009447348446
"RP5-1148A21.3",0.124744812975913,-12.9345239920951,2.0430897230423
"PHF3",0.523941043498388,-10.3841053620649,2.33716841657726
"RP3-525N10.2",0.230189928028585,-12.5414312256707,2.14290754443097
"LMBRD1",0.441157758827007,-10.5496787255571,2.28375502831291
"COL19A1",0.247088309743925,-12.5303994035623,2.17384969389464
"FAM135A",0.203504806423496,-12.4912497389434,2.07892517954733
"C6orf57",0.235831001374619,-12.1654885580238,2.16626798040572
"SMAP1",0.587937503488681,-10.1255243282611,2.31511235547694
"B3GAT2",0.241695900609293,-12.5467848054605,2.16624256450464
"OGFRL1",0.347027480193409,-11.3972077836428,2.20896727921405
"KHDC1",0.230189928028585,-12.5414312256707,2.14290754443097
"RP11-398K22.12",0.174120422480146,-12.6247712823772,2.05817582041029
"DDX43",0.232716917859322,-12.1484300758739,2.16966635603658
"MB21D1",0.277255247064729,-11.6092735883829,2.19244704213465
"MTO1",0.464962652157125,-10.987797172115,2.27124901174385
"EEF1A1",5.21779571571378,-4.77777437294616,2.23363754792515
"SLC17A5",0.239121755146729,-11.7333567076361,2.17034018854576
"COX7A2",1.39525431093799,-9.19074123178208,2.56792283447233
"TMEM30A",0.520574717703757,-10.3936529332368,2.3377824528153
"RP1-234P15.4",0.090721269291354,-12.7921404110945,1.91917469956789
"SENP6",0.441446785693487,-10.5631862484195,2.28132287280301
"MYO6",0.253776510344264,-12.4304809561986,2.17385166909698
"IRAK1BP1",0.141473787659634,-12.8191386499719,2.05126746596957
"PHIP",0.548256961301435,-10.3052729908889,2.33037827329942
"HMGN3",1.03639042959786,-9.5688788996399,2.4719395070843
"HMGN3-AS1",0.158147028664132,-12.743367074885,2.06256469798137
"SH3BGRL2",0.158147028664132,-12.743367074885,2.06256469798137
"ELOVL4",0.230060037367206,-12.131467514195,2.17270134224941
"BCKDHB",0.398585905729195,-11.1808496154353,2.2014893716533
"FAM46A",0.470556993917557,-10.4937396316304,2.33056274779741
"IBTK",0.44647810540494,-11.0554030677705,2.25223166396777
"UBE3D",0.27374702762166,-11.6192263026565,2.19093972565155
"DOPEY1",0.223695027974275,-12.0241158264402,2.17597860349096
"PGM3",0.252669045295664,-12.3369290773934,2.16608382286099
"RWDD2A",0.22712266150858,-12.104790066756,2.17568849682712
"ME1",0.090721269291354,-12.7921404110945,1.91917469956789
"CYB5R4",0.613728134027424,-10.0060253502998,2.32616498012949
"KIAA1009",0.23078253123122,-12.1364778837008,2.17188129372768
"NT5E",0.251141901207489,-11.6827217186918,2.17775498330012
"SNX14",0.454271623081911,-10.7001160508413,2.27420638777014
"SYNCRIP",0.546084656515339,-10.3130540026745,2.33112589565889
"RP1-3J17.3",0.447087053831029,-10.5126838197405,2.30421597488268
"RP11-393I2.4",0.101084877533373,-12.9582856770516,1.98697941273538
"ZNF292",0.451749889865055,-10.6801913897714,2.27470463562917
"SMIM8",0.31342617184787,-11.4983190089717,2.20259098932825
"RP1-102H19.8",0.252669045295664,-12.3369290773934,2.16608382286099
"SLC35A1",0.44219598143722,-11.0595073072704,2.24452803540432
"RARS2",0.46267209482466,-10.7648546368452,2.27269217904762
"ORC3",0.360929126623443,-11.348664862052,2.2089234439008
"AKIRIN2",0.708865299752286,-10.0074557628082,2.40252964143637
"RNGTT",0.371035178180678,-11.308387848168,2.20751175530643
"PNRC1",1.60216285143485,-8.87722183418048,2.62782673118499
"PM20D2",0.246161006325488,-11.7003570237215,2.17449086994333
"UBE2J1",0.66496881258856,-10.0068694439753,2.37337677957711
"RRAGD",0.174120422480146,-12.6247712823772,2.05817582041029
"ANKRD6",0.108196131760806,-13.0200960649104,2.02232033555741
"LYRM2",0.471746294425153,-10.4923972477101,2.33127113389597
"MDN1",0.258748343647862,-11.6601487887884,2.18272220633917
"BACH2",0.380470518690739,-11.266954524078,2.20539002901601
"MAP3K7",0.461012706853205,-11.0124278331655,2.26918162001459
"MANEA-AS1",0.241695900609293,-12.5467848054605,2.16624256450464
"MANEA",0.223506913503804,-11.9791550530398,2.17392053640435
"UFL1",0.441192142605997,-10.5530995266516,2.2830466425999
"GPR63",0.101084877533373,-12.9582856770516,1.98697941273538
"NDUFAF4",0.483462725805901,-10.4762308885318,2.33638727885746
"KLHL32",0.090721269291354,-12.7921404110945,1.91917469956789
"MMS22L",0.22375500450459,-11.9529837127783,2.17254604697426
"FBXL4",0.36307676210191,-11.34047880421,2.20871625135506
"COQ3",0.248182685417313,-11.6927940738112,2.17580024179626
"PNISR",1.25616568297711,-9.33061778343395,2.57563175575083
"RP11-98I9.4",0.174120422480146,-12.6247712823772,2.05817582041029
"USP45",0.203504806423496,-12.4912497389434,2.07892517954733
"TSTD3",0.158147028664132,-12.743367074885,2.06256469798137
"CCNC",0.60127633060262,-10.047302202708,2.31548271466087
"ASCC3",0.461336846505291,-11.0107266950075,2.2693906361035
"RP3-467N11.1",0.241695900609293,-12.5467848054605,2.16624256450464
"HACE1",0.241695900609293,-12.5467848054605,2.16624256450464
"PREP",0.464472995037701,-10.9913766677462,2.27104822401667
"PRDM1",0.321787468070285,-11.4733956549449,2.20456706007782
"ATG5",0.556516354897289,-10.2742090439213,2.32734522833331
"AIM1",0.44224958461656,-10.5803735437603,2.27925453516894
"RTN4IP1",0.224685844288479,-11.9098833485468,2.17037723291924
"QRSL1",0.483824200256372,-10.4756492497496,2.33649812106226
"C6orf203",0.446888890309239,-11.0548770528788,2.25291766010547
"PDSS2",0.432936132484423,-11.0655252314777,2.22640344540284
"SOBP",0.108196131760806,-13.0200960649104,2.02232033555741
"SCML4",0.512553708404435,-10.4150939112632,2.33884546362213
"SEC63",0.519167653885993,-10.3975494963666,2.33801154078262
"RP1-191J18.66",0.108196131760806,-13.0200960649104,2.02232033555741
"OSTM1",0.443146990733685,-10.5943140312907,2.27808919318601
"SNX3",1.46892172798751,-9.09633856000134,2.61133340125423
"LACE1",0.252669045295664,-12.3369290773934,2.16608382286099
"FOXO3",0.438359458117575,-11.0618177554228,2.23700850805954
"ARMC2",0.224820970152689,-12.0670005958397,2.17690569188224
"SESN1",0.425228860306968,-11.0772399231774,2.21384037041768
"CEP57L1",0.226965555352143,-11.8539915358263,2.1682399487526
"CD164",1.14686104269898,-9.508678528441,2.59363403837904
"RP11-425D10.10",0.174120422480146,-12.6247712823772,2.05817582041029
"PPIL6",0.090721269291354,-12.7921404110945,1.91917469956789
"SMPD2",0.362689393589097,-11.3419692774095,2.20875757090512
"MICAL1",0.441232972026909,-10.5409145269169,2.28595431493034
"ZBTB24",0.470079498447869,-10.930426323461,2.27228328149755
"AK9",0.267827718943378,-11.6355057427823,2.18802368561981
"FIG4",0.424856849288194,-11.0780617227707,2.21334472978913
"CDC40",0.588640408018211,-10.1214573227938,2.31492671308954
"DDO",0.090721269291354,-12.7921404110945,1.91917469956789
"CDK19",0.375402502905446,-11.2896470751541,2.20660239308907
"AMD1",0.687710905538329,-10.0108046173805,2.38928867225005
"GTF3C6",0.764494764229546,-9.94261277827991,2.42745347728186
"RPF2",0.468169158486643,-10.9585289648028,2.27214354147953
"KIAA1919",0.223695027974275,-12.0241158264402,2.17597860349096
"REV3L",0.324219516860707,-11.4662383054687,2.20512556831078
"TRAF3IP2-AS1",0.203504806423496,-12.4912497389434,2.07892517954733
"TRAF3IP2",0.228218527898891,-11.8328472417398,2.1677628936284
"FYN",0.81984253291893,-9.86482564532674,2.43876809522228
"TUBE1",0.377786134052374,-11.2791081096936,2.206051454787
"FAM229B",0.235831001374619,-12.1654885580238,2.16626798040572
"MARCKS",0.437193474172236,-11.0624565478601,2.2346866650318
"HDAC2",0.568432579896515,-10.2244920276645,2.32255606914593
"NT5DC1",0.548115881192813,-10.3057817888638,2.33042737126523
"TSPYL4",0.36307676210191,-11.34047880421,2.20871625135506
"DSE",0.298947621855813,-11.5430506211532,2.19913559051376
"TSPYL1",0.566390604472757,-10.2334838956933,2.32339894174019
"FAM26F",1.09929938767632,-9.4894204638645,2.49420458481967
"RWDD1",1.08307029482049,-9.49741046364621,2.48044835080741
"ZUFSP",0.378385591879549,-11.2764045915125,2.20590326824783
"KPNA5",0.38490862710076,-11.2464107177746,2.20427787268896
"GOPC",0.470851546390807,-10.8693449015104,2.27192322205283
"DCBLD1",0.276234074996775,-11.6121930892694,2.19202297773267
"NUS1",0.462462992702798,-11.0043833175682,2.27006223214441
"CEP85L",0.430222025732156,-11.0685295513821,2.22151008738469
"MCM9",0.225242173550997,-11.8928066779572,2.16961132666487
"ASF1A",0.655811287443153,-10.0039845313825,2.36629642883066
"MAN1A1",0.203504806423496,-12.4912497389434,2.07892517954733
"TBC1D32",0.250066880072025,-12.508963921607,2.17627790166079
"HSF2",0.386694205114887,-11.2379833690839,2.20382975371651
"SERINC1",0.634408851866184,-9.99744904293893,2.34759741040223
"PKIB",0.197663683629374,-12.4947298912936,2.06814566555827
"SMPDL3A",0.294242009334997,-11.5578102923033,2.19794995320636
"RNF217",0.108196131760806,-13.0200960649104,2.02232033555741
"HDDC2",0.739473458090905,-9.98218730760917,2.41879701380515
"NCOA7",0.416169416065135,-11.1038987932544,2.20496221833531
"HINT3",0.429885971519857,-11.0689786371609,2.22093782401831
"TRMT11",0.341450871520497,-11.4148798667032,2.20838647618076
"CENPW",0.226493260124525,-11.8631836685417,2.16851004082371
"RNF146",0.465438350247918,-10.9841531997386,2.27142848357572
"ECHDC1",0.632147979888103,-9.99710901671742,2.34541157870698
"THEMIS",0.441483489805008,-10.5347307736948,2.28797060276828
"PTPRK",0.235831001374619,-12.1654885580238,2.16626798040572
"ARHGAP18",0.292898552493258,-11.5620231623232,2.19758929715922
"L3MBTL3",0.271279197396557,-11.6260880152739,2.1897771111063
"RP11-73O6.3",0.108196131760806,-13.0200960649104,2.02232033555741
"SAMD3",0.683061649116837,-10.0105122090737,2.38619886996876
"TMEM200A",0.090721269291354,-12.7921404110945,1.91917469956789
"EPB41L2",0.253776510344264,-12.4304809561986,2.17385166909698
"AKAP7",0.471075234431327,-10.8947988222877,2.27208804481746
"MED23",0.341450871520497,-11.4148798667032,2.20838647618076
"LINC01013",0.191703859566988,-12.5104880710749,2.06046429065225
"STX7",0.693010298174756,-10.0107465226123,2.39273108927039
"VNN1",0.252669045295664,-12.3369290773934,2.16608382286099
"VNN2",0.470424564558701,-10.9227661444229,2.2722619266685
"SLC18B1",0.387415497071228,-11.2345599720108,2.20365151181136
"RPS12",5.67715898639722,-4.34796895664848,2.13023323916711
"TBPL1",0.486900129063859,-10.4704965356359,2.33733835789117
"SGK1",0.454692588319275,-10.7033576528937,2.27412622458437
"HBS1L",0.457180367859613,-11.0295869668091,2.26616815360276
"MYB",0.237201218102107,-12.549029507341,2.1579848493556
"AHI1",0.312415811570225,-11.5013771452248,2.20235150349299
"BCLAF1",0.616008918381456,-10.0028752439074,2.32861320731869
"MAP7",0.141473787659634,-12.8191386499719,2.05126746596957
"RP3-325F22.5",0.240729058637369,-12.5479176298128,2.16458475481962
"MAP3K5",0.23199352621588,-11.7866684234734,2.16771263742681
"PEX7",0.315885778068481,-11.4909045559396,2.20317613981035
"IFNGR1",0.595764992778469,-10.0787844165947,2.31405020652126
"RP11-356I2.4",0.356555152777628,-11.3647454858364,2.20918466236155
"TNFAIP3",0.816996404662095,-9.86767094083503,2.43815106701244
"PERP",0.399485381241312,-11.1765425587958,2.20139749252371
"HEBP2",0.46295849997879,-10.5009557535728,2.32497568176911
"RP11-390P2.4",0.252669045295664,-12.3369290773934,2.16608382286099
"CCDC28A",0.572339193547023,-10.2066607245071,2.32093484729468
"REPS1",0.449530830069779,-11.0507162907346,2.25704368652988
"ABRACL",1.10903592918325,-9.51800611536414,2.53076743042506
"HECA",0.470851546390807,-10.8693449015104,2.27192322205283
"CITED2",1.06531381440955,-9.51873173490911,2.47421451101757
"VTA1",0.448122275807434,-10.6489920441202,2.27556611725723
"HIVEP2",0.44491946639056,-11.0571736340267,2.24954859042575
"AIG1",0.460534599664229,-10.7478199259682,2.27305768856878
"ADAT2",0.158147028664132,-12.743367074885,2.06256469798137
"PEX3",0.451864202715022,-11.0458244782134,2.26026986317438
"RP1-20N2.6",0.090721269291354,-12.7921404110945,1.91917469956789
"FUCA2",0.466056322628424,-10.7950415502689,2.27218340286415
"PHACTR2",0.427867446793118,-11.0720831208783,2.21765595472018
"LTV1",0.44350893982123,-10.5202089546361,2.29577603780073
"PLAGL1",0.23078253123122,-12.1364778837008,2.17188129372768
"SF3B5",1.37256261085419,-9.20833169818073,2.56720686430524
"STX11",0.755113776701786,-9.95852931916658,2.42474531417466
"UTRN",0.585373428162137,-10.1400951957677,2.31589002410009
"FBXO30",0.217168357845664,-12.5125542968357,2.11121018860736
"RP11-545I5.3",0.170283238858961,-12.6562478362583,2.05995523468468
"SHPRH",0.408722119676973,-11.1339227526879,2.20185107472394
"RAB32",0.593372024304342,-10.0932570719216,2.31408577690933
"STXBP5",0.230189928028585,-12.5414312256707,2.14290754443097
"UST",0.090721269291354,-12.7921404110945,1.91917469956789
"TAB2",0.451988789175945,-11.0455264371295,2.26043340717476
"ZC3H12D",0.22712266150858,-12.104790066756,2.17568849682712
"PPIL4",0.468218893391867,-10.9579594812835,2.27215144261704
"GINM1",0.446780428432954,-10.5130840780719,2.30359608351824
"KATNA1",0.463227364908191,-10.9997074220818,2.27046751337242
"LATS1",0.431029775290445,-11.0675248271579,2.22292701973991
"NUP43",0.29792123746974,-11.5462653186893,2.19888074652411
"PCMT1",1.00493567848818,-9.64019433257505,2.47507158128395
"PLEKHG1",0.217168357845664,-12.5125542968357,2.11121018860736
"MTHFD1L",0.224820970152689,-12.0670005958397,2.17690569188224
"ZBTB2",0.445206524832609,-11.0568781963634,2.25005423745749
"RMND1",0.330031274206338,-11.4491777419876,2.20640509817246
"C6orf211",0.466943671905894,-10.804166138417,2.27207155188029
"SYNE1",0.441151780287278,-10.5480254600252,2.28412207622185
"FBXO5",0.248063606674305,-12.2567014115598,2.16085635613381
"MTRF1L",0.30745846932916,-11.5165418212606,2.20117954666282
"IPCEF1",0.470971040728587,-10.8752360928173,2.2719535999494
"SCAF8",0.27374702762166,-11.6192263026565,2.19093972565155
"TIAM2",0.117913150105663,-12.9954662061038,2.04171346236043
"TFB1M",0.413897455375829,-11.1124427710348,2.20367288133126
"ARID1B",0.263012868455131,-11.6484983286782,2.18532941828352
"TMEM242",0.533511850487327,-10.3551885984698,2.3349506274983
"ZDHHC14",0.217168357845664,-12.5125542968357,2.11121018860736
"SNX9",0.455078507679478,-10.7063092517625,2.27405295863717
"RP11-52J3.3",0.223483964358326,-11.9978879830348,2.17485616472569
"SYNJ2",0.252669045295664,-12.3369290773934,2.16608382286099
"SERAC1",0.174120422480146,-12.6247712823772,2.05817582041029
"GTF2H5",0.444179595989242,-10.6077956910999,2.27723641933324
"RP11-732M18.3",0.108196131760806,-13.0200960649104,2.02232033555741
"TULP4",0.235301446437578,-11.7582718172183,2.16862943826843
"TMEM181",0.259698035201824,-11.6575219173265,2.18331637770344
"DYNLT1",0.935720941344468,-9.7912745862052,2.47525819068657
"SYTL3",0.449530830069779,-11.0507162907346,2.25704368652988
"EZR",0.938682227852756,-9.78755619234919,2.4760088807934
"C6orf99",0.090721269291354,-12.7921404110945,1.91917469956789
"RSPH3",0.250066880072025,-12.508963921607,2.17627790166079
"RP1-111C20.4",0.189222923805307,-12.520920249976,2.05838802962435
"TAGAP",0.896393817454703,-9.82014383091526,2.46193812315593
"SOD2",0.994391362793754,-9.66691470345897,2.47663969370749
"WTAP",0.879225934803694,-9.82731456790426,2.45574642167323
"ACAT2",0.465214136134975,-10.4990397903039,2.32683870576806
"TCP1",0.83590750154301,-9.85094120576715,2.44256172162941
"MRPL18",0.925840010283557,-9.80168023437377,2.47236924276947
"IGF2R",0.3970473175067,-11.1882492880877,2.20168409990758
"RP11-288H12.4",0.124744812975913,-12.9345239920951,2.0430897230423
"RP3-428L16.2",0.237201218102107,-12.549029507341,2.1579848493556
"MAP3K4",0.383089885247152,-11.2548981870833,2.20473571080868
"AGPAT4",0.363949299317625,-11.3370969602392,2.20861637561393
"CAHM",0.252848887651615,-12.4667426727497,2.17603331892423
"QKI",0.467269051057546,-10.9680744008023,2.27196574441331
"SFT2D1",0.761976311278385,-9.94693190454764,2.4267807922307
"MPC1",0.78891275221362,-9.90284117754743,2.43266404395795
"RP1-168L15.5",0.090721269291354,-12.7921404110945,1.91917469956789
"RPS6KA2",0.174120422480146,-12.6247712823772,2.05817582041029
"RP11-514O12.4",0.250273336557541,-12.2871527362687,2.16237099282398
"RNASET2",1.50875373973134,-9.036599732211,2.64094283078922
"FGFR1OP",0.315885778068481,-11.4909045559396,2.20317613981035
"CCR6",0.442268622139269,-11.0594544363485,2.24466491951056
"WDR27",0.226183628844696,-11.8696976462039,2.16872789246404
"C6orf120",0.325211595687644,-11.4633216038494,2.20535006957762
"PHF10",0.340067388229639,-11.4191531240828,2.20820029460304
"RP1-266L20.2",0.090721269291354,-12.7921404110945,1.91917469956789
"ERMARD",0.246161006325488,-11.7003570237215,2.17449086994333
"RP5-894D12.3",0.101084877533373,-12.9582856770516,1.98697941273538
"DLL1",0.141473787659634,-12.8191386499719,2.05126746596957
"FAM120B",0.470163546357878,-10.9287032292646,2.27227889601841
"PSMB1",1.4743280705836,-9.1034898292532,2.60323740683115
"TBP",0.442525520185403,-11.0592618382552,2.24514909905223
"PDCD2",0.920786830013536,-9.80594443217476,2.47071194823557
"AC093627.10",0.241904545563597,-12.2014659440717,2.16146712228198
"FAM20C",0.189222923805307,-12.520920249976,2.05838802962435
"AC147651.3",0.253657432497421,-12.3755230244616,2.1693722917142
"PRKAR1B",0.291868987972595,-11.5652337563203,2.1973099932792
"AC147651.4",0.252669045295664,-12.3369290773934,2.16608382286099
"HEATR2",0.217168357845664,-12.5125542968357,2.11121018860736
"SUN1",0.449248994765384,-11.0512244947746,2.25662638474856
"GET4",0.250066880072025,-12.508963921607,2.17627790166079
"ADAP1",0.421627528630122,-11.0862418942471,2.2095385434348
"COX19",0.596196848505709,-10.0761831749639,2.31407950802862
"C7orf50",0.796763228275017,-9.89170330015827,2.43413603906367
"GPR146",0.22712266150858,-12.104790066756,2.17568849682712
"ZFAND2A",0.471047605759633,-10.8980833374477,2.27211047871979
"AC091729.9",0.228468715570751,-12.1186282691869,2.17441752459222
"MICALL2",0.090721269291354,-12.7921404110945,1.91917469956789
"INTS1",0.288321644740492,-11.5762392558387,2.19630309553748
"MAFK",0.265406466391688,-11.6420470295071,2.1867035920894
"PSMG3",0.49444118410868,-10.4564590381142,2.33872020522325
"PSMG3-AS1",0.189222923805307,-12.520920249976,2.05838802962435
"MAD1L1",0.608724457771924,-10.0169951218709,2.32105504010341
"FTSJ2",0.449533865813467,-10.66160423926,2.27519617191789
"NUDT1",0.61120457132435,-10.0107590692168,2.32352272947765
"SNX8",0.321787468070285,-11.4733956549449,2.20456706007782
"EIF3B",0.464542807516834,-10.7808442129625,2.27239594630409
"CHST12",0.670484504846017,-10.0083256343596,2.37742949414359
"LFNG",0.455237028190971,-10.7075209649482,2.27402338846774
"BRAT1",0.444219591306214,-11.0578495020023,2.24829091578599
"IQCE",0.234124487534521,-12.5469724166974,2.15166150171537
"TTYH3",0.453364788733282,-11.0420076818664,2.26214646039363
"GNA12",0.224820970152689,-12.0670005958397,2.17690569188224
"CARD11",0.44647810540494,-11.0554030677705,2.25223166396777
"FOXK1",0.27374702762166,-11.6192263026565,2.19093972565155
"AP5Z1",0.469513024834437,-10.940496306596,2.2722828911925
"RBAK-RBAKDN",0.358755284880245,-11.3567763940505,2.20908540634382
"RBAK",0.141473787659634,-12.8191386499719,2.05126746596957
"WIPI2",0.61064731702694,-10.0120125059532,2.32295191290228
"TNRC18",0.23386501965221,-11.7696233733186,2.16814921311575
"FBXL18",0.189222923805307,-12.520920249976,2.05838802962435
"ACTB",4.94492135636816,-4.93280888976027,2.26788288189542
"FSCN1",0.108196131760806,-13.0200960649104,2.02232033555741
"RNF216",0.447683148035962,-10.5119856728768,2.30537849375389
"OCM",0.108196131760806,-13.0200960649104,2.02232033555741
"CCZ1",0.687858106297687,-10.0108121087769,2.38938656187349
"PMS2",0.229216757627761,-11.8185740413693,2.16758308707388
"AIMP2",0.443677568708803,-10.6014743261178,2.27760817426372
"EIF2AK1",0.592719405735665,-10.0972163909464,2.31415015555471
"USP42",0.301451509050628,-11.5352080262113,2.19974483512168
"CYTH3",0.090721269291354,-12.7921404110945,1.91917469956789
"FAM220A",0.224035905850509,-12.0423659378371,2.17656425261388
"RAC1",1.46709320621947,-9.0796564963032,2.62948529971661
"DAGLB",0.310954375119217,-11.5058196199201,2.2020069558092
"KDELR2",0.878887017148747,-9.82745752397812,2.4556279706786
"FLJ20306",0.124744812975913,-12.9345239920951,2.0430897230423
"ZDHHC4",0.462216294210455,-10.5015439979146,2.32431935903991
"C7orf26",0.441690862646717,-10.5693900552499,2.28047716147173
"RP11-611L7.1",0.235911853711193,-11.753792553068,2.168868054776
"ZNF12",0.24453111945453,-12.2214289751843,2.16052314828958
"CCZ1B",0.22375500450459,-11.9529837127783,2.17254604697426
"C1GALT1",0.445648767857147,-10.5148270427033,2.30118177522697
"RP5-1159O4.1",0.124744812975913,-12.9345239920951,2.0430897230423
"MIOS",0.373051709105387,-11.2998379831994,2.20711150239711
"RPA3",0.63079723050055,-9.99697827601388,2.34408497283269
"RPA3-AS1",0.47088027462342,-10.9083167370732,2.27218270248561
"GLCCI1",0.310954375119217,-11.5058196199201,2.2020069558092
"ICA1",0.246161006325488,-11.7003570237215,2.17449086994333
"NDUFA4",1.5304636678358,-9.01302723918715,2.64111778178481
"PHF14",0.628127105962477,-9.99692190239228,2.34141089494999
"TMEM106B",0.458964078640245,-10.5039313955091,2.32117253664359
"VWDE",0.090721269291354,-12.7921404110945,1.91917469956789
"ARL4A",0.787327429348407,-9.90520574981779,2.4323642299616
"ANKMY2",0.279756854451389,-11.6020065129566,2.1934278299972
"BZW2",0.572794945671618,-10.2045238056043,2.32074662191347
"TSPAN13",0.442461921570675,-10.5839639863155,2.27892311441184
"AC003075.4",0.226183628844696,-11.8696976462039,2.16872789246404
"AHR",0.371864737553081,-11.304893420966,2.20735161476811
"SNX13",0.383089885247152,-11.2548981870833,2.20473571080868
"HDAC9",0.326504014052084,-11.459519405033,2.2056428400722
"TWISTNB",0.443577865468139,-10.5199645912995,2.29597401522887
"SP4",0.330031274206338,-11.4491777419876,2.20640509817246
"CDCA7L",0.468582702803085,-10.9535749955156,2.27220536031581
"IL6",0.224902377399345,-11.9028344669753,2.17005289731651
"TOMM7",1.710914401657,-7.71258278708033,2.49410547126439
"FAM126A",0.327625183902159,-11.4562335460741,2.20588919150169
"KLHL7",0.375842218537906,-11.2877179277956,2.20650351365506
"NUPL2",0.449452393169258,-10.5102776440351,2.30855199554828
"AC005082.12",0.224342571937619,-12.0536359238734,2.17679984535227
"MALSU1",0.477558783831319,-10.4850458329031,2.33420244863911
"TRA2A",0.559651783002229,-10.2617311707277,2.32612244087653
"CCDC126",0.445206524832609,-11.0568781963634,2.25005423745749
"FAM221A",0.223756382920228,-12.0282583753573,2.17613153064022
"MPP6",0.267694467968558,-11.6358610197616,2.18795109768326
"OSBPL3",0.239121755146729,-11.7333567076361,2.17034018854576
"CYCS",1.11189594110197,-9.5664296293089,2.58371445631013
"C7orf31",0.239121755146729,-11.7333567076361,2.17034018854576
"NFE2L3",0.253657432497421,-12.3755230244616,2.1693722917142
"HNRNPA2B1",1.3828152463336,-8.24122986882606,2.53056098593266
"CBX3",0.936734941733678,-9.79003070960289,2.47552054466056
"SNX10",0.607558702246197,-10.0205645443874,2.3199696527521
"SKAP2",0.460657900632128,-10.5027215355206,2.32286837820514
"HOTAIRM1",0.461622682265045,-10.501998378558,2.3237779738665
"HOXA9",0.141473787659634,-12.8191386499719,2.05126746596957
"HOXA10",0.090721269291354,-12.7921404110945,1.91917469956789
"HIBADH",0.470692743436857,-10.8634841234373,2.27189741949426
"TAX1BP1",0.7574580340112,-9.95461118861582,2.4254783885976
"JAZF1",0.401832734099479,-11.1654000083711,2.20125590177295
"CREB5",0.250273336557541,-12.2871527362687,2.16237099282398
"CPVL",0.751536175275465,-9.96437624719695,2.4235541057687
"CHN2",0.305988725585079,-11.5210795000517,2.20083165053356
"SCRN1",0.224685844288479,-11.9098833485468,2.17037723291924
"FKBP14",0.124744812975913,-12.9345239920951,2.0430897230423
"PLEKHA8",0.237201218102107,-12.549029507341,2.1579848493556
"MTURN",0.211561276790128,-12.5005332691513,2.09729795390912
"ZNRF2",0.124744812975913,-12.9345239920951,2.0430897230423
"NOD1",0.253776510344264,-12.4304809561986,2.17385166909698
"GGCT",0.5105422974779,-10.4201882906405,2.33901747513545
"GARS",0.458740057645401,-10.504083772045,2.32093792886611
"PPP1R17",0.247088309743925,-12.5303994035623,2.17384969389464
"LSM5",0.651849333867708,-10.0026369603428,2.36307991978168
"AVL9",0.339105839734121,-11.4220917610365,2.20805934831243
"KBTBD2",0.355648341701213,-11.3679762538592,2.20920993508267
"NT5C3A",0.601111739498587,-10.0481652023217,2.31540463984287
"RP9",0.470638387509514,-10.8617879248824,2.27189151130049
"BBS9",0.243431321069781,-11.7117139674051,2.17278568107151
"DPY19L1",0.23488365536117,-12.1604014949367,2.16725669041873
"HERPUD2",0.579205224526387,-10.1731148164696,2.31814987521197
"RP11-379H18.1",0.124744812975913,-12.9345239920951,2.0430897230423
"SEPT7",1.15175834566341,-9.4995209040079,2.59316308157008
"EEPD1",0.422028573157523,-11.0851292304943,2.20996422290679
"AOAH",0.706030059415982,-10.008429339617,2.40082974726787
"ELMO1",0.498588792489312,-10.44789397165,2.33910727743112
"GPR141",0.217168357845664,-12.5125542968357,2.11121018860736
"EPDR1",0.090721269291354,-12.7921404110945,1.91917469956789
"NME8",0.117913150105663,-12.9954662061038,2.04171346236043
"STARD3NL",0.514528801067841,-10.4099775113753,2.33863733873278
"VPS41",0.439377263286929,-11.0612499562935,2.23903745483429
"YAE1D1",0.257390481680311,-11.6639522845591,2.1818596410426
"RALA",0.509366199888103,-10.4231096921986,2.33909818521645
"LINC00265",0.141473787659634,-12.8191386499719,2.05126746596957
"RP11-467D6.1",0.226638644512834,-12.09882799307,2.1760808961638
"CDK13",0.432617019850273,-11.0658294236109,2.22580811138779
"MPLKIP",0.669859876272975,-10.0081735250725,2.37697791226552
"PSMA2",1.03328407617989,-9.57519856912224,2.47205601513741
"MRPL32",0.643691887066211,-9.99989178236631,2.35613184687519
"STK17A",1.11802582279351,-9.55984542361197,2.5899020596564
"COA1",0.651940631251738,-10.0026682140703,2.36315528750103
"BLVRA",0.956859760755508,-9.75752206466603,2.47899443530566
"MRPS24",0.224820970152689,-12.0670005958397,2.17690569188224
"URGCP",0.416924837966547,-11.101197553355,2.20546856499166
"UBE2D4",0.42357437268004,-11.0810853735744,2.21173284592365
"AC004951.6",0.324219516860707,-11.4662383054687,2.20512556831078
"LINC00957",0.090721269291354,-12.7921404110945,1.91917469956789
"DBNL",1.04393682340621,-9.55423651573851,2.47190214039713
"POLM",0.469033690959166,-10.8300236767256,2.2718811497834
"AEBP1",0.204717099917114,-12.4917953504212,2.08149889302364
"POLD2",0.458384563965064,-10.5043223899617,2.32055945166854
"YKT6",0.471069556556761,-10.8955824919421,2.27209351424172
"NUDCD3",0.4435618192593,-10.5999507008376,2.27770397478027
"DDX56",0.442985722949965,-10.5920136763924,2.27825818335229
"TMED4",0.804866552177111,-9.88127399935649,2.43568347849224
"OGDH",0.447668665961884,-10.6447670654976,2.27570014089163
"ZMIZ2",0.279756854451389,-11.6020065129566,2.1934278299972
"PPIA",1.30256614525474,-8.08821512810049,2.58001305424924
"H2AFV",1.08792041125892,-9.49336428312323,2.48332757374702
"AC004854.4",0.183062415540771,-12.5564644150092,2.05608461177669
"PURB",0.279756854451389,-11.6020065129566,2.1934278299972
"RP4-673M15.1",0.250066880072025,-12.508963921607,2.17627790166079
"MYO1G",1.0417444655437,-9.55838924820881,2.47187567912357
"SNHG15",0.750122957612237,-9.96662958302064,2.42305450761731
"CCM2",0.732103276184803,-9.9909987171554,2.41533885314352
"TBRG4",0.441162847758143,-10.5503665838701,2.28360715807965
"IGFBP3",0.252669045295664,-12.3369290773934,2.16608382286099
"TNS3",0.248063606674305,-12.2567014115598,2.16085635613381
"HUS1",0.44174795880692,-10.5706567086712,2.28032135208117
"UPP1",0.75571740539538,-9.95752858829313,2.42493742217689
"IKZF1",0.774766934960543,-9.92517325370899,2.42986121421028
"FIGNL1",0.235831001374619,-12.1654885580238,2.16626798040572
"SEC61G",0.667739619526167,-10.0076367104413,2.37543032596934
"LANCL2",0.228218527898891,-11.8328472417398,2.1677628936284
"VOPP1",0.561299997125917,-10.2550118811969,2.32546736423279
"GBAS",0.596362487996624,-10.075197331728,2.31409490575682
"MRPS17",0.419191998738824,-11.093565434873,2.20722376610892
"PSPH",0.174120422480146,-12.6247712823772,2.05817582041029
"CCT6A",0.820527267198775,-9.86415351283358,2.43891749155371
"SUMF2",0.608675652009123,-10.0171353007304,2.32100853624864
"CHCHD2",1.22136207286121,-8.12353332930502,2.57014094185056
"ZNF736",0.252669045295664,-12.3369290773934,2.16608382286099
"ZNF680",0.285804672065154,-11.5839316416338,2.19552882576664
"ZNF107",0.22712266150858,-12.104790066756,2.17568849682712
"ZNF138",0.438359458117575,-11.0618177554228,2.23700850805954
"ZNF273",0.225242173550997,-11.8928066779572,2.16961132666487
"ZNF117",0.237201218102107,-12.549029507341,2.1579848493556
"ERV3-1",0.445938504024366,-10.6276115689385,2.27631152637872
"ZNF92",0.452748645254123,-10.6881978977568,2.27450266138057
"VKORC1L1",0.224065621849842,-11.9347801167679,2.1716016566889
"GUSB",0.596214232800752,-10.0760784604729,2.31408122059789
"ASL",0.466263169003828,-10.9773517722709,2.27169792749473
"CRCP",0.337714873898309,-11.4263128228112,2.20784234821988
"TPST1",0.253776510344264,-12.4304809561986,2.17385166909698
"GS1-124K5.3",0.189222923805307,-12.520920249976,2.05838802962435
"GS1-124K5.4",0.241904545563597,-12.2014659440717,2.16146712228198
"GS1-124K5.11",0.203504806423496,-12.4912497389434,2.07892517954733
"KCTD7",0.23078253123122,-12.1364778837008,2.17188129372768
"RABGEF1",0.248063606674305,-12.2567014115598,2.16085635613381
"RP11-792A8.4",0.467495359694839,-10.8102626613311,2.27200892292948
"TMEM248",0.661148341470764,-10.0057202089721,2.37047843181018
"SBDS",0.954668679520943,-9.76180449025333,2.47879590264097
"TYW1",0.40069808220716,-11.1707663965574,2.20130761253405
"RP11-166O4.6",0.158147028664132,-12.743367074885,2.06256469798137
"AUTS2",0.226965555352143,-11.8539915358263,2.1682399487526
"POM121",0.463706409448009,-10.7735314462296,2.27252277348926
"RP11-313P13.5",0.203504806423496,-12.4912497389434,2.07892517954733
"NSUN5",0.443146990733685,-10.5943140312907,2.27808919318601
"BAZ1B",0.470814079718628,-10.8678173008354,2.27191522205613
"BCL7B",0.718551405519409,-10.0025816016546,2.40814831433799
"TBL2",0.355648341701213,-11.3679762538592,2.20920993508267
"DNAJC30",0.46919122574116,-10.8323705584969,2.27187132260161
"WBSCR22",0.817188226191396,-9.86747572118075,2.43819244792564
"STX1A",0.174120422480146,-12.6247712823772,2.05817582041029
"ABHD11",0.442814044819607,-11.0590420545197,2.24569343860669
"LIMK1",0.272285660529788,-11.6233055264411,2.19026664531181
"EIF4H",1.00466910390528,-9.64086028059311,2.47511106875777
"LAT2",0.605641293111215,-10.0273772266962,2.31832106790614
"RFC2",0.453046563100888,-10.6905549081304,2.27444403223806
"CLIP2",0.090721269291354,-12.7921404110945,1.91917469956789
"GTF2I",0.321787468070285,-11.4733956549449,2.20456706007782
"NCF1",0.887274382509509,-9.82400239335854,2.45860519355299
"GTF2IRD2",0.363949299317625,-11.3370969602392,2.20861637561393
"WBSCR16",0.248182685417313,-11.6927940738112,2.17580024179626
"GTF2IRD2B",0.421222617755518,-11.08739230309,2.2091223616577
"POM121C",0.445206524832609,-11.0568781963634,2.25005423745749
"HIP1",0.230775156673327,-11.7994739811921,2.16756261210683
"RHBDD2",0.473096622015288,-10.4908076391363,2.33202794493865
"POR",0.467500263646791,-10.9657555940922,2.27201639551126
"STYXL1",0.444506043608345,-11.0575779606091,2.24880821421981
"MDH2",1.10823846600835,-9.54306645071324,2.55236122153704
"HSPB1",0.699947101167542,-10.0099260754071,2.3971026631864
"YWHAG",0.344727029962021,-11.4046107988564,2.20876481991351
"ZP3",0.375842218537906,-11.2877179277956,2.20650351365506
"DTX2",0.266290295916641,-11.639666864471,2.18719445110451
"POMZP3",0.353423375039231,-11.3757870770628,2.2092263265141
"CCDC146",0.158147028664132,-12.743367074885,2.06256469798137
"FGL2",0.745616168820412,-9.97356680896343,2.42136221140705
"GSAP",0.459530524358792,-10.7400752033396,2.27323298221717
"PTPN12",0.291868987972595,-11.5652337563203,2.1973099932792
"RSBN1L-AS1",0.23386501965221,-11.7696233733186,2.16814921311575
"RSBN1L",0.631833581823944,-9.99707647659002,2.34510505399876
"TMEM60",0.452900740115559,-10.5078096112594,2.31385215557937
"PHTF2",0.451182578741545,-11.0473786367372,2.25936905724913
"GNAI1",0.174120422480146,-12.6247712823772,2.05817582041029
"CD36",0.443268425213212,-10.521128977155,2.29506138217853
"HGF",0.124744812975913,-12.9345239920951,2.0430897230423
"AC074183.4",0.253776510344264,-12.4304809561986,2.17385166909698
"KIAA1324L",0.090721269291354,-12.7921404110945,1.91917469956789
"AC005076.5",0.253776510344264,-12.4304809561986,2.17385166909698
"DMTF1",0.462234206929947,-10.7612858328768,2.27276592200409
"TMEM243",0.939965216391164,-9.78584339986158,2.47631138509429
"TP53TG1",0.58873566047264,-10.120902763461,2.31490228443966
"CROT",0.249029583942693,-11.6898006335492,2.17635571763485
"ABCB4",0.189222923805307,-12.520920249976,2.05838802962435
"ABCB1",0.229652322568163,-11.8128955357699,2.16754706132433
"SLC25A40",0.371864737553081,-11.304893420966,2.20735161476811
"DBF4",0.455741416634711,-11.0347643053309,2.26477638039729
"SRI",1.09335942113221,-9.49030103974141,2.48757986065139
"STEAP4",0.141473787659634,-12.8191386499719,2.05126746596957
"GTPBP10",0.368144687795282,-11.3203729192437,2.20802777652338
"CDK14",0.217168357845664,-12.5125542968357,2.11121018860736
"FZD1",0.217168357845664,-12.5125542968357,2.11121018860736
"MTERF",0.239121755146729,-11.7333567076361,2.17034018854576
"AKAP9",0.671554786414943,-10.0085814283931,2.37820106957447
"CYP51A1",0.253776510344264,-12.4304809561986,2.17385166909698
"KRIT1",0.442525520185403,-11.0592618382552,2.24514909905223
"ANKIB1",0.352503218725648,-11.3789580565459,2.20921908789345
"GATAD1",0.40608842991416,-11.1456644063624,2.20141239290653
"PEX1",0.294380013409298,-11.5573781680938,2.19798584160143
"RBM48",0.420633108510216,-11.0891114528686,2.20853524620437
"FAM133B",0.580966985704796,-10.1639749833602,2.31746618795006
"CDK6",0.432153470739172,-11.066289033713,2.22495044312229
"SAMD9",0.469952441531498,-10.9329061543071,2.27228743469413
"SAMD9L",0.60798838685147,-10.0191975448234,2.32036164860335
"CCDC132",0.253309504187197,-11.6759268360451,2.17920616014382
"GNG11",0.421157072163593,-11.0875787148824,2.20905537653141
"BET1",0.460322183699404,-10.7461665615793,2.27309391765639
"CASD1",0.189222923805307,-12.520920249976,2.05838802962435
"SGCE",0.108196131760806,-13.0200960649104,2.02232033555741
"PON2",0.238138542840808,-11.7391499257657,2.16985043115345
"PDK4",0.108196131760806,-13.0200960649104,2.02232033555741
"SLC25A13",0.264423314147689,-11.6446953514024,2.18614617169067
"SHFM1",0.947765771100255,-9.7741158931129,2.47787193431015
"ACN9",0.587169689518267,-10.1299352413696,2.31533129207839
"ASNS",0.318341970007255,-11.4835878418945,2.20375844416355
"LMTK2",0.141473787659634,-12.8191386499719,2.05126746596957
"TECPR1",0.456214067991061,-10.7149159895965,2.27383695124949
"BRI3",1.05199272002772,-9.53974693215519,2.47229148766535
"TRRAP",0.357857053743936,-11.3600580995814,2.20913446435256
"AC004893.11",0.117913150105663,-12.9954662061038,2.04171346236043
"SMURF1",0.252669045295664,-12.3369290773934,2.16608382286099
"ARPC1A",0.672647056325038,-10.0088216038455,2.37898101327641
"ARPC1B",1.93141581378794,-7.51384288156603,2.44787609336052
"PDAP1",0.87061582228137,-9.83098004928529,2.4528002035647
"BUD31",1.07254055835655,-9.5089946734375,2.47611637273331
"PTCD1",0.224685844288479,-11.9098833485468,2.17037723291924
"CPSF4",0.470430067666639,-10.8559594661355,2.27186978866362
"ATP5J2",1.12213220904021,-9.55351522724635,2.59184823268674
"ZNF789",0.246161006325488,-11.7003570237215,2.17449086994333
"ZNF394",0.588673500542265,-10.1212647290929,2.31491819854889
"ZKSCAN5",0.248063606674305,-12.2567014115598,2.16085635613381
"FAM200A",0.235831001374619,-12.1654885580238,2.16626798040572
"ZNF655",0.553298790049117,-10.2865918673388,2.32855796778508
"ZSCAN25",0.225242173550997,-11.8928066779572,2.16961132666487
"CYP3A5",0.224065621849842,-11.9347801167679,2.1716016566889
"TRIM4",0.460185152698293,-10.7451180051698,2.27311916086901
"ZKSCAN1",0.463104616163342,-10.7684436265857,2.27262105956783
"ZSCAN21",0.253776510344264,-12.4304809561986,2.17385166909698
"ZNF3",0.389152308112735,-11.2262808848236,2.2032345380696
"COPS6",0.910341823837191,-9.81305908642019,2.46704264644478
"MCM7",0.46120694480565,-11.0114159337296,2.26930814902371
"AP4M1",0.271279197396557,-11.6260880152739,2.1897771111063
"TAF6",0.470638387509514,-10.8617879248824,2.27189151130049
"CNPY4",0.386694205114887,-11.2379833690839,2.20382975371651
"MBLAC1",0.134486423716054,-12.8558240348517,2.04569081801718
"LAMTOR4",1.53505710049921,-9.00765096157528,2.64094604107178
"C7orf43",0.306439806001703,-11.519684101789,2.20093803309746
"GAL3ST4",0.124744812975913,-12.9345239920951,2.0430897230423
"STAG3",0.271279197396557,-11.6260880152739,2.1897771111063
"GATS",0.090721269291354,-12.7921404110945,1.91917469956789
"PVRIG",0.226183628844696,-11.8696976462039,2.16872789246404
"PILRB",0.462510276919275,-10.5013131103451,2.3245826065578
"PILRA",0.73290992076526,-9.99011273420509,2.41573465440764
"ZCWPW1",0.25202033054173,-11.6799364473648,2.17835566134709
"MEPCE",0.47058407054885,-10.9185395859691,2.27224357899786
"PPP1R35",0.442808091241849,-10.5893857172035,2.27846027187681
"TSC22D4",0.841444822430039,-9.84694814083306,2.44400620750023
"AGFG2",0.319344583891345,-11.4806092560161,2.20399355485001
"LRCH4",0.706959105645412,-10.0081275652449,2.40138933586271
"PCOLCE",0.174120422480146,-12.6247712823772,2.05817582041029
"MOSPD3",0.462054324448494,-10.7598307521755,2.27279636077864
"TFR2",0.217168357845664,-12.5125542968357,2.11121018860736
"GNB2",1.10213226178534,-9.49061045775512,2.49868200375256
"GIGYF1",0.258748343647862,-11.6601487887884,2.18272220633917
"POP7",0.527429222361223,-10.3738744294706,2.33643758037438
"SLC12A9",0.463280402882616,-10.7699188696941,2.27259259158758
"TRIP6",0.225618966400741,-12.0834241998706,2.17670796339033
"SRRT",0.449926689462842,-10.665010919364,2.27510415971931
"UFSP1",0.141473787659634,-12.8191386499719,2.05126746596957
"MUC12",0.108196131760806,-13.0200960649104,2.02232033555741
"RP11-395B7.4",0.141473787659634,-12.8191386499719,2.05126746596957
"TRIM56",0.459061954631743,-11.0218444344604,2.26777449365016
"AP1S1",0.455416114295558,-10.7088653401646,2.27398645851154
"PLOD3",0.368144687795282,-11.3203729192437,2.20802777652338
"ZNHIT1",1.105370723156,-9.49455242403316,2.50596624567624
"CLDN15",0.230775156673327,-11.7994739811921,2.16756261210683
"FIS1",1.12076105846111,-9.55571966796487,2.5913089523445
"RABL5",0.259698035201824,-11.6575219173265,2.18331637770344
"CUX1",0.489238012171233,-10.4663586866132,2.33786563601316
"SH2B2",0.43357101091938,-11.0649685190225,2.22760162184235
"PRKRIP1",0.457099449343144,-10.7216296761167,2.27367446362518
"ORAI2",0.507595079183233,-10.4274349245498,2.33919388227986
"ALKBH4",0.445750211097666,-11.0562755163753,2.25099477312809
"LRWD1",0.40069808220716,-11.1707663965574,2.20130761253405
"POLR2J",1.06746529850072,-9.51568629489848,2.47470616146402
"POLR2J3",0.456473830881948,-10.7168913969677,2.27378904205607
"FAM185A",0.228468715570751,-12.1186282691869,2.17441752459222
"ARMC10",0.46713908425754,-10.4972598309825,2.32828695491682
"NAPEPLD",0.291868987972595,-11.5652337563203,2.1973099932792
"PMPCB",0.783571440125778,-9.91096653957065,2.43164728908937
"DNAJC2",0.592391445191596,-10.0991995143018,2.31419009291445
"PSMC2",0.746651662279888,-9.97201653850549,2.42176551502857
"ORC5",0.294380013409298,-11.5573781680938,2.19798584160143
"RP11-325F22.2",0.23199352621588,-11.7866684234734,2.16771263742681
"LINC01004",0.363949299317625,-11.3370969602392,2.20861637561393
"KMT2E-AS1",0.442839438692473,-10.5230435951249,2.29370271142982
"KMT2E",1.03978629046167,-9.56216019334825,2.47187593076129
"CTB-152G17.6",0.194915600113133,-12.5002982321738,2.06412500599765
"SRPK2",0.613485477460454,-10.0064194398328,2.32590700069743
"PUS7",0.174120422480146,-12.6247712823772,2.05817582041029
"RINT1",0.253309504187197,-11.6759268360451,2.17920616014382
"ATXN7L1",0.442106248984151,-11.0595695375116,2.24435716759037
"CDHR3",0.248063606674305,-12.2567014115598,2.16085635613381
"SYPL1",0.746031322841324,-9.97294689482252,2.42152456868862
"NAMPT",0.597304888672532,-10.0695963037696,2.31421892197464
"RP11-22N19.2",0.272285660529788,-11.6233055264411,2.19026664531181
"CCDC71L",0.22712266150858,-12.104790066756,2.17568849682712
"PIK3CG",0.383089885247152,-11.2548981870833,2.20473571080868
"PRKAR2B",0.151289836493976,-12.7783680320405,2.05965516873174
"HBP1",0.529015626004185,-10.3691042200172,2.33607563176706
"COG5",0.339105839734121,-11.4220917610365,2.20805934831243
"DUS4L",0.225242173550997,-11.8928066779572,2.16961132666487
"BCAP29",0.451045807578929,-10.6744211173994,2.2748543616323
"AC002467.7",0.225242173550997,-11.8928066779572,2.16961132666487
"CBLL1",0.470851546390807,-10.8693449015104,2.27192322205283
"DLD",0.479712369096069,-10.4819755487474,2.3350834939452
"NRCAM",0.090721269291354,-12.7921404110945,1.91917469956789
"PNPLA8",0.458462963460056,-10.7319471662042,2.27342710953852
"THAP5",0.235911853711187,-11.7537925530681,2.16886805477603
"DNAJB9",0.751551077633341,-9.96435231913878,2.42355926386018
"IMMP2L",0.465158919239992,-10.9863133439902,2.27132487993924
"LRRN3",0.271279197396557,-11.6260880152739,2.1897771111063
"ZNF277",0.571155616960763,-10.2121530541129,2.32142649723667
"IFRD1",0.762670590026676,-9.94574050696668,2.42697098585398
"TMEM168",0.262041219518392,-11.6511250774237,2.18475398016833
"C7orf60",0.288321644740492,-11.5762392558387,2.19630309553748
"LINC00998",0.381238232647967,-11.2634457055846,2.20519977492097
"MDFIC",0.441106494975151,-11.060235648736,2.24242918160908
"TFEC",0.23488365536117,-12.1604014949367,2.16725669041873
"TES",0.586715574849617,-10.1325264717197,2.3154672903887
"CAPZA2",0.974534138001313,-9.71758326302672,2.47898619455771
"ST7",0.250273336557541,-12.2871527362687,2.16237099282398
"NAA38",0.758364124130447,-9.95308105037718,2.42575086029832
"ING3",0.442501385086325,-10.584608431707,2.27886463538467
"CPED1",0.141473787659634,-12.8191386499719,2.05126746596957
"WNT16",0.090721269291354,-12.7921404110945,1.91917469956789
"FAM3C",0.443596950928513,-10.6004165664405,2.27767436209797
"NDUFA5",0.826265208697109,-9.85882979545403,2.44021451880818
"WASL",0.24453111945453,-12.2214289751843,2.16052314828958
"RP11-390E23.6",0.258748343647862,-11.6601487887884,2.18272220633917
"POT1",0.304968383277002,-11.5242495501821,2.20059173286867
"ZNF800",0.465830489003494,-10.7928248319656,2.27221325919044
"GCC1",0.309940402152195,-11.5089209858606,2.20176716673798
"ARF5",1.1078937072312,-9.5546705471727,2.56308028615342
"FSCN3",0.090721269291354,-12.7921404110945,1.91917469956789
"SND1",0.596161649691822,-10.0763951661751,2.31407633923474
"RBM28",0.422599320706511,-11.0835925361052,2.210594906622
"IMPDH1",0.579731673821328,-10.1704099353378,2.31794437390133
"HILPDA",0.237201218102107,-12.549029507341,2.1579848493556
"METTL2B",0.381238232647967,-11.2634457055846,2.20519977492097
"RP11-212P7.2",0.248063606674305,-12.2567014115598,2.16085635613381
"CALU",0.465816968603691,-10.9811168736422,2.2715581675054
"ATP6V1F",1.29050326880918,-9.28786056087083,2.57126071786283
"IRF5",0.468169158486645,-10.9585289648028,2.27214354147953
"TNPO3",0.422988527203917,-11.0825735995693,2.21104480751232
"TSPAN33",0.231197556960755,-12.1391814800487,2.17140598095306
"AHCYL2",0.241695900609293,-12.5467848054605,2.16624256450464
"SMKR1",0.23199352621588,-11.7866684234734,2.16771263742681
"RP11-448A19.1",0.253776510344264,-12.4304809561986,2.17385166909698
"NRF1",0.335776925411619,-11.4321320549466,2.20751459858229
"UBE2H",0.371864737553081,-11.304893420966,2.20735161476811
"ZC3HC1",0.271279197396557,-11.6260880152739,2.1897771111063
"KLHDC10",0.268825599748016,-11.6327952833949,2.18854563833127
"RP11-775D22.2",0.108196131760806,-13.0200960649104,2.02232033555741
"TMEM209",0.28226465445891,-11.5946080769549,2.19434563052973
"CEP41",0.22712266150858,-12.104790066756,2.17568849682712
"MEST",0.217168357845664,-12.5125542968357,2.11121018860736
"COPG2",0.250273336557541,-12.2871527362687,2.16237099282398
"AC016831.7",0.319344583891345,-11.4806092560161,2.20399355485001
"MIR29A",0.189222923805307,-12.520920249976,2.05838802962435
"RP11-138A9.1",0.431029775290445,-11.0675248271579,2.22292701973991
"RP11-138A9.2",0.348901448787346,-11.3910718616814,2.20908977133735
"LINC-PINT",0.597303830499505,-10.0696025356902,2.31421875075973
"MKLN1",0.463555272371001,-10.997612142036,2.27062937358201
"CHCHD3",0.551144799261012,-10.2946832797837,2.32934985235659
"EXOC4",0.444696323293148,-10.6139457092031,2.27691525358086
"SLC35B4",0.268825599748016,-11.6327952833949,2.18854563833127
"AKR1B1",0.778406907822023,-9.9191713016183,2.43061614152354
"BPGM",0.456655528079872,-10.718263991071,2.27375522497781
"AGBL3",0.174120422480146,-12.6247712823772,2.05817582041029
"C7orf49",0.461872189633312,-10.7583765115221,2.27282681563291
"TMEM140",0.456953567660469,-11.030446265422,2.26595776825847
"WDR91",0.229652322568163,-11.8128955357699,2.16754706132433
"CNOT4",0.441938330760803,-10.5291184974313,2.29031429788975
"NUP205",0.22712266150858,-12.104790066756,2.17568849682712
"C7orf73",0.887138102462086,-9.82405849927915,2.45855616111688
"MTPN",0.71259181547245,-10.0058631221598,2.404723968843
"AC015987.2",0.226965555352143,-11.8539915358263,2.1682399487526
"CREB3L2",0.435539115592831,-11.0634795948857,2.23141060292005
"TRIM24",0.253776510344264,-12.4304809561986,2.17385166909698
"SVOPL",0.108196131760806,-13.0200960649104,2.02232033555741
"ZC3HAV1",0.64170411656865,-9.99926587297914,2.35435838951715
"TTC26",0.124744812975913,-12.9345239920951,2.0430897230423
"UBN2",0.22375500450459,-11.9529837127783,2.17254604697426
"C7orf55",0.465455945237294,-10.4988247675426,2.3270288504672
"C7orf55-LUC7L2",0.605801806890903,-10.0267640778492,2.31845210880662
"RP11-634H22.1",0.230189928028585,-12.5414312256707,2.14290754443097
"HIPK2",0.366057967804558,-11.3287833212256,2.20834701635366
"TBXAS1",0.686447820860993,-10.0107578666849,2.38845725014154
"PARP12",0.447546091022237,-10.5121405724012,2.30511704605942
"KDM7A",0.373051709105387,-11.2998379831994,2.20711150239711
"JHDM1D-AS1",0.241904545563597,-12.2014659440717,2.16146712228198
"SLC37A3",0.402156426655047,-11.1638693220506,2.20124681578532
"MKRN1",0.957813823271509,-9.75560848577486,2.47906523429055
"ADCK2",0.382334356441131,-11.2583961991317,2.20492687364879
"NDUFB2",1.16622526231137,-9.47282438802833,2.59118468332499
"NDUFB2-AS1",0.211561276790128,-12.5005332691513,2.09729795390912
"BRAF",0.38490862710076,-11.2464107177746,2.20427787268896
"MRPS33",0.615229245219059,-10.0038507048315,2.3277716600205
"AGK",0.419191998738824,-11.093565434873,2.20722376610892
"RP5-894A10.2",0.203504806423496,-12.4912497389434,2.07892517954733
"KIAA1147",0.224224617207444,-11.9274496365774,2.17122878817926
"SSBP1",1.05604414294675,-9.5329778458955,2.47269603501968
"EPHB6",0.358755284880245,-11.3567763940505,2.20908540634382
"GSTK1",1.60517312448588,-8.85846884928369,2.625296209328
"CASP2",0.253309504187197,-11.6759268360451,2.17920616014382
"CLCN1",0.174120422480146,-12.6247712823772,2.05817582041029
"AC093673.5",0.460163479778454,-11.0167071373592,2.26859810249708
"ZYX",0.782650237970562,-9.9124099856369,2.43146900162584
"EPHA1",0.224820970152689,-12.0670005958397,2.17690569188224
"EPHA1-AS1",0.288321644740492,-11.5762392558387,2.19630309553748
"FAM115C",0.223506913503804,-11.9791550530398,2.17392053640435
"FAM115A",0.224065621849842,-11.9347801167679,2.1716016566889
"OR2A1-AS1",0.241904545563597,-12.2014659440717,2.16146712228198
"TPK1",0.42576098429317,-11.0761029999866,2.21456408232124
"CNTNAP2",0.189222923805307,-12.520920249976,2.05838802962435
"RP5-1136G13.2",0.252669045295664,-12.3369290773934,2.16608382286099
"CUL1",0.459633274018299,-10.7408622948659,2.27321420482589
"EZH2",0.327625183902159,-11.4562335460741,2.20588919150169
"PDIA4",0.547578950197759,-10.3077177970129,2.33061440047369
"ZNF786",0.324219516860707,-11.4662383054687,2.20512556831078
"ZNF398",0.232518630657796,-11.7815991479491,2.16781318725399
"ZNF282",0.217168357845664,-12.5125542968357,2.11121018860736
"ZNF212",0.223870619032143,-11.9454939698466,2.17215441294605
"ZNF783",0.243431321069781,-11.7117139674051,2.17278568107151
"ZNF746",0.223695027974275,-12.0241158264402,2.17597860349096
"KRBA1",0.241695900609293,-12.5467848054605,2.16624256450464
"ZNF467",0.470859429658569,-10.9092418066089,2.27218932466758
"ZNF862",0.253776510344264,-12.4304809561986,2.17385166909698
"ATP6V0E2-AS1",0.090721269291354,-12.7921404110945,1.91917469956789
"ATP6V0E2",0.583931729478265,-10.1480735289632,2.3163783561021
"ACTR3C",0.090721269291354,-12.7921404110945,1.91917469956789
"LRRC61",0.237474031983325,-11.7432841815218,2.1695380237315
"ZBED6CL",0.253776510344264,-12.4304809561986,2.17385166909698
"REPIN1",0.441912417535636,-10.529361472362,2.2901996674253
"ZNF775",0.44115370171337,-10.5467908300235,2.28440923556742
"LINC00996",0.117913150105663,-12.9954662061038,2.04171346236043
"GIMAP8",0.448559247750488,-11.0523924368995,2.25557852176882
"GIMAP7",1.60712642084012,-8.82275172857683,2.62026275366242
"GIMAP4",1.46672203726421,-9.0932718803371,2.61511054484393
"GIMAP6",0.607377465263431,-10.0211572882076,2.31980654329234
"GIMAP2",0.936083635232761,-9.79083520733823,2.47535339465774
"GIMAP1",1.1209230021392,-9.55546059571049,2.59137781673212
"GIMAP5",1.10826765022439,-9.54242616866063,2.55180358890588
"TMEM176B",0.544829254468509,-10.3174837843081,2.33154894471218
"TMEM176A",0.433113385461417,-11.0653632323244,2.226736403556
"NOS3",0.158147028664132,-12.743367074885,2.06256469798137
"ATG9B",0.306439806001703,-11.519684101789,2.20093803309746
"ABCB8",0.386694205114887,-11.2379833690839,2.20382975371651
"CDK5",0.431685443001775,-11.0667855577991,2.22409970636055
"SLC4A2",0.344727029962021,-11.4046107988564,2.20876481991351
"FASTK",0.523306846355799,-10.3859361572423,2.33729292224456
"TMUB1",0.589382706859944,-10.117106175223,2.31474268397128
"AGAP3",0.253776510344264,-12.4304809561986,2.17385166909698
"ABCF2",0.460513131752885,-11.0149730421718,2.26884319915515
"CHPF2",0.405225944655348,-11.149595770473,2.20133204448961
"SMARCD3",0.4290233706959,-11.0702158095038,2.21950292691224
"NUB1",0.598685548610301,-10.0615472176586,2.31451419332881
"WDR86",0.228468715570751,-12.1186282691869,2.17441752459222
"RHEB",0.736417752155381,-9.98604817819429,2.41740713061359
"PRKAG2",0.443713520709077,-10.6019429739703,2.27757911779301
"PRKAG2-AS1",0.452815285820077,-11.0434699635991,2.26147898883768
"GALNT11",0.466943671905894,-10.804166138417,2.27207155188029
"KMT2C",0.447029487786337,-10.512758412326,2.30410124009944
"LINC01003",0.441842807159358,-10.5726782483407,2.28007824243459
"ACTR3B",0.22375500450459,-11.9529837127783,2.17254604697426
"PAXIP1-AS2",0.22712266150858,-12.104790066756,2.17568849682712
"PAXIP1",0.237201218102107,-12.549029507341,2.1579848493556
"RP11-5C23.1",0.203504806423496,-12.4912497389434,2.07892517954733
"PAXIP1-AS1",0.470742622592687,-10.8651844101931,2.27190491065712
"AC144652.1",0.241904545563597,-12.2014659440717,2.16146712228198
"INSIG1",0.508020833389103,-10.4264024885976,2.33917344694231
"AC009403.2",0.259698035201824,-11.6575219173265,2.18331637770344
"RBM33",0.441248843718828,-10.540328111324,2.28612528300638
"C7orf13",0.253776510344264,-12.4304809561986,2.17385166909698
"LMBR1",0.41876523347763,-11.0949465185247,2.20686491455466
"NOM1",0.394527945636214,-11.2003977707024,2.20209299010316
"UBE3C",0.373051709105387,-11.2998379831994,2.20711150239711
"DNAJB6",0.8806822818732,-9.82671507535052,2.4562575549649
"PTPRN2",0.446671774526895,-11.05516239382,2.25255788538153
"AC011899.9",0.223477502286759,-11.9902285405033,2.17448466546172
"RP11-452C13.1",0.090721269291354,-12.7921404110945,1.91917469956789
"NCAPG2",0.247088309743925,-12.5303994035623,2.17384969389464
"ESYT2",0.460513131752885,-11.0149730421718,2.26884319915515
"WDR60",0.372688845028939,-11.3013872446799,2.20718528769388
"PLCXD1",0.288321644740492,-11.5762392558387,2.19630309553748
"GTPBP6",0.518067307872845,-10.4005495538567,2.33817615975381
"LINC00685",0.336747253740007,-11.4292249806333,2.20768150937996
"PPP2R3B",0.141473787659634,-12.8191386499719,2.05126746596957
"CSF2RA",0.463349095167229,-10.9989343074754,2.27052778027757
"IL3RA",0.247077097144011,-12.2454950947163,2.16053428480212
"SLC25A6",2.09746636525465,-7.30243199045281,2.46592054419452
"ASMTL",0.446065443052937,-10.6289286413623,2.2762587373864
"P2RY8",0.584799664564628,-10.1433008766949,2.31608264847239
"AKAP17A",0.441470438903673,-10.5349645578905,2.28788366569295
"DHRSX",0.449530830069779,-11.0507162907346,2.25704368652988
"ZBED1",0.470933745178307,-10.9058088823268,2.27216592473144
"CD99",1.51389646945386,-9.03128129117624,2.64115106437363
"ARSD",0.251024716467551,-11.6831014757564,2.17767715649232
"PRKX",0.459449022213589,-10.7394503099513,2.27324752110826
"RP11-706O15.1",0.250475853352326,-11.6848979241221,2.17731208314363
"HDHD1",0.27374702762166,-11.6192263026565,2.19093972565155
"STS",0.090721269291354,-12.7921404110945,1.91917469956789
"PNPLA4",0.387415497071228,-11.2345599720108,2.20365151181136
"TBL1X",0.350243796832789,-11.386611316548,2.2091560063327
"WWC3",0.30745846932916,-11.5165418212606,2.20117954666282
"HCCS",0.465366835548073,-10.7883964773752,2.27227619332748
"ARHGAP6",0.108196131760806,-13.0200960649104,2.02232033555741
"MSL3",0.576779316352541,-10.1853273500521,2.31911769409655
"PRPS2",0.450158239609768,-10.6669872699761,2.27505131624597
"TLR7",0.22375500450459,-11.9529837127783,2.17254604697426
"TLR8",0.22375500450459,-11.9529837127783,2.17254604697426
"TMSB4X",5.50549452671163,-2.97945244772004,2.01912900476414
"TCEANC",0.248063606674305,-12.2567014115598,2.16085635613381
"RAB9A",0.555388291298119,-10.2785906261053,2.32777404643417
"TRAPPC2",0.433254182495701,-11.0652411245051,2.22700203959687
"OFD1",0.601084642613783,-10.0483076022271,2.31539193934217
"GPM6B",0.241904545563597,-12.2014659440717,2.16146712228198
"GEMIN8",0.404153181232032,-11.1545373369774,2.20126864703396
"FANCB",0.241695900609293,-12.5467848054605,2.16624256450464
"MOSPD2",0.300427718600343,-11.5384103559416,2.199496241444
"ASB9",0.090721269291354,-12.7921404110945,1.91917469956789
"PIGA",0.264423314147689,-11.6446953514024,2.18614617169067
"TMEM27",0.108196131760806,-13.0200960649104,2.02232033555741
"CA5B",0.453486276564234,-11.0416748784265,2.26229070497658
"ZRSR2",0.540401611434877,-10.3327120540353,2.33297216580289
"AP1S2",1.25451141763587,-9.33283070103653,2.57587463877518
"CTPS2",0.183062415540771,-12.5564644150092,2.05608461177669
"SYAP1",0.447218100328256,-10.5125212179137,2.30447694178162
"TXLNG",0.434784023671921,-11.0640018101029,2.22993718314082
"RBBP7",0.735723263834733,-9.98688531568053,2.41708278888918
"REPS2",0.200806987877847,-12.4915330941393,2.07360392821611
"SCML1",0.357857053743936,-11.3600580995814,2.20913446435256
"CDKL5",0.090721269291354,-12.7921404110945,1.91917469956789
"PHKA2",0.276234074996775,-11.6121930892694,2.19202297773267
"PDHA1",0.492552573947417,-10.460157815912,2.3384585776936
"SH3KBP1",0.820785823577633,-9.8639034824743,2.43897436891419
"CXorf23",0.158147028664132,-12.743367074885,2.06256469798137
"EIF1AX",0.637279215460616,-9.99805461514288,2.35030921107443
"RPS6KA3",0.470809992216929,-10.8676355505507,2.271914026283
"CNKSR2",0.090721269291354,-12.7921404110945,1.91917469956789
"MBTPS2",0.229216757627761,-11.8185740413693,2.16758308707388
"SMS",0.828700980867769,-9.85672097412094,2.44078772379702
"PRDX4",0.587655449954776,-10.1271483664522,2.31519112610535
"ACOT9",0.441910930829114,-10.5740757887497,2.27991750634576
"SAT1",1.39961298249302,-8.006511378383,2.56441062232219
"APOO",0.383089885247152,-11.2548981870833,2.20473571080868
"KLHL15",0.250066880072025,-12.508963921607,2.17627790166079
"EIF2S3",0.97563981639093,-9.71484505377441,2.47890460298432
"ZFX",0.316570474469798,-11.4888616002456,2.20333893448154
"PDK3",0.410508970363257,-11.1262600224375,2.20232349699316
"POLA1",0.124744812975913,-12.9345239920951,2.0430897230423
"CXorf21",0.29792123746974,-11.5462653186893,2.19888074652411
"GK",0.29792123746974,-11.5462653186893,2.19888074652411
"TAB3",0.22712266150858,-12.104790066756,2.17568849682712
"CYBB",0.656489321643891,-10.0042060366797,2.36683521254227
"DYNLT3",0.591823261538395,-10.1026143534854,2.31426802857714
"RPGR",0.23199352621588,-11.7866684234734,2.16771263742681
"MID1IP1",0.709773597408604,-10.0070973936153,2.40306730976221
"BCOR",0.239121755146729,-11.7333567076361,2.17034018854576
"ATP6AP2",1.07109071380165,-9.51083900895418,2.4756766040253
"CXorf38",0.380470518690739,-11.266954524078,2.20539002901601
"MED14",0.235301446437578,-11.7582718172183,2.16862943826843
"MED14-AS1",0.226183628844696,-11.8696976462039,2.16872789246404
"USP9X",0.455355263082105,-11.0360485054148,2.26437704582327
"DDX3X",0.600808861269962,-10.0497605419473,2.31526698674017
"CASK",0.250066880072025,-12.508963921607,2.17627790166079
"GPR34",0.158147028664132,-12.743367074885,2.06256469798137
"GPR82",0.404153181232032,-11.1545373369774,2.20126864703396
"EFHC2",0.158147028664132,-12.743367074885,2.06256469798137
"FUNDC1",0.459670055213797,-11.0190529207968,2.26823918660078
"KDM6A",0.229216757627761,-11.8185740413693,2.16758308707388
"RP6-99M1.2",0.158147028664132,-12.743367074885,2.06256469798137
"KRBOX4",0.463597390232579,-10.9973400684768,2.27064992699668
"ZNF674-AS1",0.252848887651615,-12.4667426727497,2.17603331892423
"CHST7",0.359648244991767,-11.3534775894331,2.20902733604245
"SLC9A7",0.141473787659634,-12.8191386499719,2.05126746596957
"RP2",0.427867446793118,-11.0720831208783,2.21765595472018
"NDUFB11",1.37315570285673,-9.20785387005714,2.56721424390412
"RBM10",0.470258484395196,-10.8518480257981,2.27185866301121
"UBA1",0.446466748657696,-10.513521510215,2.30294877630798
"CDK16",0.44533650285887,-11.0567377569433,2.25028025444557
"USP11",0.46679817557615,-10.8026068634434,2.27208897293241
"ZNF41",0.203504806423496,-12.4912497389434,2.07892517954733
"CXorf24",0.235911853711193,-11.753792553068,2.168868054776
"ARAF",0.481732042484572,-10.4789448350565,2.33582025690798
"TIMP1",1.41567389420942,-9.17598595833043,2.56944893588599
"CFP",1.10536403177611,-9.49453959481377,2.50594722312951
"ELK1",0.410508970363257,-11.1262600224375,2.20232349699316
"UXT",1.39546455399413,-9.19058508710219,2.56793392656031
"ZNF81",0.250066880072025,-12.508963921607,2.17627790166079
"ZNF182",0.228468715570751,-12.1186282691869,2.17441752459222
"ZNF630",0.134486423716054,-12.8558240348517,2.04569081801718
"SLC38A5",0.368144687795282,-11.3203729192437,2.20802777652338
"FTSJ1",0.467231765587268,-10.8072945693675,2.27203711720998
"PORCN",0.227311297452212,-11.8477243179345,2.16807395418345
"EBP",0.6408258825851,-9.99899825354761,2.35356567757114
"TBC1D25",0.373051709105387,-11.2998379831994,2.20711150239711
"AC115618.1",0.253657432497421,-12.3755230244616,2.1693722917142
"RBM3",1.34052362710737,-8.17779589628541,2.52471537513097
"WDR13",0.494985779135955,-10.4553650640931,2.33878428024491
"WAS",0.982360616123578,-9.69787795567671,2.4782497714352
"SUV39H1",0.22712266150858,-12.104790066756,2.17568849682712
"HDAC6",0.285804672065154,-11.5839316416338,2.19552882576664
"PCSK1N",0.469073952242012,-10.9470759180348,2.27225746463897
"TIMM17B",0.64931400187284,-10.0017609244821,2.36096883235061
"PQBP1",0.810383800146642,-9.87479833843313,2.43677858010398
"SLC35A2",0.449701894402289,-11.0503981216428,2.25729362727964
"PIM2",0.778150339801498,-9.91958788641831,2.43056383778058
"OTUD5",0.450512726410868,-10.6699784502874,2.27497004664988
"GRIPAP1",0.470851546390807,-10.8693449015104,2.27192322205283
"TFE3",0.291868987972595,-11.5652337563203,2.1973099932792
"CCDC120",0.189222923805307,-12.520920249976,2.05838802962435
"PRAF2",0.447303337149792,-10.5124209864291,2.30464425183087
"WDR45",0.55892559535054,-10.2646656809762,2.32641050932279
"GPKOW",0.458341221991273,-10.7310216626436,2.27344882490613
"MAGIX",0.158147028664132,-12.743367074885,2.06256469798137
"PLP2",1.20306762573469,-9.40916751404296,2.5846084748333
"PRICKLE3",0.223483964358326,-11.9978879830348,2.17485616472569
"SYP",0.090721269291354,-12.7921404110945,1.91917469956789
"CCDC22",0.446409358466147,-10.6324561408468,2.27612454942872
"FOXP3",0.189222923805307,-12.520920249976,2.05838802962435
"PPP1R3F",0.235831001374619,-12.1654885580238,2.16626798040572
"RP11-348F1.2",0.158147028664132,-12.743367074885,2.06256469798137
"NUDT11",0.241695900609293,-12.5467848054605,2.16624256450464
"GSPT2",0.229216757627761,-11.8185740413693,2.16758308707388
"MAGED1",0.300427718600343,-11.5384103559416,2.199496241444
"TSPYL2",0.444483507874437,-10.6114506320555,2.27704211538582
"RP11-258C19.7",0.158147028664132,-12.743367074885,2.06256469798137
"KDM5C",0.295410275228684,-11.554141821301,2.19824841004802
"IQSEC2",0.223695027974275,-12.0241158264402,2.17597860349096
"SMC1A",0.461336846505291,-11.0107266950075,2.2693906361035
"HSD17B10",0.927020242458118,-9.80059061896743,2.47274145224765
"HUWE1",0.468640681023308,-10.8244467292472,2.27190686780533
"PHF8",0.327625183902159,-11.4562335460741,2.20588919150169
"FAM120C",0.224685844288479,-11.9098833485468,2.17037723291924
"TSR2",0.609204333020582,-10.015650087217,2.32151903788831
"GNL3L",0.347027480193409,-11.3972077836428,2.20896727921405
"MAGED2",0.630757434615831,-9.9969752776203,2.34404563551799
"APEX2",0.393197807386538,-11.2068282466186,2.20234907139182
"FAM104B",0.441816887308936,-11.0597700948226,2.24380086597125
"MAGEH1",0.442633649655607,-10.5241348511757,2.29300874330389
"USP51",0.134486423716054,-12.8558240348517,2.04569081801718
"RRAGB",0.303949947574791,-11.5274100049873,2.20034205527944
"RP13-188A5.1",0.228616423114379,-11.8269160569712,2.16766920223184
"KLF8",0.228468715570751,-12.1186282691869,2.17441752459222
"UBQLN2",0.463068706326419,-10.5008648582101,2.32507117439821
"SPIN3",0.158147028664132,-12.743367074885,2.06256469798137
"SPIN2B",0.40608842991416,-11.1456644063624,2.20141239290653
"FAAH2",0.22375500450459,-11.9529837127783,2.17254604697426
"ZXDB",0.223695027974275,-12.0241158264402,2.17597860349096
"ZXDA",0.253657432497421,-12.3755230244616,2.1693722917142
"SPIN4",0.203504806423496,-12.4912497389434,2.07892517954733
"ARHGEF9",0.241587964993237,-11.7203125191351,2.17168265402027
"MTMR8",0.108196131760806,-13.0200960649104,2.02232033555741
"ZC4H2",0.262041219518392,-11.6511250774237,2.18475398016833
"LAS1L",0.463280402882616,-10.7699188696941,2.27259259158758
"MSN",1.10901723116546,-9.51679037056648,2.52967386764772
"VSIG4",0.108196131760806,-13.0200960649104,2.02232033555741
"YIPF6",0.44491946639056,-11.0571736340267,2.24954859042575
"STARD8",0.158147028664132,-12.743367074885,2.06256469798137
"EFNB1",0.23488365536117,-12.1604014949367,2.16725669041873
"PJA1",0.391542381200609,-11.2148170147019,2.20269764738519
"EDA",0.16759266301054,-12.6777798123276,2.06112349582788
"IGBP1",1.10893643394065,-9.52622395754009,2.5379300067864
"PDZD11",0.464793095211695,-10.4994104958414,2.32650531813887
"DLG3",0.108196131760806,-13.0200960649104,2.02232033555741
"SNX12",0.431829747166416,-11.0666301549537,2.22436033133221
"FOXO4",0.238267439470462,-12.1788669084481,2.16398271757428
"CXorf65",0.235911853711193,-11.753792553068,2.168868054776
"IL2RG",1.47783645067079,-9.12088956368745,2.58896412641115
"MED12",0.315885778068481,-11.4909045559396,2.20317613981035
"RP5-1091N2.9",0.316892564723818,-11.487899975682,2.20341573710902
"ZMYM3",0.239121755146729,-11.7333567076361,2.17034018854576
"NONO",0.834503791944393,-9.85201171382758,2.44220632030474
"TAF1",0.302791144231424,-11.5310237223875,2.20006573276503
"OGT",0.442501385086325,-10.584608431707,2.27886463538467
"ACRC",0.141473787659634,-12.8191386499719,2.05126746596957
"CXCR3",0.443193948213238,-10.5949715972484,2.27804178865958
"RGAG4",0.124744812975913,-12.9345239920951,2.0430897230423
"PIN4",0.607845703703236,-10.0196408518474,2.32023081845102
"RPS4X",4.64120534574421,-5.01460232618636,2.27803430147698
"HDAC8",0.339105839734121,-11.4220917610365,2.20805934831243
"NAP1L6",0.217168357845664,-12.5125542968357,2.11121018860736
"NAP1L2",0.158147028664132,-12.743367074885,2.06256469798137
"CHIC1",0.23078253123122,-12.1364778837008,2.17188129372768
"JPX",0.442050484752508,-10.5767824410576,2.27962084713221
"FTX",0.411737258668924,-11.1211175896479,2.20273862926291
"RLIM",0.394821138700262,-11.1989924306273,2.20204085266423
"ABCB7",0.449812863045508,-11.0501902005793,2.25745446820819
"UPRT",0.42576098429317,-11.0761029999866,2.21456408232124
"PBDC1",0.544121222369534,-10.3199570121721,2.33178333298295
"MAGEE1",0.252848887651615,-12.4667426727497,2.17603331892423
"ATRX",0.611749332782521,-10.0096178288514,2.32408588762853
"MAGT1",0.470521253694012,-10.9202711967342,2.27225176355077
"COX7B",0.68286379030291,-10.0104922625816,2.38606543987816
"ATP7A",0.217168357845664,-12.5125542968357,2.11121018860736
"PGK1",1.4662513238742,-9.09250396687374,2.61608420526072
"TAF9B",0.325211595687644,-11.4633216038494,2.20535006957762
"CYSLTR1",0.471075383015381,-10.8844144069417,2.27201243748592
"P2RY10",0.451451640509828,-10.6777653920684,2.27476887235076
"GPR174",0.203504806423496,-12.4912497389434,2.07892517954733
"ITM2A",0.714519077841817,-10.0049057062158,2.40584341307048
"BRWD3",0.228468715570751,-12.1186282691869,2.17441752459222
"HMGN5",0.235831001374619,-12.1654885580238,2.16626798040572
"SH3BGRL",1.47772900708459,-9.11030893260298,2.5968236832217
"HDX",0.230189928028585,-12.5414312256707,2.14290754443097
"APOOL",0.160919524648358,-12.7261534701212,2.06272317382464
"CHM",0.250066880072025,-12.508963921607,2.17627790166079
"NAP1L3",0.141473787659634,-12.8191386499719,2.05126746596957
"DIAPH2",0.325211595687644,-11.4633216038494,2.20535006957762
"RPA4",0.090721269291354,-12.7921404110945,1.91917469956789
"CSTF2",0.241904545563597,-12.2014659440717,2.16146712228198
"TRMT2B",0.371035178180678,-11.308387848168,2.20751175530643
"TIMM8A",0.285804672065154,-11.5839316416338,2.19552882576664
"BTK",0.581436947181387,-10.161494359332,2.31728716316892
"RPL36A",2.98139373857973,-6.85989799137692,2.42427951094114
"GLA",0.452139644525247,-11.0451609854515,2.26062929952455
"HNRNPH2",0.610847340927776,-10.0115550817365,2.32315643913232
"ARMCX4",0.158147028664132,-12.743367074885,2.06256469798137
"ARMCX1",0.252848887651615,-12.4667426727497,2.17603331892423
"ARMCX6",0.203504806423496,-12.4912497389434,2.07892517954733
"ARMCX3",0.441786363102704,-10.5306566255765,2.28961396357526
"ARMCX2",0.250273336557541,-12.2871527362687,2.16237099282398
"ZMAT1",0.276234074996775,-11.6121930892694,2.19202297773267
"BEX5",0.40069808220716,-11.1707663965574,2.20130761253405
"ARMCX5",0.263886131590534,-11.6461448528255,2.18583849430548
"GPRASP1",0.141473787659634,-12.8191386499719,2.05126746596957
"BEX1",0.141473787659634,-12.8191386499719,2.05126746596957
"BEX4",0.655113766097489,-10.0037514889323,2.36573751650155
"TCEAL8",0.689926270395599,-10.0108428139844,2.39074066313103
"BEX2",0.626799378673207,-9.99701591806012,2.34005924700483
"WBP5",0.250066880072025,-12.508963921607,2.17627790166079
"NGFRAP1",0.597288416266664,-10.0696933275808,2.31421626594998
"TCEAL4",0.442384794533318,-10.5826882418421,2.27903739304457
"TCEAL3",0.449812863045508,-11.0501902005793,2.25745446820819
"TCEAL1",0.456008661339454,-11.0338531524977,2.26504572955277
"MORF4L2",0.608784461008696,-10.0168235102391,2.32111289178971
"MORF4L2-AS1",0.108196131760806,-13.0200960649104,2.02232033555741
"TMSB15B",0.230189928028585,-12.5414312256707,2.14290754443097
"SLC25A53",0.264423314147689,-11.6446953514024,2.18614617169067
"ZCCHC18",0.238267439470462,-12.1788669084481,2.16398271757428
"FAM199X",0.27374702762166,-11.6192263026565,2.19093972565155
"CXorf57",0.189222923805307,-12.520920249976,2.05838802962435
"MORC4",0.183062415540771,-12.5564644150092,2.05608461177669
"RBM41",0.319344583891345,-11.4806092560161,2.20399355485001
"PRPS1",0.588670231894756,-10.1212837555099,2.31491903825341
"TSC22D3",1.71987415718259,-7.70424566740923,2.49208879157942
"MID2",0.124744812975913,-12.9345239920951,2.0430897230423
"VSIG1",0.241587964993237,-11.7203125191351,2.17168265402027
"PSMD10",0.426126782327076,-11.0753467526915,2.21507321696338
"ATG4A",0.416169416065135,-11.1038987932544,2.20496221833531
"NXT2",0.442931513904362,-11.0589422637613,2.24591354627706
"ACSL4",0.309940402152195,-11.5089209858606,2.20176716673798
"TMEM164",0.235301446437578,-11.7582718172183,2.16862943826843
"AMMECR1",0.357857053743936,-11.3600580995814,2.20913446435256
"GNG5P2",0.090721269291354,-12.7921404110945,1.91917469956789
"PAK3",0.101084877533373,-12.9582856770516,1.98697941273538
"ALG13",0.474911272819226,-10.4885593244505,2.33297118555791
"RP1-241P17.4",0.66311194393307,-10.0063127435733,2.37197605329974
"WDR44",0.241904545563597,-12.2014659440717,2.16146712228198
"DOCK11",0.462687695900046,-11.0030379728966,2.27018466021815
"IL13RA1",0.372324725483206,-11.3029394040443,2.20725932886235
"LONRF3",0.134486423716054,-12.8558240348517,2.04569081801718
"PGRMC1",0.46094334775486,-10.7510155238346,2.27298662555883
"SLC25A43",0.224035905850509,-12.0423659378371,2.17656425261388
"SLC25A5",1.54969228126478,-8.98923725242772,2.63995293798705
"CXorf56",0.341450871520497,-11.4148798667032,2.20838647618076
"UBE2A",0.684764443767532,-10.0106546782109,2.387338707319
"NKRF",0.248182685417313,-11.6927940738112,2.17580024179626
"SEPT6",0.956279528219009,-9.75867297904394,2.47894538465565
"SOWAHD",0.229216757627761,-11.8185740413693,2.16758308707388
"RPL39",1.10801541744817,-9.54851452509318,2.55721903200047
"UPF3B",0.508364592813238,-10.4255695890406,2.33915646327432
"RNF113A",0.680118694052109,-10.0101603263878,2.38420022090115
"NDUFA1",1.11595342899798,-9.56261814388714,2.58842852284553
"NKAP",0.485607879099845,-10.472703497918,2.33700723528806
"ZBTB33",0.225242173550997,-11.8928066779572,2.16961132666487
"LAMP2",0.44484638034156,-10.5164151482219,2.29930353236541
"CUL4B",0.320345424600332,-11.4776455152249,2.2042284703973
"MCTS1",0.601478812449355,-10.0462466057874,2.31558210507318
"C1GALT1C1",0.420760130765993,-11.0887359501162,2.20865871259277
"THOC2",0.565094336828046,-10.2390861624034,2.32393200025482
"XIAP",0.457363327490223,-10.7236203391143,2.2736255323853
"RP1-315G1.3",0.141473787659634,-12.8191386499719,2.05126746596957
"STAG2",0.469986074725073,-10.8460949006267,2.27185122070599
"SH2D1A",0.61532602972714,-10.00372515065,2.3278755442658
"TENM1",0.217168357845664,-12.5125542968357,2.11121018860736
"OCRL",0.108196131760806,-13.0200960649104,2.02232033555741
"SASH3",0.673439126711759,-10.0089903655539,2.37954382158682
"ZDHHC9",0.217168357845664,-12.5125542968357,2.11121018860736
"UTP14A",0.420219054721827,-11.0903502698403,2.20814048474172
"BCORL1",0.217168357845664,-12.5125542968357,2.11121018860736
"ELF4",0.441106494975151,-11.060235648736,2.24242918160908
"AIFM1",0.430222025732156,-11.0685295513821,2.22151008738469
"RAB33A",0.426126782327076,-11.0753467526915,2.21507321696338
"ZNF280C",0.230189928028585,-12.5414312256707,2.14290754443097
"SLC25A14",0.32123992854081,-11.4750084029017,2.20443991207931
"RBMX2",0.519691009513634,-10.3961087486077,2.33792849353607
"ENOX2",0.254213568718537,-11.6731934857396,2.17980150004989
"MST4",0.467768565121898,-10.8134327814754,2.27198220331804
"RAP2C",0.461336846505291,-11.0107266950075,2.2693906361035
"RAP2C-AS1",0.108196131760806,-13.0200960649104,2.02232033555741
"MBNL3",0.224820970152689,-12.0670005958397,2.17690569188224
"PHF6",0.404721923560707,-11.1519112943397,2.20129724393512
"HPRT1",0.613845712821011,-10.0058383003917,2.32628932260117
"FAM122B",0.469862739363332,-10.8436980894276,2.27185114654999
"FAM122C",0.251141901207489,-11.6827217186918,2.17775498330012
"MOSPD1",0.350243796832789,-11.386611316548,2.2091560063327
"SMIM10",0.108196131760806,-13.0200960649104,2.02232033555741
"FAM127A",0.448931007097724,-10.656309896619,2.27534709655389
"FAM127B",0.448842409492983,-11.0519207351528,2.25601027729894
"ZNF75D",0.22712266150858,-12.104790066756,2.17568849682712
"DDX26B",0.256458208315558,-11.6666219050736,2.18126431842578
"MMGT1",0.438359458117575,-11.0618177554228,2.23700850805954
"SLC9A6",0.23078253123122,-12.1364778837008,2.17188129372768
"FHL1",0.460720468276872,-11.0139262660174,2.26898592709098
"MAP7D3",0.390547942851553,-11.2195909881759,2.2029167383211
"HTATSF1",0.591364338284616,-10.1053685056719,2.31434141425568
"CD40LG",0.629551332003413,-9.99691233891016,2.34284342564574
"ARHGEF6",0.442942643013965,-10.5913883004133,2.27830559838802
"RP11-1114A5.4",0.141473787659634,-12.8191386499719,2.05126746596957
"RBMX",1.10847110182565,-9.56317605625228,2.57295275605709
"ATP11C",0.22712266150858,-12.104790066756,2.17568849682712
"LDOC1",0.347027480193409,-11.3972077836428,2.20896727921405
"FMR1",0.230775156673327,-11.7994739811921,2.16756261210683
"IDS",1.07174373706161,-9.51000152634462,2.47587074204687
"LINC00893",0.141473787659634,-12.8191386499719,2.05126746596957
"CXorf40A",0.42576098429317,-11.0761029999866,2.21456408232124
"TMEM185A",0.276234074996775,-11.6121930892694,2.19202297773267
"CXorf40B",0.46079962271492,-10.7498844553983,2.27301110222837
"LINC00894",0.124744812975913,-12.9345239920951,2.0430897230423
"MTM1",0.31342617184787,-11.4983190089717,2.20259098932825
"MTMR1",0.230775156673327,-11.7994739811921,2.16756261210683
"CD99L2",0.270272096743267,-11.6288514890299,2.18928097708031
"HMGB3",0.256458208315558,-11.6666219050736,2.18126431842578
"VMA21",0.584870785803385,-10.1429067964113,2.31605884184602
"CETN2",0.442173782139655,-10.5790295728404,2.2793881718584
"NSDHL",0.322784307187702,-11.4704529360613,2.20479588854816
"ZNF185",0.226191171381357,-12.092642487931,2.17639414244259
"PNMA5",0.230189928028585,-12.5414312256707,2.14290754443097
"PNMA3",0.108196131760806,-13.0200960649104,2.02232033555741
"ZNF275",0.250066880072025,-12.508963921607,2.17627790166079
"HAUS7",0.449248994765384,-11.0512244947746,2.25662638474856
"FAM58A",0.46493523665264,-10.4992860408849,2.32661839145902
"RP11-66N11.8",0.250273336557541,-12.2871527362687,2.16237099282398
"BCAP31",1.10723003095242,-9.49964027517301,2.51258817959808
"ABCD1",0.22712266150858,-12.104790066756,2.17568849682712
"IDH3G",0.953142748531879,-9.76467609640004,2.47863051648684
"SSR4",1.58919345933035,-8.92036417360602,2.63326150248766
"PDZD4",0.25207905255751,-12.3217627193962,2.16484660681938
"ARHGAP4",0.690228918684805,-10.0108389286076,2.39093665070601
"NAA10",0.852017975070876,-9.84028380686675,2.44696487002469
"RENBP",0.469773757781221,-10.8420443604401,2.27185280327771
"HCFC1",0.469806805477588,-10.9355560935356,2.27228768836383
"HCFC1-AS1",0.108196131760806,-13.0200960649104,2.02232033555741
"TMEM187",0.389152308112735,-11.2262808848236,2.2032345380696
"IRAK1",0.405458004962924,-11.1485350060992,2.20135109592001
"MECP2",0.486060300934389,-10.4719404151558,2.33712720275434
"TKTL1",0.23647336692093,-11.749872499786,2.1690974185418
"FLNA",0.998391323619185,-9.65666326858208,2.47604193361024
"EMD",0.598531926781288,-10.0624341609842,2.31447493940678
"RPL10",7.68172888423629,-3.4158568413169,2.03622039693775
"DNASE1L1",0.456538261304362,-11.0319736866646,2.26556564792423
"TAZ",0.443345374570357,-10.5208219145699,2.295292605939
"ATP6AP1",0.57149529159554,-10.21058889631,2.32128578234061
"GDI1",0.44894731605316,-10.5107201295754,2.30768124794657
"FAM50A",0.624633914961355,-9.9973860207699,2.3378240658204
"PLXNA3",0.158147028664132,-12.743367074885,2.06256469798137
"LAGE3",0.643411967878592,-9.99980385726663,2.35588504089326
"UBL4A",0.444266545993226,-10.5178342480499,2.29784740417754
"SLC10A3",0.382334356441131,-11.2583961991317,2.20492687364879
"FAM3A",0.469444071296805,-10.8363715152451,2.27186137706724
"G6PD",0.560586525071852,-10.257935531676,2.32575217771462
"IKBKG",0.189222923805307,-12.520920249976,2.05838802962435
"GAB3",0.386694205114887,-11.2379833690839,2.20382975371651
"DKC1",0.442639850250371,-10.5241004539831,2.29303010019662
"MPP1",0.496679112419645,-10.4519043423693,2.33895833518036
"F8",0.241904545563597,-12.2014659440717,2.16146712228198
"F8A1",0.70282654266527,-10.0093150505728,2.39887826484546
"FUNDC2",0.768006316721276,-9.93659273226242,2.42832793803882
"CMC4",0.158147028664132,-12.743367074885,2.06256469798137
"BRCC3",0.409247564379716,-11.1316388278151,2.20197253201869
"VBP1",0.641169425771626,-9.9991036673961,2.35387739758037
"RAB39B",0.252669045295664,-12.3369290773934,2.16608382286099
"CLIC2",0.248402229800703,-12.5225745172809,2.17513577496799
"TMLHE",0.389152308112735,-11.2262808848236,2.2032345380696
"VAMP7",0.461379081893539,-10.5021827184195,2.32355127446699
"ZNF596",0.151289836493976,-12.7783680320405,2.05965516873174
"FBXO25",0.459899534984952,-10.7429132200187,2.27316871668763
"ERICH1",0.658658535838907,-10.0049239565113,2.36854707075541
"CLN8",0.46040616186767,-11.0155084333925,2.26876938593163
"CTD-2336O2.1",0.452309838371976,-10.684696680468,2.27458881547798
"KBTBD11",0.225242173550997,-11.8928066779572,2.16961132666487
"MYOM2",0.231651184619857,-12.1420498232607,2.17088222604676
"RP11-115C21.2",0.373867454117424,-11.2963183263534,2.20693923232776
"MCPH1",0.3970473175067,-11.1882492880877,2.20168409990758
"ANGPT2",0.211561276790128,-12.5005332691513,2.09729795390912
"AGPAT5",0.270272096743267,-11.6288514890299,2.18928097708031
"SGK223",0.306439806001703,-11.519684101789,2.20093803309746
"CLDN23",0.124744812975913,-12.9345239920951,2.0430897230423
"MFHAS1",0.22712266150858,-12.104790066756,2.17568849682712
"ERI1",0.28226465445891,-11.5946080769549,2.19434563052973
"PPP1R3B",0.253776510344264,-12.4304809561986,2.17385166909698
"TNKS",0.262041219518392,-11.6511250774237,2.18475398016833
"MSRA",0.451908264103253,-10.5084589865649,2.31242941241546
"PINX1",0.436589996430009,-11.0628128427073,2.23348485197752
"XKR6",0.174120422480146,-12.6247712823772,2.05817582041029
"MTMR9",0.443805074415447,-11.0582265927477,2.24753658013198
"BLK",0.441893059131592,-10.5295547182042,2.29011160690812
"NEIL2",0.417706406105695,-11.0984921151618,2.20603198222978
"FDFT1",0.692577781574373,-10.0107713688783,2.39245201489295
"RP11-297N6.4",0.16759266301054,-12.6777798123276,2.06112349582788
"CTSB",1.00664969692682,-9.63594025410294,2.47482237537458
"RP11-481A20.11",0.174120422480146,-12.6247712823772,2.05817582041029
"LONRF1",0.235831001374619,-12.1654885580238,2.16626798040572
"MICU3",0.277255247064729,-11.6092735883829,2.19244704213465
"ZDHHC2",0.224065621849842,-11.9347801167679,2.1716016566889
"CNOT7",0.657416499011252,-10.0045183508069,2.36757015587257
"VPS37A",0.47058407054885,-10.9185395859691,2.27224357899786
"MTUS1",0.108196131760806,-13.0200960649104,2.02232033555741
"PCM1",0.447218100328256,-10.5125212179137,2.30447694178162
"ASAH1",1.10722731087415,-9.49962973540602,2.51257585734972
"NAT1",0.229216757627761,-11.8185740413693,2.16758308707388
"CSGALNACT1",0.421222617755518,-11.08739230309,2.2091223616577
"INTS10",0.583446810587129,-10.1507193254145,2.3165483853235
"ATP6V1B2",0.560463091034921,-10.2584419891811,2.3258018885857
"GFRA2",0.101084877533373,-12.9582856770516,1.98697941273538
"DOK2",1.08847244747306,-9.4929693645082,2.48369945725496
"XPO7",0.339105839734121,-11.4220917610365,2.20805934831243
"DMTN",0.223483964358326,-11.9978879830348,2.17485616472569
"FAM160B2",0.224065621849842,-11.9347801167679,2.1716016566889
"NUDT18",0.428716979578481,-11.0707001835205,2.21899923203206
"REEP4",0.47095494633815,-10.8742787490136,2.27194764701986
"BMP1",0.090721269291354,-12.7921404110945,1.91917469956789
"POLR3D",0.451182578741545,-11.0473786367372,2.25936905724913
"SLC39A14",0.203504806423496,-12.4912497389434,2.07892517954733
"PPP3CC",0.602572812556229,-10.0407831203409,2.31617305806046
"RP11-582J16.4",0.090721269291354,-12.7921404110945,1.91917469956789
"SORBS3",0.449248994765384,-11.0512244947746,2.25662638474856
"PDLIM2",0.789541669120852,-9.90191201749959,2.43278190109523
"C8orf58",0.224065621849842,-11.9347801167679,2.1716016566889
"CCAR2",0.466056322628424,-10.7950415502689,2.27218340286415
"RP11-582J16.5",0.158147028664132,-12.743367074885,2.06256469798137
"BIN3",0.446514259325753,-10.6335182579187,2.27608553965847
"RP11-875O11.1",0.158147028664132,-12.743367074885,2.06256469798137
"RHOBTB2",0.250066880072025,-12.508963921607,2.17627790166079
"TNFRSF10B",0.405532690978761,-11.1481904505777,2.20135684886821
"TNFRSF10D",0.230189928028585,-12.5414312256707,2.14290754443097
"TNFRSF10A",0.371035178180678,-11.308387848168,2.20751175530643
"CHMP7",0.47925721955842,-10.4826435284646,2.33490713080446
"R3HCC1",0.441744976564744,-10.5311152301646,2.28941343005049
"ENTPD4",0.435539115592831,-11.0634795948857,2.23141060292005
"SLC25A37",0.461336846505291,-11.0107266950075,2.2693906361035
"ADAM28",0.467124384307925,-10.9694874160635,2.27193179039833
"DOCK5",0.271279197396557,-11.6260880152739,2.1897771111063
"KCTD9",0.238267439470462,-12.1788669084481,2.16398271757428
"PPP2R2A",0.447087053831029,-10.5126838197405,2.30421597488268
"BNIP3L",0.82654196437608,-9.85858540609489,2.44027871750818
"DPYSL2",0.350243796832789,-11.386611316548,2.2091560063327
"TRIM35",0.248182685417313,-11.6927940738112,2.17580024179626
"PTK2B",0.592086641462843,-10.1010357365185,2.31423130644108
"EPHX2",0.441434665621201,-10.5628276012543,2.28137575717742
"CLU",0.427966594222067,-11.0719126073324,2.2178109525442
"CCDC25",0.5288631036196,-10.3695653779871,2.33611131695577
"ELP3",0.444219591306214,-11.0578495020023,2.24829091578599
"PNOC",0.471075290801201,-10.8843978553324,2.27201232066241
"ZNF395",0.31342617184787,-11.4983190089717,2.20259098932825
"FZD3",0.203504806423496,-12.4912497389434,2.07892517954733
"EXTL3",0.241695900609293,-12.5467848054605,2.16624256450464
"INTS9",0.241587964993237,-11.7203125191351,2.17168265402027
"HMBOX1",0.441775141166069,-10.5712501245044,2.28024921792317
"KIF13B",0.229216757627761,-11.8185740413693,2.16758308707388
"DUSP4",0.243392010637346,-12.5436697682976,2.16895469212833
"TMEM66",1.44769915357933,-7.96208753342107,2.55435227952112
"RP11-489E7.4",0.464193033464197,-10.4999314933102,2.32601829156099
"LEPROTL1",1.09510887621037,-9.48968826533333,2.48925298139427
"RP11-51J9.5",0.656042522449016,-10.0040603717916,2.36648031481065
"DCTN6",0.533163052018404,-10.3562880817627,2.33504292666233
"GTF2E2",0.559494299471723,-10.2623748802657,2.32618647786029
"GSR",0.440095965609989,-11.0608424935328,2.2404590929217
"PPP2CB",0.239121755146729,-11.7333567076361,2.17034018854576
"WRN",0.224820970152689,-12.0670005958397,2.17690569188224
"NRG1",0.450093139587397,-11.049645179633,2.25785805696448
"RP11-11N9.4",0.252848887651615,-12.4667426727497,2.17603331892423
"FUT10",0.230189928028585,-12.5414312256707,2.14290754443097
"TTI2",0.270272096743267,-11.6288514890299,2.18928097708031
"MAK16",0.224065621849842,-11.9347801167679,2.1716016566889
"ZNF703",0.456802302606624,-11.031011446296,2.26581727353577
"ERLIN2",0.243431321069781,-11.7117139674051,2.17278568107151
"PROSC",0.592144633011572,-10.1006871875175,2.31422320497706
"BRF2",0.355648341701213,-11.3679762538592,2.20920993508267
"RAB11FIP1",0.477423077299328,-10.485237633821,2.33414338739531
"EIF4EBP1",0.706973322704761,-10.0081228669365,2.40139787329477
"ASH2L",0.463706409448009,-10.7735314462296,2.27252277348926
"RP11-90P5.2",0.124744812975913,-12.9345239920951,2.0430897230423
"LSM1",0.789112751545314,-9.9025433257315,2.43270123752835
"BAG4",0.238745118510496,-11.7355340458019,2.170148987001
"DDHD2",0.414579621266846,-11.1098167832024,2.20402627731241
"PPAPDC1B",0.569714246974436,-10.2187349484695,2.32202457019935
"WHSC1L1",0.767480128416647,-9.93749491120843,2.42820073313149
"RP11-350N15.5",0.224065621849842,-11.9347801167679,2.1716016566889
"LETM2",0.241695900609293,-12.5467848054605,2.16624256450464
"FGFR1",0.174120422480146,-12.6247712823772,2.05817582041029
"TACC1",0.512213658967199,-10.4159675737973,2.33887814743048
"PLEKHA2",0.443805074415447,-11.0582265927477,2.24753658013198
"CTD-2544N14.3",0.090721269291354,-12.7921404110945,1.91917469956789
"TM2D2",0.457282581591027,-10.7230089897772,2.27364031108761
"ADAM9",0.252848887651615,-12.4667426727497,2.17603331892423
"IDO1",0.191112640292137,-12.5127632645887,2.0599077305892
"ZMAT4",0.117913150105663,-12.9954662061038,2.04171346236043
"GOLGA7",0.769599623538316,-9.93388139194328,2.42870534362269
"GINS4",0.189222923805307,-12.520920249976,2.05838802962435
"AGPAT6",0.463227364908191,-10.9997074220818,2.27046751337242
"ANK1",0.211561276790128,-12.5005332691513,2.09729795390912
"KAT6A",0.4412217861366,-10.554873086337,2.28270718765468
"RP11-589C21.6",0.464014369161305,-10.9945532482802,2.27084668345252
"RP11-589C21.5",0.174120422480146,-12.6247712823772,2.05817582041029
"AP3M2",0.470010196662976,-10.9318068012502,2.27228532197413
"IKBKB",0.455693126808715,-10.7109703321763,2.27393533157713
"POLB",0.300427718600343,-11.5384103559416,2.199496241444
"VDAC3",0.847824756767193,-9.84277971977071,2.44575689063448
"SLC20A2",0.271279197396557,-11.6260880152739,2.1897771111063
"SMIM19",0.60361342862302,-10.0358973985968,2.31682566941705
"THAP1",0.460084013575896,-10.7443331063705,2.27313558103397
"RNF170",0.413897455375829,-11.1124427710348,2.20367288133126
"HOOK3",0.442328159957201,-10.5817344015367,2.27912489996014
"FNTA",0.799468943917758,-9.8881066964227,2.43464910446296
"POMK",0.124744812975913,-12.9345239920951,2.0430897230423
"HGSNAT",0.450294067101652,-10.6681296685475,2.27501979794633
"SPIDR",0.405532690978761,-11.1481904505777,2.20135684886821
"CEBPD",1.10731213719752,-9.49996494496898,2.51296579523389
"PRKDC",0.457099449343144,-10.7216296761167,2.27367446362518
"MCM4",0.22788839885398,-12.1130981452525,2.1749948721457
"UBE2V2",0.61524496455074,-10.0038302009776,2.32778852965102
"PCMTD1",0.441256202613648,-10.5400703490534,2.28620133644548
"AC090186.1",0.090721269291354,-12.7921404110945,1.91917469956789
"RP11-110G21.1",0.226965555352143,-11.8539915358263,2.1682399487526
"RB1CC1",0.467269051057546,-10.9680744008023,2.27196574441331
"ATP6V1H",0.51541616360108,-10.4076468168404,2.3385333335518
"TCEA1",0.995436996728281,-9.6642223527374,2.47648374336541
"LYPLA1",0.785810928487412,-9.90750769095031,2.43207681300307
"MRPL15",0.523062231141244,-10.386636610318,2.33733925447907
"TMEM68",0.333403376990808,-11.4392096641121,2.20707488015413
"TGS1",0.470163546357878,-10.9287032292646,2.27227889601841
"LYN",0.844630342975606,-9.84482041662139,2.44487034399916
"RPS20",3.71716928263878,-5.63090984555949,2.17806147272002
"PLAG1",0.217168357845664,-12.5125542968357,2.11121018860736
"CHCHD7",0.684055961583173,-10.0105993583152,2.38686563942771
"IMPAD1",0.341450871520497,-11.4148798667032,2.20838647618076
"FAM110B",0.124744812975913,-12.9345239920951,2.0430897230423
"UBXN2B",0.300427718600343,-11.5384103559416,2.199496241444
"SDCBP",1.07050388099804,-9.51160093608955,2.47550751139233
"NSMAF",0.448238021421789,-11.0529128422977,2.25508259951743
"TOX",0.301451509050628,-11.5352080262113,2.19974483512168
"RP11-25K19.1",0.274763684215137,-11.6163651062188,2.1913919874752
"RAB2A",0.836826684422689,-9.85025209670653,2.44279637683111
"CHD7",0.420728838891473,-11.0888282135519,2.20862818025317
"AC022182.1",0.108196131760806,-13.0200960649104,2.02232033555741
"AC022182.3",0.302475217228896,-11.5320111680238,2.19999069667813
"ASPH",0.226183628844696,-11.8696976462039,2.16872789246404
"GGH",0.23078253123122,-12.1364778837008,2.17188129372768
"YTHDF3-AS1",0.229216757627761,-11.8185740413693,2.16758308707388
"YTHDF3",0.447583979367493,-11.0539138640079,2.25404849497408
"ARMC1",0.44695749251191,-10.5128500472435,2.30395593917744
"MTFR1",0.224820970152689,-12.0670005958397,2.17690569188224
"PDE7A",0.441806663089196,-10.5719140381328,2.28016830370691
"RRS1",0.458867413701702,-10.5039973140419,2.32107183347102
"ADHFE1",0.223506913503804,-11.9791550530398,2.17392053640435
"MYBL1",0.401299674451208,-11.1679179393041,2.20127607943342
"VCPIP1",0.341450871520497,-11.4148798667032,2.20838647618076
"C8orf44",0.234623725145751,-11.7634639395335,2.1683885589406
"SGK3",0.267827718943378,-11.6355057427823,2.18802368561981
"COPS5",0.820579057108897,-9.86410334995045,2.43892887350174
"CSPP1",0.383089885247152,-11.2548981870833,2.20473571080868
"ARFGEF1",0.387415497071228,-11.2345599720108,2.20365151181136
"NCOA2",0.374679352731283,-11.2927952629622,2.20676207294801
"TRAM1",0.935188901338049,-9.79192125773715,2.47512008028278
"AC120194.1",0.224065621849842,-11.9347801167679,2.1716016566889
"RP11-382J12.1",0.124744812975913,-12.9345239920951,2.0430897230423
"LACTB2",0.459061954631743,-11.0218444344604,2.26777449365016
"RP11-383H13.1",0.158147028664132,-12.743367074885,2.06256469798137
"MSC",0.189222923805307,-12.520920249976,2.05838802962435
"TERF1",0.558098455783612,-10.2679694894606,2.32673446425109
"RPL7",4.98786216226495,-4.91044635072372,2.09328714683319
"RDH10",0.108196131760806,-13.0200960649104,2.02232033555741
"STAU2",0.450585664609749,-11.0486561707838,2.25855090272701
"UBE2W",0.229216757627761,-11.8185740413693,2.16758308707388
"TCEB1",0.725096335192129,-9.99771533321736,2.4117322230498
"TMEM70",0.47558510619884,-10.487695975785,2.33330135271621
"LY96",0.223695027974275,-12.0241158264402,2.17597860349096
"GDAP1",0.223506913503804,-11.9791550530398,2.17392053640435
"PEX2",0.508438642363901,-10.4253851810915,2.33915190540862
"PKIA",0.247088309743925,-12.5303994035623,2.17384969389464
"ZC2HC1A",0.285804672065154,-11.5839316416338,2.19552882576664
"IL7",0.248063606674305,-12.2567014115598,2.16085635613381
"MRPS28",0.441486484508644,-10.5346804918084,2.28798917583664
"TPD52",0.56086825440068,-10.2567846151512,2.32563979001465
"RP11-92K15.3",0.090721269291354,-12.7921404110945,1.91917469956789
"ZBTB10",0.36307676210191,-11.34047880421,2.20871625135506
"PAG1",0.567240329600821,-10.2297634892441,2.32304808502516
"RP11-1149M10.2",0.090721269291354,-12.7921404110945,1.91917469956789
"FABP5",0.468230150016255,-10.8190613315722,2.27193711356762
"IMPA1",0.426126782327076,-11.0753467526915,2.21507321696338
"ZFAND1",0.681786825449081,-10.0103714231219,2.38533648215507
"SNX16",0.23078253123122,-12.1364778837008,2.17188129372768
"LRRCC1",0.252669045295664,-12.3369290773934,2.16608382286099
"RP11-219B4.7",0.134486423716054,-12.8558240348517,2.04569081801718
"E2F5",0.250273336557541,-12.2871527362687,2.16237099282398
"C8orf59",0.467089423632747,-10.8057269383233,2.27205309291179
"CA13",0.217168357845664,-12.5125542968357,2.11121018860736
"CA2",0.410899936217475,-11.1246139702154,2.20244755513809
"WWP1",0.431829747166416,-11.0666301549537,2.22436033133221
"RMDN1",0.464950118997445,-10.7845300835868,2.27233594238356
"CPNE3",0.452145600029409,-10.6833851350225,2.27462305141618
"RP11-37B2.1",0.23078253123122,-12.1364778837008,2.17188129372768
"RIPK2",0.476193618207794,-10.486899487349,2.33358994843897
"OSGIN2",0.265406466391688,-11.6420470295071,2.1867035920894
"NBN",0.469859536479708,-10.9346168300406,2.2722876273228
"DECR1",0.91051586615791,-9.81295449659509,2.46710522273167
"TMEM64",0.226965555352143,-11.8539915358263,2.1682399487526
"C8orf88",0.230189928028585,-12.5414312256707,2.14290754443097
"TMEM55A",0.441281998419243,-10.5576489185893,2.28220921633744
"GS1-251I9.4",0.469148692884191,-10.4952460903519,2.32966898192292
"OTUD6B",0.303949947574791,-11.5274100049873,2.20034205527944
"LRRC69",0.124744812975913,-12.9345239920951,2.0430897230423
"TRIQK",0.31342617184787,-11.4983190089717,2.20259098932825
"RBM12B",0.224820970152689,-12.0670005958397,2.17690569188224
"TMEM67",0.252848887651615,-12.4667426727497,2.17603331892423
"PDP1",0.276234074996775,-11.6121930892694,2.19202297773267
"MIR378D2",0.090721269291354,-12.7921404110945,1.91917469956789
"RAD54B",0.174120422480146,-12.6247712823772,2.05817582041029
"KIAA1429",0.401082759240163,-11.1689420505979,2.20128593135957
"DPY19L4",0.233001154576389,-11.7771502087011,2.16792179551048
"INTS8",0.432936132484423,-11.0655252314777,2.22640344540284
"CCNE2",0.090721269291354,-12.7921404110945,1.91917469956789
"NDUFAF6",0.437326993464604,-11.0623805503055,2.23495169521019
"TP53INP1",0.232716917859322,-12.1484300758739,2.16966635603658
"PLEKHF2",0.588882639409631,-10.1200414597386,2.31486445240196
"C8orf37",0.090721269291354,-12.7921404110945,1.91917469956789
"UQCRB",0.6574951127615,-10.0045433389684,2.36763177341019
"MTERFD1",0.42511069737371,-11.0774998633663,2.21368010553022
"PTDSS1",0.559651783002229,-10.2617311707277,2.32612244087653
"CPQ",0.447024914506387,-10.5127641536956,2.30409212142856
"TSPYL5",0.108196131760806,-13.0200960649104,2.02232033555741
"MTDH",1.1052583220185,-9.49434062493516,2.50564022121757
"LAPTM4B",0.243392010637346,-12.5436697682976,2.16895469212833
"RPL30",5.02700369587666,-4.87991057155964,2.094999378061
"KB-1208A12.3",0.256458208315558,-11.6666219050736,2.18126431842578
"HRSP12",0.412232615927374,-11.1190928018689,2.20292933682233
"POP1",0.248063606674305,-12.2567014115598,2.16085635613381
"NIPAL2",0.225242173550997,-11.8928066779572,2.16961132666487
"STK3",0.223875660397657,-12.0349486188794,2.17635258202744
"RP11-410L14.2",0.225618966400741,-12.0834241998706,2.17670796339033
"VPS13B",0.368990430787037,-11.3169031375202,2.20788440781945
"COX6C",1.47855936642906,-9.11585229619282,2.59241082221173
"POLR2K",0.498996030267442,-10.4470252234854,2.33913289247774
"SPAG1",0.203504806423496,-12.4912497389434,2.07892517954733
"RNF19A",0.453211409587079,-11.0424218812905,2.26196284756385
"ANKRD46",0.360929126623443,-11.348664862052,2.2089234439008
"PABPC1",2.14416443417971,-7.21915021610943,2.4856794169877
"YWHAZ",1.19971704267673,-9.41466285473262,2.58522992777069
"KB-1460A1.5",0.108196131760806,-13.0200960649104,2.02232033555741
"ZNF706",1.10943372441589,-9.56581756565928,2.57774706302875
"NCALD",0.246161006325488,-11.7003570237215,2.17449086994333
"RRM2B",0.229216757627761,-11.8185740413693,2.16758308707388
"KB-431C1.4",0.248063606674305,-12.2567014115598,2.16085635613381
"UBR5",0.424856849288194,-11.0780617227707,2.21334472978913
"KLF10",0.464806297497478,-10.7832193596762,2.27235683212404
"KB-1732A1.1",0.217168357845664,-12.5125542968357,2.11121018860736
"AZIN1",0.461379081893539,-10.5021827184195,2.32355127446699
"KB-1507C5.2",0.250066880072025,-12.508963921607,2.17627790166079
"ATP6V1C1",0.454032386017518,-11.0401280069422,2.26292790382713
"BAALC",0.124744812975913,-12.9345239920951,2.0430897230423
"FZD6",0.203504806423496,-12.4912497389434,2.07892517954733
"SLC25A32",0.404153181232032,-11.1545373369774,2.20126864703396
"DCAF13",0.45074532310535,-10.5092685962361,2.31066171364028
"RP11-395G23.3",0.217168357845664,-12.5125542968357,2.11121018860736
"OXR1",0.406088429914157,-11.1456644063624,2.20141239290653
"EIF3E",1.29656950337172,-9.28094213813208,2.57063998367637
"EMC2",0.318341970007255,-11.4835878418945,2.20375844416355
"NUDCD1",0.418342219732073,-11.096346196648,2.20652215389315
"ENY2",0.938638346220571,-9.78761369493983,2.47599831041186
"PKHD1L1",0.124744812975913,-12.9345239920951,2.0430897230423
"EBAG9",0.499405967267045,-10.4461431115973,2.33915637252867
"TRPS1",0.321787468070285,-11.4733956549449,2.20456706007782
"EIF3H",1.39490231538745,-8.26171455462001,2.53302441789418
"UTP23",0.42576098429317,-11.0761029999866,2.21456408232124
"RAD21",0.624645834345602,-9.99738324260816,2.3378364653101
"MED30",0.703686280609532,-10.009103412548,2.39940467370794
"EXT1",0.250066880072025,-12.508963921607,2.17627790166079
"SAMD12",0.151289836493976,-12.7783680320405,2.05965516873174
"AC023590.1",0.248063606674305,-12.2567014115598,2.16085635613381
"TAF2",0.253309504187197,-11.6759268360451,2.17920616014382
"DSCC1",0.127557276531685,-12.9088084177487,2.0432601244901
"DEPTOR",0.200068319961555,-12.4919902867851,2.07224447718315
"MRPL13",0.465900001003049,-10.7935061349605,2.2722045721726
"MTBP",0.158147028664132,-12.743367074885,2.06256469798137
"SNTB1",0.258748343647862,-11.6601487887884,2.18272220633917
"RP11-713M15.2",0.108196131760806,-13.0200960649104,2.02232033555741
"RP11-44N11.2",0.28226465445891,-11.5946080769549,2.19434563052973
"ZHX2",0.360929126623443,-11.348664862052,2.2089234439008
"DERL1",0.629531151769438,-9.99691178959076,2.34282326176701
"TBC1D31",0.224820970152689,-12.0670005958397,2.17690569188224
"C8orf76",0.470722610355883,-10.9142979650411,2.27221970524489
"ZHX1-C8ORF76",0.217168357845664,-12.5125542968357,2.11121018860736
"ZHX1",0.37857325423284,-11.2755623803673,2.20585812355457
"ATAD2",0.225242173550997,-11.8928066779572,2.16961132666487
"WDYHV1",0.349224094944411,-11.3900039782229,2.2091077478975
"FBXO32",0.444219591306214,-11.0578495020023,2.24829091578599
"FAM91A1",0.315885778068481,-11.4909045559396,2.20317613981035
"RP11-383J24.6",0.225618966400741,-12.0834241998706,2.17670796339033
"TMEM65",0.23078253123122,-12.1364778837008,2.17188129372768
"TRMT12",0.27374702762166,-11.6192263026565,2.19093972565155
"RNF139-AS1",0.248182685417313,-11.6927940738112,2.17580024179626
"RNF139",0.713675647476775,-10.0053358436843,2.40535524602081
"TATDN1",0.352503218725648,-11.3789580565459,2.20921908789345
"RP11-158K1.3",0.203504806423496,-12.4912497389434,2.07892517954733
"NDUFB9",1.45576171657194,-9.14707601709954,2.5762089636049
"MTSS1",0.57947928212386,-10.1717062675438,2.31804247005051
"SQLE",0.271279197396557,-11.6260880152739,2.1897771111063
"KIAA0196",0.430002723628291,-11.0688218722507,2.2211360580118
"NSMCE2",0.451677805468054,-10.6796028345991,2.27472014315967
"TRIB1",0.410282366186693,-11.1272120071973,2.20225397728856
"LINC00861",0.587563868481616,-10.1276764001844,2.31521754500459
"FAM84B",0.243431321069781,-11.7117139674051,2.17278568107151
"RP11-89K10.1",0.090721269291354,-12.7921404110945,1.91917469956789
"PCAT1",0.197663683629374,-12.4947298912936,2.06814566555827
"POU5F1B",0.108196131760806,-13.0200960649104,2.02232033555741
"MYC",0.79528233658676,-9.89372328167877,2.43385769126301
"FAM49B",1.10792879910821,-9.55739081991088,2.56588867922047
"ASAP1",0.451461868861529,-11.0467502634396,2.25974143488206
"EFR3A",0.424312727213888,-11.0793072195435,2.21264565474443
"TMEM71",0.441316399354508,-10.5589733855245,2.28198428752632
"PHF20L1",0.498428231423047,-10.4482338996325,2.33909621002636
"SLA",0.607285819221927,-10.021457320631,2.31972417469973
"NDRG1",0.470809992216929,-10.8676355505507,2.271914026283
"ST3GAL1",0.589875556604247,-10.1142083830113,2.31463072654556
"RP11-629O1.2",0.241695900609293,-12.5467848054605,2.16624256450464
"ZFAT",0.252848887651615,-12.4667426727497,2.17603331892423
"TRAPPC9",0.33101305530525,-11.4462830540508,2.20660583562448
"CTA-204B4.2",0.230189928028585,-12.5414312256707,2.14290754443097
"CHRAC1",0.491401076711137,-10.4623594110292,2.33827391325901
"CASC7",0.378385591879549,-11.2764045915125,2.20590326824783
"AGO2",0.271279197396557,-11.6260880152739,2.1897771111063
"PTK2",0.247077097144011,-12.2454950947163,2.16053428480212
"DENND3",0.455355263082105,-11.0360485054148,2.26437704582327
"RP11-809O17.1",0.250066880072025,-12.508963921607,2.17627790166079
"SLC45A4",0.124744812975913,-12.9345239920951,2.0430897230423
"GPR20",0.108196131760806,-13.0200960649104,2.02232033555741
"PTP4A3",0.44984390218189,-10.6642998944465,2.27512309285378
"TSNARE1",0.237201218102107,-12.549029507341,2.1579848493556
"THEM6",0.408651613737275,-11.1342291962989,2.20183506048104
"LYPD2",0.231368877046619,-11.7930410523378,2.16762025143584
"LYNX1",0.141473787659634,-12.8191386499719,2.05126746596957
"RP11-273G15.2",0.203504806423496,-12.4912497389434,2.07892517954733
"LY6E",1.27333675301891,-8.10816625460088,2.58190369656247
"C8orf31",0.16759266301054,-12.6777798123276,2.06112349582788
"ZFP41",0.124744812975913,-12.9345239920951,2.0430897230423
"GLI4",0.466081704228971,-10.978900845539,2.27164356973505
"RP13-582O9.5",0.324219516860707,-11.4662383054687,2.20512556831078
"ZNF696",0.174120422480146,-12.6247712823772,2.05817582041029
"RP13-582O9.7",0.203504806423496,-12.4912497389434,2.07892517954733
"TOP1MT",0.448687462271398,-11.0521819474797,2.2557746638895
"RHPN1",0.256458208315558,-11.6666219050736,2.18126431842578
"ZC3H3",0.368144687795282,-11.3203729192437,2.20802777652338
"RP11-661A12.5",0.090721269291354,-12.7921404110945,1.91917469956789
"GSDMD",0.820881665924035,-9.86381110538212,2.43899576630714
"MROH6",0.22375500450459,-11.9529837127783,2.17254604697426
"NAPRT1",0.709140897989628,-10.0073512855951,2.4026934839374
"RP11-661A12.7",0.264423314147689,-11.6446953514024,2.18614617169067
"EEF1D",3.46396362098079,-5.78500297103092,2.21035520240855
"TIGD5",0.090721269291354,-12.7921404110945,1.91917469956789
"PYCRL",0.224554648387167,-12.0600007742538,2.17687390222265
"TSTA3",0.601932037481016,-10.0439460057641,2.31581328434715
"ZNF623",0.223695027974275,-12.0241158264402,2.17597860349096
"ZNF707",0.253657432497421,-12.3755230244616,2.1693722917142
"SCRIB",0.253776510344264,-12.4304809561986,2.17385166909698
"PUF60",0.806009653038551,-9.87988984246262,2.43590750787653
"NRBP2",0.189222923805307,-12.520920249976,2.05838802962435
"PLEC",0.447539324172224,-10.643539988082,2.27573811943161
"PARP10",0.442869143743139,-10.5228959326072,2.29380439905969
"GRINA",0.617284996537785,-10.0014956017175,2.32998871047767
"EXOSC4",0.467434317118172,-10.8095670087831,2.27201610242505
"GPAA1",0.599306207094803,-10.0580021477409,2.31469350156979
"CYC1",0.936859278331942,-9.78987830313347,2.47555353508544
"SHARPIN",0.597887747448696,-10.0661751731254,2.31432623203514
"MAF1",1.00931629050919,-9.62938878603895,2.47444684345497
"MROH1",0.223695027974275,-12.0241158264402,2.17597860349096
"HSF1",0.583525875000066,-10.1502886777368,2.31652019726678
"DGAT1",0.30745846932916,-11.5165418212606,2.20117954666282
"SLC52A2",0.441545419473293,-10.533733278142,2.28834898159591
"FBXL6",0.229216757627761,-11.8185740413693,2.16758308707388
"ADCK5",0.235301446437578,-11.7582718172183,2.16862943826843
"CPSF1",0.427003874317524,-11.0736383029078,2.21634928193124
"SLC39A4",0.470331989245457,-10.8535325076562,2.27186350014073
"VPS28",1.16584466855666,-9.47351531095303,2.59124475423153
"TONSL",0.141473787659634,-12.8191386499719,2.05126746596957
"CYHR1",0.469543408155108,-10.8380205441914,2.27185984663184
"KIFC2",0.241904545563597,-12.2014659440717,2.16146712228198
"PPP1R16A",0.229216757627761,-11.8185740413693,2.16758308707388
"MFSD3",0.23386501965221,-11.7696233733186,2.16814921311575
"LRRC14",0.393197807386538,-11.2068282466186,2.20234907139182
"C8orf82",0.391542381200609,-11.2148170147019,2.20269764738519
"ZNF251",0.224820970152689,-12.0670005958397,2.17690569188224
"ZNF34",0.23199352621588,-11.7866684234734,2.16771263742681
"RPL8",5.04569194331458,-4.85352370049391,2.09895505459413
"ZNF517",0.090721269291354,-12.7921404110945,1.91917469956789
"ZNF7",0.390854073685558,-11.2181224489868,2.20284858943329
"COMMD5",0.522387066509601,-10.3885586652245,2.33746446408168
"ZNF250",0.258748343647862,-11.6601487887884,2.18272220633917
"ZNF16",0.22375500450459,-11.9529837127783,2.17254604697426
"C8orf33",0.469296455757444,-10.8340062282452,2.27186699328866
"CBWD1",0.487547695869335,-10.4693698316523,2.33749329550984
"C9orf66",0.229216757627761,-11.8185740413693,2.16758308707388
"DOCK8",0.696075798082615,-10.0104936570888,2.39468122114203
"KANK1",0.124744812975913,-12.9345239920951,2.0430897230423
"SMARCA2",0.453090556462132,-11.042748614962,2.26181627373545
"KIAA0020",0.465114448809925,-10.786043880917,2.27231204570332
"RFX3",0.23199352621588,-11.7866684234734,2.16771263742681
"RP11-509J21.2",0.124744812975913,-12.9345239920951,2.0430897230423
"PPAPDC2",0.21944115833592,-12.5179220526473,2.11688791980076
"RP11-6J24.6",0.203504806423496,-12.4912497389434,2.07892517954733
"CDC37L1",0.444588407290489,-10.6126857966372,2.2769790352961
"AK3",0.44174795880692,-10.5706567086712,2.28032135208117
"RCL1",0.395475044594798,-11.1958381738975,2.20192792670038
"JAK2",0.264423314147689,-11.6446953514024,2.18614617169067
"RLN2",0.243456676988861,-12.2128061647154,2.16081731150848
"RLN1",0.108196131760806,-13.0200960649104,2.02232033555741
"PLGRKT",0.555533248640779,-10.2780293937944,2.32771886704799
"CD274",0.134486423716054,-12.8558240348517,2.04569081801718
"KIAA1432",0.253309504187197,-11.6759268360451,2.17920616014382
"ERMP1",0.217168357845664,-12.5125542968357,2.11121018860736
"KIAA2026",0.469639996184715,-10.8396586328714,2.27185424615383
"RANBP6",0.226183628844696,-11.8696976462039,2.16872789246404
"UHRF2",0.444219591306214,-11.0578495020023,2.24829091578599
"C9orf38",0.217168357845664,-12.5125542968357,2.11121018860736
"KDM4C",0.47088027462342,-10.9083167370732,2.27218270248561
"TMEM261",0.699160187066408,-10.0100626360389,2.39661328494099
"RP11-408A13.4",0.090721269291354,-12.7921404110945,1.91917469956789
"ZDHHC21",0.288321644740492,-11.5762392558387,2.19630309553748
"TTC39B",0.28226465445891,-11.5946080769549,2.19434563052973
"SNAPC3",0.440813407751939,-11.0604149675732,2.24186067697917
"PSIP1",0.909836843560079,-9.81335336331829,2.46686020694261
"CNTLN",0.225618966400741,-12.0834241998706,2.17670796339033
"RRAGA",0.60419809206703,-10.0333079018517,2.31722813576139
"HAUS6",0.300427718600343,-11.5384103559416,2.199496241444
"PLIN2",0.637211022987194,-9.99803815208115,2.35024581414947
"DENND4C",0.315885778068481,-11.4909045559396,2.20317613981035
"RPS6",6.30262751714227,-3.96548638704601,2.08133423678915
"MLLT3",0.445907242886321,-11.0560946168345,2.25126355553387
"FOCAD",0.174120422480146,-12.6247712823772,2.05817582041029
"PTPLAD2",0.597899162742296,-10.0661088243851,2.3143287986167
"KLHL9",0.327625183902159,-11.4562335460741,2.20588919150169
"MTAP",0.441106494975151,-11.060235648736,2.24242918160908
"CDKN2A",0.239029303808793,-11.7338847270021,2.17029289671068
"CDKN2B",0.141473787659634,-12.8191386499719,2.05126746596957
"CAAP1",0.389152308112735,-11.2262808848236,2.2032345380696
"PLAA",0.404721923560707,-11.1519112943397,2.20129724393512
"IFT74",0.322784307187702,-11.4704529360613,2.20479588854816
"MOB3B",0.241695900609293,-12.5467848054605,2.16624256450464
"C9orf72",0.434022124776444,-11.0645865667127,2.22846712573506
"ACO1",0.235831001374619,-12.1654885580238,2.16626798040572
"DDX58",0.452815285820077,-11.0434699635991,2.26147898883768
"TOPORS",0.468169158486645,-10.9585289648028,2.27214354147953
"TOPORS-AS1",0.507595079183233,-10.4274349245498,2.33919388227986
"NDUFB6",0.721319746496174,-10.0006899920189,2.40968918294763
"APTX",0.465816968603691,-10.9811168736422,2.2715581675054
"DNAJA1",1.10878768575098,-9.53081946897954,2.54184872673659
"SMU1",0.45524461057235,-10.7075789212921,2.27402196356126
"B4GALT1",0.470994700089151,-10.902333234727,2.27214170872511
"RP11-326F20.5",0.158147028664132,-12.743367074885,2.06256469798137
"BAG1",0.858643978820821,-9.83668578223024,2.44895906575308
"CHMP5",0.98893568425097,-9.68097243746957,2.47741877616606
"NFX1",0.471036841712581,-10.8990352767784,2.27211759055204
"AQP3",0.910423529353725,-9.81300880607538,2.46707191048299
"NOL6",0.224820970152689,-12.0670005958397,2.17690569188224
"UBE2R2",0.514853612907656,-10.4091264367108,2.33860007243257
"UBAP2",0.295410275228684,-11.554141821301,2.19824841004802
"DCAF12",0.419191998738824,-11.093565434873,2.20722376610892
"UBAP1",0.465439519638008,-10.7890837813952,2.27226558969651
"NUDT2",0.589875556604247,-10.1142083830113,2.31463072654556
"FAM219A",0.250273336557541,-12.2871527362687,2.16237099282398
"ENHO",0.2502782442782,-11.6855569369417,2.17718157214721
"RPP25L",0.566874733118112,-10.2313696102757,2.32319921758252
"DCTN3",1.01722112590952,-9.61054924666759,2.47342448750223
"SIGMAR1",0.4642989896227,-10.7786757645647,2.27243218843978
"GALT",0.475304012007844,-10.4880599232212,2.33316547236187
"IL11RA",0.246161006325488,-11.7003570237215,2.17449086994333
"CCL27",0.108196131760806,-13.0200960649104,2.02232033555741
"RP11-195F19.5",0.241695900609293,-12.5467848054605,2.16624256450464
"DNAJB5",0.108196131760806,-13.0200960649104,2.02232033555741
"VCP",0.718782455265976,-10.0024296122644,2.40827762745383
"FANCG",0.224554648387167,-12.0600007742538,2.17687390222265
"PIGO",0.321787468070285,-11.4733956549449,2.20456706007782
"STOML2",0.71161864564973,-10.0063155197491,2.40415571157196
"FAM214B",0.404721923560707,-11.1519112943397,2.20129724393512
"TESK1",0.232518630657796,-11.7815991479491,2.16781318725399
"CD72",0.44348032865653,-10.598880479816,2.27777324239216
"SIT1",0.756659935936896,-9.9559534150798,2.42523214435317
"CCDC107",0.849663756633385,-9.84166648869392,2.4462830463283
"ARHGEF39",0.16759266301054,-12.6777798123276,2.06112349582788
"TPM2",0.158147028664132,-12.743367074885,2.06256469798137
"TLN1",0.697983013356214,-10.010243158723,2.39587772281093
"CREB3",0.451045807578929,-10.6744211173994,2.2748543616323
"GBA2",0.256458208315558,-11.6666219050736,2.18126431842578
"RGP1",0.398585905729195,-11.1808496154353,2.2014893716533
"RP11-112J3.16",0.158147028664132,-12.743367074885,2.06256469798137
"NPR2",0.090721269291354,-12.7921404110945,1.91917469956789
"SPAG8",0.090721269291354,-12.7921404110945,1.91917469956789
"HINT2",0.705902557580014,-10.0084685424634,2.40075280797528
"TMEM8B",0.253903838479869,-12.4147871760794,2.17266699110733
"RECK",0.347966476636038,-11.3941523124697,2.20903480623776
"GLIPR2",1.01458720105576,-9.61673705688914,2.47374741828338
"CLTA",1.10830884901796,-9.54155606081002,2.55104986918891
"GNE",0.158147028664132,-12.743367074885,2.06256469798137
"RNF38",0.431029775290445,-11.0675248271579,2.22292701973991
"PAX5",0.251141901207489,-11.6827217186918,2.17775498330012
"RP11-297B17.3",0.117913150105663,-12.9954662061038,2.04171346236043
"RP11-220I1.1",0.458863658433255,-10.5039998595993,2.32106791211819
"ZCCHC7",0.475753929724694,-10.4874767330512,2.33338290252936
"GRHPR",0.698683728367192,-10.0101393979551,2.39631628920328
"ZBTB5",0.141473787659634,-12.8191386499719,2.05126746596957
"POLR1E",0.442814044819607,-11.0590420545197,2.24569343860669
"FBXO10",0.108196131760806,-13.0200960649104,2.02232033555741
"TOMM5",0.444040118671607,-10.5184691396014,2.29725218814328
"TRMT10B",0.453486276564234,-11.0416748784265,2.26229070497658
"EXOSC3",0.441617733417945,-10.5676934925695,2.28069408669562
"DCAF10",0.457296166037405,-11.0291450802274,2.26627374376439
"SLC25A51",0.248182685417313,-11.6927940738112,2.17580024179626
"ALDH1B1",0.241904545563597,-12.2014659440717,2.16146712228198
"ANKRD18A",0.146890938711796,-12.7968240268051,2.05624816929718
"FAM201A",0.230189928028585,-12.5414312256707,2.14290754443097
"RP11-262H14.1",0.230189928028585,-12.5414312256707,2.14290754443097
"RP11-262H14.3",0.360929126623443,-11.348664862052,2.2089234439008
"RP11-262H14.4",0.228468715570751,-12.1186282691869,2.17441752459222
"CBWD6",0.235831001374619,-12.1654885580238,2.16626798040572
"CBWD5",0.276234074996775,-11.6121930892694,2.19202297773267
"AL591479.1",0.189222923805307,-12.520920249976,2.05838802962435
"CBWD3",0.124744812975913,-12.9345239920951,2.0430897230423
"RP11-274B18.2",0.225498377413436,-11.8859695206285,2.169328216192
"PIP5K1B",0.252669045295664,-12.3369290773934,2.16608382286099
"FAM122A",0.444965716130129,-10.6170361649767,2.276766879285
"FXN",0.45078914604729,-10.509237087059,2.31073032690137
"TJP2",0.250066880072025,-12.508963921607,2.17627790166079
"PTAR1",0.432617019850273,-11.0658294236109,2.22580811138779
"SMC5",0.459917265131018,-11.0178876425251,2.26842122695366
"KLF9",0.43371124623731,-11.0648461788982,2.22786589069926
"TMEM2",0.439672793520755,-11.0610825881908,2.2396203816399
"ABHD17B",0.369377273208648,-11.3153098536976,2.20781711609478
"C9orf85",0.46837187758729,-10.9561497736816,2.27217399438718
"RP11-63P12.6",0.279756854451389,-11.6020065129566,2.1934278299972
"ZFAND5",0.877289394425946,-9.82811591985737,2.45507007468403
"ALDH1A1",0.227672115065572,-11.8415557376376,2.16792919520032
"ANXA1",1.27900042922782,-8.1148682540935,2.52676134057358
"C9orf40",0.237201218102107,-12.549029507341,2.1579848493556
"RP11-197P3.4",0.090721269291354,-12.7921404110945,1.91917469956789
"C9orf41",0.394821138700262,-11.1989924306273,2.20204085266423
"NMRK1",0.607952150676249,-10.0193088743119,2.3203285481004
"OSTF1",1.10904430784311,-9.56511536543467,2.57618173641262
"PCSK5",0.228218527898891,-11.8328472417398,2.1677628936284
"RFK",0.467294281453651,-10.8079908154384,2.27203055189025
"GCNT1",0.251141901207489,-11.6827217186918,2.17775498330012
"VPS13A",0.466129400645735,-10.9784986471943,2.27165847911902
"GNAQ",0.368990430787037,-11.3169031375202,2.20788440781945
"CEP78",0.414791334114047,-11.1090040179587,2.20414010369368
"PSAT1",0.241695900609293,-12.5467848054605,2.16624256450464
"TLE4",0.630504467580423,-9.99695798880736,2.34379503391295
"TLE1",0.371035178180678,-11.308387848168,2.20751175530643
"FRMD3",0.113574183205351,-13.0202369742766,2.03682232215579
"IDNK",0.469399475625454,-10.8356440382054,2.27186269280174
"UBQLN1",0.488371461786624,-10.4679169279642,2.33768128209411
"RP11-522I20.3",0.250066880072025,-12.508963921607,2.17627790166079
"GKAP1",0.252669045295664,-12.3369290773934,2.16608382286099
"KIF27",0.189222923805307,-12.520920249976,2.05838802962435
"C9orf64",0.30745846932916,-11.5165418212606,2.20117954666282
"HNRNPK",1.46629614296214,-9.08098701680504,2.62844995360164
"RP11-575L7.8",0.217168357845664,-12.5125542968357,2.11121018860736
"RMI1",0.174120422480146,-12.6247712823772,2.05817582041029
"AGTPBP1",0.462136740962016,-11.0062870856586,2.26987450329849
"NAA35",0.440095965609989,-11.0608424935328,2.2404590929217
"GOLM1",0.223506913503804,-11.9791550530398,2.17392053640435
"ISCA1",0.48252095896953,-10.4777187765163,2.33608549629796
"ZCCHC6",0.416620911250962,-11.1022742468949,2.20525850061699
"DAPK1",0.262041219518392,-11.6511250774237,2.18475398016833
"CTSL",0.44926906872035,-10.5104328637001,2.30824027249829
"CDK20",0.141473787659634,-12.8191386499719,2.05126746596957
"SPIN1",0.359923223979606,-11.3524439424614,2.20900463885618
"S1PR3",0.124744812975913,-12.9345239920951,2.0430897230423
"CKS2",0.470031137185312,-10.8470071467815,2.2718518436327
"SECISBP2",0.552418766882319,-10.2899186639292,2.32888429281016
"SEMA4D",0.565615482039763,-10.2368399303822,2.32371783304934
"GADD45G",0.234970921561589,-11.7607719520576,2.16851128979561
"SYK",0.55450673715029,-10.2819875937442,2.32810685057053
"RP11-305L7.1",0.108196131760806,-13.0200960649104,2.02232033555741
"RP11-305L7.3",0.101084877533373,-12.9582856770516,1.98697941273538
"AUH",0.437326993464604,-11.0623805503055,2.23495169521019
"NFIL3",0.250273336557541,-12.2871527362687,2.16237099282398
"SPTLC1",0.268825599748016,-11.6327952833949,2.18854563833127
"IARS",0.469952441531498,-10.9329061543071,2.27228743469413
"NOL8",0.463968014104421,-10.9948867109131,2.27082351033435
"CENPP",0.252669045295664,-12.3369290773934,2.16608382286099
"IPPK",0.227311297452212,-11.8477243179345,2.16807395418345
"BICD2",0.37857325423284,-11.2755623803673,2.20585812355457
"ZNF484",0.158147028664132,-12.743367074885,2.06256469798137
"FGD3",0.588882639409631,-10.1200414597386,2.31486445240196
"SUSD3",0.752417068635859,-9.9629466370491,2.42385336026067
"C9orf89",0.640017284089146,-9.99876707210148,2.35283196559472
"NINJ1",0.823546707313731,-9.86129334674382,2.43959200208697
"FAM120AOS",0.445952707755083,-10.6277605722051,2.27630561675854
"FAM120A",0.465759489786046,-10.7921308662256,2.2722225023364
"PHF2",0.241904545563597,-12.2014659440717,2.16146712228198
"PTPDC1",0.217168357845664,-12.5125542968357,2.11121018860736
"ZNF169",0.224820970152689,-12.0670005958397,2.17690569188224
"HIATL1",0.352503218725648,-11.3789580565459,2.20921908789345
"FBP1",0.468631201802819,-10.4957777570651,2.3293244736299
"C9orf3",0.248063606674305,-12.2567014115598,2.16085635613381
"PTCH1",0.217168357845664,-12.5125542968357,2.11121018860736
"ERCC6L2",0.259698035201824,-11.6575219173265,2.18331637770344
"LINC00092",0.174120422480146,-12.6247712823772,2.05817582041029
"SLC35D2",0.253309504187197,-11.6759268360451,2.17920616014382
"ZNF367",0.141473787659634,-12.8191386499719,2.05126746596957
"HABP4",0.224065621849842,-11.9347801167679,2.1716016566889
"CDC14B",0.224897314176702,-12.5307592002766,2.13038747028561
"AAED1",0.442904498140283,-10.5908238650485,2.27834723586847
"ZNF510",0.250066880072025,-12.508963921607,2.17627790166079
"ZNF782",0.252669045295664,-12.3369290773934,2.16608382286099
"HIATL2",0.241695900609293,-12.5467848054605,2.16624256450464
"RP11-498P14.5",0.158147028664132,-12.743367074885,2.06256469798137
"CCDC180",0.203504806423496,-12.4912497389434,2.07892517954733
"TDRD7",0.264423314147689,-11.6446953514024,2.18614617169067
"TSTD2",0.223695027974275,-12.0241158264402,2.17597860349096
"NCBP1",0.344727029962021,-11.4046107988564,2.20876481991351
"XPA",0.58231903699868,-10.1568084685678,2.31695929457454
"C9orf156",0.438061472206239,-11.061981536038,2.23641423368284
"HEMGN",0.250066880072025,-12.508963921607,2.17627790166079
"ANP32B",1.47501899415302,-9.12726920317845,2.58510908543087
"NANS",0.661671245191775,-10.0058752487513,2.37087764034828
"TRIM14",0.441223182839789,-10.5549508753807,2.28269279871302
"CORO2A",0.223506913503804,-11.9791550530398,2.17392053640435
"TBC1D2",0.262041219518392,-11.6511250774237,2.18475398016833
"ANKS6",0.158147028664132,-12.743367074885,2.06256469798137
"GALNT12",0.090721269291354,-12.7921404110945,1.91917469956789
"TGFBR1",0.225242173550997,-11.8928066779572,2.16961132666487
"ALG2",0.446191838281835,-11.0557529710318,2.25175023697878
"SEC61B",1.11180865805406,-9.56646762202521,2.58356789825298
"NR4A3",0.241904545563597,-12.2014659440717,2.16146712228198
"RP11-60I3.5",0.141473787659634,-12.8191386499719,2.05126746596957
"STX17",0.466263169003828,-10.9773517722709,2.27169792749473
"ERP44",0.873953346099439,-9.82952148538749,2.45392341283272
"INVS",0.247088309743925,-12.5303994035623,2.17384969389464
"TEX10",0.248182685417313,-11.6927940738112,2.17580024179626
"MSANTD3",0.235831001374619,-12.1654885580238,2.16626798040572
"MRPL50",0.45472695530116,-10.7036218322032,2.27411970377184
"ZNF189",0.241695900609293,-12.5467848054605,2.16624256450464
"RNF20",0.433254182495701,-11.0652411245051,2.22700203959687
"SMC2",0.408123675567584,-11.1365536164215,2.20172319732667
"NIPSNAP3A",0.490563429709811,-10.463928045598,2.33812455093578
"NIPSNAP3B",0.101084877533373,-12.9582856770516,1.98697941273538
"ABCA1",0.090721269291354,-12.7921404110945,1.91917469956789
"SLC44A1",0.397875368057604,-11.1842585492015,2.20157364094118
"FSD1L",0.124744812975913,-12.9345239920951,2.0430897230423
"FKTN",0.189222923805307,-12.520920249976,2.05838802962435
"TMEM38B",0.457556992384257,-11.0281337032581,2.26650842588907
"RAD23B",0.65387715917742,-10.0033320645941,2.3647398768432
"KLF4",0.733045640191772,-9.98996227373829,2.41580091116531
"IKBKAP",0.28226465445891,-11.5946080769549,2.19434563052973
"FAM206A",0.224065621849842,-11.9347801167679,2.1716016566889
"CTNNAL1",0.248402229800703,-12.5225745172809,2.17513577496799
"TMEM245",0.419800833583891,-11.0916363501629,2.20775783788905
"TXN",0.957705778355062,-9.75582652535233,2.47905765256275
"KIAA0368",0.363949299317625,-11.3370969602392,2.20861637561393
"ZNF483",0.141473787659634,-12.8191386499719,2.05126746596957
"DNAJC25",0.225242173550997,-11.8928066779572,2.16961132666487
"GNG10",0.371035178180678,-11.308387848168,2.20751175530643
"UGCG",0.3424062520656,-11.4119124168537,2.20850656884158
"SUSD1",0.287756823939887,-11.5779715452492,2.19613334304322
"PTBP3",0.453291898474677,-10.6924828755293,2.2743963950889
"HSDL2",0.43135889769969,-11.0671477892444,2.2235123103596
"KIAA1958",0.241695900609293,-12.5467848054605,2.16624256450464
"INIP",0.467827710480858,-10.8141344251095,2.27197637889921
"SNX30",0.23386501965221,-11.7696233733186,2.16814921311575
"SLC46A2",0.223483964358326,-11.9978879830348,2.17485616472569
"ZNF883",0.134486423716054,-12.8558240348517,2.04569081801718
"SLC31A2",0.607319600018638,-10.0213454229805,2.31975435148285
"FKBP15",0.444630305014633,-10.6131773491855,2.27695428812642
"SLC31A1",0.226965555352143,-11.8539915358263,2.1682399487526
"CDC26",0.203504806423496,-12.4912497389434,2.07892517954733
"PRPF4",0.439377263286929,-11.0612499562935,2.23903745483429
"HDHD3",0.470401017197135,-10.8552135929405,2.27186757641743
"ALAD",0.40274415492585,-11.1611121498551,2.20123994370316
"POLE3",0.497365902618168,-10.4504759764685,2.33901822423532
"RGS3",0.454697654954174,-11.0381385396079,2.26367020953687
"ZNF618",0.189222923805307,-12.520920249976,2.05838802962435
"AKNA",0.736749539935568,-9.98563404239837,2.4175606862915
"DFNB31",0.253776510344264,-12.4304809561986,2.17385166909698
"ATP6V1G1",1.58658462232023,-8.6990622646114,2.6013440545131
"C9orf91",0.246161006325488,-11.7003570237215,2.17449086994333
"TNFSF8",0.256458208315558,-11.6666219050736,2.18126431842578
"ASTN2",0.158147028664132,-12.743367074885,2.06256469798137
"TRIM32",0.241695900609293,-12.5467848054605,2.16624256450464
"TLR4",0.276234074996775,-11.6121930892694,2.19202297773267
"CDK5RAP2",0.355648341701213,-11.3679762538592,2.20920993508267
"MEGF9",0.434647310956082,-11.0641034439906,2.22967071209826
"FBXW2",0.445574998357948,-10.6237558364488,2.27646806418549
"PSMD5",0.404153181232032,-11.1545373369774,2.20126864703396
"PSMD5-AS1",0.630813718099445,-9.99697953491176,2.34410126639653
"PHF19",0.456193359712386,-10.7147587278216,2.27384078172354
"TRAF1",0.432936132484423,-11.0655252314777,2.22640344540284
"CNTRL",0.443011356001171,-10.5222248951354,2.29426014802667
"RAB14",0.613540285512399,-10.006329832961,2.32596515586421
"GSN",0.441152021149234,-10.5483143837423,2.28405614340102
"STOM",0.558513625613166,-10.2663160541461,2.32657218771721
"TTLL11",0.203504806423496,-12.4912497389434,2.07892517954733
"NDUFA8",0.750349844991943,-9.96627187732917,2.42313625500338
"RBM18",0.446806297308425,-10.6364356331425,2.27598127317159
"MRRF",0.436589996430009,-11.0628128427073,2.23348485197752
"PTGS1",0.246161006325488,-11.7003570237215,2.17449086994333
"PDCL",0.457813981150186,-11.0271096933204,2.26673934385283
"RC3H2",0.385644368635365,-11.2429541466967,2.20409298919515
"ZBTB6",0.174120422480146,-12.6247712823772,2.05817582041029
"ZBTB26",0.090721269291354,-12.7921404110945,1.91917469956789
"RABGAP1",0.336747253740007,-11.4292249806333,2.20768150937996
"STRBP",0.456273708634664,-11.0329247965751,2.26530922533443
"DENND1A",0.409767771535752,-11.129406606783,2.20210846146542
"NEK6",0.291868987972595,-11.5652337563203,2.1973099932792
"PSMB7",1.10860199700569,-9.56376860768111,2.57384054959743
"RPL35",4.45330525930345,-5.19002825470334,2.11230108141628
"ARPC5L",0.920995255750791,-9.80577931626265,2.47078208112675
"GOLGA1",0.229216757627761,-11.8185740413693,2.16758308707388
"SCAI",0.349375080237713,-11.3895034770797,2.20911540247116
"PPP6C",0.644063621281173,-10.0000113811569,2.35645909468285
"RABEPK",0.466442300936461,-10.9758007648209,2.27175162990866
"HSPA5",0.953138072918583,-9.76468474962094,2.47862997971715
"GAPVD1",0.446888890309239,-11.0548770528788,2.25291766010547
"MAPKAP1",0.441325599839474,-10.5593155504949,2.28192771962981
"PBX3",0.226183628844696,-11.8696976462039,2.16872789246404
"MVB12B",0.223506913503804,-11.9791550530398,2.17392053640435
"ZBTB43",0.403323306299349,-11.1583911679231,2.20124460936689
"RALGPS1",0.241695900609293,-12.5467848054605,2.16624256450464
"SLC2A8",0.232518630657796,-11.7815991479491,2.16781318725399
"ZNF79",0.174120422480146,-12.6247712823772,2.05817582041029
"RPL12",4.43302513125848,-4.89124066710984,2.19492628257436
"LRSAM1",0.232716917859322,-12.1484300758739,2.16966635603658
"FAM129B",0.247088309743925,-12.5303994035623,2.17384969389464
"STXBP1",0.090721269291354,-12.7921404110945,1.91917469956789
"PTRH1",0.47088027462342,-10.9083167370732,2.27218270248561
"TTC16",0.244209188857659,-11.708319725892,2.17326045705364
"TOR2A",0.478804782551111,-10.4832936265027,2.33472483511721
"SH2D3C",0.470714924730311,-10.8642361207152,2.27190069323698
"CDK9",0.464128151115905,-10.7771768711149,2.2724579070653
"FPGS",0.469762723504248,-10.9363294698733,2.27228775229862
"ENG",0.22375500450459,-11.9529837127783,2.17254604697426
"AK1",0.23078253123122,-12.1364778837008,2.17188129372768
"ST6GALNAC6",0.469073952242012,-10.9470759180348,2.27225746463897
"ST6GALNAC4",0.361811022959421,-11.3453286155832,2.20884575958656
"DPM2",0.542369075104074,-10.3260175312263,2.33235177211006
"FAM102A",0.532854082033955,-10.357259726027,2.33512362505439
"NAIF1",0.279756854451389,-11.6020065129566,2.1934278299972
"SLC25A25",0.397681954069581,-11.1851943815121,2.20159827090245
"PTGES2",0.445496812686941,-10.5150943663361,2.30083840889068
"C9orf16",1.20517941960962,-9.40573800017621,2.58421697366203
"CIZ1",0.464962652157125,-10.987797172115,2.27124901174385
"GOLGA2",0.414371199539716,-11.1106139042686,2.20391564436139
"SWI5",0.444965716130129,-10.6170361649767,2.276766879285
"TRUB2",0.450902623891988,-11.0479865637424,2.25898958522371
"COQ4",0.446102015805776,-10.5140668624276,2.30217420155193
"SLC27A4",0.141473787659634,-12.8191386499719,2.05126746596957
"URM1",0.695402112463434,-10.0105589428351,2.39425352546828
"RP11-339B21.11",0.124744812975913,-12.9345239920951,2.0430897230423
"CERCAM",0.090721269291354,-12.7921404110945,1.91917469956789
"ODF2",0.410508970363257,-11.1262600224375,2.20232349699316
"GLE1",0.428716979578481,-11.0707001835205,2.21899923203206
"SPTAN1",0.444414259514156,-10.5174447323734,2.29822709261857
"WDR34",0.271279197396557,-11.6260880152739,2.1897771111063
"HMGA1P4",0.24453111945453,-12.2214289751843,2.16052314828958
"SET",0.725640991717733,-9.99725109274206,2.41202210380196
"ZDHHC12",0.65873705848784,-10.0049496497279,2.36860846017019
"RP11-545E17.3",0.288321644740492,-11.5762392558387,2.19630309553748
"ZER1",0.252669045295664,-12.3369290773934,2.16608382286099
"TBC1D13",0.23199352621588,-11.7866684234734,2.16771263742681
"ENDOG",0.295410275228684,-11.554141821301,2.19824841004802
"C9orf114",0.468169158486645,-10.9585289648028,2.27214354147953
"CCBL1",0.223554738259914,-11.9715000141209,2.17352084545088
"LRRC8A",0.366057967804558,-11.3287833212256,2.20834701635366
"PHYHD1",0.090721269291354,-12.7921404110945,1.91917469956789
"DOLK",0.252669045295664,-12.3369290773934,2.16608382286099
"NUP188",0.223695027974275,-12.0241158264402,2.17597860349096
"SH3GLB2",0.291868987972595,-11.5652337563203,2.1973099932792
"FAM73B",0.256458208315558,-11.6666219050736,2.18126431842578
"DOLPP1",0.223695027974275,-12.0241158264402,2.17597860349096
"CRAT",0.335776925411619,-11.4321320549466,2.20751459858229
"PPP2R4",0.465900001003049,-10.7935061349605,2.2722045721726
"IER5L",0.217168357845664,-12.5125542968357,2.11121018860736
"RP11-65J3.1",0.328611957477222,-11.453340472807,2.20610294815159
"NTMT1",0.488371461786624,-10.4679169279642,2.33768128209411
"ASB6",0.321787468070285,-11.4733956549449,2.20456706007782
"TOR1B",0.291868987972595,-11.5652337563203,2.1973099932792
"TOR1A",0.524803904641981,-10.3816023076607,2.33699474047729
"C9orf78",1.10892568916948,-9.52658841920578,2.53824061006358
"USP20",0.421000334185349,-11.0880343359365,2.20889584340493
"FNBP1",0.964041394444618,-9.74233595683634,2.47932270413025
"GPR107",0.246161006325488,-11.7003570237215,2.17449086994333
"FUBP3",0.463706409448009,-10.7735314462296,2.27252277348926
"EXOSC2",0.416620911250962,-11.1022742468949,2.20525850061699
"ABL1",0.249029583942693,-11.6898006335492,2.17635571763485
"FIBCD1",0.134486423716054,-12.8558240348517,2.04569081801718
"NUP214",0.807947040398842,-9.87759836887975,2.43629038370416
"RP11-544A12.8",0.355648341701213,-11.3679762538592,2.20920993508267
"FAM78A",0.458444850450493,-10.7318095579924,2.27343038475061
"PRRC2B",0.450820759725564,-10.6725609379235,2.27490416200948
"POMT1",0.364813574873717,-11.3337043851981,2.2085136085088
"UCK1",0.467727229440016,-10.9633988292854,2.27206326149078
"RAPGEF1",0.442525520185403,-11.0592618382552,2.24514909905223
"MED27",0.423931914395732,-11.080211145273,2.21216986686524
"NTNG2",0.090721269291354,-12.7921404110945,1.91917469956789
"SETX",0.445030873460535,-10.6177752390566,2.27673249651308
"TTF1",0.451430432552455,-10.6775917169488,2.27477335333336
"DDX31",0.241695900609293,-12.5467848054605,2.16624256450464
"GTF3C4",0.158147028664132,-12.743367074885,2.06256469798137
"C9orf9",0.108196131760806,-13.0200960649104,2.02232033555741
"TSC1",0.230775156673327,-11.7994739811921,2.16756261210683
"GFI1B",0.244986001182101,-12.539224101706,2.17125714870314
"GTF3C5",0.457296166037405,-11.0291450802274,2.26627374376439
"RALGDS",0.3898509979475,-11.2229339133157,2.20307673770791
"GBGT1",0.261868201061998,-11.6515931986807,2.18465027597509
"SURF6",0.4228894460261,-11.0828318011321,2.21093057092756
"MED22",0.285804672065154,-11.5839316416338,2.19552882576664
"RPL7A",4.85906540045945,-4.999542796632,2.09566318444276
"SURF1",0.857941960099879,-9.83704934489453,2.44874344133948
"SURF2",0.595062750805791,-10.0830023793016,2.31402421881404
"SURF4",0.603647493196017,-10.0357435602987,2.31684834439745
"REXO4",0.441593854253583,-10.5330186617899,2.28862639474881
"CACFD1",0.16759266301054,-12.6777798123276,2.06112349582788
"SLC2A6",0.446982498624514,-10.6381617975341,2.27591917256402
"SARDH",0.237201218102107,-12.549029507341,2.1579848493556
"VAV2",0.252669045295664,-12.3369290773934,2.16608382286099
"LINC00094",0.285804672065154,-11.5839316416338,2.19552882576664
"BRD3",0.442525520185403,-11.0592618382552,2.24514909905223
"WDR5",0.390761753974081,-11.2185657814774,2.20286910664256
"RXRA",0.451023791040693,-10.509070135596,2.31109740894498
"FCN1",1.48195287364829,-9.06302584336552,2.63718854020023
"OLFM1",0.160919524648358,-12.7261534701212,2.06272317382464
"PPP1R26",0.108196131760806,-13.0200960649104,2.02232033555741
"MRPS2",0.448372648362462,-10.5112551605459,2.30665799693924
"CAMSAP1",0.235301446437578,-11.7582718172183,2.16862943826843
"UBAC1",0.464877012096816,-10.7838616576694,2.27234702379468
"NACC2",0.262041219518392,-11.6511250774237,2.18475398016833
"RP11-83N9.5",0.108196131760806,-13.0200960649104,2.02232033555741
"C9orf69",0.427003874317524,-11.0736383029078,2.21634928193124
"QSOX2",0.252669045295664,-12.3369290773934,2.16608382286099
"DNLZ",0.189222923805307,-12.520920249976,2.05838802962435
"CARD9",0.384581646513643,-11.2479412906634,2.20435946624615
"SNAPC4",0.228468715570751,-12.1186282691869,2.17441752459222
"SDCCAG3",0.239121755146729,-11.7333567076361,2.17034018854576
"PMPCA",0.467108576843369,-10.8059363393016,2.27205093611678
"INPP5E",0.230189928028585,-12.5414312256707,2.14290754443097
"SEC16A",0.428216570434736,-11.0714992812824,2.21820260460062
"NOTCH1",0.357857053743936,-11.3600580995814,2.20913446435256
"EGFL7",0.213863393131456,-12.505173454852,2.10297459407572
"AGPAT2",0.524460113299541,-10.3826041182966,2.33706510310991
"SNHG7",1.10207599204738,-9.49057159815324,2.49858087075895
"LCN8",0.298947621855813,-11.5430506211532,2.19913559051376
"TMEM141",0.637445255393345,-9.99809211614416,2.35046438339942
"CCDC183",0.090721269291354,-12.7921404110945,1.91917469956789
"RABL6",0.450448276171721,-10.6694383799464,2.27498518065445
"PHPT1",0.84053743448721,-9.84757811244407,2.44376394366887
"MAMDC4",0.224685844288479,-11.9098833485468,2.17037723291924
"EDF1",1.45095513704332,-8.36718176270443,2.54779447496494
"TRAF2",0.407422221264717,-11.1396657475591,2.20159670875146
"FBXW5",0.724674849214708,-9.99806757962756,2.41150634826251
"PTGDS",0.310996296124904,-11.5056919632052,2.2020168525333
"C9orf142",1.06223546358582,-9.5232485688307,2.47360831480197
"CLIC3",0.556134781516177,-10.2756994785178,2.32749155434077
"ABCA2",0.224065621849842,-11.9347801167679,2.1716016566889
"C9orf139",0.238267439470462,-12.1788669084481,2.16398271757428
"FUT7",0.466715448051895,-10.8017365854566,2.27209864447271
"RP11-229P13.20",0.189222923805307,-12.520920249976,2.05838802962435
"NPDC1",0.461126794677147,-11.0118373713543,2.26925663298924
"UAP1L1",0.250273336557541,-12.2871527362687,2.16237099282398
"MAN1B1",0.466583572408333,-10.8003600431423,2.27211450901212
"DPP7",0.983330001781214,-9.69539178415166,2.47813531789024
"ANAPC2",0.426126782327076,-11.0753467526915,2.21507321696338
"SSNA1",0.994301292981717,-9.66714584050094,2.47665297584035
"TPRN",0.158147028664132,-12.743367074885,2.06256469798137
"TMEM203",0.540550478198742,-10.3322082525962,2.33292548317814
"NDOR1",0.230189928028585,-12.5414312256707,2.14290754443097
"TUBB4B",0.734474335195983,-9.98834967078998,2.4164910099728
"NELFB",0.327084328297146,-11.4578200074868,2.20577053713905
"TOR4A",0.259698035201824,-11.6575219173265,2.18331637770344
"EXD3",0.22375500450459,-11.9529837127783,2.17254604697426
"NOXA1",0.224820970152689,-12.0670005958397,2.17690569188224
"NSMF",0.3424062520656,-11.4119124168537,2.20850656884158
"PNPLA7",0.189222923805307,-12.520920249976,2.05838802962435
"MRPL41",0.792437697814359,-9.89771102751331,2.43332427673701
"DPH7",0.461905932875632,-11.0075926007702,2.26973953022764
"ZMYND19",0.141473787659634,-12.8191386499719,2.05126746596957
"ARRDC1",0.617083174795647,-10.0016966418978,2.32977041839439
"C9orf37",0.341607937706617,-11.414393869746,2.20840685821884
"EHMT1",0.467318874397933,-10.9675806007048,2.27197738019842
"ZMYND11",0.318341970007255,-11.4835878418945,2.20375844416355
"DIP2C",0.158147028664132,-12.743367074885,2.06256469798137
"LARP4B",0.467500263646791,-10.9657555940922,2.27201639551126
"GTPBP4",0.441705648333638,-10.5315798240759,2.28921384260985
"IDI1",0.660628747265487,-10.0055572508421,2.37007849311162
"WDR37",0.454003544840699,-11.0402112861388,2.26289497373595
"PFKP",0.448993451596013,-10.6568646965568,2.27533114101715
"PITRM1",0.420633108510216,-11.0891114528686,2.20853524620437
"KLF6",1.22189235081566,-8.11090330916604,2.55470866242856
"AKR1E2",0.108196131760806,-13.0200960649104,2.02232033555741
"AKR1C3",0.445861251092815,-10.6268045436031,2.27634368408342
"NET1",0.235831001374619,-12.1654885580238,2.16626798040572
"ASB13",0.23078253123122,-12.1364778837008,2.17188129372768
"FAM208B",0.358755284880245,-11.3567763940505,2.20908540634382
"GDI2",1.1108285205742,-9.5666776949692,2.5816449180803
"RP11-318E3.9",0.237201218102107,-12.549029507341,2.1579848493556
"ANKRD16",0.250273336557541,-12.2871527362687,2.16237099282398
"FBXO18",0.451430432552455,-10.6775917169488,2.27477335333336
"RP11-536K7.3",0.211561276790128,-12.5005332691513,2.09729795390912
"IL15RA",0.3424062520656,-11.4119124168537,2.20850656884158
"IL2RA",0.308475332464209,-11.5134116024174,2.20141993032678
"RBM17",0.803459392908271,-9.88301093369528,2.43541197787856
"PFKFB3",0.277255247064729,-11.6092735883829,2.19244704213465
"PRKCQ",0.427003874317524,-11.0736383029078,2.21634928193124
"PRKCQ-AS1",0.860727501326353,-9.83561419134272,2.44960237503362
"SFMBT2",0.235831001374619,-12.1654885580238,2.16626798040572
"KIN",0.441218659412626,-10.5415039217996,2.28578366541857
"ATP5C1",1.10879898115884,-9.56446498121655,2.57497995733195
"TAF3",0.442770925756865,-10.5888307287487,2.27850438199401
"GATA3",0.553164097474184,-10.2871023894694,2.32860814738801
"CELF2",1.0300560310172,-9.5819605077527,2.47223525927779
"CELF2-AS1",0.108196131760806,-13.0200960649104,2.02232033555741
"USP6NL",0.232518630657796,-11.7815991479491,2.16781318725399
"ECHDC3",0.124744812975913,-12.9345239920951,2.0430897230423
"UPF2",0.537235356562001,-10.3432208920108,2.33391807205238
"DHTKD1",0.226965555352143,-11.8539915358263,2.1682399487526
"SEC61A2",0.189222923805307,-12.520920249976,2.05838802962435
"NUDT5",0.677022321979912,-10.0096819862383,2.38206348666607
"CDC123",0.718129419510106,-10.0028401609018,2.40790754222248
"CAMK1D",0.441175945582322,-10.5518461926935,2.28329730158088
"OPTN",0.747175945113765,-9.97122155864984,2.42196638682584
"MCM10",0.155814392341329,-12.7564208083967,2.06194045217959
"PHYH",0.460753915855538,-11.0137593440319,2.26900930028204
"SEPHS1",0.424856849288194,-11.0780617227707,2.21334472978913
"PRPF18",0.57895201819365,-10.174406758247,2.3182489416646
"RP11-295P9.3",0.223477502286759,-11.9902285405033,2.17448466546172
"FAM107B",0.766193700354609,-9.9396961379623,2.42788286797378
"CDNF",0.134486423716054,-12.8558240348517,2.04569081801718
"HSPA14",0.444179595989242,-10.6077956910999,2.27723641933324
"RP11-398C13.6",0.174120422480146,-12.6247712823772,2.05817582041029
"SUV39H2",0.16759266301054,-12.6777798123276,2.06112349582788
"DCLRE1C",0.470495625664777,-10.8576513585967,2.27187602769937
"MEIG1",0.101084877533373,-12.9582856770516,1.98697941273538
"RPP38",0.484443669554047,-10.4746415189934,2.33668174549565
"NMT2",0.445421126527844,-10.6220984703221,2.27654020164787
"FAM171A1",0.124744812975913,-12.9345239920951,2.0430897230423
"FAM188A",0.318341970007255,-11.4835878418945,2.20375844416355
"PTER",0.402156426655047,-11.1638693220506,2.20124681578532
"RSU1",0.65975134828635,-10.005278866284,2.36939955876615
"TRDMT1",0.243431321069781,-11.7117139674051,2.17278568107151
"VIM-AS1",0.565240128647217,-10.2384565369324,2.32387147684385
"VIM",2.32411994844127,-7.15143880166958,2.47843705970789
"RP11-124N14.3",0.224820970152689,-12.0670005958397,2.17690569188224
"PTPLA",0.108196131760806,-13.0200960649104,2.02232033555741
"RP11-390B4.5",0.117913150105663,-12.9954662061038,2.04171346236043
"STAM",0.243431321069781,-11.7117139674051,2.17278568107151
"RP11-499P20.2",0.141473787659634,-12.8191386499719,2.05126746596957
"NSUN6",0.243431321069781,-11.7117139674051,2.17278568107151
"ARL5B-AS1",0.174120422480146,-12.6247712823772,2.05817582041029
"ARL5B",0.224820970152689,-12.0670005958397,2.17690569188224
"PLXDC2",0.303949947574791,-11.5274100049873,2.20034205527944
"MLLT10",0.447356090876264,-10.6417867530277,2.27579602713367
"DNAJC1",0.601752726360447,-10.0448538688423,2.31572028466806
"COMMD3",0.693188503093217,-10.010736664373,2.39284493848736
"BMI1",0.288321644740492,-11.5762392558387,2.19630309553748
"PIP4K2A",0.407958412982414,-11.1372829407209,2.20169167034514
"MSRB2",0.448814370724043,-10.5108402590946,2.30744819211966
"OTUD1",0.450778730565609,-11.0482480188964,2.25881898120184
"ARHGAP21",0.224035905850509,-12.0423659378371,2.17656425261388
"PRTFDC1",0.141473787659634,-12.8191386499719,2.05126746596957
"ENKUR",0.144335962055549,-12.8071131072533,2.05393865606713
"THNSL1",0.230189928028585,-12.5414312256707,2.14290754443097
"APBB1IP",0.810428390643476,-9.8747480303388,2.43678757098403
"LINC00264",0.141473787659634,-12.8191386499719,2.05126746596957
"PDSS1",0.241587964993237,-11.7203125191351,2.17168265402027
"ABI1",0.698002041142424,-10.0102404780545,2.39588963556156
"ANKRD26",0.373051709105387,-11.2998379831994,2.20711150239711
"YME1L1",0.842144273350099,-9.84646999057704,2.44419306437416
"MASTL",0.250066880072025,-12.508963921607,2.17627790166079
"ACBD5",0.3970473175067,-11.1882492880877,2.20168409990758
"RAB18",0.677212933465195,-10.0097159686929,2.38219602746874
"MPP7",0.413897455375829,-11.1124427710348,2.20367288133126
"WAC-AS1",0.442316850638589,-10.5260926493898,2.29185977297068
"WAC",0.575934111121664,-10.1894878664249,2.31946094307858
"PTCHD3P1",0.253309504187197,-11.6759268360451,2.17920616014382
"SVIL",0.438359458117575,-11.0618177554228,2.23700850805954
"MTPAP",0.23199352621588,-11.7866684234734,2.16771263742681
"MAP3K8",0.449570321515025,-10.5101787739709,2.30875137483192
"ZNF438",0.248063606674305,-12.2567014115598,2.16085635613381
"ZEB1",0.30745846932916,-11.5165418212606,2.20117954666282
"RP11-472N13.3",0.090721269291354,-12.7921404110945,1.91917469956789
"ARHGAP12",0.223695027974275,-12.0241158264402,2.17597860349096
"KIF5B",0.88020066757052,-9.82691148333689,2.45608748596489
"EPC1",0.815510878867577,-9.86921722628387,2.43783641246129
"RP11-135A24.4",0.141473787659634,-12.8191386499719,2.05126746596957
"CCDC7",0.248063606674305,-12.2567014115598,2.16085635613381
"C10ORF68",0.090721269291354,-12.7921404110945,1.91917469956789
"RP11-479G22.8",0.16759266301054,-12.6777798123276,2.06112349582788
"ITGB1",0.456602491540456,-10.5054897609938,2.31857090642809
"CUL2",0.390854073685558,-11.2181224489868,2.20284858943329
"CREM",0.496504293169566,-10.4522648016445,2.33894212395636
"CCNY",0.465816968603691,-10.9811168736422,2.2715581675054
"RP11-324I22.4",0.101084877533373,-12.9582856770516,1.98697941273538
"ZNF248",0.248063606674305,-12.2567014115598,2.16085635613381
"RP11-162G10.5",0.217168357845664,-12.5125542968357,2.11121018860736
"ZNF25",0.267827718943378,-11.6355057427823,2.18802368561981
"ZNF33A",0.466433065176947,-10.7988085163261,2.27213296681826
"ZNF37A",0.361811022959421,-11.3453286155832,2.20884575958656
"ZNF33B",0.375842218537906,-11.2877179277956,2.20650351365506
"BMS1",0.470163546357878,-10.9287032292646,2.27227889601841
"RP11-351D16.3",0.230189928028585,-12.5414312256707,2.14290754443097
"CSGALNACT2",0.453758642162102,-11.0409096493427,2.26261277835448
"RASGEF1A",0.230189928028585,-12.5414312256707,2.14290754443097
"HNRNPF",1.25932314444674,-9.32642489602234,2.57517263527543
"RP11-517P14.2",0.203504806423496,-12.4912497389434,2.07892517954733
"ZNF487",0.38490862710076,-11.2464107177746,2.20427787268896
"ZNF239",0.090721269291354,-12.7921404110945,1.91917469956789
"ZNF485",0.241904545563597,-12.2014659440717,2.16146712228198
"ZNF32",0.591912989238429,-10.1020744184386,2.31425450158817
"RASSF4",0.445468685630321,-10.6226032376152,2.27651681257723
"ZNF22",0.584216539006289,-10.1465192947131,2.31628085880715
"ALOX5",0.583425195903793,-10.1508372744813,2.31655597440821
"MARCH8",0.325211595687644,-11.4633216038494,2.20535006957762
"ZFAND4",0.277255247064729,-11.6092735883829,2.19244704213465
"FAM21C",0.235831001374619,-12.1654885580238,2.16626798040572
"AGAP4",0.134486423716054,-12.8558240348517,2.04569081801718
"FAM21B",0.203504806423496,-12.4912497389434,2.07892517954733
"MAPK8",0.407182377810475,-11.1407324035722,2.20155781706561
"ARHGAP22",0.183062415540771,-12.5564644150092,2.05608461177669
"WDFY4",0.321787468070285,-11.4733956549449,2.20456706007782
"C10orf128",0.395475044594798,-11.1958381738975,2.20192792670038
"ERCC6",0.230189928028585,-12.5414312256707,2.14290754443097
"PARG",0.235831001374619,-12.1654885580238,2.16626798040572
"NCOA4",0.759102939794462,-9.95182532581006,2.42596664124856
"TIMM23",0.456273708634664,-11.0329247965751,2.26530922533443
"LINC00843",0.203504806423496,-12.4912497389434,2.07892517954733
"AGAP6",0.230189928028585,-12.5414312256707,2.14290754443097
"FAM21A",0.158147028664132,-12.743367074885,2.06256469798137
"ASAH2",0.141473787659634,-12.8191386499719,2.05126746596957
"SGMS1",0.301451509050628,-11.5352080262113,2.19974483512168
"RP11-50E11.3",0.189222923805307,-12.520920249976,2.05838802962435
"ASAH2B",0.230189928028585,-12.5414312256707,2.14290754443097
"CSTF2T",0.465438350247918,-10.9841531997386,2.27142848357572
"ZWINT",0.223646444498449,-12.0207105646727,2.1758582445183
"IPMK",0.23199352621588,-11.7866684234734,2.16771263742681
"CISD1",0.451159004381124,-10.6753579825735,2.27483068461848
"UBE2D1",0.635990324307379,-9.99776406831011,2.34910251898015
"TFAM",0.469502827055493,-10.9406564346006,2.27228166106586
"CCDC6",0.421627528630122,-11.0862418942471,2.2095385434348
"ANK3",0.229216757627761,-11.8185740413693,2.16758308707388
"CDK1",0.139904318189886,-12.826258312958,2.04984230696901
"ARID5B",0.63936374800271,-9.99858864573225,2.3522364248456
"RTKN2",0.253657432497421,-12.3755230244616,2.1693722917142
"ADO",0.249029583942693,-11.6898006335492,2.17635571763485
"EGR2",0.230189928028585,-12.5414312256707,2.14290754443097
"NRBF2",0.530961466202843,-10.3631576406371,2.33560739590959
"JMJD1C",0.523221424171581,-10.3861813222781,2.33730933252795
"REEP3",0.441688698538203,-11.059857845542,2.24355431442797
"SIRT1",0.226591264563926,-11.8611976613728,2.16844807525022
"HERC4",0.449926689462842,-10.665010919364,2.27510415971931
"PBLD",0.108196131760806,-13.0200960649104,2.02232033555741
"HNRNPH3",0.887339163345459,-9.82397571376354,2.45862850871346
"RUFY2",0.241587964993237,-11.7203125191351,2.17168265402027
"SLC25A16",0.224820970152689,-12.0670005958397,2.17690569188224
"TET1",0.108196131760806,-13.0200960649104,2.02232033555741
"CCAR1",0.481268445911983,-10.4796599519377,2.33566043888331
"DDX50",0.507755608979815,-10.4270476521708,2.33918661423223
"DDX21",0.75354411955124,-9.96111305433326,2.42423269383666
"KIAA1279",0.225242173550997,-11.8928066779572,2.16961132666487
"SRGN",1.22013611774911,-8.12215811570706,2.56814055333228
"VPS26A",0.456298716241418,-10.5056762014213,2.31821260216491
"SUPV3L1",0.380470518690739,-11.266954524078,2.20539002901601
"HK1",0.474282545075011,-10.4893523990134,2.3326534784397
"TSPAN15",0.227119371639978,-11.8511523046085,2.16816398216744
"C10orf35",0.251141901207489,-11.6827217186918,2.17775498330012
"H2AFY2",0.288321644740492,-11.5762392558387,2.19630309553748
"AIFM2",0.203504806423496,-12.4912497389434,2.07892517954733
"TYSND1",0.46837187758729,-10.9561497736816,2.27217399438718
"SAR1A",0.487211393576467,-10.4699565882539,2.33741374055229
"PPA1",1.11302271701507,-9.56572081458268,2.58538645001535
"LRRC20",0.108196131760806,-13.0200960649104,2.02232033555741
"EIF4EBP2",0.540401611434877,-10.3327120540353,2.33297216580289
"PRF1",1.03974512050978,-9.56224026234844,2.4718762773653
"SGPL1",0.270272096743267,-11.6288514890299,2.18928097708031
"PCBD1",0.447029487786337,-10.512758412326,2.30410124009944
"SLC29A3",0.223506913503804,-11.9791550530398,2.17392053640435
"CDH23",0.410508970363257,-11.1262600224375,2.20232349699316
"C10orf54",1.38177749079626,-9.20099555085059,2.5673848085392
"PSAP",1.43017493786721,-8.32623084263683,2.54174213486328
"SPOCK2",0.988303684215983,-9.68260462532205,2.4775023062573
"ASCC1",0.421627528630122,-11.0862418942471,2.2095385434348
"ANAPC16",1.46683116685904,-9.09345136275038,2.61490199465056
"DDIT4",1.03198241284605,-9.57790472643353,2.47212135147133
"RP11-442H21.2",0.230189928028585,-12.5414312256707,2.14290754443097
"DNAJB12",0.441402481078149,-10.5362412029443,2.28742909738712
"MICU1",0.467726156651727,-10.9634101531226,2.27206305119923
"MCU",0.23078253123122,-12.1364778837008,2.17188129372768
"P4HA1",0.40274415492585,-11.1611121498551,2.20123994370316
"NUDT13",0.174120422480146,-12.6247712823772,2.05817582041029
"ECD",0.459061954631743,-11.0218444344604,2.26777449365016
"FAM149B1",0.248063606674305,-12.2567014115598,2.16085635613381
"DNAJC9",0.525336902685472,-10.3800540296782,2.33688719613875
"MRPS16",0.665222934168042,-10.0069494389923,2.37356857361053
"RP11-152N13.5",0.241904545563597,-12.2014659440717,2.16146712228198
"ANXA7",0.988753991053912,-9.68145024568358,2.47744232612961
"MSS51",0.124744812975913,-12.9345239920951,2.0430897230423
"PPP3CB",0.468467467212889,-10.8221238373852,2.27191969001912
"RP11-464F9.20",0.253776510344264,-12.4304809561986,2.17385166909698
"SEC24C",0.422988527203917,-11.0825735995693,2.21104480751232
"AC022400.2",0.108196131760806,-13.0200960649104,2.02232033555741
"FUT11",0.389152308112735,-11.2262808848236,2.2032345380696
"CHCHD1",0.567052960664354,-10.2305843741819,2.32312528128766
"ZSWIM8",0.319344583891345,-11.4806092560161,2.20399355485001
"NDST2",0.230775156673327,-11.7994739811921,2.16756261210683
"CAMK2G",0.445053647207904,-10.5159652229898,2.29980477630415
"VCL",0.471090359601904,-10.8896094811718,2.27204972224406
"RP11-178G16.4",0.189222923805307,-12.520920249976,2.05838802962435
"AP3M1",0.454152945485395,-11.0397712504279,2.26306431927164
"ADK",0.662187712870747,-10.0060325742859,2.37127197764175
"KAT6B",0.443228310312055,-11.0587103417122,2.24647204458048
"SAMD8",0.36307676210191,-11.34047880421,2.20871625135506
"VDAC2",1.10889364281677,-9.51264868365811,2.52589793556028
"COMTD1",0.46081891744545,-10.750035635498,2.27300776096084
"ZNF503",0.21944115833592,-12.5179220526473,2.11688791980076
"C10orf11",0.397401498664955,-11.1865387032773,2.20163388994691
"KCNMA1",0.151289836493976,-12.7783680320405,2.05965516873174
"POLR3A",0.258748343647862,-11.6601487887884,2.18272220633917
"RPS24",3.45034593398166,-5.79353318726562,2.2121944088903
"ZMIZ1",0.360929126623443,-11.348664862052,2.2089234439008
"PPIF",0.456293768863886,-10.7155211037967,2.2738222189127
"ZCCHC24",0.124744812975913,-12.9345239920951,2.0430897230423
"EIF5AL1",0.541073133626616,-10.330441407615,2.33276301881795
"RP11-506M13.3",0.151289836493976,-12.7783680320405,2.05965516873174
"RP11-119F19.2",0.235831001374619,-12.1654885580238,2.16626798040572
"RP11-773D16.1",0.224065621849842,-11.9347801167679,2.1716016566889
"RP11-182L21.6",0.23199352621588,-11.7866684234734,2.16771263742681
"SFTPD",0.108196131760806,-13.0200960649104,2.02232033555741
"TMEM254",0.333403376990808,-11.4392096641121,2.20707488015413
"ANXA11",1.09736775872792,-9.48930628984291,2.49172734103357
"FAM213A",0.295410275228684,-11.554141821301,2.19824841004802
"TSPAN14",0.642481006509482,-9.99950587852306,2.35505425203684
"RP11-338I21.1",0.134486423716054,-12.8558240348517,2.04569081801718
"GHITM",1.24256080515103,-9.34921253987816,2.57770563910998
"CCSER2",0.515052942139493,-10.4086040417873,2.33857676486869
"WAPAL",0.452472291224073,-10.6859981250327,2.27455581017244
"BMPR1A",0.090721269291354,-12.7921404110945,1.91917469956789
"GLUD1",0.703192209533193,-10.0092266509239,2.39910201744385
"FAM35A",0.428716979578481,-11.0707001835205,2.21899923203206
"NUTM2A-AS1",0.36307676210191,-11.34047880421,2.20871625135506
"LINC00863",0.23386501965221,-11.7696233733186,2.16814921311575
"MINPP1",0.387415497071228,-11.2345599720108,2.20365151181136
"PAPSS2",0.151289836493976,-12.7783680320405,2.05965516873174
"ATAD1",0.460486813357894,-10.7474458493828,2.27306584406441
"PTEN",0.445375213950581,-10.5153201879925,2.3005589323368
"RNLS",0.250066880072025,-12.508963921607,2.17627790166079
"LIPN",0.174120422480146,-12.6247712823772,2.05817582041029
"ANKRD22",0.234338816101719,-12.5471897712984,2.15211652175186
"STAMBPL1",0.404153181232032,-11.1545373369774,2.20126864703396
"ACTA2",0.291868987972595,-11.5652337563203,2.1973099932792
"FAS",0.468520958314063,-10.8228361176508,2.27191579988443
"LIPA",0.610284510397596,-10.0128680921425,2.32258529847305
"IFIT2",0.455910149233102,-10.5059166631492,2.31774861951367
"IFIT3",0.653999849820784,-10.0033708324662,2.36483872315019
"IFIT1",0.589770811642799,-10.1148238098859,2.31465380275945
"IFIT5",0.47102036070642,-10.8786518866127,2.27197304534052
"KIF20B",0.336747253740007,-11.4292249806333,2.20768150937996
"RPP30",0.443011356001171,-10.5222248951354,2.29426014802667
"PCGF5",0.673771104221105,-10.0090611713572,2.37977964265021
"TNKS2-AS1",0.141473787659634,-12.8191386499719,2.05126746596957
"TNKS2",0.385644368635365,-11.2429541466967,2.20409298919515
"FGFBP3",0.225242173550997,-11.8928066779572,2.16961132666487
"RP11-402D21.2",0.090721269291354,-12.7921404110945,1.91917469956789
"BTAF1",0.318341970007255,-11.4835878418945,2.20375844416355
"CPEB3",0.223695027974275,-12.0241158264402,2.17597860349096
"MARCH5",0.450099970658378,-10.5097553464186,2.30962973745401
"IDE",0.28226465445891,-11.5946080769549,2.19434563052973
"KIF11",0.230189928028585,-12.5414312256707,2.14290754443097
"HHEX",0.557004935247139,-10.2722935368389,2.32715834395052
"EXOC6",0.435677495434659,-11.0633858192721,2.23168323593964
"MYOF",0.23386501965221,-11.7696233733186,2.16814921311575
"FRA10AC1",0.444857252485835,-10.5163911037443,2.29932986771994
"SLC35G1",0.250066880072025,-12.508963921607,2.17627790166079
"PLCE1",0.247088309743925,-12.5303994035623,2.17384969389464
"NOC3L",0.291868987972595,-11.5652337563203,2.1973099932792
"TBC1D12",0.250066880072025,-12.508963921607,2.17627790166079
"HELLS",0.223506913503804,-11.9791550530398,2.17392053640435
"PDLIM1",0.487437548624444,-10.4695625993119,2.33746748326657
"ALDH18A1",0.350243796832789,-11.386611316548,2.2091560063327
"TCTN3",0.468410727525829,-10.8213874138722,2.27192197564219
"ENTPD1",0.449487471729178,-10.6611985664945,2.27520733903443
"ENTPD1-AS1",0.22712266150858,-12.104790066756,2.17568849682712
"CCNJ",0.158147028664132,-12.743367074885,2.06256469798137
"BLNK",0.460267785769499,-10.7457443756649,2.27310345481775
"TM9SF3",0.463755930050262,-10.9963025860953,2.27072525089429
"PIK3AP1",0.441164592468678,-10.5449110615024,2.2848721330638
"LCOR",0.452815285820077,-11.0434699635991,2.26147898883768
"C10orf12",0.174120422480146,-12.6247712823772,2.05817582041029
"RP11-175O19.4",0.108196131760806,-13.0200960649104,2.02232033555741
"ARHGAP19",0.134486423716054,-12.8558240348517,2.04569081801718
"FRAT1",0.417221728031121,-11.1001610690338,2.20567845422565
"FRAT2",0.443918681913858,-10.604550815125,2.27742125298927
"RRP12",0.416169416065135,-11.1038987932544,2.20496221833531
"PGAM1",1.04590149060517,-9.55057940036971,2.47194898947935
"EXOSC1",0.694289687295281,-10.0106637529673,2.39354897155454
"ZDHHC16",0.439377263286929,-11.0612499562935,2.23903745483429
"MMS19",0.371035178180678,-11.308387848168,2.20751175530643
"UBTD1",0.253776510344264,-12.4304809561986,2.17385166909698
"PI4K2A",0.226965555352143,-11.8539915358263,2.1682399487526
"MORN4",0.141473787659634,-12.8191386499719,2.05126746596957
"AVPI1",0.223695027974275,-12.0241158264402,2.17597860349096
"MARVELD1",0.141473787659634,-12.8191386499719,2.05126746596957
"ZFYVE27",0.405532690978761,-11.1481904505777,2.20135684886821
"GOLGA7B",0.252669045295664,-12.3369290773934,2.16608382286099
"R3HCC1L",0.368990430787037,-11.3169031375202,2.20788440781945
"PYROXD2",0.223483964358326,-11.9978879830348,2.17485616472569
"HPS1",0.569686221294535,-10.2188626841242,2.32203656141898
"GOT1",0.360929126623443,-11.348664862052,2.2089234439008
"RP11-441O15.3",0.090721269291354,-12.7921404110945,1.91917469956789
"SLC25A28",0.23386501965221,-11.7696233733186,2.16814921311575
"RP11-85A1.3",0.250066880072025,-12.508963921607,2.17627790166079
"CUTC",0.58134134678393,-10.1620064416476,2.31732430007542
"COX15",0.355648341701213,-11.3679762538592,2.20920993508267
"DNMBP",0.23078253123122,-12.1364778837008,2.17188129372768
"ERLIN1",0.241904545563597,-12.2014659440717,2.16146712228198
"CHUK",0.357857053743936,-11.3600580995814,2.20913446435256
"CWF19L1",0.333403376990808,-11.4392096641121,2.20707488015413
"BLOC1S2",0.800244411408179,-9.88709736980611,2.43479663393106
"SEC31B",0.264423314147689,-11.6446953514024,2.18614617169067
"NDUFB8",1.35154421853889,-9.22606850691564,2.56730916850313
"HIF1AN",0.437928340364616,-11.0620512301257,2.2361497191062
"RP11-179B2.2",0.189222923805307,-12.520920249976,2.05838802962435
"FAM178A",0.318341970007255,-11.4835878418945,2.20375844416355
"MRPL43",0.850041680386552,-9.84144057639042,2.44639160839164
"C10orf2",0.228218527898891,-11.8328472417398,2.1677628936284
"LZTS2",0.25382580580184,-12.4264110535353,2.17355268682537
"PDZD7",0.141473787659634,-12.8191386499719,2.05126746596957
"SFXN3",0.421043406496687,-11.08790926458,2.20893880716671
"KAZALD1",0.090721269291354,-12.7921404110945,1.91917469956789
"BTRC",0.241904545563597,-12.2014659440717,2.16146712228198
"DPCD",0.253903838479869,-12.4147871760794,2.17266699110733
"POLL",0.416620911250962,-11.1022742468949,2.20525850061699
"FBXW4",0.277724949436805,-11.6079251242072,2.19263819400811
"NPM3",0.468078155256928,-10.4963339537373,2.3289470052286
"MGEA5",0.608580571229028,-10.0174111457092,2.32091773123177
"C10orf76",0.422599320706511,-11.0835925361052,2.210594906622
"HPS6",0.347027480193409,-11.3972077836428,2.20896727921405
"LDB1",0.289351819038423,-11.5730403502465,2.19660014764295
"PPRC1",0.295410275228684,-11.554141821301,2.19824841004802
"NOLC1",0.46446822187516,-10.7801785227555,2.27240699568352
"ELOVL3",0.090721269291354,-12.7921404110945,1.91917469956789
"GBF1",0.38490862710076,-11.2464107177746,2.20427787268896
"NFKB2",0.44224958461656,-10.5803735437603,2.27925453516894
"PSD",0.090721269291354,-12.7921404110945,1.91917469956789
"FBXL15",0.657213682055018,-10.0044490828146,2.36740944759344
"CUEDC2",0.669859876272975,-10.0081735250725,2.37697791226552
"TMEM180",0.217168357845664,-12.5125542968357,2.11121018860736
"ACTR1A",0.591483934432662,-10.1046502020339,2.31432166648551
"SUFU",0.23078253123122,-12.1364778837008,2.17188129372768
"RP11-47A8.5",0.189222923805307,-12.520920249976,2.05838802962435
"TRIM8",0.455675408486435,-10.5060632724021,2.31746489592776
"ARL3",0.446928419444809,-10.6376299704557,2.27593753756513
"SFXN2",0.203504806423496,-12.4912497389434,2.07892517954733
"WBP1L",0.456008661339454,-11.0338531524977,2.26504572955277
"C10orf32",0.605051633552899,-10.0297121482829,2.31785759162557
"CNNM2",0.241904545563597,-12.2014659440717,2.16146712228198
"NT5C2",0.463227364908191,-10.9997074220818,2.27046751337242
"RPEL1",0.124744812975913,-12.9345239920951,2.0430897230423
"PCGF6",0.401299674451208,-11.1679179393041,2.20127607943342
"TAF5",0.253334957968657,-12.4523755342405,2.17529429742087
"USMG5",0.901655203609914,-9.81769170425728,2.46387207094795
"PDCD11",0.315885778068481,-11.4909045559396,2.20317613981035
"CALHM2",0.506695126827809,-10.4295910164577,2.33922863858731
"NEURL1",0.364813574873717,-11.3337043851981,2.2085136085088
"SH3PXD2A",0.174120422480146,-12.6247712823772,2.05817582041029
"OBFC1",0.526569260331111,-10.376430756448,2.33662681348662
"SLK",0.312415811570225,-11.5013771452248,2.20235150349299
"SFR1",0.471085620926094,-10.8926635506524,2.27207076329221
"GSTO1",1.10927363665574,-9.56557176115269,2.57714297480458
"GSTO2",0.090721269291354,-12.7921404110945,1.91917469956789
"ITPRIP",0.303949947574791,-11.5274100049873,2.20034205527944
"XPNPEP1",0.457830149157894,-10.7271514894256,2.27353985871944
"ADD3",0.920242376499668,-9.80636715737285,2.4705273011385
"MXI1",0.368990430787037,-11.3169031375202,2.20788440781945
"SMNDC1",0.465672124702862,-10.7912887969667,2.27223333847898
"DUSP5",0.464586783620217,-10.9905693043109,2.27109680692
"SMC3",0.520936767780915,-10.3926408664216,2.33772050731823
"PDCD4-AS1",0.43135889769969,-11.0671477892444,2.2235123103596
"PDCD4",0.88088843968767,-9.82663029554195,2.45632991782086
"BBIP1",0.469242292256476,-10.9446433888567,2.27227095820305
"SHOC2",0.44119595586322,-10.5533300590262,2.28300135986502
"GPAM",0.141473787659634,-12.8191386499719,2.05126746596957
"ACSL5",0.463227364908191,-10.9997074220818,2.27046751337242
"ZDHHC6",0.455087361420977,-10.5064256103946,2.31673972207002
"VTI1A",0.450040635359994,-10.6659817522822,2.27507736485211
"TCF7L2",0.465920840202038,-10.9802653029069,2.27159239887205
"RP11-57H14.2",0.090721269291354,-12.7921404110945,1.91917469956789
"CASP7",0.404153181232032,-11.1545373369774,2.20126864703396
"DCLRE1A",0.090721269291354,-12.7921404110945,1.91917469956789
"NHLRC2",0.239121755146729,-11.7333567076361,2.17034018854576
"C10orf118",0.469081950196615,-10.8307449042259,2.27187888970533
"AFAP1L2",0.203504806423496,-12.4912497389434,2.07892517954733
"ABLIM1",0.4716706958917,-10.4924837966162,2.33122729971614
"FAM160B1",0.250066880072025,-12.508963921607,2.17627790166079
"TRUB1",0.306439806001703,-11.519684101789,2.20093803309746
"KIAA1598",0.235831001374619,-12.1654885580238,2.16626798040572
"PDZD8",0.228218527898891,-11.8328472417398,2.1677628936284
"RAB11FIP2",0.246161006325488,-11.7003570237215,2.17449086994333
"FAM204A",0.703985657389444,-10.0090236534624,2.39958687808637
"CACUL1",0.470401017197135,-10.8552135929405,2.27186757641743
"EIF3A",0.622321572130389,-9.99812228570523,2.33539108200574
"FAM45A",0.583504281337036,-10.1504073634553,2.31652800766767
"SFXN4",0.422599320706511,-11.0835925361052,2.210594906622
"PRDX3",0.739425240622882,-9.98225052215905,2.41877574966595
"GRK5",0.355648341701213,-11.3679762538592,2.20920993508267
"RGS10",1.47473659666437,-9.12771613664389,2.58485237131806
"TIAL1",0.622516900824588,-9.99804260288511,2.33559716663634
"BAG3",0.228218527898891,-11.8328472417398,2.1677628936284
"INPP5F",0.23078253123122,-12.1364778837008,2.17188129372768
"MCMBP",0.452189241323505,-10.508267744689,2.31283891867285
"SEC23IP",0.410508970363257,-11.1262600224375,2.20232349699316
"WDR11",0.434784023671921,-11.0640018101029,2.22993718314082
"ATE1",0.312415811570225,-11.5013771452248,2.20235150349299
"NSMCE4A",0.505106237415666,-10.4333347657731,2.33926558637727
"PLEKHA1",0.441758755411555,-10.5309597727723,2.28948077251635
"HTRA1",0.090721269291354,-12.7921404110945,1.91917469956789
"CUZD1",0.090721269291354,-12.7921404110945,1.91917469956789
"FAM24B",0.350243796832789,-11.386611316548,2.2091560063327
"C10orf88",0.241587964993237,-11.7203125191351,2.17168265402027
"PSTK",0.333403376990808,-11.4392096641121,2.20707488015413
"IKZF5",0.413897455375829,-11.1124427710348,2.20367288133126
"ACADSB",0.38490862710076,-11.2464107177746,2.20427787268896
"BUB3",0.978705419613115,-9.70716039672064,2.4786351987995
"CHST15",0.416169416065135,-11.1038987932544,2.20496221833531
"OAT",0.451837992649614,-10.6809061595312,2.27468632872196
"LHPP",0.471083791496655,-10.8861441441595,2.27202486408745
"FAM53B",0.417264300389483,-11.1000132340757,2.2057088928863
"METTL10",0.445952707755083,-10.6277605722051,2.27630561675854
"FAM175B",0.431029775290445,-11.0675248271579,2.22292701973991
"ZRANB1",0.243431321069781,-11.7117139674051,2.17278568107151
"RP11-298J20.3",0.158147028664132,-12.743367074885,2.06256469798137
"CTBP2",0.41494924237571,-11.1084082545455,2.20422803718383
"RP11-383C5.4",0.243392010637346,-12.5436697682976,2.16895469212833
"EDRF1",0.229216757627761,-11.8185740413693,2.16758308707388
"UROS",0.644090042463229,-10.0000199411794,2.35648229175898
"BCCIP",0.474546953455449,-10.4890202352883,2.33278862664304
"DHX32",0.223506913503804,-11.9791550530398,2.17392053640435
"FANK1",0.151289836493976,-12.7783680320405,2.05965516873174
"PTPRE",0.589254763826244,-10.1178567020366,2.31477279822459
"MKI67",0.232291934049086,-12.5447235191184,2.14763920278489
"MGMT",0.764197272023651,-9.94312329108942,2.42737602658541
"GLRX3",0.702494263771332,-10.0093951985208,2.39867557837558
"PPP2R2D",0.390854073685558,-11.2181224489868,2.20284858943329
"BNIP3",0.468169158486645,-10.9585289648028,2.27214354147953
"STK32C",0.432010537055546,-11.0664345712146,2.22468801710633
"LRRC27",0.223483964358326,-11.9978879830348,2.17485616472569
"PWWP2B",0.327625183902159,-11.4562335460741,2.20588919150169
"RP11-432J24.2",0.111047168712133,-13.0250703117041,2.03133385867287
"C10orf91",0.252669045295664,-12.3369290773934,2.16608382286099
"INPP5A",0.108196131760806,-13.0200960649104,2.02232033555741
"UTF1",0.174120422480146,-12.6247712823772,2.05817582041029
"VENTX",0.141473787659634,-12.8191386499719,2.05126746596957
"ADAM8",0.500415973234798,-10.4439482296689,2.33920566697403
"TUBGCP2",0.441248843718828,-10.540328111324,2.28612528300638
"ZNF511",0.604996848773144,-10.029934767204,2.31781565107332
"FUOM",0.499617865500884,-10.4456871103789,2.33916807751572
"ECHS1",0.732238656750007,-9.99085223458411,2.41540562707414
"PAOX",0.355648341701213,-11.3679762538592,2.20920993508267
"MTG1",0.428216570434736,-11.0714992812824,2.21820260460062
"SYCE1",0.243979810903233,-12.2169298389245,2.16066872180117
"BET1L",0.462136740962016,-11.0062870856586,2.26987450329849
"SCGB1C1",0.176748782393078,-12.6034416412025,2.05712031195249
"RIC8A",0.465195277169838,-10.4990565443667,2.32682393185209
"SIRT3",0.248182685417313,-11.6927940738112,2.17580024179626
"PSMD13",0.843713373893447,-9.84542277763671,2.44461976356831
"ATHL1",0.469762723504248,-10.9363294698733,2.27228775229862
"IFITM2",1.64014707569049,-7.77918082334915,2.51030291399391
"IFITM1",1.50422710319781,-9.04117183124221,2.64065388457013
"RP11-326C3.11",0.108196131760806,-13.0200960649104,2.02232033555741
"IFITM3",1.18323782305063,-9.44256101032228,2.58826291038275
"RP11-326C3.12",0.189222923805307,-12.520920249976,2.05838802962435
"RP11-326C3.15",0.197663683629374,-12.4947298912936,2.06814566555827
"SIGIRR",1.00666163016732,-9.63591082946016,2.47482065589162
"ANO9",0.259698035201824,-11.6575219173265,2.18331637770344
"PTDSS2",0.226183628844696,-11.8696976462039,2.16872789246404
"RNH1",1.1138223654874,-9.56503041480254,2.5863718894007
"HRAS",0.470352481117701,-10.9244920150266,2.27226785827944
"C11orf35",0.124744812975913,-12.9345239920951,2.0430897230423
"RP11-496I9.1",0.124744812975913,-12.9345239920951,2.0430897230423
"RASSF7",0.563148055234849,-10.2473451241754,2.3247249327184
"PHRF1",0.288321644740492,-11.5762392558387,2.19630309553748
"IRF7",0.853552746275053,-9.83941563135896,2.44741682326112
"DEAF1",0.41876523347763,-11.0949465185247,2.20686491455466
"EPS8L2",0.443805074415447,-11.0582265927477,2.24753658013198
"TMEM80",0.442059259328505,-10.5769477894889,2.27960336074521
"TALDO1",1.42085514229094,-9.17233522000457,2.56999028790183
"PDDC1",0.300427718600343,-11.5384103559416,2.199496241444
"AP006621.5",0.23386501965221,-11.7696233733186,2.16814921311575
"SLC25A22",0.295410275228684,-11.554141821301,2.19824841004802
"PIDD",0.256458208315558,-11.6666219050736,2.18126431842578
"RPLP2",4.55691521313102,-5.0183483752381,2.27411164552311
"PNPLA2",0.44553542767308,-10.5150256070639,2.3009261334044
"EFCAB4A",0.108196131760806,-13.0200960649104,2.02232033555741
"CD151",0.454377888632551,-10.7009326010109,2.27418645231862
"POLR2L",1.20202357939005,-9.41087356486091,2.58480208624161
"TSPAN4",0.469357604415757,-10.94293573566,2.27227748895757
"RP11-1391J7.1",0.203504806423496,-12.4912497389434,2.07892517954733
"CHID1",0.478006450653116,-10.4844219812702,2.33439367610099
"AP2A2",0.423548881942278,-11.0811483215147,2.21170221133003
"TOLLIP",0.493088889595855,-10.4591179038712,2.33853771392229
"TOLLIP-AS1",0.248182685417313,-11.6927940738112,2.17580024179626
"MOB2",0.582641117019271,-10.1550788788467,2.31684025016573
"DUSP8",0.090721269291354,-12.7921404110945,1.91917469956789
"IFITM10",0.090721269291354,-12.7921404110945,1.91917469956789
"CTSD",1.09463572214862,-9.48983764001683,2.48878357698306
"TNNI2",0.43022523485338,-11.0685253759686,2.22151559396439
"LSP1",1.60031019102292,-8.88564836083224,2.62893916277816
"MRPL23",1.10877738586374,-9.53109218382956,2.54208069038691
"ASCL2",0.467141672641293,-10.4972573364064,2.32828881120866
"C11orf21",0.4900344444465,-10.4649037432733,2.33802357779956
"TSPAN32",0.585463427238354,-10.1395906374717,2.31586055797397
"CD81",0.442400957849145,-10.5255389035878,2.29217339328879
"TSSC4",0.613071380155143,-10.0071157084769,2.32546629568691
"KCNQ1",0.40274415492585,-11.1611121498551,2.20123994370316
"KCNQ1OT1",0.460769838212253,-11.0136783763316,2.26901995733158
"CDKN1C",0.448478837765906,-10.6522449437744,2.27546751293404
"SLC22A18AS",0.203504806423496,-12.4912497389434,2.07892517954733
"SLC22A18",0.431829747166416,-11.0666301549537,2.22436033133221
"PHLDA2",0.247811834121357,-11.6941480650448,2.17556076455883
"NAP1L4",0.719707620479764,-10.0018196760731,2.40879624180143
"CARS",0.468219528109028,-10.4961921162708,2.32904399744516
"OSBPL5",0.23199352621588,-11.7866684234734,2.16771263742681
"ZNF195",0.447994357862708,-11.0532895731226,2.25470189795503
"NUP98",0.463130707160029,-11.0003150281373,2.27041783778349
"PGAP2",0.417706406105695,-11.0984921151618,2.20603198222978
"RHOG",1.4369995440067,-9.16097563070681,2.57218342449176
"STIM1",0.467430067417316,-10.9664679128334,2.27200133886755
"RRM1",0.455086572580416,-11.0369175429275,2.26409235539893
"TRIM21",0.457296166037405,-11.0291450802274,2.26627374376439
"TRIM68",0.23078253123122,-12.1364778837008,2.17188129372768
"TRIM34",0.108196131760806,-13.0200960649104,2.02232033555741
"TRIM5",0.415046963269713,-11.1080426793087,2.20428394207382
"TRIM22",0.93150927028777,-9.79608468663568,2.47409628884163
"FAM160A2",0.431829747166416,-11.0666301549537,2.22436033133221
"PRKCDBP",0.228468715570751,-12.1186282691869,2.17441752459222
"SMPD1",0.456655528079872,-10.718263991071,2.27375522497781
"APBB1",0.462462992702798,-11.0043833175682,2.27006223214441
"TRIM3",0.241695900609293,-12.5467848054605,2.16624256450464
"ARFIP2",0.44137123011315,-10.5608778288352,2.28167475127611
"TIMM10B",0.447259208934202,-10.5124703751342,2.30455714717886
"DNHD1",0.241904545563597,-12.2014659440717,2.16146712228198
"RRP8",0.469762723504248,-10.9363294698733,2.27228775229862
"ILK",0.65146025189005,-10.0025064934849,2.36275903670365
"TAF10",0.445283553530887,-10.6205865614757,2.27660566026778
"TPP1",0.5980545346633,-10.0651926229749,2.31436052887806
"DCHS1",0.090721269291354,-12.7921404110945,1.91917469956789
"MRPL17",0.455289603946354,-10.5063011705918,2.3169916527124
"PPFIBP2",0.224685844288479,-11.9098833485468,2.17037723291924
"CYB5R2",0.090721269291354,-12.7921404110945,1.91917469956789
"EIF3F",1.372942769807,-8.22526227668445,2.52880053003753
"RIC3",0.615088059233407,-10.0040355929655,2.32761898371251
"STK33",0.090721269291354,-12.7921404110945,1.91917469956789
"TRIM66",0.253776510344264,-12.4304809561986,2.17385166909698
"RPL27A",4.42332540134564,-4.89672842894819,2.19832426371283
"AKIP1",0.471062952906224,-10.8828704333814,2.27200287738025
"TMEM9B",0.916283893533824,-9.80925672294121,2.46916054256408
"TMEM9B-AS1",0.108196131760806,-13.0200960649104,2.02232033555741
"DENND5A",0.440945897485895,-11.0603346951204,2.24211820685609
"TMEM41B",0.465629811135358,-10.9826369442504,2.27149430380876
"IPO7",0.347966476636038,-11.3941523124697,2.20903480623776
"CTD-2371O3.2",0.141473787659634,-12.8191386499719,2.05126746596957
"ZNF143",0.456008661339454,-11.0338531524977,2.26504572955277
"WEE1",0.252669045295664,-12.3369290773934,2.16608382286099
"SWAP70",0.441155150826731,-10.5464279440016,2.28449629708076
"SBF2-AS1",0.174120422480146,-12.6247712823772,2.05817582041029
"SBF2",0.309940402152195,-11.5089209858606,2.20176716673798
"ADM",0.227311297452212,-11.8477243179345,2.16807395418345
"AMPD3",0.228218527898891,-11.8328472417398,2.1677628936284
"RNF141",0.441614026465712,-10.5327467523329,2.28873461815356
"MRVI1-AS1",0.158147028664132,-12.743367074885,2.06256469798137
"MRVI1",0.230189928028585,-12.5414312256707,2.14290754443097
"CTR9",0.471088405921536,-10.8878729320305,2.27203670532309
"EIF4G2",1.10856198771769,-9.56360555155783,2.57358942142432
"ZBED5",0.37857325423284,-11.2755623803673,2.20585812355457
"ZBED5-AS1",0.426126782327076,-11.0753467526915,2.21507321696338
"CSNK2A3",0.090721269291354,-12.7921404110945,1.91917469956789
"USP47",0.469639996184715,-10.8396586328714,2.27185424615383
"DKK3",0.203504806423496,-12.4912497389434,2.07892517954733
"MICAL2",0.224065621849842,-11.9347801167679,2.1716016566889
"ARNTL",0.456655151286558,-11.0315481693836,2.2656771341511
"BTBD10",0.404153181232032,-11.1545373369774,2.20126864703396
"FAR1",0.417706406105695,-11.0984921151618,2.20603198222978
"RRAS2",0.471008256811995,-10.8777109729384,2.27196783532734
"COPB1",0.441377328912895,-10.5367783343906,2.28724641479528
"PSMA1",1.06458279107968,-9.51977871262115,2.47405866292499
"PDE3B",0.470994700089151,-10.902333234727,2.27214170872511
"CYP2R1",0.40069808220716,-11.1707663965574,2.20130761253405
"C11orf58",1.27752279583249,-9.30330005224351,2.57274909585264
"PLEKHA7",0.141473787659634,-12.8191386499719,2.05126746596957
"RPS13",4.49521144386638,-5.17239994035098,2.1104919630302
"PIK3C2A",0.304968383277002,-11.5242495501821,2.20059173286867
"NUCB2",0.657703959560323,-10.0046125343842,2.36779691750364
"NCR3LG1",0.124744812975913,-12.9345239920951,2.0430897230423
"SERGEF",0.454552020325396,-10.7022759199651,2.27415302267593
"SAAL1",0.432893236732256,-11.0655672533568,2.22632423441196
"HPS5",0.29792123746974,-11.5462653186893,2.19888074652411
"GTF2H1",0.453706850466679,-10.6957324281892,2.27431518230479
"LDHA",1.47774729483872,-9.06723150024072,2.63588807374507
"TSG101",0.620187646806676,-9.99921378124571,2.333119742037
"UEVLD",0.23199352621588,-11.7866684234734,2.16771263742681
"SPTY2D1",0.38199872288049,-11.2599454247035,2.20501147715999
"TMEM86A",0.101084877533373,-12.9582856770516,1.98697941273538
"IGSF22",0.211561276790128,-12.5005332691513,2.09729795390912
"ZDHHC13",0.318341970007255,-11.4835878418945,2.20375844416355
"HTATIP2",0.692155793622807,-10.0107927610766,2.39218145740374
"PRMT3",0.246161006325488,-11.7003570237215,2.17449086994333
"FANCF",0.435539115592831,-11.0634795948857,2.23141060292005
"SVIP",0.71545758131612,-10.0044065658368,2.40638544756469
"CCDC34",0.291868987972595,-11.5652337563203,2.1973099932792
"LIN7C",0.399206633592182,-11.1778740585519,2.20142359739029
"METTL15",0.223506913503804,-11.9791550530398,2.17392053640435
"ARL14EP",0.610796118940368,-10.0116713544469,2.32310434115528
"DNAJC24",0.235301446437578,-11.7582718172183,2.16862943826843
"IMMP1L",0.427867446793118,-11.0720831208783,2.21765595472018
"ELP4",0.306439806001703,-11.519684101789,2.20093803309746
"RCN1",0.408722119676973,-11.1339227526879,2.20185107472394
"EIF3M",1.14509714949694,-9.51198087747124,2.59376626969445
"CCDC73",0.090721269291354,-12.7921404110945,1.91917469956789
"PRRG4",0.197663683629374,-12.4947298912936,2.06814566555827
"QSER1",0.203504806423496,-12.4912497389434,2.07892517954733
"TCP11L1",0.247088309743925,-12.5303994035623,2.17384969389464
"CSTF3",0.468884121192229,-10.9496755589234,2.2722404500007
"HIPK3",0.460753915855538,-11.0137593440319,2.26900930028204
"CD59",0.467505950619219,-10.4968996835254,2.32854795757352
"FBXO3",0.457729764880145,-10.726391133117,2.27355818387294
"LMO2",0.425599010015811,-11.0764465109698,2.21434103854351
"CAPRIN1",0.447546091022237,-10.5121405724012,2.30511704605942
"NAT10",0.383089885247152,-11.2548981870833,2.20473571080868
"CAT",0.764783039760278,-9.94212053380244,2.42752826942202
"APIP",0.542847422412871,-10.3243741245039,2.33219861174807
"PDHX",0.451182578741545,-11.0473786367372,2.25936905724913
"CD44",1.47035144083798,-9.09815616453182,2.60916463358732
"TRIM44",0.469952441531498,-10.9329061543071,2.27228743469413
"LDLRAD3",0.211561276790128,-12.5005332691513,2.09729795390912
"COMMD9",0.681993706709037,-10.0103951790358,2.38547716067464
"PRR5L",0.247236202760615,-11.6962634845104,2.17518498893803
"TRAF6",0.390854073685558,-11.2181224489868,2.20284858943329
"C11orf74",0.223483964358326,-11.9978879830348,2.17485616472569
"API5",0.441861473595101,-10.5298665631745,2.2899688331643
"TTC17",0.455790451236188,-10.5059922403885,2.31760424937495
"HSD17B12",0.465114448809925,-10.786043880917,2.27231204570332
"ALKBH3",0.465277697773284,-10.7875618737204,2.27228848413651
"ACCS",0.241695900609293,-12.5467848054605,2.16624256450464
"EXT2",0.410508970363257,-11.1262600224375,2.20232349699316
"CD82",0.510710002034243,-10.4197685828532,2.33900506786932
"TSPAN18",0.22712266150858,-12.104790066756,2.17568849682712
"TP53I11",0.224065621849842,-11.9347801167679,2.1716016566889
"RP11-430H10.1",0.16759266301054,-12.6777798123276,2.06112349582788
"SLC35C1",0.325211595687644,-11.4633216038494,2.20535006957762
"CRY2",0.239121755146729,-11.7333567076361,2.17034018854576
"PEX16",0.681985376849715,-10.0103942417617,2.38547153071112
"GYLTL1B",0.223695027974275,-12.0241158264402,2.17597860349096
"PHF21A",0.449935825275407,-11.0499505135381,2.25763370693213
"DGKZ",0.609359819410956,-10.0152295613811,2.32167051965836
"MDK",0.117913150105663,-12.9954662061038,2.04171346236043
"AMBRA1",0.224820970152689,-12.0670005958397,2.17690569188224
"HARBI1",0.158147028664132,-12.743367074885,2.06256469798137
"ATG13",0.47057756407997,-10.9187224000797,2.27224453663062
"ARHGAP1",0.457123560780266,-10.5051523371134,2.31916945344199
"ZNF408",0.250273336557541,-12.2871527362687,2.16237099282398
"CKAP5",0.226183628844696,-11.8696976462039,2.16872789246404
"C11orf49",0.306439806001703,-11.519684101789,2.20093803309746
"ARFGAP2",0.614145812397618,-10.0053775567725,2.32661014443422
"DDB2",0.465512011234498,-10.7897589850027,2.27225509670126
"ACP2",0.310954375119217,-11.5058196199201,2.2020069558092
"NR1H3",0.235831001374619,-12.1654885580238,2.16626798040572
"MADD",0.438132475206124,-11.0619427603357,2.23655533642138
"SPI1",1.10900778051853,-9.52313717233877,2.53526240868327
"RP11-750H9.5",0.124744812975913,-12.9345239920951,2.0430897230423
"SLC39A13",0.262041219518392,-11.6511250774237,2.18475398016833
"PSMC3",0.845761147106632,-9.84409184102397,2.44518296848032
"CELF1",0.600367334747101,-10.0521299462539,2.31508069941915
"NDUFS3",0.836320928791842,-9.85063047199806,2.44266692466471
"PTPMT1",0.684895258477238,-10.0106643885271,2.38742584113164
"KBTBD4",0.454817740576116,-11.037767643354,2.26380075981115
"MTCH2",0.575699776332282,-10.1906318355989,2.31955630515038
"AGBL2",0.090721269291354,-12.7921404110945,1.91917469956789
"FNBP4",0.528152599955384,-10.3717108700341,2.33627621875597
"NUP160",0.446646122843533,-10.5132652503613,2.30332136705028
"PTPRJ",0.223483964358326,-11.9978879830348,2.17485616472569
"SSRP1",0.563923839661496,-10.2440736329621,2.32440971019055
"SLC43A3",0.446888890309239,-11.0548770528788,2.25291766010547
"SLC43A1",0.248063606674305,-12.2567014115598,2.16085635613381
"TIMM10",0.518030758840187,-10.4006495178105,2.33818159977481
"UBE2L6",1.18594661214648,-9.43786400338054,2.58776824467094
"SERPING1",0.247811834121357,-11.6941480650448,2.17556076455883
"YPEL4",0.101084877533373,-12.9582856770516,1.98697941273538
"CLP1",0.291868987972595,-11.5652337563203,2.1973099932792
"ZDHHC5",0.328611957477222,-11.453340472807,2.20610294815159
"MED19",0.449135148666126,-10.6581231710458,2.27529590327595
"TMX2",0.6149426372388,-10.0042285913244,2.32746137066076
"C11orf31",1.47811742133553,-9.11173380973318,2.59558802459664
"CTNND1",0.232716917859322,-12.1484300758739,2.16966635603658
"LPXN",0.574437136827923,-10.1967382368824,2.32007145309081
"ZFP91",0.223483964358326,-11.9978879830348,2.17485616472569
"RP11-142C4.6",0.151289836493976,-12.7783680320405,2.05965516873174
"FAM111B",0.151289836493976,-12.7783680320405,2.05965516873174
"AP001258.4",0.284318980144439,-11.5884261614358,2.19504583395654
"FAM111A",0.466442300936461,-10.9758007648209,2.27175162990866
"MPEG1",0.659094548526291,-10.0050668338394,2.36888748328655
"OSBP",0.23386501965221,-11.7696233733186,2.16814921311575
"AP000442.1",0.141473787659634,-12.8191386499719,2.05126746596957
"PATL1",0.352503218725648,-11.3789580565459,2.20921908789345
"STX3",0.315885778068481,-11.4909045559396,2.20317613981035
"MRPL16",0.654553129254423,-10.0035600062446,2.36528625569707
"MS4A6A",0.981742681129466,-9.69945893827484,2.47831988785892
"MS4A4A",0.47102015747742,-10.8786354009074,2.27197293851557
"MS4A7",0.811363544460103,-9.87369760604277,2.43697599638197
"MS4A14",0.228468715570751,-12.1186282691869,2.17441752459222
"MS4A1",0.968122559957252,-9.73300845609139,2.47929344851235
"CCDC86",0.258748343647862,-11.6601487887884,2.18272220633917
"PTGDR2",0.183062415540771,-12.5564644150092,2.05608461177669
"PRPF19",0.477081552855504,-10.485708302954,2.33399421734029
"TMEM109",0.683030957779997,-10.010509189399,2.38617824160806
"SLC15A3",0.421627528630122,-11.0862418942471,2.2095385434348
"CD6",0.63365676207524,-9.99732784535752,2.34687741276502
"CD5",0.516143292455057,-10.4057218811757,2.33844227524217
"VPS37C",0.230103400562576,-11.8073280419088,2.16753561347398
"DDB1",0.453187926010195,-10.5076282018268,2.31425037062514
"DAK",0.396056345239073,-11.1930311654752,2.20183042476144
"CYB561A3",0.604715638290412,-10.0311071959196,2.31760407175817
"TMEM138",0.469207797475761,-10.4951853877081,2.32970830293688
"TMEM216",0.460534599664229,-10.7478199259682,2.27305768856878
"CPSF7",0.470938658701406,-10.8735186137538,2.27194407816807
"SDHAF2",0.689282276509627,-10.0108405285906,2.39032027572285
"TMEM258",1.11108410879588,-9.56667372657797,2.58218806801766
"FEN1",0.414516746533202,-11.1100564029953,2.2039925542429
"FADS2",0.285804672065154,-11.5839316416338,2.19552882576664
"FADS1",0.300955100927008,-11.5367642217514,2.1996251433227
"FADS3",0.237474031983325,-11.7432841815218,2.1695380237315
"BEST1",0.724952736692096,-9.99783528217105,2.41165511246502
"FTH1",4.43553063577033,-4.88991206361037,2.19409555834952
"AP003733.1",0.457627192381514,-10.7256180222464,2.27357728627507
"INCENP",0.141473787659634,-12.8191386499719,2.05126746596957
"ASRGL1",0.32619895134431,-11.4604141370619,2.20557452675428
"AHNAK",1.10761896055297,-9.50133198348257,2.51452380792568
"EEF1G",1.05839355134381,-9.52919488386017,2.47299717121882
"TUT1",0.344727029962021,-11.4046107988564,2.20876481991351
"MTA2",0.271279197396557,-11.6260880152739,2.1897771111063
"EML3",0.441806663089196,-10.5719140381328,2.28016830370691
"ROM1",0.124744812975913,-12.9345239920951,2.0430897230423
"B3GAT3",0.576242864467047,-10.1879720054449,2.31933486950796
"GANAB",0.441638519547798,-10.5681617533741,2.28063387853322
"INTS5",0.436589996430009,-11.0628128427073,2.23348485197752
"C11orf48",0.735739731578079,-9.98686689015369,2.41709136111409
"METTL12",0.446566302710137,-10.6340468190428,2.27606701437097
"C11orf83",0.551771765700423,-10.292339869848,2.32912005987226
"UBXN1",1.47318707272243,-9.07205056940404,2.63396520625116
"BSCL2",0.23078253123122,-12.1364778837008,2.17188129372768
"GNG3",0.183062415540771,-12.5564644150092,2.05608461177669
"HNRNPUL2",0.453366676826273,-10.6930697779273,2.27438152850802
"TTC9C",0.467269051057546,-10.9680744008023,2.27196574441331
"ZBTB3",0.174120422480146,-12.6247712823772,2.05817582041029
"POLR2G",1.05615633581406,-9.53279498270729,2.47270924569322
"TAF6L",0.333403376990808,-11.4392096641121,2.20707488015413
"TMEM223",0.474242584274897,-10.4894021888061,2.33263300114175
"RP11-727F15.12",0.23078253123122,-12.1364778837008,2.17188129372768
"TMEM179B",0.805603766739936,-9.88038161313161,2.43582843356038
"NXF1",0.484772563067106,-10.4740948952925,2.33677545825762
"STX5",0.663582767331327,-10.0064564666258,2.37233383718952
"RP11-727F15.9",0.458663014113658,-11.0235828578765,2.2674546440605
"WDR74",0.61343148675552,-10.00650741391,2.32584989907756
"SLC3A2",0.799578191727292,-9.88796391424701,2.43466978924109
"LGALS12",0.134486423716054,-12.8558240348517,2.04569081801718
"RARRES3",1.4677292784045,-9.07867337673899,2.63015038364248
"HRASLS2",0.215916467359613,-12.5096695920687,2.10808112099108
"PLA2G16",0.462927844246278,-10.7669727219667,2.27265032951852
"ATL3",0.406637679241818,-11.1431730062663,2.20147877707083
"RTN3",0.69879393139853,-10.0101223046563,2.39638505270738
"C11orf95",0.108196131760806,-13.0200960649104,2.02232033555741
"C11orf84",0.124744812975913,-12.9345239920951,2.0430897230423
"MARK2",0.399206633592182,-11.1778740585519,2.20142359739029
"NAA40",0.23078253123122,-12.1364778837008,2.17188129372768
"COX8A",1.34346825012619,-9.23331524919805,2.56752928331961
"OTUB1",0.821072428422539,-9.86363110890797,2.43903877440645
"MACROD1",0.224065621849842,-11.9347801167679,2.1716016566889
"STIP1",0.471798777270495,-10.4923370282967,2.33130147221551
"FERMT3",0.911033371561062,-9.812645770863,2.46729201944191
"TRPT1",0.455854242252323,-10.7121907925653,2.27390561153159
"NUDT22",0.5952992165914,-10.0815859859259,2.31403003882648
"DNAJC4",0.673867793740016,-10.0090826392356,2.37984870234419
"VEGFB",0.229216757627761,-11.8185740413693,2.16758308707388
"FKBP2",0.743855679068444,-9.97614152593876,2.42065701811514
"PPP1R14B",0.405036374356055,-11.1504653040085,2.20131824517746
"PLCB3",0.232716917859322,-12.1484300758739,2.16966635603658
"BAD",0.560586525071852,-10.257935531676,2.32575217771462
"GPR137",0.389152308112735,-11.2262808848236,2.2032345380696
"ESRRA",0.330031274206338,-11.4491777419876,2.20640509817246
"TRMT112",1.25749443121898,-9.32884931118757,2.5754373309239
"PRDX5",1.17544886735917,-9.45624839713,2.58964754905494
"AP003774.1",0.409247564379716,-11.1316388278151,2.20197253201869
"CCDC88B",0.469859536479708,-10.9346168300406,2.2722876273228
"RPS6KA4",0.45971552842902,-10.7414943751363,2.27320098074944
"AP003774.6",0.22375500450459,-11.9529837127783,2.17254604697426
"AP003774.4",0.090721269291354,-12.7921404110945,1.91917469956789
"RASGRP2",1.06502583769323,-9.51914444887607,2.47415295438908
"PYGM",0.141473787659634,-12.8191386499719,2.05126746596957
"SF1",1.10789434394763,-9.5541033448569,2.56251756694502
"AP001462.6",0.134486423716054,-12.8558240348517,2.04569081801718
"RP11-869B15.1",0.124744812975913,-12.9345239920951,2.0430897230423
"MAP4K2",0.46864147168578,-10.9528412152691,2.27221323904934
"MEN1",0.327625183902159,-11.4562335460741,2.20588919150169
"EHD1",0.635781084014507,-9.99771988541898,2.34890455232366
"ATG2A",0.444091313591591,-10.6067110575318,2.27729743406712
"PPP2R5B",0.253309504187197,-11.6759268360451,2.17920616014382
"BATF2",0.108196131760806,-13.0200960649104,2.02232033555741
"ARL2",0.655860475771684,-10.0040006157265,2.36633554991059
"SNX15",0.38490862710076,-11.2464107177746,2.20427787268896
"SAC3D1",0.440390453157757,-11.0606719515141,2.24103558895101
"NAALADL1",0.429056237229141,-11.0701665815895,2.21955662703047
"CDCA5",0.174120422480146,-12.6247712823772,2.05817582041029
"ZFPL1",0.453782569441757,-10.6963223230125,2.27430048774685
"VPS51",0.704788656117383,-10.0087975102432,2.40007398127183
"TM7SF2",0.288321644740492,-11.5762392558387,2.19630309553748
"ZNHIT2",0.419800833583891,-11.0916363501629,2.20775783788905
"FAU",4.70501627955293,-5.08192274631811,2.10189203964759
"SYVN1",0.449322876716671,-11.0510933136806,2.25673592279868
"MRPL49",0.475148547133117,-10.488256009743,2.33308821997582
"AP003068.23",0.124744812975913,-12.9345239920951,2.0430897230423
"CAPN1",0.674696368484019,-10.0092487909877,2.38043486868537
"POLA2",0.224065621849842,-11.9347801167679,2.1716016566889
"CDC42EP2",0.30745846932916,-11.5165418212606,2.20117954666282
"DPF2",0.442050484752508,-10.5767824410576,2.27962084713221
"TIGD3",0.158147028664132,-12.743367074885,2.06256469798137
"SLC25A45",0.501754086543215,-10.4409919930679,2.33924900602285
"FRMD8",0.471029304843426,-10.8998280114411,2.27212449229524
"NEAT1",1.22108983058826,-8.11205234909553,2.55607366057708
"AP000769.1",0.108196131760806,-13.0200960649104,2.02232033555741
"MALAT1",4.02112809466253,0.0312365179971034,1.18698716838331
"AP000769.7",0.124744812975913,-12.9345239920951,2.0430897230423
"SCYL1",0.461791770319703,-10.75773735374,2.27284139428838
"LTBP3",0.464472995037701,-10.9913766677462,2.27104822401667
"SSSCA1-AS1",0.090721269291354,-12.7921404110945,1.91917469956789
"SSSCA1",0.574343417716574,-10.1971870949596,2.3201100333673
"FAM89B",0.58758388944934,-10.127559816096,2.31521176219133
"EHBP1L1",0.464877012096816,-10.7838616576694,2.27234702379468
"KCNK7",0.141473787659634,-12.8191386499719,2.05126746596957
"MAP3K11",0.454034417466072,-10.5070936326478,2.31539066313481
"PCNXL3",0.228468715570751,-12.1186282691869,2.17441752459222
"SIPA1",0.600571269745953,-10.0510256804629,2.31516436650067
"RELA",0.445982986635425,-10.5142560301448,2.30191758118696
"KAT5",0.447277135635745,-10.5124522065392,2.30459304125387
"RNASEH2C",0.847182566248642,-9.84317870926035,2.44557613891854
"AP5B1",0.356555152777628,-11.3647454858364,2.20918466236155
"CFL1",3.07054045037532,-6.70983597517522,2.39455514760243
"MUS81",0.471069480462207,-10.8836505086747,2.27200798015483
"CTSW",1.31450932036394,-9.2615638533622,2.56909438401468
"FIBP",0.855613152923045,-9.83829482699218,2.44803599771642
"CCDC85B",1.17923675174906,-9.44956842367439,2.58898422809592
"FOSL1",0.090721269291354,-12.7921404110945,1.91917469956789
"C11orf68",0.249029583942693,-11.6898006335492,2.17635571763485
"DRAP1",1.46458668328796,-9.0878246595812,2.6217295386749
"SART1",0.528822235253352,-10.3696888321523,2.33612085037435
"EIF1AD",0.440813407751939,-11.0604149675732,2.24186067697917
"BANF1",1.04743549907184,-9.54778322945693,2.47200717273598
"CATSPER1",0.468582702803085,-10.9535749955156,2.27220536031581
"SF3B2",0.95400305788083,-9.76306999785757,2.47872698963078
"PACS1",0.442568554617569,-10.5856890906827,2.27876973778438
"RP11-755F10.1",0.090721269291354,-12.7921404110945,1.91917469956789
"KLC2",0.270272096743267,-11.6288514890299,2.18928097708031
"RAB1B",0.464562897733344,-10.4996139125482,2.32632005872357
"RP11-867G23.4",0.108196131760806,-13.0200960649104,2.02232033555741
"YIF1A",0.605302091074002,-10.0287058766226,2.31805094698865
"CD248",0.108196131760806,-13.0200960649104,2.02232033555741
"RIN1",0.376642009157337,-11.284195595534,2.20632061926168
"BRMS1",0.669527360965846,-10.0080920869389,2.37673675466666
"B3GNT1",0.230775156673327,-11.7994739811921,2.16756261210683
"RP11-867G23.8",0.158147028664132,-12.743367074885,2.06256469798137
"SLC29A2",0.203504806423496,-12.4912497389434,2.07892517954733
"MRPL11",0.791047034090689,-9.8997117640307,2.4330635349743
"PELI3",0.230189928028585,-12.5414312256707,2.14290754443097
"CTD-3074O7.5",0.321787468070285,-11.4733956549449,2.20456706007782
"DPP3",0.461673869650844,-11.0088840313604,2.26959999757557
"BBS1",0.217168357845664,-12.5125542968357,2.11121018860736
"ZDHHC24",0.444269473765964,-10.6088861074567,2.27717633875573
"CTD-3074O7.12",0.141473787659634,-12.8191386499719,2.05126746596957
"CTSF",0.428716979578481,-11.0707001835205,2.21899923203206
"CCS",0.60758807227963,-10.0204697894612,2.31999626016156
"RBM14",0.521980211161376,-10.3897095532027,2.33753749227466
"RBM4",0.618457079657339,-10.0004535034479,2.33125785448251
"RBM4B",0.37857325423284,-11.2755623803673,2.20585812355457
"RP11-658F2.8",0.230189928028585,-12.5414312256707,2.14290754443097
"C11orf80",0.23078253123122,-12.1364778837008,2.17188129372768
"RCE1",0.451042816750056,-10.6743963477778,2.27485500666035
"RHOD",0.090721269291354,-12.7921404110945,1.91917469956789
"KDM2A",0.448228764678751,-10.5113988031452,2.30639501038034
"ADRBK1",0.612557875689635,-10.0080406171572,2.32492605010601
"ANKRD13D",0.461379081893539,-10.5021827184195,2.32355127446699
"SSH3",0.189222923805307,-12.520920249976,2.05838802962435
"POLD4",1.16853399305884,-9.46864362063755,2.59081404700517
"CLCF1",0.223554738259914,-11.9715000141209,2.17352084545088
"RAD9A",0.444726051491873,-10.6142893683622,2.27689793625931
"PPP1CA",1.51064344172145,-9.03465991705818,2.64103285760405
"TBC1D10C",1.10792411018651,-9.55180488213082,2.56028800858909
"CARNS1",0.141473787659634,-12.8191386499719,2.05126746596957
"RPS6KB2",0.610998967507273,-10.0112150794442,2.32331155462173
"AP003419.16",0.158147028664132,-12.743367074885,2.06256469798137
"PTPRCAP",1.24627118070112,-8.12212492624619,2.58065081958459
"CORO1B",0.866983918798811,-9.83260695665679,2.45160009676079
"CABP4",0.090721269291354,-12.7921404110945,1.91917469956789
"TMEM134",0.694110752824179,-10.010676889824,2.39343507173603
"AIP",0.858965173942749,-9.83652018666219,2.44905792828165
"PITPNM1",0.370578826419048,-11.3103040483522,2.20759880211981
"CDK2AP2",0.810143701134633,-9.87506977795776,2.43673022101368
"GSTP1",1.60573200855802,-8.85350875919119,2.62461395411167
"NDUFV1",0.7259371427213,-9.99699436657837,2.41217872102786
"NUDT8",0.224065621849842,-11.9347801167679,2.1716016566889
"ACY3",0.22959228541522,-12.1279810522416,2.17322037074729
"RP11-119D9.1",0.174120422480146,-12.6247712823772,2.05817582041029
"UNC93B1",0.588038991899346,-10.1249372893957,2.31508496510167
"ALDH3B1",0.445206524832609,-11.0568781963634,2.25005423745749
"NDUFS8",1.05060231326988,-9.54215006112603,2.47218666550379
"TCIRG1",0.612452395673676,-10.0082406341239,2.32481607914304
"RP11-802E16.3",0.289351819038423,-11.5730403502465,2.19660014764295
"CHKA",0.224820970152689,-12.0670005958397,2.17690569188224
"SUV420H1",0.461905932875632,-11.0075926007702,2.26973953022764
"C11orf24",0.407958412982414,-11.1372829407209,2.20169167034514
"PPP6R3",0.469033690959166,-10.8300236767256,2.2718811497834
"MTL5",0.224065621849842,-11.9347801167679,2.1716016566889
"CPT1A",0.252848887651615,-12.4667426727497,2.17603331892423
"MRPL21",0.805513457071655,-9.88049064359031,2.43581081398674
"IGHMBP2",0.235831001374619,-12.1654885580238,2.16626798040572
"TPCN2",0.23199352621588,-11.7866684234734,2.16771263742681
"CCND1",0.158147028664132,-12.743367074885,2.06256469798137
"ORAOV1",0.393865625080279,-11.2035936492173,2.20221685643291
"FADD",0.439377263286929,-11.0612499562935,2.23903745483429
"PPFIA1",0.243431321069781,-11.7117139674051,2.17278568107151
"CTTN",0.144335962055549,-12.8071131072533,2.05393865606713
"DHCR7",0.241904545563597,-12.2014659440717,2.16146712228198
"RP11-660L16.2",0.480029451650808,-10.4815122766644,2.33520511292638
"NADSYN1",0.464709983424311,-10.782350860978,2.2723715084727
"FAM86C1",0.241904545563597,-12.2014659440717,2.16146712228198
"RP11-849H4.2",0.22712266150858,-12.104790066756,2.17568849682712
"RNF121",0.366057967804558,-11.3287833212256,2.20834701635366
"IL18BP",0.344727029962021,-11.4046107988564,2.20876481991351
"NUMA1",0.470994700089151,-10.902333234727,2.27214170872511
"LRTOMT",0.124744812975913,-12.9345239920951,2.0430897230423
"LAMTOR1",1.16215633370002,-9.48024584297848,2.59180835108284
"ANAPC15",0.676782370609008,-10.0096361215854,2.38189475852524
"FOLR3",0.487404609027218,-10.4696201619946,2.33745972313645
"FOLR2",0.24453111945453,-12.2214289751843,2.16052314828958
"INPPL1",0.368990430787037,-11.3169031375202,2.20788440781945
"CLPB",0.248063606674305,-12.2567014115598,2.16085635613381
"RP11-169D4.2",0.224820970152689,-12.0670005958397,2.17690569188224
"ARAP1",0.44257272231799,-10.5857486540041,2.27876352637025
"STARD10",0.248063606674305,-12.2567014115598,2.16085635613381
"ATG16L2",0.482584631338968,-10.4776189737688,2.33610627893261
"FCHSD2",0.440095965609989,-11.0608424935328,2.2404590929217
"P2RY2",0.217168357845664,-12.5125542968357,2.11121018860736
"RELT",0.441338830997551,-10.5597618845838,2.28185348499101
"FAM168A",0.225618966400741,-12.0834241998706,2.17670796339033
"RP11-809N8.4",0.183062415540771,-12.5564644150092,2.05608461177669
"PLEKHB1",0.466520430061606,-10.9751095379629,2.27177373508839
"RAB6A",0.601513148747518,-10.0460703731832,2.31559915483116
"MRPL48",0.585371844907133,-10.140104021372,2.31589054166166
"COA4",0.621680474896982,-9.99840129611602,2.33471070475064
"PAAF1",0.42735931876825,-11.0729846998067,2.21688060694556
"UCP2",1.60672015540397,-8.84080298023947,2.62283915441475
"UCP3",0.158147028664132,-12.743367074885,2.06256469798137
"C2CD3",0.224685844288479,-11.9098833485468,2.17037723291924
"PPME1",0.267827718943378,-11.6355057427823,2.18802368561981
"PGM2L1",0.358498394611809,-11.3577192919488,2.20910055874634
"KCNE3",0.419191998738824,-11.093565434873,2.20722376610892
"LIPT2",0.246980506215015,-11.697220033757,2.17501935050782
"AP001372.2",0.241695900609293,-12.5467848054605,2.16624256450464
"POLD3",0.355648341701213,-11.3679762538592,2.20920993508267
"RNF169",0.377786134052374,-11.2791081096936,2.206051454787
"XRRA1",0.441176293433794,-10.5438392148565,2.28514665971768
"SPCS2",1.10836363642944,-9.54036257146972,2.55001619099279
"NEU3",0.174120422480146,-12.6247712823772,2.05817582041029
"ARRB1",0.456735812683666,-10.7188742845013,2.27374106239164
"RPS3",5.90317359171615,-4.13702735288948,2.08237085673497
"GDPD5",0.225242173550997,-11.8928066779572,2.16961132666487
"SERPINH1",0.241904545563597,-12.2014659440717,2.16146712228198
"DGAT2",0.217168357845664,-12.5125542968357,2.11121018860736
"UVRAG",0.465349783572818,-10.7882378273523,2.27227917981434
"PRKRIR",0.267827718943378,-11.6355057427823,2.18802368561981
"RP11-111M22.2",0.174120422480146,-12.6247712823772,2.05817582041029
"RP11-111M22.3",0.279756854451389,-11.6020065129566,2.1934278299972
"C11orf30",0.37857325423284,-11.2755623803673,2.20585812355457
"AP001189.4",0.249891681408466,-12.2811832104344,2.16201198870354
"ACER3",0.241587964993237,-11.7203125191351,2.17168265402027
"PAK1",0.441152052261111,-10.5472861799134,2.28429346934153
"DKFZP434E1119",0.158147028664132,-12.743367074885,2.06256469798137
"CLNS1A",0.989651131185297,-9.6791249772251,2.47731961088992
"RSF1",0.684290046864225,-10.0106178930389,2.38702205350557
"AAMDC",0.444506043608345,-11.0575779606091,2.24880821421981
"INTS4",0.416169416065135,-11.1038987932544,2.20496221833531
"NDUFC2",1.0786754690974,-9.50182432694868,2.47837309622312
"ALG8",0.397681954069581,-11.1851943815121,2.20159827090245
"KCTD21-AS1",0.108196131760806,-13.0200960649104,2.02232033555741
"KCTD21",0.241695900609293,-12.5467848054605,2.16624256450464
"USP35",0.174120422480146,-12.6247712823772,2.05817582041029
"GAB2",0.229216757627761,-11.8185740413693,2.16758308707388
"NARS2",0.300427718600343,-11.5384103559416,2.199496241444
"PRCP",0.52250437867519,-10.388226266588,2.337442997095
"C11orf82",0.108196131760806,-13.0200960649104,2.02232033555741
"RAB30",0.232518630657796,-11.7815991479491,2.16781318725399
"RAB30-AS1",0.427003874317524,-11.0736383029078,2.21634928193124
"PCF11",0.44235988661718,-10.5822680606013,2.27907649889118
"ANKRD42",0.229216757627761,-11.8185740413693,2.16758308707388
"CCDC90B",0.610784423524538,-10.0116995542964,2.32309240694676
"TMEM126B",0.659819052196441,-10.0053006378217,2.36945206588847
"TMEM126A",0.55596046349461,-10.2763745883834,2.327557406491
"CREBZF",0.435539115592831,-11.0634795948857,2.23141060292005
"SYTL2",0.296330211060076,-11.5512610262984,2.19848411678271
"PICALM",0.452382372543889,-10.6852767621224,2.27457377758221
"EED",0.440095965609989,-11.0608424935328,2.2404590929217
"C11orf73",0.69705154286703,-10.0103773356367,2.3952958867038
"ME3",0.141473787659634,-12.8191386499719,2.05126746596957
"PRSS23",0.467277884225342,-10.8078091878183,2.27203212702124
"TMEM135",0.250273336557541,-12.2871527362687,2.16237099282398
"RAB38",0.189222923805307,-12.520920249976,2.05838802962435
"CTSC",1.10861532004891,-9.53481474068847,2.54524943928948
"CHORDC1",0.454552020325396,-10.7022759199651,2.27415302267593
"SLC36A4",0.451182578741545,-11.0473786367372,2.25936905724913
"SMCO4",0.644304708477262,-10.0000844704889,2.35666911609484
"KIAA1731",0.22375500450459,-11.9529837127783,2.17254604697426
"TAF1D",0.770996091401005,-9.93150460639348,2.42902638038143
"C11orf54",0.285804672065154,-11.5839316416338,2.19552882576664
"MED17",0.451982656511092,-10.6820740333844,2.27465579693306
"PANX1",0.237474031983325,-11.7432841815218,2.1695380237315
"MRE11A",0.373051709105387,-11.2998379831994,2.20711150239711
"ANKRD49",0.368144687795282,-11.3203729192437,2.20802777652338
"PIWIL4",0.090721269291354,-12.7921404110945,1.91917469956789
"FUT4",0.252848887651615,-12.4667426727497,2.17603331892423
"CWC15",0.834288473664689,-9.85217827803853,2.44215246739109
"KDM4D",0.090721269291354,-12.7921404110945,1.91917469956789
"ENDOD1",0.253309504187197,-11.6759268360451,2.17920616014382
"RP11-712B9.2",0.241695900609293,-12.5467848054605,2.16624256450464
"SESN3",0.434022124776444,-11.0645865667127,2.22846712573506
"FAM76B",0.34092570661876,-11.4165114625925,2.20831829330584
"CEP57",0.595468839723475,-10.0805642523272,2.31403416374223
"MTMR2",0.258748343647862,-11.6601487887884,2.18272220633917
"MAML2",0.398585905729195,-11.1808496154353,2.2014893716533
"CCDC82",0.466943671905894,-10.804166138417,2.27207155188029
"JRKL",0.256458208315558,-11.6666219050736,2.18126431842578
"KIAA1377",0.224897314176702,-12.5307592002766,2.13038747028561
"BIRC3",0.729549166120047,-9.99363271040264,2.41405501125508
"BIRC2",0.44422378243075,-10.5179534518838,2.29773799922812
"TMEM123",1.46048712243202,-9.14315493366327,2.5776292623157
"RP11-315O6.1",0.090721269291354,-12.7921404110945,1.91917469956789
"DCUN1D5",0.444654298502207,-10.5168592997793,2.29883269177946
"DYNC2H1",0.090721269291354,-12.7921404110945,1.91917469956789
"PDGFD",0.224035905850509,-12.0423659378371,2.17656425261388
"CASP4",1.11493151087614,-9.56386030877248,2.58753195465798
"CASP5",0.240833156429668,-12.1943115620664,2.16207577526586
"CASP1",1.10861733436418,-9.53476822760222,2.54520981866572
"CARD16",1.10837834388644,-9.56269979209801,2.57226050632652
"MSANTD4",0.23078253123122,-12.1364778837008,2.17188129372768
"KBTBD3",0.304968383277002,-11.5242495501821,2.20059173286867
"AASDHPPT",0.441414272040627,-10.5360068780222,2.28751064108075
"RP11-819C21.1",0.250273336557541,-12.2871527362687,2.16237099282398
"CWF19L2",0.448993451596013,-10.6568646965568,2.27533114101715
"ALKBH8",0.232716917859322,-12.1484300758739,2.16966635603658
"SLC35F2",0.228468715570751,-12.1186282691869,2.17441752459222
"CUL5",0.444219591306214,-11.0578495020023,2.24829091578599
"ACAT1",0.464535700492016,-10.4996373938945,2.32629811081296
"NPAT",0.46562981113536,-10.9826369442503,2.27149430380875
"ATM",0.744727384071022,-9.97487662762173,2.42100904531085
"KDELC2",0.224035905850509,-12.0423659378371,2.17656425261388
"DDX10",0.439082438693684,-11.0614254305605,2.23845414509524
"RDX",0.438656995374367,-11.0616560779418,2.23760088373403
"FDX1",0.776388502153814,-9.92247340836274,2.43020132172724
"POU2AF1",0.443520355055007,-11.0584698645457,2.24701112791123
"LAYN",0.141473787659634,-12.8191386499719,2.05126746596957
"SIK2",0.229216757627761,-11.8185740413693,2.16758308707388
"PPP2R1B",0.238745118510496,-11.7355340458019,2.170148987001
"ALG9",0.158147028664132,-12.743367074885,2.06256469798137
"FDXACB1",0.253657432497421,-12.3755230244616,2.1693722917142
"C11orf1",0.421627528630122,-11.0862418942471,2.2095385434348
"DLAT",0.404153181232032,-11.1545373369774,2.20126864703396
"C11orf57",0.42856380048193,-11.0709413607913,2.21875411376278
"TIMM8B",0.646284900864957,-10.0007356952829,2.358389181888
"SDHD",0.919130064436247,-9.80721572995204,2.47014843384415
"IL18",0.270272096743267,-11.6288514890299,2.18928097708031
"BCO2",0.174120422480146,-12.6247712823772,2.05817582041029
"PTS",0.396124470565307,-11.1927029108298,2.20181963945277
"NCAM1",0.230189928028585,-12.5414312256707,2.14290754443097
"TTC12",0.252669045295664,-12.3369290773934,2.16608382286099
"ZW10",0.28226465445891,-11.5946080769549,2.19434563052973
"USP28",0.415510719002565,-11.106311988757,2.20455272536393
"HTR3A",0.108196131760806,-13.0200960649104,2.02232033555741
"ZBTB16",0.3898509979475,-11.2229339133157,2.20307673770791
"C11orf71",0.279756854451389,-11.6020065129566,2.1934278299972
"RBM7",0.48136749129622,-10.4795074716364,2.33569486479471
"REXO2",0.641549565201658,-9.99922004964292,2.35422013757025
"CADM1",0.134486423716054,-12.8558240348517,2.04569081801718
"BUD13",0.407422221264717,-11.1396657475591,2.20159670875146
"ZNF259",0.470842453468576,-10.4934218365528,2.33073575898669
"APOA1",0.090721269291354,-12.7921404110945,1.91917469956789
"SIK3",0.327625183902159,-11.4562335460741,2.20588919150169
"PAFAH1B2",0.464967503958683,-10.7846896216589,2.27233342706559
"SIDT2",0.422204211747287,-11.0846502912945,2.21015587565398
"TAGLN",0.238267439470462,-12.1788669084481,2.16398271757428
"PCSK7",0.74857968649791,-9.96905069295358,2.42249200355161
"RNF214",0.460753915855538,-11.0137593440319,2.26900930028204
"BACE1",0.158147028664132,-12.743367074885,2.06256469798137
"CEP164",0.470821396016024,-10.9108175497106,2.27219655283077
"FXYD2",0.244209188857659,-11.708319725892,2.17326045705364
"RP11-728F11.4",0.090721269291354,-12.7921404110945,1.91917469956789
"FXYD6",0.238138542840808,-11.7391499257657,2.16985043115345
"IL10RA",0.973208726423578,-9.72083477609163,2.47907375673321
"AMICA1",1.10763305058561,-9.5013990530408,2.51459842688055
"MPZL3",0.223695027974275,-12.0241158264402,2.17597860349096
"CD3E",1.58050097396221,-8.93975433295732,2.63546686440813
"CD3D",1.37210109752791,-8.22393030247123,2.52866042257156
"CD3G",1.01875978440752,-9.60696794219582,2.47324246464507
"UBE4A",0.437628205219913,-11.0622192193569,2.23555325405773
"ATP5L",1.21915560769419,-8.11978300037364,2.56509920816253
"KMT2A",0.520936767780915,-10.3926408664216,2.33772050731823
"TMEM25",0.223695027974275,-12.0241158264402,2.17597860349096
"IFT46",0.250273336557541,-12.2871527362687,2.16237099282398
"ARCN1",0.465439519638008,-10.7890837813952,2.27226558969651
"DDX6",0.693908921705009,-10.0106895603586,2.39330530627095
"CXCR5",0.312415811570225,-11.5013771452248,2.20235150349299
"RP11-158I9.5",0.141473787659634,-12.8191386499719,2.05126746596957
"BCL9L",0.430700447862138,-11.0679250303405,2.22234549611966
"CCDC84",0.446191838281835,-11.0557529710318,2.25175023697878
"RPS25",4.96191491966728,-4.92942000596641,2.093096286487
"TRAPPC4",0.680353450809536,-10.0101911730171,2.38436019547821
"SLC37A4",0.237474031983325,-11.7432841815218,2.1695380237315
"HYOU1",0.414579621266846,-11.1098167832024,2.20402627731241
"RP11-110I1.13",0.124744812975913,-12.9345239920951,2.0430897230423
"VPS11",0.427003874317524,-11.0736383029078,2.21634928193124
"HMBS",0.37857325423284,-11.2755623803673,2.20585812355457
"H2AFX",0.458151049973671,-11.0257381869803,2.26703087771699
"DPAGT1",0.451864202715022,-11.0458244782134,2.26026986317438
"C2CD2L",0.283289517473143,-11.5915210627692,2.19470062821077
"HINFP",0.371864737553081,-11.304893420966,2.20735161476811
"NLRX1",0.241695900609293,-12.5467848054605,2.16624256450464
"CBL",0.466433065176947,-10.7988085163261,2.27213296681826
"RNF26",0.375842218537906,-11.2877179277956,2.20650351365506
"PVRL1",0.158147028664132,-12.743367074885,2.06256469798137
"OAF",0.224685844288479,-11.9098833485468,2.17037723291924
"ARHGEF12",0.250273336557541,-12.2871527362687,2.16237099282398
"TBCEL",0.203504806423496,-12.4912497389434,2.07892517954733
"SC5D",0.386694205114887,-11.2379833690839,2.20382975371651
"RP11-730K11.1",0.141473787659634,-12.8191386499719,2.05126746596957
"SORL1",0.675530196368632,-10.009410373846,2.38102057341059
"UBASH3B",0.285804672065154,-11.5839316416338,2.19552882576664
"CRTAM",0.424312727213888,-11.0793072195435,2.21264565474443
"C11orf63",0.124744812975913,-12.9345239920951,2.0430897230423
"HSPA8",1.21927923904927,-8.11609035247037,2.56077464320286
"AP000783.1",0.241695900609293,-12.5467848054605,2.16624256450464
"GRAMD1B",0.141473787659634,-12.8191386499719,2.05126746596957
"ZNF202",0.230189928028585,-12.5414312256707,2.14290754443097
"VWA5A",0.23078253123122,-12.1364778837008,2.17188129372768
"TBRG1",0.595916081019084,-10.0778742612261,2.31405836877605
"SIAE",0.252669045295664,-12.3369290773934,2.16608382286099
"SPA17",0.189222923805307,-12.520920249976,2.05838802962435
"NRGN",0.470979794019739,-10.9032574166926,2.2721484627899
"RP11-677M14.2",0.108196131760806,-13.0200960649104,2.02232033555741
"VSIG2",0.108196131760806,-13.0200960649104,2.02232033555741
"ESAM",0.224897314176702,-12.5307592002766,2.13038747028561
"MSANTD2",0.253657432497421,-12.3755230244616,2.1693722917142
"ROBO3",0.217168357845664,-12.5125542968357,2.11121018860736
"CCDC15",0.108196131760806,-13.0200960649104,2.02232033555741
"SLC37A2",0.158147028664132,-12.743367074885,2.06256469798137
"TMEM218",0.469543408155108,-10.8380205441914,2.27185984663184
"FEZ1",0.250066880072025,-12.508963921607,2.17627790166079
"EI24",0.545682333434983,-10.3144806407555,2.33126313427044
"STT3A",0.400235614730483,-11.172964294714,2.20133840373992
"CHEK1",0.211561276790128,-12.5005332691513,2.09729795390912
"HYLS1",0.3424062520656,-11.4119124168537,2.20850656884158
"PUS3",0.409247564379716,-11.1316388278151,2.20197253201869
"RPUSD4",0.44446838558539,-11.0576147266665,2.24873920497202
"FAM118B",0.38490862710076,-11.2464107177746,2.20427787268896
"SRPR",0.572251526197375,-10.207070745642,2.32097119889535
"FOXRED1",0.366057967804558,-11.3287833212256,2.20834701635366
"TIRAP",0.237201218102107,-12.549029507341,2.1579848493556
"DCPS",0.449787258189448,-10.5100016264174,2.30911392838496
"ST3GAL4",0.359648244991767,-11.3534775894331,2.20902733604245
"ETS1",0.61923061543138,-9.9998526091002,2.33208980510047
"FLI1",0.655831993333867,-10.0039915400218,2.36631296705064
"SENCR",0.246980506215015,-11.697220033757,2.17501935050782
"ARHGAP32",0.158147028664132,-12.743367074885,2.06256469798137
"TMEM45B",0.158147028664132,-12.743367074885,2.06256469798137
"NFRKB",0.450217692207375,-11.0494011192308,2.25803510715799
"APLP2",0.856141453939903,-9.83801022913943,2.44819635444553
"ST14",0.235831001374619,-12.1654885580238,2.16626798040572
"ZBTB44",0.3970473175067,-11.1882492880877,2.20168409990758
"RP11-890B15.3",0.108196131760806,-13.0200960649104,2.02232033555741
"SNX19",0.355648341701213,-11.3679762538592,2.20920993508267
"IGSF9B",0.108196131760806,-13.0200960649104,2.02232033555741
"RP11-713P17.3",0.090721269291354,-12.7921404110945,1.91917469956789
"JAM3",0.124744812975913,-12.9345239920951,2.0430897230423
"NCAPD3",0.224065621849842,-11.9347801167679,2.1716016566889
"VPS26B",0.509327894145288,-10.4232039096718,2.33910057204559
"THYN1",0.723235825707039,-9.9992271827198,2.41073097921012
"ACAD8",0.434784023671921,-11.0640018101029,2.22993718314082
"B3GAT1",0.158147028664132,-12.743367074885,2.06256469798137
"RP11-598F7.3",0.160919524648358,-12.7261534701212,2.06272317382464
"SLC6A12",0.101084877533373,-12.9582856770516,1.98697941273538
"KDM5A",0.491401076711137,-10.4623594110292,2.33827391325901
"CCDC77",0.267827718943378,-11.6355057427823,2.18802368561981
"B4GALNT3",0.141473787659634,-12.8191386499719,2.05126746596957
"NINJ2",0.441688698538203,-11.059857845542,2.24355431442797
"RP11-218M22.1",0.225618966400741,-12.0834241998706,2.17670796339033
"WNK1",0.58868001134137,-10.1212268282952,2.31491652679862
"RAD52",0.124744812975913,-12.9345239920951,2.0430897230423
"RP11-359B12.2",0.108196131760806,-13.0200960649104,2.02232033555741
"ERC1",0.241904545563597,-12.2014659440717,2.16146712228198
"FBXL14",0.158147028664132,-12.743367074885,2.06256469798137
"ADIPOR2",0.389152308112735,-11.2262808848236,2.2032345380696
"CACNA2D4",0.448150147023622,-11.0530496170843,2.25494573937143
"DCP1B",0.262041219518392,-11.6511250774237,2.18475398016833
"CACNA1C-AS2",0.22712266150858,-12.104790066756,2.17568849682712
"FKBP4",0.441474881250643,-10.5639989493042,2.2812039187766
"RP4-816N1.6",0.253776510344264,-12.4304809561986,2.17385166909698
"ITFG2",0.444609996282054,-10.5169643171459,2.29872295498901
"RHNO1",0.447482896963273,-10.6430009992121,2.27575569584847
"TULP3",0.247077097144011,-12.2454950947163,2.16053428480212
"EFCAB4B",0.341450871520497,-11.4148798667032,2.20838647618076
"PARP11",0.467500263646791,-10.9657555940922,2.27201639551126
"RP11-664D1.1",0.443661654206733,-10.5196690230857,2.29621345323547
"CCND2",0.456097998980108,-10.5058010446968,2.31797455067213
"C12orf5",0.357857053743936,-11.3600580995814,2.20913446435256
"C12orf4",0.312415811570225,-11.5013771452248,2.20235150349299
"RAD51AP1",0.151289836493976,-12.7783680320405,2.05965516873174
"DYRK4",0.444401591063981,-10.6104712694111,2.27709257911405
"NDUFA9",0.723851193801694,-9.99874068311795,2.41106399167096
"CD9",0.470031225228126,-10.9313991178261,2.27228560359963
"TNFRSF1A",0.602154382182967,-10.0428344299571,2.3159335600624
"LTBR",0.416620911250962,-11.1022742468949,2.20525850061699
"CD27-AS1",0.398309526029721,-11.1821744164848,2.20152073897395
"CD27",1.08435061077377,-9.49625207156163,2.48114094470404
"TAPBPL",0.456508707799141,-10.5055486674865,2.31846173211046
"VAMP1",0.368144687795282,-11.3203729192437,2.20802777652338
"MRPL51",0.956306811473889,-9.7586193298482,2.47894768220695
"NCAPD2",0.295410275228684,-11.554141821301,2.19824841004802
"GAPDH",2.62131553923551,-7.06010622869499,2.46340292281726
"RP5-940J5.9",0.434784023671921,-11.0640018101029,2.22993718314082
"IFFO1",0.46548392417145,-10.9837963695892,2.27144471574262
"NOP2",0.426126782327076,-11.0753467526915,2.21507321696338
"CHD4",0.495841368235134,-10.4536275583012,2.33887732745075
"LPAR5",0.359648244991767,-11.3534775894331,2.20902733604245
"ACRBP",0.308014417942148,-11.5148312644506,2.20131086277752
"ING4",0.603120800826295,-10.0381685029303,2.31650610417103
"ZNF384",0.456273708634664,-11.0329247965751,2.26530922533443
"COPS7A",0.469242292256476,-10.9446433888567,2.27227095820305
"MLF2",0.732308242136193,-9.9907770757747,2.41543980585535
"PTMS",0.444666510930965,-11.0574235209505,2.24909491070509
"LAG3",0.466443998702023,-10.9757858467781,2.27175212147559
"CD4",0.667787000964073,-10.0076492727947,2.37546511814631
"GPR162",0.241695900609293,-12.5467848054605,2.16624256450464
"USP5",0.468011639879013,-10.8163479026108,2.27195808391621
"TPI1",1.54649118665189,-8.99349729382419,2.64023546916581
"SPSB2",0.441296335785699,-10.538779773061,2.28659754485009
"LRRC23",0.264423314147689,-11.6446953514024,2.18614617169067
"ENO2",0.383838747942032,-11.2514182083853,2.20454777612247
"ATN1",0.248063606674305,-12.2567014115598,2.16085635613381
"C12orf57",1.10799374078464,-9.55895436092877,2.56762551176715
"U47924.31",0.108196131760806,-13.0200960649104,2.02232033555741
"PTPN6",1.10884756512891,-9.5646081664004,2.57522958892853
"EMG1",0.61096550810214,-10.0112894644789,2.32327685864204
"PHB2",0.941281593340295,-9.7840244061341,2.47661040636483
"LPCAT3",0.470773670483536,-10.9125605638885,2.27220902945437
"U47924.30",0.158147028664132,-12.743367074885,2.06256469798137
"C1R",0.101084877533373,-12.9582856770516,1.98697941273538
"C1RL",0.270272096743267,-11.6288514890299,2.18928097708031
"C1RL-AS1",0.252669045295664,-12.3369290773934,2.16608382286099
"CLSTN3",0.254213568718537,-11.6731934857396,2.17980150004989
"PEX5",0.258748343647862,-11.6601487887884,2.18272220633917
"CD163",0.260552674110557,-11.6551855209078,2.18384683738643
"CLEC4C",0.191703859566988,-12.5104880710749,2.06046429065225
"SLC2A3",1.09987989523077,-9.48956114325461,2.49502967667374
"FOXJ2",0.229216757627761,-11.8185740413693,2.16758308707388
"C3AR1",0.416373829225182,-11.1031581315352,2.20509457072578
"NECAP1",0.446752725210776,-10.6359082951746,2.27600081615805
"CLEC4A",0.466183187103964,-10.9780380363632,2.27167415178113
"FAM66C",0.090721269291354,-12.7921404110945,1.91917469956789
"LINC00937",0.260653834200585,-11.6549095172098,2.18390890201517
"RP11-90D4.3",0.090721269291354,-12.7921404110945,1.91917469956789
"CLEC4D",0.225498377413436,-11.8859695206285,2.169328216192
"CLEC4E",0.439542142939674,-11.0611565288028,2.23936273372009
"RIMKLB",0.235831001374619,-12.1654885580238,2.16626798040572
"PHC1",0.225242173550997,-11.8928066779572,2.16961132666487
"M6PR",1.01084363742298,-9.62567991374441,2.47423625459399
"KLRG1",0.709118117139075,-10.0073599924336,2.40267994956825
"A2M-AS1",0.232518630657796,-11.7815991479491,2.16781318725399
"A2M",0.141473787659634,-12.8191386499719,2.05126746596957
"PZP",0.174120422480146,-12.6247712823772,2.05817582041029
"LINC00987",0.23199352621588,-11.7866684234734,2.16771263742681
"KLRB1",0.45785218248602,-10.5046798991712,2.31998450743091
"CLEC2D",0.577286842216577,-10.1828089897492,2.31891419661479
"CD69",1.37802644797108,-9.20394879531981,2.56729472287739
"KLRF1",0.415767116724762,-11.1053695650427,2.20470845791237
"CLEC2B",0.606664136330399,-10.0235837316195,2.31917629631774
"CLEC12A",0.469387864770548,-10.835455354488,2.27186308708835
"CLEC1B",0.253872442749238,-12.3937956948235,2.17094075551277
"CLEC7A",0.506390528264859,-10.4303160468438,2.33923854485101
"GABARAPL1",0.466365029897947,-10.4979900693757,2.32772001375194
"KLRD1",0.487224405024191,-10.4699343823828,2.33741693473528
"KLRK1",0.108196131760806,-13.0200960649104,2.02232033555741
"KLRC4",0.158147028664132,-12.743367074885,2.06256469798137
"KLRC2",0.24453111945453,-12.2214289751843,2.16052314828958
"KLRC1",0.385319320642805,-11.2444827402763,2.20417461147309
"RP11-291B21.2",0.46266868796585,-10.7648265518707,2.27269273818457
"MAGOHB",0.441786363102704,-10.5306566255765,2.28961396357526
"YBX3",0.625345814215534,-9.99723301479973,2.33856291368887
"PRR4",0.453705212548021,-10.6957196599163,2.27431550049942
"TAS2R14",0.141473787659634,-12.8191386499719,2.05126746596957
"RP11-434C1.1",0.252848887651615,-12.4667426727497,2.17603331892423
"ETV6",0.444506043608345,-11.0575779606091,2.24880821421981
"BCL2L14",0.090721269291354,-12.7921404110945,1.91917469956789
"LRP6",0.124744812975913,-12.9345239920951,2.0430897230423
"MANSC1",0.108196131760806,-13.0200960649104,2.02232033555741
"LOH12CR2",0.323779590864976,-11.4675303581765,2.20502538044158
"LOH12CR1",0.45472695530116,-10.7036218322032,2.27411970377184
"DUSP16",0.248063606674305,-12.2567014115598,2.16085635613381
"CREBL2",0.444179595989242,-10.6077956910999,2.27723641933324
"CDKN1B",0.669335750979552,-10.0080408784313,2.37659572222342
"APOLD1",0.40608842991416,-11.1456644063624,2.20141239290653
"DDX47",0.419800833583891,-11.0916363501629,2.20775783788905
"HEBP1",0.469990317054672,-10.4943563815849,2.33021031808105
"KIAA1467",0.124744812975913,-12.9345239920951,2.0430897230423
"ATF7IP",0.4642989896227,-10.7786757645647,2.27243218843978
"PLBD1",0.61844946532117,-10.0004597364899,2.33124966794883
"HIST4H4",0.243431321069781,-11.7117139674051,2.17278568107151
"H2AFJ",0.780436691785305,-9.91590110356308,2.43102656457785
"WBP11",0.582399013828411,-10.156379002296,2.3169295446522
"C12orf60",0.108196131760806,-13.0200960649104,2.02232033555741
"ERP27",0.241695900609293,-12.5467848054605,2.16624256450464
"ARHGDIB",2.84823462862206,-6.96062628292481,2.44429491710429
"PTPRO",0.225618966400741,-12.0834241998706,2.17670796339033
"EPS8",0.253776510344264,-12.4304809561986,2.17385166909698
"STRAP",0.841807339104508,-9.84670001196003,2.44410304624792
"DERA",0.441763139434898,-10.5309118226878,2.28950210272833
"MGST1",0.445079243229327,-11.0570110673455,2.24983129450094
"PLEKHA5",0.241695900609293,-12.5467848054605,2.16624256450464
"AEBP2",0.248063606674305,-12.2567014115598,2.16085635613381
"PYROXD1",0.417706406105695,-11.0984921151618,2.20603198222978
"RECQL",0.474714121181423,-10.4888092607307,2.33287289686012
"GOLT1B",0.45081954103891,-10.5092143209253,2.31077769807097
"C12orf39",0.090721269291354,-12.7921404110945,1.91917469956789
"LDHB",1.43295947395192,-7.97583662495392,2.55751962473883
"CMAS",0.460323217031097,-10.5029706633871,2.32254332954058
"ST8SIA1",0.230189928028585,-12.5414312256707,2.14290754443097
"C2CD5",0.291868987972595,-11.5652337563203,2.1973099932792
"ETNK1",0.441178928562081,-10.55207236029,2.28325159939013
"BCAT1",0.141473787659634,-12.8191386499719,2.05126746596957
"LRMP",0.441602152976344,-10.5673122433193,2.28074467034707
"LYRM5",0.533777242957292,-10.354350512996,2.33488062472886
"KRAS",0.589319101615542,-10.1174826405274,2.31475809843554
"SSPN",0.21944115833592,-12.5179220526473,2.11688791980076
"ITPR2",0.23386501965221,-11.7696233733186,2.16814921311575
"ASUN",0.418144160677394,-11.0970101508282,2.20636493494739
"FGFR1OP2",0.797251640627913,-9.8910452462073,2.43422896309482
"TM7SF3",0.446424995242149,-10.6326152299614,2.27611882246371
"MED21",0.285804672065154,-11.5839316416338,2.19552882576664
"STK38L",0.418574759026422,-11.0955678103737,2.20670878166951
"PPFIBP1",0.108196131760806,-13.0200960649104,2.02232033555741
"RP11-1060J15.4",0.141473787659634,-12.8191386499719,2.05126746596957
"MRPS35",0.627608945930948,-9.99694660586418,2.34088499785854
"KLHL42",0.368144687795282,-11.3203729192437,2.20802777652338
"CCDC91",0.622330897262727,-9.99811846477175,2.33540094176315
"FAR2",0.23386501965221,-11.7696233733186,2.16814921311575
"ERGIC2",0.441189704539298,-10.5429770835261,2.2853746291245
"TMTC1",0.108196131760806,-13.0200960649104,2.02232033555741
"IPO8",0.248182685417313,-11.6927940738112,2.17580024179626
"CAPRIN2",0.235831001374619,-12.1654885580238,2.16626798040572
"DDX11-AS1",0.124744812975913,-12.9345239920951,2.0430897230423
"DDX11",0.250066880072025,-12.508963921607,2.17627790166079
"FAM60A",0.540886044264209,-10.3310736708029,2.33282127347014
"DENND5B",0.253456948772262,-12.4477650148512,2.1750165628109
"METTL20",0.230189928028585,-12.5414312256707,2.14290754443097
"AMN1",0.303949947574791,-11.5274100049873,2.20034205527944
"H3F3C",0.224065621849842,-11.9347801167679,2.1716016566889
"RP11-428G5.5",0.244209188857659,-11.708319725892,2.17326045705364
"KIAA1551",0.580206975693204,-10.1679470940196,2.31775896825728
"BICD1",0.23078253123122,-12.1364778837008,2.17188129372768
"FGD4",0.256458208315558,-11.6666219050736,2.18126431842578
"DNM1L",0.416169416065135,-11.1038987932544,2.20496221833531
"YARS2",0.466520430061606,-10.9751095379629,2.27177373508839
"ALG10",0.241695900609293,-12.5467848054605,2.16624256450464
"CPNE8",0.250066880072025,-12.508963921607,2.17627790166079
"KIF21A",0.249029583942693,-11.6898006335492,2.17635571763485
"ABCD2",0.141473787659634,-12.8191386499719,2.05126746596957
"SLC2A13",0.233711974970559,-11.7709131100257,2.16810493925238
"LRRK2",0.289351819038423,-11.5730403502465,2.19660014764295
"GXYLT1",0.264423314147689,-11.6446953514024,2.18614617169067
"YAF2",0.4900344444465,-10.4649037432733,2.33802357779956
"PPHLN1",0.884681254180317,-9.82507703490576,2.45767721284302
"ZCRB1",0.625801208040895,-9.99715083830133,2.33903419914246
"PRICKLE1",0.134486423716054,-12.8558240348517,2.04569081801718
"RP11-350F4.2",0.124744812975913,-12.9345239920951,2.0430897230423
"PUS7L",0.288321644740492,-11.5762392558387,2.19630309553748
"IRAK4",0.457005414716736,-10.50522500174,2.31903449018478
"TWF1",0.408722119676973,-11.1339227526879,2.20185107472394
"TMEM117",0.124744812975913,-12.9345239920951,2.0430897230423
"NELL2",0.480312823078052,-10.4810964836193,2.33531376392403
"ANO6",0.23386501965221,-11.7696233733186,2.16814921311575
"LINC00938",0.448805789826663,-10.6551918149289,2.27537999668937
"ARID2",0.469952441531498,-10.9329061543071,2.27228743469413
"SCAF11",0.785239027551145,-9.9083826663917,2.43196741568333
"SLC38A1",0.674056657427567,-10.0091184511016,2.37998222337791
"SLC38A2",0.591969564580861,-10.1017316711881,2.31424699001297
"RP11-446N19.1",0.174120422480146,-12.6247712823772,2.05817582041029
"AMIGO2",0.23199352621588,-11.7866684234734,2.16771263742681
"PCED1B",0.447486710542667,-10.5122060410096,2.30499989825526
"RP11-493L12.4",0.132381975729783,-12.870011928949,2.04457747598926
"RPAP3",0.465438350247918,-10.9841531997386,2.27142848357572
"RP1-197B17.3",0.224685844288479,-11.9098833485468,2.17037723291924
"SLC48A1",0.242312317044215,-11.7168326480567,2.17210599189636
"HDAC7",0.442023853797,-10.576276228395,2.27967533565686
"VDR",0.203504806423496,-12.4912497389434,2.07892517954733
"TMEM106C",0.445348875102652,-10.5153701940513,2.30049838279691
"SENP1",0.217168357845664,-12.5125542968357,2.11121018860736
"PFKM",0.235301446437578,-11.7582718172183,2.16862943826843
"ASB8",0.524892731633444,-10.3813440729246,2.33697667809336
"C12orf68",0.174120422480146,-12.6247712823772,2.05817582041029
"DKFZP779L1853",0.203504806423496,-12.4912497389434,2.07892517954733
"ZNF641",0.267827718943378,-11.6355057427823,2.18802368561981
"KANSL2",0.462462992702798,-11.0043833175682,2.27006223214441
"CCNT1",0.350243796832789,-11.386611316548,2.2091560063327
"DDX23",0.45683686658042,-10.7196422198042,2.27372270111697
"CCDC65",0.443805074415447,-11.0582265927477,2.24753658013198
"FKBP11",0.735240128975896,-9.98745899902852,2.41685549295323
"ARF3",0.59015831307103,-10.1125480556765,2.31457264170264
"RP11-386G11.5",0.248063606674305,-12.2567014115598,2.16085635613381
"PRKAG1",0.603602768261028,-10.035945616722,2.31681859113521
"KMT2D",0.40069808220716,-11.1707663965574,2.20130761253405
"RHEBL1",0.302791144231424,-11.5310237223875,2.20006573276503
"LMBR1L",0.470905116509274,-10.8718063541902,2.27193462190516
"RP11-386G11.10",0.229216757627761,-11.8185740413693,2.16758308707388
"TUBA1B",1.47445213756516,-9.10367855640251,2.60304284360806
"TUBA1A",1.46855070752379,-9.07751287707129,2.63092401158265
"TUBA1C",0.443460092074118,-10.5203885560552,2.29563246760906
"SPATS2",0.324219516860707,-11.4662383054687,2.20512556831078
"MCRS1",0.5695789334989,-10.2193486491159,2.32208131170221
"PRPF40B",0.141473787659634,-12.8191386499719,2.05126746596957
"FMNL3",0.267827718943378,-11.6355057427823,2.18802368561981
"TMBIM6",1.47758577277717,-9.06739433828423,2.63583029045461
"NCKAP5L",0.23199352621588,-11.7866684234734,2.16771263742681
"BCDIN3D",0.284318980144439,-11.5884261614358,2.19504583395654
"RACGAP1",0.250273336557541,-12.2871527362687,2.16237099282398
"SMARCD1",0.470768484003876,-10.9127437970322,2.27221019081024
"COX14",0.92832391036197,-9.79934046938567,2.4731439009571
"CERS5",0.468024478525597,-10.9601697177028,2.27211953555698
"LIMA1",0.23199352621588,-11.7866684234734,2.16771263742681
"LARP4",0.223554738259914,-11.9715000141209,2.17352084545088
"DIP2B",0.264423314147689,-11.6446953514024,2.18614617169067
"ATF1",0.547014748449502,-10.3097365511497,2.33080744845018
"METTL7A",0.461336846505291,-11.0107266950075,2.2693906361035
"SLC11A2",0.315885778068481,-11.4909045559396,2.20317613981035
"LETMD1",0.585536021945407,-10.1391823691879,2.3158365873947
"CSRNP2",0.230189928028585,-12.5414312256707,2.14290754443097
"TFCP2",0.385644368635365,-11.2429541466967,2.20409298919515
"POU6F1",0.174120422480146,-12.6247712823772,2.05817582041029
"DAZAP2",1.11982623891866,-9.55716426733369,2.59088216895767
"SMAGP",0.462687695900046,-11.0030379728966,2.27018466021815
"BIN2",1.26198842074217,-9.32292081086586,2.57479301466175
"CELA1",0.253903838479869,-12.4147871760794,2.17266699110733
"GALNT6",0.301451509050628,-11.5352080262113,2.19974483512168
"SLC4A8",0.108196131760806,-13.0200960649104,2.02232033555741
"ACVR1B",0.252669045295664,-12.3369290773934,2.16608382286099
"GRASP",0.226965555352143,-11.8539915358263,2.1682399487526
"NR4A1",0.638524468449761,-9.99835927577122,2.35146325038794
"RP11-1100L3.8",0.241695900609293,-12.5467848054605,2.16624256450464
"C12orf44",0.557937422492527,-10.268608853869,2.32679724083208
"KRT7",0.252848887651615,-12.4667426727497,2.17603331892423
"KRT72",0.141473787659634,-12.8191386499719,2.05126746596957
"RP11-641A6.2",0.090721269291354,-12.7921404110945,1.91917469956789
"KRT2",0.090721269291354,-12.7921404110945,1.91917469956789
"KRT1",0.357372784367465,-11.3618169123223,2.2091572474206
"KRT18",0.23386501965221,-11.7696233733186,2.16814921311575
"EIF4B",1.03716685812178,-9.56731708679227,2.47191764032108
"SPRYD3",0.407422221264717,-11.1396657475591,2.20159670875146
"IGFBP6",0.189222923805307,-12.520920249976,2.05838802962435
"CSAD",0.385644368635365,-11.2429541466967,2.20409298919515
"ZNF740",0.224065621849842,-11.9347801167679,2.1716016566889
"ITGB7",0.745127427126879,-9.97429115295983,2.42116874571774
"RARG",0.303949947574791,-11.5274100049873,2.20034205527944
"MFSD5",0.414579621266846,-11.1098167832024,2.20402627731241
"PFDN5",3.07234489117628,-6.70352435385737,2.39331517552632
"RP11-680A11.5",0.174120422480146,-12.6247712823772,2.05817582041029
"C12orf10",0.644936977097884,-10.0002884662636,2.35722010294539
"AAAS",0.469344641502469,-10.9431305670776,2.2722768239526
"SP1",0.40608842991416,-11.1456644063624,2.20141239290653
"PRR13",1.46474077170088,-9.08880696623917,2.62058792487401
"PCBP2",1.50058724770993,-9.04480567089567,2.6403468002254
"MAP3K12",0.189222923805307,-12.520920249976,2.05838802962435
"RP11-793H13.11",0.108196131760806,-13.0200960649104,2.02232033555741
"TARBP2",0.40069808220716,-11.1707663965574,2.20130761253405
"ATF7",0.439377263286929,-11.0612499562935,2.23903745483429
"RP11-793H13.3",0.124744812975913,-12.9345239920951,2.0430897230423
"ATP5G2",2.17795627958592,-7.29483499938035,2.42575613513304
"CALCOCO1",0.460270754849155,-11.0161770214272,2.26867444250827
"SMUG1",0.46985953647971,-10.9346168300406,2.2722876273228
"CBX5",0.455004318795697,-10.7057511110588,2.27406790219843
"HNRNPA1",3.07899136401206,-6.44827468607329,2.34394025843216
"NFE2",0.45202244059088,-11.0454460537702,2.26047745348218
"COPZ1",0.916898396149925,-9.80883178045027,2.46937681787462
"GPR84",0.124744812975913,-12.9345239920951,2.0430897230423
"ZNF385A",0.443178978276254,-10.5947661980612,2.27805683745727
"ITGA5",0.368144687795282,-11.3203729192437,2.20802777652338
"GTSF1",0.294380013409298,-11.5573781680938,2.19798584160143
"NCKAP1L",0.628728837035623,-9.99690858884726,2.34201826779029
"PDE1B",0.124744812975913,-12.9345239920951,2.0430897230423
"TESPA1",0.484772563067106,-10.4740948952925,2.33677545825762
"RP11-110A12.2",0.299974123510444,-11.5398296355553,2.19938577401161
"RP11-644F5.16",0.090721269291354,-12.7921404110945,1.91917469956789
"BLOC1S1",1.1166612337207,-9.56172434590083,2.58898362647254
"RDH5",0.285804672065154,-11.5839316416338,2.19552882576664
"CD63",1.31959348243461,-9.25632498127959,2.56873129997844
"RP11-644F5.11",0.217168357845664,-12.5125542968357,2.11121018860736
"GDF11",0.174120422480146,-12.6247712823772,2.05817582041029
"SARNP",0.444319943915022,-10.6094916915316,2.27714553262761
"ORMDL2",0.601895337190596,-10.0441324538278,2.31579430055638
"DNAJC14",0.336747253740007,-11.4292249806333,2.20768150937996
"WIBG",0.572434680059404,-10.2062150838971,2.32089532591285
"DGKA",0.497563038491547,-10.4500639031795,2.33903413391365
"CDK2",0.223506913503804,-11.9791550530398,2.17392053640435
"RAB5B",0.451430432552455,-10.6775917169488,2.27477335333336
"IKZF4",0.124744812975913,-12.9345239920951,2.0430897230423
"RPS26",2.96761646679261,-6.87352637857269,2.42699011919948
"PA2G4",1.04400702087503,-9.55410542041373,2.47190351459854
"RPL41",1.53047242588985,-9.01301716042193,2.6411175154938
"ZC3H10",0.252669045295664,-12.3369290773934,2.16608382286099
"ESYT1",0.609409108900254,-10.0150951695617,2.32171835190296
"RP11-603J24.5",0.124744812975913,-12.9345239920951,2.0430897230423
"MYL6B",0.418144160677394,-11.0970101508282,2.20636493494739
"MYL6",2.14710353422079,-7.21768014476876,2.48558256416964
"SMARCC2",0.453913705160371,-10.6973409243579,2.27427520887252
"RNF41",0.471088405921536,-10.8878729320305,2.27203670532309
"NABP2",0.444179595989242,-10.6077956910999,2.27723641933324
"ANKRD52",0.22375500450459,-11.9529837127783,2.17254604697426
"COQ10A",0.407422221264717,-11.1396657475591,2.20159670875146
"CS",0.460269545259512,-10.7457580251601,2.27310314618477
"RP11-977G19.11",0.225242173550997,-11.8928066779572,2.16961132666487
"CNPY2",0.874054703144168,-9.82947818167408,2.45395782875423
"PAN2",0.25202033054173,-11.6799364473648,2.17835566134709
"IL23A",0.448065824596255,-10.648469443548,2.27558216235755
"STAT2",0.449857705850437,-10.5099449224333,2.30923028340288
"TIMELESS",0.252669045295664,-12.3369290773934,2.16608382286099
"SPRYD4",0.225618966400741,-12.0834241998706,2.17670796339033
"BAZ2A",0.525623117548057,-10.3792153925656,2.33682745536406
"ATP5B",1.43740478248707,-9.16071518583233,2.57225722681153
"PTGES3",1.41914712015386,-9.17353757390464,2.5698050682544
"NACA",4.20334027273358,-5.30797517893501,2.12559518213338
"PRIM1",0.366057967804558,-11.3287833212256,2.20834701635366
"ZBTB39",0.108196131760806,-13.0200960649104,2.02232033555741
"TMEM194A",0.232716917859322,-12.1484300758739,2.16966635603658
"NAB2",0.248063606674305,-12.2567014115598,2.16085635613381
"STAT6",0.605403721766567,-10.0283020561783,2.31813153239492
"LRP1",0.467808313863858,-10.9625204381514,2.27207995781939
"NXPH4",0.090721269291354,-12.7921404110945,1.91917469956789
"SHMT2",0.448101937045243,-10.5115312718346,2.30616371368926
"STAC3",0.445493913012732,-11.0565641035967,2.25055286946665
"R3HDM2",0.423253112489392,-11.0818945482919,2.21135275733881
"ARHGAP9",0.73416639786,-9.98870339739863,2.4163430624612
"MARS",0.459899534984952,-10.7429132200187,2.27316871668763
"DDIT3",0.55285965041537,-10.2882567616654,2.32872168769297
"MBD6",0.389152308112735,-11.2262808848236,2.2032345380696
"DCTN2",0.693280313896157,-10.0107314872268,2.3929036513581
"PIP4K2C",0.289351819038423,-11.5730403502465,2.19660014764295
"DTX3",0.225969125372551,-11.8745617554607,2.16889486355339
"OS9",0.717986076026854,-10.0029298201608,2.40782679059456
"AGAP2",0.251141901207489,-11.6827217186918,2.17775498330012
"TSPAN31",0.452145600029409,-10.6833851350225,2.27462305141618
"CDK4",0.508278570991609,-10.4257785588323,2.33916088742663
"MARCH9",0.309940402152195,-11.5089209858606,2.20176716673798
"METTL1",0.223483964358326,-11.9978879830348,2.17485616472569
"METTL21B",0.124744812975913,-12.9345239920951,2.0430897230423
"TSFM",0.444012956508166,-10.6057428408149,2.27735254018316
"AVIL",0.141473787659634,-12.8191386499719,2.05126746596957
"CTDSP2",0.627121938383762,-9.99698447720148,2.3403886062788
"RP11-620J15.3",0.309940402152195,-11.5089209858606,2.20176716673798
"XRCC6BP1",0.347966476636038,-11.3941523124697,2.20903480623776
"SLC16A7",0.407958412982414,-11.1372829407209,2.20169167034514
"FAM19A2",0.224820970152689,-12.0670005958397,2.17690569188224
"USP15",0.653369664181286,-10.0031587931718,2.36432764836661
"MON2",0.330031274206338,-11.4491777419876,2.20640509817246
"C12orf61",0.174120422480146,-12.6247712823772,2.05817582041029
"TMEM5",0.440095965609989,-11.0608424935328,2.2404590929217
"C12orf66",0.290382565328907,-11.5698518330356,2.19689580065371
"XPOT",0.470189393761428,-10.9281716414778,2.27227780360081
"TBK1",0.461779427864537,-11.0083026171491,2.2696637679382
"RASSF3",0.488221780913938,-10.468182011191,2.33764785833924
"GNS",0.449012303799469,-10.6570323582192,2.27532633673876
"TBC1D30",0.108196131760806,-13.0200960649104,2.02232033555741
"LEMD3",0.335776925411619,-11.4321320549466,2.20751459858229
"MSRB3",0.108196131760806,-13.0200960649104,2.02232033555741
"LLPH",0.556386047192341,-10.2747171688698,2.32739507873723
"TMBIM4",1.10892539139274,-9.52659948195956,2.53825007724354
"IRAK3",0.358755284880245,-11.3567763940505,2.20908540634382
"HELB",0.243431321069781,-11.7117139674051,2.17278568107151
"CAND1",0.492243280250362,-10.4607521491219,2.33841072754495
"DYRK2",0.40069808220716,-11.1707663965574,2.20130761253405
"IFNG-AS1",0.286834635663022,-11.5807955599529,2.19585236233327
"IFNG",0.430852403399606,-11.0677397532153,2.22261379035483
"MDM1",0.40608842991416,-11.1456644063624,2.20141239290653
"RP11-81H14.2",0.393865625080279,-11.2035936492173,2.20221685643291
"RAP1B",1.24778260324854,-9.34194498213308,2.57688625100559
"RP11-637A17.2",0.247088309743925,-12.5303994035623,2.17384969389464
"NUP107",0.443870798703395,-10.5189841821704,2.29679525659709
"SLC35E3",0.371035178180678,-11.308387848168,2.20751175530643
"MDM2",0.300427718600343,-11.5384103559416,2.199496241444
"CPM",0.226183628844696,-11.8696976462039,2.16872789246404
"CPSF6",0.550426424695483,-10.2973413736957,2.32960877360617
"LYZ",2.1059578441803,-7.24125721457252,2.48666966225189
"RP11-1143G9.4",0.905937598916254,-9.81550775494485,2.46543923731489
"YEATS4",0.486210891293903,-10.4716849579763,2.33716646804743
"FRS2",0.228218527898891,-11.8328472417398,2.1677628936284
"CCT2",0.779123817570873,-9.91801154509075,2.4307615926176
"RAB3IP",0.319344583891345,-11.4806092560161,2.20399355485001
"RP11-611E13.2",0.470773670483536,-10.9125605638885,2.27220902945437
"CNOT2",0.563499661816734,-10.2458676501411,2.32458296367864
"KCNMB4",0.217168357845664,-12.5125542968357,2.11121018860736
"ZFC3H1",0.461673869650844,-11.0088840313604,2.26959999757557
"THAP2",0.467370986216727,-10.8088511717795,2.27202177136163
"TMEM19",0.46837187758729,-10.9561497736816,2.27217399438718
"RAB21",0.428892131970904,-11.070425527133,2.21928549815802
"TBC1D15",0.459285071193362,-11.0208277653869,2.26794751633124
"ATXN7L3B",0.465985710302541,-10.7943480894261,2.27219324101187
"CAPS2",0.090721269291354,-12.7921404110945,1.91917469956789
"GLIPR1",0.972291314175558,-9.72307461500644,2.47912689496401
"KRR1",0.47985260800068,-10.4817700172407,2.33513721804412
"PHLDA1",0.392224807405787,-11.2115284221543,2.20255036683991
"NAP1L1",1.5882108146293,-8.70488649853316,2.60227211528807
"BBS10",0.124744812975913,-12.9345239920951,2.0430897230423
"OSBPL8",0.483497210663282,-10.4761756293358,2.33639790512101
"ZDHHC17",0.258748343647862,-11.6601487887884,2.18272220633917
"PAWR",0.22375500450459,-11.9529837127783,2.17254604697426
"PPP1R12A",0.778665568432809,-9.91875208434686,2.43066871213716
"LIN7A",0.25207905255751,-12.3217627193962,2.16484660681938
"CCDC59",0.770018109472448,-9.93317116168479,2.42880355911538
"METTL25",0.286834635663022,-11.5807955599529,2.19585236233327
"TMTC2",0.211561276790128,-12.5005332691513,2.09729795390912
"C12orf29",0.451585446595619,-11.0464703555842,2.25990493741135
"CEP290",0.350243796832789,-11.386611316548,2.2091560063327
"TMTC3",0.124744812975913,-12.9345239920951,2.0430897230423
"DUSP6",0.608049500986451,-10.0190095541472,2.32041912851057
"POC1B",0.355648341701213,-11.3679762538592,2.20920993508267
"RP11-734K2.4",0.189222923805307,-12.520920249976,2.05838802962435
"ATP2B1",0.609802441451494,-10.0140655092882,2.32210587397789
"LINC00936",1.107898408427,-9.5536049679062,2.56201955529281
"C12orf79",0.455086572580416,-11.0369175429275,2.26409235539893
"BTG1",2.46472643387803,-7.10963971582332,2.47207610998799
"RP11-796E2.4",0.707953562633825,-10.0077885022684,2.40198530263449
"RP11-693J15.5",0.321787468070285,-11.4733956549449,2.20456706007782
"EEA1",0.420633108510216,-11.0891114528686,2.20853524620437
"NUDT4",0.371035178180678,-11.308387848168,2.20751175530643
"UBE2N",0.890835996385999,-9.82254666136953,2.4599017396139
"MRPL42",0.442797328142864,-10.5892227741821,2.27847329356596
"SOCS2",0.391542381200609,-11.2148170147019,2.20269764738519
"CRADD",0.42576098429317,-11.0761029999866,2.21456408232124
"PLXNC1",0.33101305530525,-11.4462830540508,2.20660583562448
"CCDC41",0.223695027974275,-12.0241158264402,2.17597860349096
"TMCC3",0.141473787659634,-12.8191386499719,2.05126746596957
"NDUFA12",1.00115519550497,-9.64965919156255,2.47562974756985
"NR2C1",0.369830579041493,-11.3134183958664,2.20773540282729
"FGD6",0.124744812975913,-12.9345239920951,2.0430897230423
"VEZT",0.449248994765384,-11.0512244947746,2.25662638474856
"METAP2",0.674484315168119,-10.0092066876545,2.38028541286659
"USP44",0.217168357845664,-12.5125542968357,2.11121018860736
"SNRPF",0.816519436793612,-9.86816303089843,2.43804970708582
"AMDHD1",0.134486423716054,-12.8558240348517,2.04569081801718
"HAL",0.197663683629374,-12.4947298912936,2.06814566555827
"LTA4H",0.828625989801247,-9.85678482389637,2.44076996049431
"ELK3",0.452538331969986,-11.0441732940492,2.26113552391318
"CDK17",0.446888890309239,-11.0548770528788,2.25291766010547
"NEDD1",0.431829747166416,-11.0666301549537,2.22436033133221
"RP11-181C3.1",0.141473787659634,-12.8191386499719,2.05126746596957
"TMPO-AS1",0.223483964358326,-11.9978879830348,2.17485616472569
"TMPO",0.507034445156995,-10.428781145229,2.33921661314071
"SLC25A3",1.53741990372092,-9.00482433995039,2.64083167174023
"IKBIP",0.442640470539937,-10.524097019843,2.29303223483698
"APAF1",0.366057967804558,-11.3287833212256,2.20834701635366
"ANKS1B",0.108196131760806,-13.0200960649104,2.02232033555741
"UHRF1BP1L",0.319344583891345,-11.4806092560161,2.20399355485001
"ACTR6",0.466695015628803,-10.973536817111,2.27182052672007
"SCYL2",0.40274415492585,-11.1611121498551,2.20123994370316
"UTP20",0.252669045295664,-12.3369290773934,2.16608382286099
"ARL1",0.442101982468633,-10.5277068342871,2.29100756513019
"CHPT1",0.657796988441542,-10.0046395990986,2.36786964025202
"GNPTAB",0.448062071186585,-10.6484346463658,2.27558323357464
"DRAM1",0.304968383277002,-11.5242495501821,2.20059173286867
"CCDC53",0.624719261044768,-9.99736633967956,2.33791282546257
"NUP37",0.446191838281835,-11.0557529710318,2.25175023697878
"PARPBP",0.158147028664132,-12.743367074885,2.06256469798137
"C12orf42",0.223695027974275,-12.0241158264402,2.17597860349096
"NT5DC3",0.108196131760806,-13.0200960649104,2.02232033555741
"HSP90B1",1.07539519834565,-9.50552854397548,2.47708621801317
"C12orf73",0.309940402152195,-11.5089209858606,2.20176716673798
"TDG",0.443076143875966,-10.5219367230917,2.29446696955585
"HCFC2",0.251141901207489,-11.6827217186918,2.17775498330012
"NFYB",0.416620911250962,-11.1022742468949,2.20525850061699
"TXNRD1",0.45102921942497,-11.0477120227263,2.25916147092694
"EID3",0.383089885247152,-11.2548981870833,2.20473571080868
"CHST11",0.463684236521574,-10.5003600099372,2.3255949027986
"SLC41A2",0.090721269291354,-12.7921404110945,1.91917469956789
"C12orf45",0.467245220232317,-10.8074455171238,2.27203569248562
"KIAA1033",0.446222289724155,-10.5138790618521,2.30243104733126
"APPL2",0.23078253123122,-12.1364778837008,2.17188129372768
"C12orf75",0.781607762495408,-9.91404290637901,2.43126134235192
"CKAP4",0.458441249466775,-11.0245266792527,2.26727440248262
"TCP11L2",0.391542381200609,-11.2148170147019,2.20269764738519
"POLR3B",0.174120422480146,-12.6247712823772,2.05817582041029
"RIC8B",0.225618966400741,-12.0834241998706,2.17670796339033
"RP11-412D9.4",0.227311297452212,-11.8477243179345,2.16807395418345
"C12orf23",0.453758642162102,-11.0409096493427,2.26261277835448
"MTERFD3",0.239121755146729,-11.7333567076361,2.17034018854576
"CRY1",0.23199352621588,-11.7866684234734,2.16771263742681
"BTBD11",0.226183628844696,-11.8696976462039,2.16872789246404
"PWP1",0.463744384492505,-10.5003099412724,2.32564530625718
"PRDM4",0.363949299317625,-11.3370969602392,2.20861637561393
"CMKLR1",0.224820970152689,-12.0670005958397,2.17690569188224
"FICD",0.217168357845664,-12.5125542968357,2.11121018860736
"SART3",0.315885778068481,-11.4909045559396,2.20317613981035
"ISCU",1.4063542240592,-9.18262755726678,2.56863772188613
"SELPLG",0.873474601515814,-9.82972977555827,2.45376149652805
"CORO1C",0.447425342897887,-10.6424519315323,2.27577399573072
"SSH1",0.224035905850509,-12.0423659378371,2.17656425261388
"USP30",0.245320800235872,-12.2282399082133,2.16041683296705
"USP30-AS1",0.426126782327076,-11.0753467526915,2.21507321696338
"ALKBH2",0.451864202715022,-11.0458244782134,2.26026986317438
"UNG",0.434022124776444,-11.0645865667127,2.22846712573506
"ACACB",0.090721269291354,-12.7921404110945,1.91917469956789
"KCTD10",0.255126642481704,-11.6704832060482,2.18039917397082
"UBE3B",0.411737258668924,-11.1211175896479,2.20273862926291
"MMAB",0.459265439882165,-10.7380405718178,2.27328088940231
"MVK",0.246161006325488,-11.7003570237215,2.17449086994333
"GLTP",0.442023853797,-10.576276228395,2.27967533565686
"TCHP",0.408722119676973,-11.1339227526879,2.20185107472394
"GIT2",0.633552291838024,-9.99731107806312,2.34677661211588
"ANKRD13A",0.457243257760503,-10.5050798197267,2.31930740265865
"C12orf76",0.443677568708803,-10.6014743261178,2.27760817426372
"ATP2A2",0.360929126623443,-11.348664862052,2.2089234439008
"ANAPC7",0.437628205219913,-11.0622192193569,2.23555325405773
"ARPC3",2.12857426640505,-7.29981191917947,2.45310771215021
"GPN3",0.455584574349944,-10.5061181795642,2.31735359671226
"FAM216A",0.223506913503804,-11.9791550530398,2.17392053640435
"VPS29",0.945744859844362,-9.77737273639751,2.47751846069306
"PPTC7",0.333403376990808,-11.4392096641121,2.20707488015413
"TCTN1",0.303949947574791,-11.5274100049873,2.20034205527944
"HVCN1",0.710892355956056,-10.0066335599503,2.4037287880321
"PPP1CC",1.02848128475593,-9.58531990635152,2.47234025253048
"FAM109A",0.241904545563597,-12.2014659440717,2.16146712228198
"RP3-473L9.4",0.090721269291354,-12.7921404110945,1.91917469956789
"SH2B3",0.471061591495294,-10.8826884254205,2.2720016182527
"ATXN2",0.457180367859613,-11.0295869668091,2.26616815360276
"BRAP",0.43371124623731,-11.0648461788982,2.22786589069926
"ACAD10",0.223506913503804,-11.9791550530398,2.17392053640435
"ALDH2",0.719609443599005,-10.0018856931808,2.40874159260159
"MAPKAPK5-AS1",0.649224011058045,-10.0017322318883,2.36089337781342
"MAPKAPK5",0.457913501934268,-10.7277801854326,2.27352491900049
"TMEM116",0.430446749402019,-11.0682415621471,2.22190411136561
"ERP29",1.58141071087337,-8.93792258131913,2.63526625958259
"NAA25",0.31342617184787,-11.4983190089717,2.20259098932825
"TRAFD1",0.441806663089196,-10.5719140381328,2.28016830370691
"HECTD4",0.30745846932916,-11.5165418212606,2.20117954666282
"RPL6",4.49761110517908,-4.86491652348435,2.17757639175935
"PTPN11",0.253309504187197,-11.6759268360451,2.17920616014382
"RPH3A",0.141473787659634,-12.8191386499719,2.05126746596957
"OAS1",0.971306961358858,-9.72545320582326,2.47917846631695
"OAS3",0.529023630230593,-10.3690800005073,2.33607375442775
"OAS2",0.593531276379818,-10.0922925040778,2.31407356152793
"DTX1",0.252669045295664,-12.3369290773934,2.16608382286099
"DDX54",0.463182296093689,-10.5007723719891,2.32516855548117
"RITA1",0.438359458117575,-11.0618177554228,2.23700850805954
"TPCN1",0.344727029962021,-11.4046107988564,2.20876481991351
"SLC8B1",0.431829747166416,-11.0666301549537,2.22436033133221
"PLBD2",0.224820970152689,-12.0670005958397,2.17690569188224
"SDSL",0.251141901207489,-11.6827217186918,2.17775498330012
"RBM19",0.243431321069781,-11.7117139674051,2.17278568107151
"MED13L",0.381238232647967,-11.2634457055846,2.20519977492097
"MAP1LC3B2",0.453197192526646,-10.6917421105743,2.27441495642061
"C12orf49",0.423548881942278,-11.0811483215147,2.21170221133003
"RNFT2",0.108196131760806,-13.0200960649104,2.02232033555741
"HRK",0.108196131760806,-13.0200960649104,2.02232033555741
"FBXW8",0.24453111945453,-12.2214289751843,2.16052314828958
"TESC",0.584577555866644,-10.1445306703035,2.31615804931719
"FBXO21",0.467007683475997,-10.8048572682744,2.27206403285611
"RFC5",0.430849646976125,-11.067743754202,2.22260821369506
"WSB2",0.224820970152689,-12.0670005958397,2.17690569188224
"PEBP1",1.29812655470645,-9.27919976647178,2.57048863537045
"TAOK3",0.681993706709037,-10.0103951790358,2.38547716067464
"SUDS3",0.464676662261395,-10.9899230290962,2.27113366979439
"PRKAB1",0.347027480193409,-11.3972077836428,2.20896727921405
"CCDC64",0.267827718943378,-11.6355057427823,2.18802368561981
"RAB35",0.464962652157125,-10.987797172115,2.27124901174385
"GCN1L1",0.258748343647862,-11.6601487887884,2.18272220633917
"RPLP0",3.95169030515023,-5.47291265018519,2.14915464480273
"PXN-AS1",0.23386501965221,-11.7696233733186,2.16814921311575
"PXN",0.497209605407439,-10.4508028709362,2.33900531688047
"SIRT4",0.174120422480146,-12.6247712823772,2.05817582041029
"COX6A1",1.46494544845901,-9.08961008200325,2.61968271859046
"TRIAP1",0.536360842432971,-10.3460675865417,2.33416784263438
"GATC",0.243431321069781,-11.7117139674051,2.17278568107151
"SRSF9",1.10789521416211,-9.55558357446784,2.56400147398889
"DYNLL1",1.162614743855,-9.47940716075301,2.59174015150236
"DYNLL1-AS1",0.090721269291354,-12.7921404110945,1.91917469956789
"COQ5",0.454552020325396,-10.7022759199651,2.27415302267593
"RNF10",0.55101618778477,-10.2951605415306,2.32939646853511
"POP5",0.661240037915739,-10.0057439646348,2.37054748393564
"MLEC",0.454998332388208,-10.5064855314145,2.31662933000387
"UNC119B",0.253776510344264,-12.4304809561986,2.17385166909698
"ACADS",0.432153470739172,-11.066289033713,2.22495044312229
"SPPL3",0.427003874317524,-11.0736383029078,2.21634928193124
"C12orf43",0.441816887308936,-11.0597700948226,2.24380086597125
"OASL",0.446578773382856,-10.6341723293695,2.27606246823351
"P2RX7",0.22712266150858,-12.104790066756,2.17568849682712
"P2RX4",0.468952876908715,-10.9487575343855,2.27224704910563
"CAMKK2",0.469618518829442,-10.9387939108691,2.27228585409963
"ANAPC5",0.749896458124563,-9.96698440002141,2.42297185628758
"RNF34",0.443460092074118,-10.5203885560552,2.29563246760906
"KDM2B",0.466433065176947,-10.7988085163261,2.27213296681826
"ORAI1",0.597509136349912,-10.0683918005354,2.31425342741626
"MORN3",0.229652322568163,-11.8128955357699,2.16754706132433
"TMEM120B",0.366057967804558,-11.3287833212256,2.20834701635366
"RHOF",0.854831022150739,-9.83871939992872,2.44780059769218
"AC084018.1",0.420219054721827,-11.0903502698403,2.20814048474172
"SETD1B",0.395644952677768,-11.1950123910285,2.20189777546327
"PSMD9",0.887480112703163,-9.82391764253873,2.45867925424994
"RP11-87C12.2",0.223506913503804,-11.9791550530398,2.17392053640435
"BCL7A",0.340067388229639,-11.4191531240828,2.20820029460304
"MLXIP",0.442178066154855,-10.5271098862267,2.29131432558078
"DIABLO",0.470352481117701,-10.9244920150266,2.27226785827944
"VPS33A",0.471008256811995,-10.8777109729384,2.27196783532734
"CLIP1",0.465353162942224,-10.9848158321527,2.27139695591619
"ZCCHC8",0.371035178180678,-11.308387848168,2.20751175530643
"RSRC2",0.735350580031815,-9.98732859118028,2.41690750378849
"HCAR2",0.292898552493258,-11.5620231623232,2.19758929715922
"HCAR3",0.353837740617321,-11.3743489735633,2.20922688124465
"DENR",0.649814651413353,-10.0019334629975,2.36138822291965
"HIP1R",0.223506913503804,-11.9791550530398,2.17392053640435
"VPS37B",0.442122075246308,-10.5781039122348,2.27948218946652
"ABCB9",0.108196131760806,-13.0200960649104,2.02232033555741
"OGFOD2",0.425228860306968,-11.0772399231774,2.21384037041768
"ARL6IP4",1.48219066860342,-9.06279325244589,2.63725285975853
"PITPNM2",0.189222923805307,-12.520920249976,2.05838802962435
"MPHOSPH9",0.46485503834557,-10.9886066492698,2.27120526566729
"C12orf65",0.449100540920314,-10.5105830458822,2.30794674886897
"CDK2AP1",0.237474031983325,-11.7432841815218,2.1695380237315
"SBNO1",0.44496018733003,-10.5161641256298,2.29958013533196
"hsa-mir-8072",0.241587964993237,-11.7203125191351,2.17168265402027
"SETD8",0.223554738259914,-11.9715000141209,2.17352084545088
"RILPL2",0.930528059673558,-9.79712224690494,2.47380879566046
"SNRNP35",0.443791077811126,-10.6029347601237,2.27751755066995
"TMED2",1.10306501693892,-9.4913850119109,2.50047291614321
"DDX55",0.415046963269713,-11.1080426793087,2.20428394207382
"EIF2B1",0.586064586179896,-10.1362125116125,2.31566755220992
"GTF2H3",0.279756854451389,-11.6020065129566,2.1934278299972
"TCTN2",0.124744812975913,-12.9345239920951,2.0430897230423
"ATP6V0A2",0.33101305530525,-11.4462830540508,2.20660583562448
"CCDC92",0.324219516860707,-11.4662383054687,2.20512556831078
"ZNF664",0.243431321069781,-11.7117139674051,2.17278568107151
"NCOR2",0.457298670968369,-11.0291354747822,2.26627601744546
"SCARB1",0.243392010637346,-12.5436697682976,2.16895469212833
"UBC",2.07788248454339,-7.26441993059146,2.48622285854895
"DHX37",0.228218527898891,-11.8328472417398,2.1677628936284
"BRI3BP",0.387415497071228,-11.2345599720108,2.20365151181136
"AACS",0.228468715570751,-12.1186282691869,2.17441752459222
"LINC00944",0.248063606674305,-12.2567014115598,2.16085635613381
"SLC15A4",0.401299674451208,-11.1679179393041,2.20127607943342
"GLT1D1",0.235301446437578,-11.7582718172183,2.16862943826843
"STX2",0.235301446437578,-11.7582718172183,2.16862943826843
"RAN",1.46499949039072,-9.08394135051641,2.62585755283732
"GPR133",0.090721269291354,-12.7921404110945,1.91917469956789
"SFSWAP",0.4539544788363,-10.6976576509203,2.27426733380929
"MMP17",0.224685844288479,-11.9098833485468,2.17037723291924
"ULK1",0.239121755146729,-11.7333567076361,2.17034018854576
"PUS1",0.411015890030226,-11.1241298180287,2.2024862367745
"EP400",0.371035178180678,-11.308387848168,2.20751175530643
"EP400NL",0.262041219518392,-11.6511250774237,2.18475398016833
"DDX51",0.230060037367206,-12.131467514195,2.17270134224941
"NOC4L",0.46298492631935,-10.7674433077257,2.27264067935345
"RP13-977J11.2",0.371035178180678,-11.308387848168,2.20751175530643
"FBRSL1",0.309940402152195,-11.5089209858606,2.20176716673798
"POLE",0.230189928028585,-12.5414312256707,2.14290754443097
"PXMP2",0.363949299317625,-11.3370969602392,2.20861637561393
"PGAM5",0.217168357845664,-12.5125542968357,2.11121018860736
"ANKLE2",0.469652557233025,-10.8398791954599,2.27185401679674
"GOLGA3",0.38490862710076,-11.2464107177746,2.20427787268896
"CHFR",0.469910003802706,-10.8446074970775,2.27185107597225
"ZNF605",0.189222923805307,-12.520920249976,2.05838802962435
"ZNF140",0.394821138700262,-11.1989924306273,2.20204085266423
"ZNF10",0.235831001374619,-12.1654885580238,2.16626798040572
"ZNF268",0.294380013409298,-11.5573781680938,2.19798584160143
"MPHOSPH8",0.964459894905129,-9.74140396126796,2.47932670965699
"PSPC1",0.520053094744102,-10.3951055080019,2.33786941862128
"ZMYM5",0.41876523347763,-11.0949465185247,2.20686491455466
"ZMYM2",0.457339186975208,-10.5050182683626,2.31941521288078
"CRYL1",0.444799965049509,-10.5165187210985,2.29919075295317
"IFT88",0.23386501965221,-11.7696233733186,2.16814921311575
"N6AMT2",0.28226465445891,-11.5946080769549,2.19434563052973
"XPO4",0.375842218537906,-11.2877179277956,2.20650351365506
"LATS2",0.203504806423496,-12.4912497389434,2.07892517954733
"SAP18",1.46874817306485,-9.0961238554738,2.6116057403446
"MRP63",0.948744042502924,-9.77247575800576,2.47802916110287
"LINC00422",0.141473787659634,-12.8191386499719,2.05126746596957
"ZDHHC20",0.253776510344264,-12.4304809561986,2.17385166909698
"MICU2",0.541221568871718,-10.3299393118328,2.33271674445102
"SACS",0.252669045295664,-12.3369290773934,2.16608382286099
"MIPEP",0.237201218102107,-12.549029507341,2.1579848493556
"SPATA13",0.434473370897298,-11.0642321732457,2.22933455060039
"PARP4",0.467434317118172,-10.8095670087831,2.27201610242505
"CENPJ",0.197663683629374,-12.4947298912936,2.06814566555827
"PABPC3",0.090721269291354,-12.7921404110945,1.91917469956789
"MTMR6",0.402156426655047,-11.1638693220506,2.20124681578532
"NUPL1",0.431029775290445,-11.0675248271579,2.22292701973991
"RNF6",0.443677568708803,-10.6014743261178,2.27760817426372
"CDK8",0.335776925411619,-11.4321320549466,2.20751459858229
"USP12",0.355648341701213,-11.3679762538592,2.20920993508267
"RPL21",4.44059889464305,-5.00099692173394,2.25902243041018
"RASL11A",0.211561276790128,-12.5005332691513,2.09729795390912
"GTF3A",1.48996647567926,-9.05520222365872,2.63895514492972
"MTIF3",0.657484001423798,-10.0045396437022,2.36762300796873
"LNX2",0.252669045295664,-12.3369290773934,2.16608382286099
"POLR1D",1.1084702267411,-9.538032460826,2.54800760186755
"ATP5EP2",1.10811380309719,-9.50410000543764,2.51751557075329
"FLT3",0.16759266301054,-12.6777798123276,2.06112349582788
"PAN3",0.43371124623731,-11.0648461788982,2.22786589069926
"POMP",0.790228671457997,-9.90090253076417,2.43291049083805
"SLC46A3",0.404153181232032,-11.1545373369774,2.20126864703396
"SLC7A1",0.230189928028585,-12.5414312256707,2.14290754443097
"UBL3",0.554339075496849,-10.2826308784712,2.32817021260552
"LINC00544",0.217168357845664,-12.5125542968357,2.11121018860736
"KATNAL1",0.253657432497421,-12.3755230244616,2.1693722917142
"LINC00426",0.243431321069781,-11.7117139674051,2.17278568107151
"HMGB1",1.43544717249635,-8.33640443044896,2.54321433482087
"USPL1",0.303949947574791,-11.5274100049873,2.20034205527944
"ALOX5AP",1.07129500305383,-9.51057583151124,2.47573665448678
"HSPH1",0.461336846505291,-11.0107266950075,2.2693906361035
"B3GALTL",0.235831001374619,-12.1654885580238,2.16626798040572
"FRY-AS1",0.226062354165069,-12.0907010418493,2.17647385182811
"FRY",0.226965555352143,-11.8539915358263,2.1682399487526
"BRCA2",0.141473787659634,-12.8191386499719,2.05126746596957
"N4BP2L1",0.685860184145129,-10.0107262065562,2.38806810829647
"N4BP2L2",0.837151095234081,-9.85001185524966,2.44287947505165
"PDS5B",0.41876523347763,-11.0949465185247,2.20686491455466
"RFC3",0.223483964358326,-11.9978879830348,2.17485616472569
"SPG20",0.444309386855842,-10.6093721014139,2.27715060028305
"RFXAP",0.358755284880245,-11.3567763940505,2.20908540634382
"ALG5",0.492243280250362,-10.4607521491219,2.33841072754495
"EXOSC8",0.60482627814721,-10.030646048626,2.3176864213465
"SUPT20H",0.48885966162083,-10.4670432648585,2.33778694379068
"UFM1",0.591764601609499,-10.1029661827738,2.31427700069356
"PROSER1",0.417706406105695,-11.0984921151618,2.20603198222978
"NHLRC3",0.521820138655695,-10.390162330607,2.33756656705018
"COG6",0.318341970007255,-11.4835878418945,2.20375844416355
"FOXO1",0.428216570434736,-11.0714992812824,2.21820260460062
"MRPS31",0.553872733738184,-10.2844137198239,2.32834527515505
"SLC25A15",0.211561276790128,-12.5005332691513,2.09729795390912
"ELF1",0.711221095731313,-10.0064892511909,2.40392196459417
"WBP4",0.470556125667525,-10.8593455965825,2.27188268166667
"KBTBD6",0.203504806423496,-12.4912497389434,2.07892517954733
"KBTBD7",0.228468715570751,-12.1186282691869,2.17441752459222
"MTRF1",0.269506381763435,-11.6309400523358,2.18889423504674
"NAA16",0.471069480462207,-10.8836505086747,2.27200798015483
"RGCC",1.06940616451345,-9.51305067768425,2.47520375735207
"VWA8",0.223695027974275,-12.0241158264402,2.17597860349096
"DGKH",0.217168357845664,-12.5125542968357,2.11121018860736
"AKAP11",0.229216757627761,-11.8185740413693,2.16758308707388
"EPSTI1",0.917929796606624,-9.80810387130022,2.46973703750057
"DNAJC15",0.764763011697418,-9.94215482839549,2.42752313004082
"CCDC122",0.124744812975913,-12.9345239920951,2.0430897230423
"LACC1",0.241695900609293,-12.5467848054605,2.16624256450464
"TSC22D1",0.411350276131197,-11.1227362642734,2.20260063875948
"NUFIP1",0.265406466391688,-11.6420470295071,2.1867035920894
"GPALPP1",0.395475044594798,-11.1958381738975,2.20192792670038
"GTF2F2",0.441745124609285,-10.5705940578655,2.28032904775085
"TPT1",5.00957566373922,-4.82969067196178,2.10736632205492
"RP11-290D2.6",0.448275838854595,-11.0528545073394,2.25514211438042
"TPT1-AS1",0.422599320706511,-11.0835925361052,2.210594906622
"SLC25A30",0.158147028664132,-12.743367074885,2.06256469798137
"COG3",0.386374058617843,-11.2395056692224,2.20391040048792
"SPERT",0.090721269291354,-12.7921404110945,1.91917469956789
"ZC3H13",0.541556169572349,-10.3288020180414,2.33261147427645
"LCP1",1.37260853101504,-9.2082946616292,2.56720741466945
"KIAA0226L",0.387415497071228,-11.2345599720108,2.20365151181136
"LRCH1",0.243431321069781,-11.7117139674051,2.17278568107151
"ESD",0.606076996234657,-10.025726236846,2.31867821629032
"SUCLA2",0.457099449343144,-10.7216296761167,2.27367446362518
"NUDT15",0.3424062520656,-11.4119124168537,2.20850656884158
"MED4",0.914746164984437,-9.81029225419744,2.46861908368378
"MED4-AS1",0.090721269291354,-12.7921404110945,1.91917469956789
"ITM2B",2.01125703672804,-7.44541015309948,2.43371340179573
"RB1",0.454126931714967,-10.6989936899503,2.27423339446287
"LPAR6",0.464080684207608,-10.5000269974489,2.32592469154968
"RCBTB2",0.461513936027811,-10.5020802823818,2.32367613368166
"CYSLTR2",0.108196131760806,-13.0200960649104,2.02232033555741
"FNDC3A",0.427867446793118,-11.0720831208783,2.21765595472018
"CDADC1",0.408123359824736,-11.1365550071629,2.20172313599142
"CAB39L",0.203504806423496,-12.4912497389434,2.07892517954733
"SETDB2",0.469342933292002,-10.834729487107,2.27186454188571
"PHF11",0.7151019088196,-10.0045960706054,2.40617975668983
"RCBTB1",0.224820970152689,-12.0670005958397,2.17690569188224
"ARL11",0.399206633592182,-11.1778740585519,2.20142359739029
"EBPL",0.623134506283802,-9.99781053592549,2.33625039551542
"KPNA3",0.452547551377862,-10.6865976082231,2.2745419023494
"SPRYD7",0.377786134052374,-11.2791081096936,2.206051454787
"TRIM13",0.439802940473279,-11.0610103999574,2.2398782579355
"DLEU1",0.32619895134431,-11.4604141370619,2.20557452675428
"DLEU7",0.189222923805307,-12.520920249976,2.05838802962435
"RNASEH2B",0.820917432051246,-9.86377664964585,2.43900365132788
"INTS6",0.449248994765384,-11.0512244947746,2.25662638474856
"INTS6-AS1",0.303949947574791,-11.5274100049873,2.20034205527944
"WDFY2",0.341450871520497,-11.4148798667032,2.20838647618076
"DHRS12",0.470983252232793,-10.8759941564151,2.27195773717067
"RP11-327P2.5",0.262041219518392,-11.6511250774237,2.18475398016833
"ALG11",0.250066880072025,-12.508963921607,2.17627790166079
"UTP14C",0.230189928028585,-12.5414312256707,2.14290754443097
"NEK3",0.223506913503804,-11.9791550530398,2.17392053640435
"VPS36",0.459091006260252,-10.5038448290042,2.32130409608385
"CKAP2",0.355648341701213,-11.3679762538592,2.20920993508267
"HNRNPA1L2",0.318341970007255,-11.4835878418945,2.20375844416355
"SUGT1",0.638774792885747,-9.99842582744102,2.35169419793815
"TDRD3",0.383089885247152,-11.2548981870833,2.20473571080868
"PCDH9",0.226965555352143,-11.8539915358263,2.1682399487526
"MZT1",0.45739595659229,-10.5049817616692,2.31947878602144
"BORA",0.230775156673327,-11.7994739811921,2.16756261210683
"DIS3",0.436727614182824,-11.0627330693576,2.23375730723505
"PIBF1",0.469190435904401,-10.9453920866611,2.27226794250381
"KLF5",0.203504806423496,-12.4912497389434,2.07892517954733
"KLF12",0.441446785693487,-10.5631862484195,2.28132287280301
"LINC00402",0.450217692207375,-11.0494011192308,2.25803510715799
"TBC1D4",0.469356526630539,-10.9429519631914,2.2722774343432
"COMMD6",1.58664328093371,-8.69926947796008,2.60137711823179
"UCHL3",0.5248192830669,-10.381557616132,2.33699161777598
"LMO7",0.224685844288479,-11.9098833485468,2.17037723291924
"KCTD12",0.440390453157757,-11.0606719515141,2.24103558895101
"CLN5",0.47061410382862,-10.8610382644676,2.27188859630693
"FBXL3",0.441912417535636,-10.529361472362,2.2901996674253
"MYCBP2",0.580018258233664,-10.168926645932,2.31783236682144
"SLAIN1",0.238267439470462,-12.1788669084481,2.16398271757428
"RNF219-AS1",0.124744812975913,-12.9345239920951,2.0430897230423
"RNF219",0.276234074996775,-11.6121930892694,2.19202297773267
"RBM26",0.470773670483536,-10.9125605638885,2.27220902945437
"RBM26-AS1",0.245114617009385,-12.2264377372537,2.16043442882709
"NDFIP2",0.223506913503804,-11.9791550530398,2.17392053640435
"TGDS",0.371864737553081,-11.304893420966,2.20735161476811
"GPR180",0.224065621849842,-11.9347801167679,2.1716016566889
"ABCC4",0.124744812975913,-12.9345239920951,2.0430897230423
"DNAJC3-AS1",0.230189928028585,-12.5414312256707,2.14290754443097
"DNAJC3",0.469073952242012,-10.9470759180348,2.27225746463897
"UGGT2",0.090721269291354,-12.7921404110945,1.91917469956789
"MBNL2",0.368990430787037,-11.3169031375202,2.20788440781945
"RAP2A",0.248063606674305,-12.2567014115598,2.16085635613381
"IPO5",0.450902623891988,-11.0479865637424,2.25898958522371
"STK24",0.467152590207921,-10.8064199534386,2.27204587610834
"DOCK9",0.283289517473143,-11.5915210627692,2.19470062821077
"DOCK9-AS2",0.174120422480146,-12.6247712823772,2.05817582041029
"UBAC2-AS1",0.158147028664132,-12.743367074885,2.06256469798137
"UBAC2",0.72108477482953,-10.000857453947,2.40955935610895
"GPR18",0.460165767087199,-10.7449678941262,2.27312256352863
"GPR183",0.712958343154685,-10.0056889142643,2.40493746179899
"TM9SF2",0.495997030127597,-10.4533115305633,2.33889363120862
"CLYBL",0.352919942696706,-11.3775278756727,2.20922402379743
"PCCA",0.235301446437578,-11.7582718172183,2.16862943826843
"GGACT",0.241904545563597,-12.2014659440717,2.16146712228198
"TMTC4",0.235831001374619,-12.1654885580238,2.16626798040572
"TPP2",0.458547605460576,-10.7325907647885,2.27341210159252
"TEX30",0.336747253740007,-11.4292249806333,2.20768150937996
"BIVM",0.241904545563597,-12.2014659440717,2.16146712228198
"ERCC5",0.462462992702798,-11.0043833175682,2.27006223214441
"ARGLU1",0.87630721796088,-9.82852581970371,2.45472985478003
"ABHD13",0.463104616163342,-10.7684436265857,2.27262105956783
"TNFSF13B",0.924876164062396,-9.80254812942198,2.47206174330063
"IRS2",0.470163546357878,-10.9287032292646,2.27227889601841
"RAB20",0.348901448787346,-11.3910718616814,2.20908977133735
"CARKD",0.319344583891345,-11.4806092560161,2.20399355485001
"CARS2",0.573601176289195,-10.2007234734953,2.32041567812114
"ING1",0.442814044819607,-11.0590420545197,2.24569343860669
"ANKRD10",0.478006450653116,-10.4844219812702,2.33439367610099
"ARHGEF7",0.347966476636038,-11.3941523124697,2.20903480623776
"TUBGCP3",0.341450871520497,-11.4148798667032,2.20838647618076
"ATP11A",0.431829747166416,-11.0666301549537,2.22436033133221
"MCF2L",0.158147028664132,-12.743367074885,2.06256469798137
"MCF2L-AS1",0.252669045295664,-12.3369290773934,2.16608382286099
"PCID2",0.60356870695947,-10.0360999197197,2.31679603190477
"CUL4A",0.441151919990886,-10.5473619500099,2.28427570972873
"LAMP1",0.940967138505331,-9.78446444579286,2.47654061030125
"DCUN1D2",0.211561276790128,-12.5005332691513,2.09729795390912
"TMCO3",0.389152308112735,-11.2262808848236,2.2032345380696
"TFDP1",0.447546091022237,-10.5121405724012,2.30511704605942
"TMEM255B",0.217168357845664,-12.5125542968357,2.11121018860736
"GAS6",0.224897314176702,-12.5307592002766,2.13038747028561
"RASA3",0.578773814562554,-10.1753176360423,2.31832067052862
"CDC16",0.458252478955135,-11.0253179679629,2.26711639238459
"UPF3A",0.603191724965673,-10.0378331186996,2.3165499167931
"CHAMP1",0.321787468070285,-11.4733956549449,2.20456706007782
"TTC5",0.464962652157125,-10.987797172115,2.27124901174385
"CCNB1IP1",0.442705105726864,-10.5237432200339,2.29325345749581
"RPPH1",0.22359885487826,-12.0165619881248,2.1756934881188
"PARP2",0.264423314147689,-11.6446953514024,2.18614617169067
"TEP1",0.228218527898891,-11.8328472417398,2.1677628936284
"OSGEP",0.512187376433485,-10.4160344252975,2.33888055318104
"APEX1",1.0504295286961,-9.54245108053722,2.47217457328108
"TMEM55B",0.479082032422276,-10.4828945165001,2.33483663065065
"PNP",0.443596950928513,-10.6004165664405,2.27767436209797
"RNASE4",0.223870619032143,-11.9454939698466,2.17215441294605
"ANG",0.223554738259914,-11.9715000141209,2.17352084545088
"RNASE6",0.636804654877138,-9.99794477318597,2.3498676835071
"RNASE1",0.108196131760806,-13.0200960649104,2.02232033555741
"RP11-84C10.2",0.158147028664132,-12.743367074885,2.06256469798137
"RNASE2",0.407182377810475,-11.1407324035722,2.20155781706561
"METTL17",0.441708739954289,-10.5697851016106,2.28042706668222
"NDRG2",0.385644368635365,-11.2429541466967,2.20409298919515
"ARHGEF40",0.447534326233077,-10.5121539148045,2.30509446988966
"HNRNPC",1.3573851932938,-9.22097261861313,2.56721044134672
"SUPT16H",0.453706850466679,-10.6957324281892,2.27431518230479
"CHD8",0.432153470739172,-11.066289033713,2.22495044312229
"RAB2B",0.248063606674305,-12.2567014115598,2.16085635613381
"TOX4",0.542700655752723,-10.3248783165141,2.33224577357178
"METTL3",0.471077943439716,-10.8941965816732,2.27208340683345
"SALL2",0.124744812975913,-12.9345239920951,2.0430897230423
"DAD1",1.19533462890262,-9.42193929481833,2.5860397556621
"ABHD4",0.174120422480146,-12.6247712823772,2.05817582041029
"OXA1L",0.951903975540393,-9.76694566391983,2.47847974279294
"SLC7A7",0.815061737926441,-9.86968576722553,2.43774139435679
"MRPL52",0.742625873519058,-9.97789031648489,2.4201494279347
"MMP14",0.108196131760806,-13.0200960649104,2.02232033555741
"LRP10",0.611800784507053,-10.0095134791775,2.32413920291669
"REM2",0.124744812975913,-12.9345239920951,2.0430897230423
"RBM23",0.767166962303428,-9.93803105073088,2.42812342299913
"PRMT5-AS1",0.141473787659634,-12.8191386499719,2.05126746596957
"PRMT5",0.406088429914157,-11.1456644063624,2.20141239290653
"HAUS4",0.493242218198795,-10.4588207500569,2.33856034110714
"C14orf93",0.264423314147689,-11.6446953514024,2.18614617169067
"PSMB5",0.618212741180173,-10.0006532911508,2.33099380405738
"ACIN1",0.441650492625255,-10.5322653822968,2.28893005178779
"C14orf119",0.631237754935527,-9.99701844246756,2.34451951648215
"CEBPE",0.174120422480146,-12.6247712823772,2.05817582041029
"HOMEZ",0.246161006325488,-11.7003570237215,2.17449086994333
"PPP1R3E",0.447866536741136,-11.0534847721999,2.25449952205691
"BCL2L2",0.141473787659634,-12.8191386499719,2.05126746596957
"PABPN1",0.573802130636674,-10.1997712995744,2.32033314783714
"SLC22A17",0.174120422480146,-12.6247712823772,2.05817582041029
"CMTM5",0.241047186219801,-12.195725343241,2.16194635968819
"NGDN",0.566247256115627,-10.2341071888217,2.32345812337332
"RP11-66N24.4",0.450902623891988,-11.0479865637424,2.25898958522371
"AP1G2",0.44802283359268,-10.5116126062662,2.30601734060462
"RP11-66N24.3",0.23078253123122,-12.1364778837008,2.17188129372768
"DHRS4",0.418366342354121,-11.096266171589,2.20654131695175
"DHRS4L2",0.673584199419216,-10.0090217105392,2.37964698153147
"NRL",0.252848887651615,-12.4667426727497,2.17603331892423
"PCK2",0.448559247750488,-11.0523924368995,2.25557852176882
"DCAF11",0.512351848228549,-10.4156157454752,2.33886538506449
"FITM1",0.108196131760806,-13.0200960649104,2.02232033555741
"PSME1",1.37457910454785,-8.02887755221704,2.56921228518471
"EMC9",0.443517585831591,-11.0584721859879,2.24700603631286
"RP11-468E2.5",0.264423314147689,-11.6446953514024,2.18614617169067
"PSME2",1.60598268038956,-8.79817672555697,2.61666690901242
"RNF31",0.252669045295664,-12.3369290773934,2.16608382286099
"RP11-468E2.4",0.412114471227,-11.1195736580717,2.20288276664317
"IRF9",0.69997769442282,-10.0099205881417,2.39712164320227
"REC8",0.454276128600714,-11.039408896586,2.26320376499585
"IPO4",0.315885778068481,-11.4909045559396,2.20317613981035
"TM9SF1",0.232716917859322,-12.1484300758739,2.16966635603658
"CHMP4A",1.10845658817549,-9.56310497034715,2.57284966011947
"MDP1",0.467230065812194,-10.9684566412386,2.2719567231093
"NEDD8",1.46687177967065,-9.08001626669123,2.62920407447579
"GMPR2",0.685804999488926,-10.0107228676113,2.38803152499654
"TINF2",0.720087865878622,-10.001559211666,2.40900711730092
"TGM1",0.124744812975913,-12.9345239920951,2.0430897230423
"RABGGTA",0.452145600029409,-10.6833851350225,2.27462305141618
"DHRS1",0.441154817695724,-10.5465026518604,2.28447828993176
"NOP9",0.23386501965221,-11.7696233733186,2.16814921311575
"CIDEB",0.438320195872215,-11.0618374495853,2.23692846191139
"LTB4R",0.469130438973407,-10.831467069958,2.27187668404699
"ADCY4",0.174120422480146,-12.6247712823772,2.05817582041029
"RIPK3",0.348901448787346,-11.3910718616814,2.20908977133735
"CBLN3",0.134486423716054,-12.8558240348517,2.04569081801718
"KHNYN",0.460513131752885,-11.0149730421718,2.26884319915514
"SDR39U1",0.48613920594075,-10.4718069924186,2.33714800091192
"GZMH",0.869584240750808,-9.83144007784823,2.452458098512
"GZMB",1.05517880483958,-9.53438923030366,2.47259548980516
"G2E3",0.28226465445891,-11.5946080769549,2.19434563052973
"SCFD1",0.525938510908424,-10.3782907904933,2.33676171728778
"COCH",0.243456676988861,-12.2128061647154,2.16081731150848
"STRN3",0.232716917859322,-12.1484300758739,2.16966635603658
"AP4S1",0.237474031983325,-11.7432841815218,2.1695380237315
"HECTD1",0.475793965741673,-10.487424428554,2.33340190709093
"HEATR5A",0.240833156429668,-12.1943115620664,2.16207577526586
"RP11-176H8.1",0.158147028664132,-12.743367074885,2.06256469798137
"DTD2",0.291868987972595,-11.5652337563203,2.1973099932792
"NUBPL",0.223506913503804,-11.9791550530398,2.17392053640435
"ARHGAP5-AS1",0.108196131760806,-13.0200960649104,2.02232033555741
"ARHGAP5",0.410508970363257,-11.1262600224375,2.20232349699316
"EGLN3",0.230189928028585,-12.5414312256707,2.14290754443097
"SPTSSA",0.467019605487204,-10.4973747175797,2.32820104608398
"EAPP",0.822886102583844,-9.86190075891157,2.43944147450572
"SNX6",0.786753751662747,-9.90607169473089,2.43225528336017
"CFL2",0.228218527898891,-11.8328472417398,2.1677628936284
"BAZ1A",0.97990799401582,-9.70412066108437,2.4785163760628
"RP11-73E17.2",0.229216757627761,-11.8185740413693,2.16758308707388
"SRP54",0.45998535204838,-10.5032133734262,2.32221068595775
"FAM177A1",0.64755162450478,-10.0011695592463,2.35947848846324
"PPP2R3C",0.546007210065809,-10.3133301786947,2.33115260228874
"KIAA0391",0.174120422480146,-12.6247712823772,2.05817582041029
"PSMA6",0.587254953488465,-10.1294480015873,2.31530640190534
"NFKBIA",1.51418054408962,-9.03098392177739,2.64115907562996
"RALGAPA1",0.399206633592182,-11.1778740585519,2.20142359739029
"BRMS1L",0.224065621849842,-11.9347801167679,2.1716016566889
"MBIP",0.467269051057546,-10.9680744008023,2.27196574441331
"SEC23A",0.465277697773284,-10.7875618737204,2.27228848413651
"GEMIN2",0.355648341701213,-11.3679762538592,2.20920993508267
"TRAPPC6B",0.443517585831591,-11.0584721859879,2.24700603631286
"PNN",0.729675111026394,-9.99350993281199,2.41411971943699
"CTAGE5",0.229216757627761,-11.8185740413693,2.16758308707388
"RP11-407N17.5",0.243456676988861,-12.2128061647154,2.16081731150848
"FBXO33",0.437272331607166,-11.0624115958199,2.23484318319696
"C14orf28",0.28226465445891,-11.5946080769549,2.19434563052973
"KLHL28",0.451182578741545,-11.0473786367372,2.25936905724913
"FAM179B",0.279756854451389,-11.6020065129566,2.1934278299972
"PRPF39",0.303949947574791,-11.5274100049873,2.20034205527944
"FKBP3",0.640322667465058,-9.9988554751871,2.35311015436256
"FANCM",0.189222923805307,-12.520920249976,2.05838802962435
"MIS18BP1",0.465224477977023,-10.4990314930805,2.32684833185082
"RPS29",3.06997572289781,-6.30437394684969,2.31641449767511
"RN7SL1",0.224820970152689,-12.0670005958397,2.17690569188224
"AL139099.1",0.248063606674305,-12.2567014115598,2.16085635613381
"LRR1",0.359648244991767,-11.3534775894331,2.20902733604245
"RPL36AL",1.48459676484594,-7.92737303725103,2.5462088034646
"MGAT2",0.450161520224871,-10.5097082990822,2.30972973344925
"RP11-649E7.5",0.247088309743925,-12.5303994035623,2.17384969389464
"DNAAF2",0.441348246011248,-10.5600925379871,2.28179990237376
"POLE2",0.108196131760806,-13.0200960649104,2.02232033555741
"KLHDC1",0.189222923805307,-12.520920249976,2.05838802962435
"KLHDC2",0.587547645884589,-10.1277695204427,2.31522215668331
"NEMF",0.665733167575183,-10.0070958456299,2.37394999702581
"ARF6",1.15574888720831,-9.49208524893624,2.59269410770212
"C14orf182",0.230189928028585,-12.5414312256707,2.14290754443097
"RP11-58E21.3",0.239121755146729,-11.7333567076361,2.17034018854576
"VCPKMT",0.441106494975151,-11.060235648736,2.24242918160908
"SOS2",0.226965555352143,-11.8539915358263,2.1682399487526
"L2HGDH",0.197663683629374,-12.4947298912936,2.06814566555827
"ATP5S",0.447882568794656,-10.5117653720156,2.30575622819098
"CDKL1",0.189222923805307,-12.520920249976,2.05838802962435
"MAP4K5",0.351171286008345,-11.3834909426269,2.20918834958548
"SAV1",0.231896163679567,-12.1435547972649,2.17060063740439
"NIN",0.470362487579358,-10.8542757868937,2.27186522006294
"PYGL",0.470362487579358,-10.8542757868937,2.27186522006294
"TMX1",0.61284680566371,-10.0075105546641,2.32522833473903
"GNG2",0.694070017891045,-10.0106798024136,2.3934091290796
"RP11-463J10.3",0.174120422480146,-12.6247712823772,2.05817582041029
"C14orf166",1.10812935607799,-9.56081776504482,2.56980142660592
"PTGDR",0.443898737167442,-10.6042953739147,2.27743593113927
"PTGER2",0.743142260367757,-9.97716078894348,2.42036405311062
"TXNDC16",0.253657432497421,-12.3755230244616,2.1693722917142
"ERO1L",0.371035178180678,-11.308387848168,2.20751175530643
"RP11-841O20.2",0.197663683629374,-12.4947298912936,2.06814566555827
"PSMC6",0.586376412061089,-10.1344492853593,2.31557068810617
"STYX",0.463008248319403,-11.0010795224206,2.27035424340138
"GNPNAT1",0.344727029962021,-11.4046107988564,2.20876481991351
"DDHD1",0.386694205114887,-11.2379833690839,2.20382975371651
"CDKN3",0.226638644512834,-12.09882799307,2.1760808961638
"CNIH1",0.700450422033005,-10.0098335564287,2.39741633662089
"GMFB",0.463008248319403,-11.0010795224206,2.27035424340138
"CGRRF1",0.460486813357894,-10.7474458493828,2.27306584406441
"SAMD4A",0.33101305530525,-11.4462830540508,2.20660583562448
"GCH1",0.527218515822182,-10.3745017891654,2.33648437637639
"WDHD1",0.108196131760806,-13.0200960649104,2.02232033555741
"SOCS4",0.223506913503804,-11.9791550530398,2.17392053640435
"MAPK1IP1L",0.649533738732378,-10.0018361345786,2.36115251663922
"LGALS3",1.1187519842703,-9.558784618187,2.59032678383658
"FBXO34",0.431829747166416,-11.0666301549537,2.22436033133221
"ATG14",0.229216757627761,-11.8185740413693,2.16758308707388
"KTN1",0.71596591306152,-10.0041264761314,2.40667792448031
"PELI2",0.189222923805307,-12.520920249976,2.05838802962435
"TMEM260",0.226965555352143,-11.8539915358263,2.1682399487526
"EXOC5",0.457556992384257,-11.0281337032581,2.26650842588907
"AP5M1",0.464128151115905,-10.7771768711149,2.2724579070653
"NAA30",0.327625183902159,-11.4562335460741,2.20588919150169
"ACTR10",0.613606821289624,-10.0062218888884,2.32603579611268
"PSMA3",0.784981114410011,-9.9087791718615,2.43191779698859
"RP11-349A22.5",0.624647631331239,-9.99738282460119,2.33783833458242
"ARID4A",0.629642976320799,-9.99691504211104,2.34293495113948
"TIMM9",0.6068201558571,-10.0230402498601,2.31931238666498
"KIAA0586",0.223506913503804,-11.9791550530398,2.17392053640435
"DAAM1",0.319344583891345,-11.4806092560161,2.20399355485001
"L3HYPDH",0.256458208315558,-11.6666219050736,2.18126431842578
"JKAMP",0.4580139666612,-10.7285417598938,2.27350650234105
"RTN1",0.241695900609293,-12.5467848054605,2.16624256450464
"PCNXL4",0.264423314147689,-11.6446953514024,2.18614617169067
"DHRS7",1.11017806311528,-9.56651854832523,2.58007032709553
"PPM1A",0.450890090552249,-10.673128820893,2.27488801695452
"MNAT1",0.471082805234978,-10.8858748010942,2.27202293775733
"TRMT5",0.223483964358326,-11.9978879830348,2.17485616472569
"SLC38A6",0.248182685417313,-11.6927940738112,2.17580024179626
"PRKCH",0.685076868589638,-10.0106774708479,2.38754671401124
"TMEM30B",0.248063606674305,-12.2567014115598,2.16085635613381
"HIF1A",0.442196916581248,-10.57944063175,2.27934690873783
"SNAPC1",0.407422221264717,-11.1396657475591,2.20159670875146
"PPP2R5E",0.463104616163342,-10.7684436265857,2.27262105956783
"CTD-2302E22.4",0.117913150105663,-12.9954662061038,2.04171346236043
"WDR89",0.253309504187197,-11.6759268360451,2.17920616014382
"SGPP1",0.421222617755518,-11.08739230309,2.2091223616577
"SYNE2",0.552116913219058,-10.2910518511828,2.32899515710639
"MTHFD1",0.391542381200609,-11.2148170147019,2.20269764738519
"ZBTB25",0.44663321542813,-10.6347118592001,2.27604282236088
"AKAP5",0.203504806423496,-12.4912497389434,2.07892517954733
"ZBTB1",0.443326829727088,-10.5968197376977,2.27791157764779
"HSPA2",0.108196131760806,-13.0200960649104,2.02232033555741
"PLEKHG3",0.276234074996775,-11.6121930892694,2.19202297773267
"CHURC1",0.910532442272249,-9.81294473380278,2.46711120160379
"FNTB",0.250273336557541,-12.2871527362687,2.16237099282398
"MAX",0.792435270859121,-9.89771448022567,2.43332382247231
"FUT8",0.285804672065154,-11.5839316416338,2.19552882576664
"RP11-72M17.1",0.108196131760806,-13.0200960649104,2.02232033555741
"GPHN",0.230189928028585,-12.5414312256707,2.14290754443097
"FAM71D",0.452538331969986,-11.0441732940492,2.26113552391318
"MPP5",0.250273336557541,-12.2871527362687,2.16237099282398
"ATP6V1D",0.543740307117116,-10.3212856040133,2.33190816407093
"EIF2S1",0.587953315134971,-10.1254331133303,2.31510800532175
"PLEK2",0.101084877533373,-12.9582856770516,1.98697941273538
"TMEM229B",0.230775156673327,-11.7994739811921,2.16756261210683
"PIGH",0.443596950928513,-10.6004165664405,2.27767436209797
"ARG2",0.207958832313227,-12.4948363334425,2.08872989060712
"VTI1B",0.68440003101012,-10.0106267979742,2.38709549330444
"RDH11",0.518965781915624,-10.3980993359624,2.33804112700038
"ZFYVE26",0.224035905850509,-12.0423659378371,2.17656425261388
"RAD51B",0.276695300964154,-11.6108773913882,2.19221651858524
"ZFP36L1",1.0581958443222,-9.52950981306353,2.47296958049548
"ACTN1",0.514692602259926,-10.4095479375015,2.33861881505486
"DCAF5",0.443501112752497,-10.5991518580621,2.27775581399347
"EXD2",0.241695900609293,-12.5467848054605,2.16624256450464
"ERH",1.13482376870029,-9.53110609128699,2.59398420361049
"SLC39A9",0.276234074996775,-11.6121930892694,2.19202297773267
"KIAA0247",0.427867446793118,-11.0720831208783,2.21765595472018
"SRSF5",1.32117887711675,-8.07391064359026,2.57784235391861
"COX16",0.734804861694382,-9.98796782507189,2.41664891722083
"SYNJ2BP",0.462687695900046,-11.0030379728966,2.27018466021815
"MED6",0.502788566562312,-10.4386686513509,2.33926894544208
"TTC9",0.239121755146729,-11.7333567076361,2.17034018854576
"MAP3K9",0.141473787659634,-12.8191386499719,2.05126746596957
"PCNX",0.452941256012765,-11.0431410237176,2.261634690349
"RP6-91H8.3",0.252848887651615,-12.4667426727497,2.17603331892423
"SIPA1L1",0.463227364908191,-10.9997074220818,2.27046751337242
"DCAF4",0.253309504187197,-11.6759268360451,2.17920616014382
"ZFYVE1",0.223483964358326,-11.9978879830348,2.17485616472569
"RBM25",0.836383679068304,-9.85058349653632,2.44268290446472
"PSEN1",0.467656805323684,-10.9641422478343,2.27204912278007
"RP4-647C14.3",0.090721269291354,-12.7921404110945,1.91917469956789
"NUMB",0.561288146451352,-10.2550605629282,2.32547210289428
"ACOT2",0.438359458117575,-11.0618177554228,2.23700850805954
"ACOT4",0.264423314147689,-11.6446953514024,2.18614617169067
"DNAL1",0.241695900609293,-12.5467848054605,2.16624256450464
"PNMA1",0.460596961059538,-11.014554383966,2.26890113707334
"ELMSAN1",0.315885778068481,-11.4909045559396,2.20317613981035
"RP5-1021I20.1",0.141473787659634,-12.8191386499719,2.05126746596957
"PTGR2",0.248063606674305,-12.2567014115598,2.16085635613381
"ZNF410",0.250273336557541,-12.2871527362687,2.16237099282398
"FAM161B",0.241904545563597,-12.2014659440717,2.16146712228198
"COQ6",0.454697654954174,-11.0381385396079,2.26367020953687
"ENTPD5",0.252848887651615,-12.4667426727497,2.17603331892423
"CCDC176",0.203504806423496,-12.4912497389434,2.07892517954733
"ALDH6A1",0.259698035201824,-11.6575219173265,2.18331637770344
"LIN52",0.246161006325488,-11.7003570237215,2.17449086994333
"ABCD4",0.471079982325748,-10.8938472025987,2.27208079657434
"NPC2",1.50738556053467,-9.0379995147047,2.640866200677
"ISCA2",0.603060949866962,-10.0384473444592,2.31646845634279
"AREL1",0.239121755146729,-11.7333567076361,2.17034018854576
"FCF1",0.246980506215015,-11.697220033757,2.17501935050782
"YLPM1",0.431029775290445,-11.0675248271579,2.22292701973991
"DLST",0.470466845730779,-10.8568773049975,2.27187370294591
"RPS6KL1",0.179079171372477,-12.5851870903322,2.05642686546188
"EIF2B2",0.471069480462207,-10.8836505086747,2.27200798015483
"RP11-950C14.3",0.141473787659634,-12.8191386499719,2.05126746596957
"MLH3",0.393865625080279,-11.2035936492173,2.20221685643291
"ACYP1",0.453706850466679,-10.6957324281892,2.27431518230479
"NEK9",0.357857053743936,-11.3600580995814,2.20913446435256
"TMED10",0.921229740667624,-9.80559213279556,2.47086075716008
"FOS",3.62947840742373,-5.68468260260235,2.18903731245989
"RP11-293M10.5",0.224554648387167,-12.0600007742538,2.17687390222265
"JDP2",0.249029583942693,-11.6898006335492,2.17635571763485
"BATF",0.557391490980485,-10.2707732007156,2.32700991155959
"FLVCR2",0.250066880072025,-12.508963921607,2.17627790166079
"TTLL5",0.262041219518392,-11.6511250774237,2.18475398016833
"C14orf1",0.611359581972746,-10.0104244713405,2.32368172609532
"IFT43",0.466423495267949,-10.9759656736901,2.27174636848317
"TGFB3",0.108196131760806,-13.0200960649104,2.02232033555741
"GPATCH2L",0.462462992702798,-11.0043833175682,2.27006223214441
"VASH1",0.189222923805307,-12.520920249976,2.05838802962435
"RP11-488C13.5",0.224535422019339,-11.9151501440451,2.17062685374048
"ANGEL1",0.223506913503804,-11.9791550530398,2.17392053640435
"IRF2BPL",0.431829747166416,-11.0666301549537,2.22436033133221
"CIPC",0.250066880072025,-12.508963921607,2.17627790166079
"GSTZ1",0.430786444000863,-11.0678201252707,2.22249737541224
"TMED8",0.23386501965221,-11.7696233733186,2.16814921311575
"VIPAS39",0.303949947574791,-11.5274100049873,2.20034205527944
"AHSA1",0.667994732942379,-10.0077037970833,2.37561797768273
"SPTLC2",0.456033118269232,-10.7135519336819,2.27387145634838
"ALKBH1",0.253309504187197,-11.6759268360451,2.17920616014382
"SLIRP",0.658496853941491,-10.004871002201,2.36842016742969
"SNW1",0.739561117352569,-9.98207217455559,2.41883603182695
"ADCK1",0.203504806423496,-12.4912497389434,2.07892517954733
"CEP128",0.251043590229985,-12.498046019625,2.17663952098868
"GTF2A1",0.248182685417313,-11.6927940738112,2.17580024179626
"SEL1L",0.427711524743396,-11.0723526442875,2.2174167823808
"CTD-2341M24.1",0.223695027974275,-12.0241158264402,2.17597860349096
"GALC",0.229216757627761,-11.8185740413693,2.16758308707388
"GPR65",0.441583724308817,-10.5668496357276,2.28080589354849
"SPATA7",0.160919524648358,-12.7261534701212,2.06272317382464
"ZC3H14",0.468827847026835,-10.9504354417836,2.27223560509617
"EML5",0.108196131760806,-13.0200960649104,2.02232033555741
"TTC8",0.179079171372477,-12.5851870903322,2.05642686546188
"FOXN3",0.605052748245656,-10.0297076293284,2.31785844469859
"EFCAB11",0.253776510344264,-12.4304809561986,2.17385166909698
"TDP1",0.453486276564234,-11.0416748784265,2.26229070497658
"PSMC1",0.318341970007255,-11.4835878418945,2.20375844416355
"NRDE2",0.32619895134431,-11.4604141370619,2.20557452675428
"CALM1",1.22650996899181,-8.12575845083319,2.5746318547267
"RPS6KA5",0.442525520185403,-11.0592618382552,2.24514909905223
"C14orf159",0.442808091241849,-10.5893857172035,2.27846027187681
"GPR68",0.228468715570751,-12.1186282691869,2.17441752459222
"CTD-2547L24.4",0.101084877533373,-12.9582856770516,1.98697941273538
"CCDC88C",0.562729324248258,-10.2490969161822,2.32489427591567
"SMEK1",0.443823043014846,-10.5191360299888,2.29666372992355
"TC2N",0.619361004012878,-9.99976179961373,2.3322292620209
"FBLN5",0.455237028190971,-10.7075209649482,2.27402338846774
"TRIP11",0.452879554239741,-11.0433046671496,2.26155824421009
"ATXN3",0.441477392307794,-10.5348451744785,2.28792739227502
"NDUFB1",0.87297052576917,-9.82994935638877,2.45359077457709
"CPSF2",0.429885971519857,-11.0689786371609,2.22093782401831
"SLC24A4",0.322784307187702,-11.4704529360613,2.20479588854816
"RIN3",0.602818847152733,-10.0396024661181,2.31631981281804
"LGMN",0.286834635663022,-11.5807955599529,2.19585236233327
"GOLGA5",0.394821138700262,-11.1989924306273,2.20204085266423
"ITPK1",0.46864147168578,-10.9528412152691,2.27221323904934
"MOAP1",0.57917066053489,-10.1732914501281,2.31816347004116
"TMEM251",0.450750935072458,-10.6719780014593,2.27491939255416
"C14orf142",0.470790340527535,-10.86686568274,2.2719105084897
"UBR7",0.324219516860707,-11.4662383054687,2.20512556831078
"BTBD7",0.375842218537906,-11.2877179277956,2.20650351365506
"ASB2",0.252848887651615,-12.4667426727497,2.17603331892423
"DDX24",1.03354441680619,-9.57466603593711,2.47204562790629
"IFI27L1",0.359648244991767,-11.3534775894331,2.20902733604245
"IFI27",0.446206280654409,-10.6303839957232,2.27620274327713
"IFI27L2",0.834818662457055,-9.85176868622085,2.44228546419019
"SERPINA1",1.13269216245913,-9.53502733635332,2.59387433772676
"DICER1",0.467430067417316,-10.9664679128334,2.27200133886755
"DICER1-AS1",0.174120422480146,-12.6247712823772,2.05817582041029
"CLMN",0.258748343647862,-11.6601487887884,2.18272220633917
"LINC00341",0.237201218102107,-12.549029507341,2.1579848493556
"SYNE3",0.241587964993237,-11.7203125191351,2.17168265402027
"RP11-1070N10.3",0.252946448542071,-12.3454233960302,2.16679649163774
"SNHG10",0.309940402152195,-11.5089209858606,2.20176716673798
"GLRX5",0.615893474801734,-10.0030198979424,2.32848967194052
"TCL1B",0.185601864299886,-12.5401556718276,2.05655409643669
"TCL1A",0.800449649918222,-9.88683027698457,2.43483584101421
"RP11-164H13.1",0.223494294009765,-12.0012857543576,2.17501726030753
"ATG2B",0.22712266150858,-12.104790066756,2.17568849682712
"GSKIP",0.470722610355883,-10.9142979650411,2.27221970524489
"RP11-872J21.3",0.241695900609293,-12.5467848054605,2.16624256450464
"PAPOLA",0.987785278658629,-9.68394034097584,2.47757243064915
"RP11-433J8.1",0.090721269291354,-12.7921404110945,1.91917469956789
"VRK1",0.445110386335882,-10.618670382496,2.27669167500827
"C14orf64",0.441168879498049,-10.5444956119061,2.28497634082316
"BCL11B",0.564745587582677,-10.240576124701,2.32407407406585
"SETD3",0.44137123011315,-10.5608778288352,2.28167475127611
"CCNK",0.450178649311305,-10.5096952610965,2.3097574980574
"CCDC85C",0.090721269291354,-12.7921404110945,1.91917469956789
"EVL",1.57935124859872,-8.9420310811535,2.63571393539826
"DEGS2",0.158147028664132,-12.743367074885,2.06256469798137
"YY1",0.677286668008073,-10.0097308667782,2.38224812223242
"SLC25A29",0.250066880072025,-12.508963921607,2.17627790166079
"WARS",0.78999467230364,-9.90124403677511,2.43286656130331
"WDR25",0.235301446437578,-11.7582718172183,2.16862943826843
"RP11-8L8.2",0.090721269291354,-12.7921404110945,1.91917469956789
"RP11-796G6.2",0.241904545563597,-12.2014659440717,2.16146712228198
"PPP2R5C",1.0743039353109,-9.50682966094446,2.47670158219886
"RP11-1017G21.5",0.253776510344264,-12.4304809561986,2.17385166909698
"DYNC1H1",0.441491371783964,-10.5644528553363,2.28113761513146
"HSP90AA1",1.58232382233558,-8.9360417794261,2.63505821519769
"WDR20",0.449248994765384,-11.0512244947746,2.25662638474856
"ZNF839",0.232716917859322,-12.1484300758739,2.16966635603658
"CINP",0.492243280250362,-10.4607521491219,2.33841072754495
"TECPR2",0.228468715570751,-12.1186282691869,2.17441752459222
"ANKRD9",0.247088309743925,-12.5303994035623,2.17384969389464
"RCOR1",0.235301446437578,-11.7582718172183,2.16862943826843
"TRAF3",0.458185445605236,-11.0255965342884,2.2670599817995
"AMN",0.250066880072025,-12.508963921607,2.17627790166079
"CDC42BPB",0.217168357845664,-12.5125542968357,2.11121018860736
"TNFAIP2",0.492938688452731,-10.4594097697805,2.3385159985604
"EIF5",1.10590613230679,-9.49567011856464,2.50756786207883
"MARK3",0.583415173534621,-10.1508916341047,2.3165595350349
"CKB",0.459144700939229,-11.0214771947009,2.2678391664133
"TRMT61A",0.350119562333916,-11.3870268193972,2.20915092348894
"BAG5",0.45049931863238,-11.0488345395743,2.25843021261986
"KLC1",0.457018936122911,-10.7210198871213,2.27368923559849
"APOPT1",0.605846957130147,-10.0265903695168,2.31848889640357
"RP11-894P9.1",0.16759266301054,-12.6777798123276,2.06112349582788
"XRCC3",0.158147028664132,-12.743367074885,2.06256469798137
"ZFYVE21",0.46880900649847,-10.8267774405875,2.27189526648133
"PPP1R13B",0.230189928028585,-12.5414312256707,2.14290754443097
"C14orf2",0.85300652180443,-9.83972274533754,2.44725556476954
"INF2",0.40608842991416,-11.1456644063624,2.20141239290653
"ADSSL1",0.252848887651615,-12.4667426727497,2.17603331892423
"SIVA1",1.00874863856068,-9.63077784622018,2.47452720846527
"AKT1",0.428216570434736,-11.0714992812824,2.21820260460062
"ZBTB42",0.090721269291354,-12.7921404110945,1.91917469956789
"PLD4",0.441535730468707,-10.5656321231909,2.28097328857338
"CDCA4",0.431029775290445,-11.0675248271579,2.22292701973991
"GPR132",0.380470518690739,-11.266954524078,2.20539002901601
"NUDT14",0.383089885247152,-11.2548981870833,2.20473571080868
"BRF1",0.351171286008345,-11.3834909426269,2.20918834958548
"BTBD6",0.23078253123122,-12.1364778837008,2.17188129372768
"PACS2",0.230775156673327,-11.7994739811921,2.16756261210683
"TEX22",0.090721269291354,-12.7921404110945,1.91917469956789
"MTA1",0.457729764880145,-10.726391133117,2.27355818387294
"CRIP2",0.466081664258504,-10.4982545589973,2.32750815809676
"CRIP1",1.39591746101911,-9.19024907181287,2.5679581162648
"C14orf80",0.415046963269713,-11.1080426793087,2.20428394207382
"TMEM121",0.23078253123122,-12.1364778837008,2.17188129372768
"AL928768.3",0.254680611179579,-11.6718006781731,2.18010673079256
"KIAA0125",0.470406744478253,-10.8553588102091,2.27186795613743
"TUBGCP5",0.22375500450459,-11.9529837127783,2.17254604697426
"CYFIP1",0.312680070751405,-11.5005774400648,2.20241427480126
"NIPA2",0.474414214330845,-10.4891864426305,2.3327213205477
"NIPA1",0.230189928028585,-12.5414312256707,2.14290754443097
"SNRPN",0.449248994765384,-11.0512244947746,2.25662638474856
"SNURF",0.232716917859322,-12.1484300758739,2.16966635603658
"PWAR6",0.108196131760806,-13.0200960649104,2.02232033555741
"UBE3A",0.441227602036582,-10.5551653149058,2.28265393112878
"ATP10A",0.247088309743925,-12.5303994035623,2.17384969389464
"HERC2",0.415046963269713,-11.1080426793087,2.20428394207382
"APBA2",0.441186762358366,-10.552700866549,2.28312540780673
"NDNL2",0.83721266142546,-9.84996787191491,2.44289601314651
"ARHGAP11B",0.252848887651615,-12.4667426727497,2.17603331892423
"FAN1",0.174120422480146,-12.6247712823772,2.05817582041029
"MTMR10",0.29792123746974,-11.5462653186893,2.19888074652411
"RP11-16E12.1",0.141473787659634,-12.8191386499719,2.05126746596957
"RP11-16E12.2",0.241695900609293,-12.5467848054605,2.16624256450464
"KLF13",0.509327894145288,-10.4232039096718,2.33910057204559
"RP11-1000B6.3",0.124744812975913,-12.9345239920951,2.0430897230423
"ARHGAP11A",0.127557276531685,-12.9088084177487,2.0432601244901
"FMN1",0.312415811570225,-11.5013771452248,2.20235150349299
"EMC7",0.865667518439058,-9.83321974545929,2.45117333146046
"PGBD4",0.203504806423496,-12.4912497389434,2.07892517954733
"KATNBL1",0.446590668022622,-10.5133444151843,2.3032072675716
"EMC4",0.953847447861651,-9.76336252611284,2.47871031046629
"SLC12A6",0.256458208315558,-11.6666219050736,2.18126431842578
"NOP10",1.10834381930723,-9.56249438425567,2.57197561481409
"LPCAT4",0.415046963269713,-11.1080426793087,2.20428394207382
"GOLGA8A",0.241904545563597,-12.2014659440717,2.16146712228198
"GOLGA8B",0.232716917859322,-12.1484300758739,2.16966635603658
"AQR",0.325211595687644,-11.4633216038494,2.20535006957762
"ZNF770",0.41876523347763,-11.0949465185247,2.20686491455466
"DPH6",0.411357619299278,-11.1227058266406,2.20260321800059
"C15orf41",0.252669045295664,-12.3369290773934,2.16608382286099
"RP11-1008C21.1",0.16759266301054,-12.6777798123276,2.06112349582788
"FAM98B",0.276234074996775,-11.6121930892694,2.19202297773267
"RASGRP1",0.457556992384257,-11.0281337032581,2.26650842588907
"RP11-275I4.1",0.134486423716054,-12.8558240348517,2.04569081801718
"THBS1",0.141473787659634,-12.8191386499719,2.05126746596957
"FSIP1",0.090721269291354,-12.7921404110945,1.91917469956789
"EIF2AK4",0.453214049700364,-11.0424148110361,2.2619660174302
"SRP14",1.54814367324097,-7.86683802613094,2.5316645967226
"SRP14-AS1",0.264423314147689,-11.6446953514024,2.18614617169067
"BMF",0.246161006325488,-11.7003570237215,2.17449086994333
"PLCB2",0.448867932527291,-10.6557458720506,2.27536401174364
"LINC00984",0.108196131760806,-13.0200960649104,2.02232033555741
"KNSTRN",0.241587964993237,-11.7203125191351,2.17168265402027
"IVD",0.456538261304362,-11.0319736866646,2.26556564792423
"BAHD1",0.23078253123122,-12.1364778837008,2.17188129372768
"CHST14",0.224820970152689,-12.0670005958397,2.17690569188224
"RP11-111A22.1",0.237201218102107,-12.549029507341,2.1579848493556
"C15orf57",0.561452492125107,-10.2543905828409,2.32540740776039
"RPUSD2",0.435424383473876,-11.0635547105321,2.2311852512489
"RAD51",0.251887160573208,-12.4859413998245,2.17661477523963
"RMDN3",0.465187069239241,-10.786714943459,2.27230135179153
"GCHFR",0.620553030715507,-9.99899521619889,2.33351023925856
"DNAJC17",0.468897417089012,-10.9494989339393,2.27224173858725
"ZFYVE19",0.33101305530525,-11.4462830540508,2.20660583562448
"SPINT1",0.246161006325488,-11.7003570237215,2.17449086994333
"VPS18",0.243431321069781,-11.7117139674051,2.17278568107151
"INO80",0.412232615927374,-11.1190928018689,2.20292933682233
"CHP1",0.458185445605236,-11.0255965342884,2.2670599817995
"OIP5",0.158147028664132,-12.743367074885,2.06256469798137
"NUSAP1",0.211561276790128,-12.5005332691513,2.09729795390912
"NDUFAF1",0.464542807516834,-10.7808442129625,2.27239594630409
"RTF1",0.796481573386759,-9.89208880827981,2.43408368400025
"LTK",0.189222923805307,-12.520920249976,2.05838802962435
"RPAP1",0.228468715570751,-12.1186282691869,2.17441752459222
"MGA",0.413158289150891,-11.1153713889909,2.20332139088508
"MAPKBP1",0.203504806423496,-12.4912497389434,2.07892517954733
"RP11-23P13.6",0.230060037367206,-12.131467514195,2.17270134224941
"EHD4",0.442908192184035,-10.5227076966348,2.29393112079166
"VPS39",0.357857053743936,-11.3600580995814,2.20913446435256
"TMEM87A",0.521100367061097,-10.3921831581542,2.33769231242215
"GANC",0.270272096743267,-11.6288514890299,2.18928097708031
"CAPN3",0.250066880072025,-12.508963921607,2.17627790166079
"ZNF106",0.533620030752386,-10.3548469811697,2.3349218499845
"SNAP23",0.7487860779115,-9.96873046928403,2.42256806605212
"RP11-265N6.1",0.241695900609293,-12.5467848054605,2.16624256450464
"LRRC57",0.253309504187197,-11.6759268360451,2.17920616014382
"HAUS2",0.373051709105387,-11.2998379831994,2.20711150239711
"STARD9",0.141473787659634,-12.8191386499719,2.05126746596957
"CDAN1",0.174120422480146,-12.6247712823772,2.05817582041029
"TTBK2",0.335776925411619,-11.4321320549466,2.20751459858229
"UBR1",0.256458208315558,-11.6666219050736,2.18126431842578
"EPB42",0.158147028664132,-12.743367074885,2.06256469798137
"TMEM62",0.244744951205709,-11.7060510191568,2.17359136459472
"CCNDBP1",0.930258808896538,-9.79740812233487,2.47373090612143
"LCMT2",0.203504806423496,-12.4912497389434,2.07892517954733
"ADAL",0.376051618819497,-11.2867976392829,2.2064558578478
"ZSCAN29",0.23078253123122,-12.1364778837008,2.17188129372768
"TUBGCP4",0.262041219518392,-11.6511250774237,2.18475398016833
"TP53BP1",0.22375500450459,-11.9529837127783,2.17254604697426
"CATSPER2",0.253776510344264,-12.4304809561986,2.17385166909698
"PDIA3",1.13328124596866,-9.53394644378072,2.59391130318668
"SERF2",2.06675402022217,-7.2828518704366,2.48354081366491
"HYPK",0.225242173550997,-11.8928066779572,2.16961132666487
"MFAP1",0.463227364908191,-10.9997074220818,2.27046751337242
"WDR76",0.25202033054173,-11.6799364473648,2.17835566134709
"CASC4",0.451999739194076,-10.6822119429942,2.27465228036855
"CTDSPL2",0.445206524832609,-11.0568781963634,2.25005423745749
"EIF3J-AS1",0.470851546390807,-10.8693449015104,2.27192322205283
"EIF3J",0.624595213307189,-9.99739510766474,2.33778379776032
"SPG11",0.470430067666639,-10.8559594661355,2.27186978866362
"PATL2",0.446397078756228,-10.6323312097569,2.27612917725471
"B2M",5.56258454213839,-3.07984627198512,2.04505226899514
"TRIM69",0.586145312285117,-10.135754706372,2.31564205011137
"SORD",0.237474031983325,-11.7432841815218,2.1695380237315
"DUOX1",0.101084877533373,-12.9582856770516,1.98697941273538
"SHF",0.090721269291354,-12.7921404110945,1.91917469956789
"GATM",0.217168357845664,-12.5125542968357,2.11121018860736
"SPATA5L1",0.224554648387167,-12.0600007742538,2.17687390222265
"C15orf48",0.217168357845664,-12.5125542968357,2.11121018860736
"SLC30A4",0.141473787659634,-12.8191386499719,2.05126746596957
"BLOC1S6",0.450987456017924,-10.509095737047,2.31104128151369
"SQRDL",0.752362228998264,-9.96303543769537,2.42383472720356
"MYEF2",0.241904545563597,-12.2014659440717,2.16146712228198
"RP11-154J22.1",0.108196131760806,-13.0200960649104,2.02232033555741
"DUT",1.10171785322617,-9.49033633492471,2.49794624750082
"CEP152",0.235831001374619,-12.1654885580238,2.16626798040572
"EID1",1.45827532450056,-9.14504379996238,2.57693781030701
"SECISBP2L",0.357857053743936,-11.3600580995814,2.20913446435256
"COPS2",0.441912417535636,-10.529361472362,2.2901996674253
"GALK2",0.458441249466775,-11.0245266792527,2.26727440248262
"FAM227B",0.226965555352143,-11.8539915358263,2.1682399487526
"DTWD1",0.440095965609989,-11.0608424935328,2.2404590929217
"ATP8B4",0.090721269291354,-12.7921404110945,1.91917469956789
"GABPB1",0.438656995374367,-11.0616560779418,2.23760088373403
"USP8",0.452840784816397,-10.6889290357935,2.27448462374547
"TRPM7",0.357857053743936,-11.3600580995814,2.20913446435256
"SPPL2A",0.442286396255914,-10.5263071222883,2.29174380678844
"AP4E1",0.241695900609293,-12.5467848054605,2.16624256450464
"DMXL2",0.3970473175067,-11.1882492880877,2.20168409990758
"LYSMD2",0.921901067122453,-9.80505634265596,2.47108532894801
"TMOD2",0.24453111945453,-12.2214289751843,2.16052314828958
"TMOD3",0.455087361420977,-10.5064256103946,2.31673972207002
"LEO1",0.447866536741136,-11.0534847721999,2.25449952205691
"MAPK6",0.262041219518392,-11.6511250774237,2.18475398016833
"GNB5",0.46864147168578,-10.9528412152691,2.27221323904934
"RP11-430B1.2",0.238267439470462,-12.1788669084481,2.16398271757428
"MYO5A",0.271279197396557,-11.6260880152739,2.1897771111063
"ARPP19",0.598944180358749,-10.0600641929698,2.3145857392015
"FAM214A",0.225498377413436,-11.8859695206285,2.169328216192
"RSL24D1",0.94614512674624,-9.77674222103856,2.47759267597837
"RAB27A",0.5381797201291,-10.3401223803163,2.33364213820123
"RP11-139H15.1",0.598338548818928,-10.0635476548787,2.31442683171546
"PIGB",0.321787468070285,-11.4733956549449,2.20456706007782
"CCPG1",0.450841437162112,-10.6727333019624,2.27489965034509
"RFX7",0.22712266150858,-12.104790066756,2.17568849682712
"ZNF280D",0.350243796832789,-11.386611316548,2.2091560063327
"TCF12",0.405225944655348,-11.149595770473,2.20133204448961
"LINC00926",0.620175717666373,-9.9992211274517,2.33310698178572
"POLR2M",0.445006554809197,-10.5160671286412,2.29969157693459
"AQP9",0.217168357845664,-12.5125542968357,2.11121018860736
"ADAM10",0.442050484752508,-10.5767824410576,2.27962084713221
"FAM63B",0.452139644525247,-11.0451609854515,2.26062929952455
"RNF111",0.330031274206338,-11.4491777419876,2.20640509817246
"SLTM",0.762073427022647,-9.94676313633794,2.42680750647258
"MYO1E",0.141473787659634,-12.8191386499719,2.05126746596957
"FAM81A",0.090721269291354,-12.7921404110945,1.91917469956789
"GTF2A2",0.838915770933482,-9.84872881746713,2.44333802222706
"BNIP2",0.6543311875047,-10.0034830888116,2.36510657010461
"ANXA2",1.49006302202452,-9.05510885960508,2.63897183505977
"NARG2",0.46941319294028,-10.8358647058524,2.27186235846258
"RP11-219B17.1",0.124744812975913,-12.9345239920951,2.0430897230423
"RORA",0.663091424043251,-10.0063065519306,2.37196050638788
"VPS13C",0.447230171911624,-10.6405751142795,2.27583669531605
"TPM1",0.446960555076824,-11.054780614713,2.25303492925209
"LACTB",0.530046038673015,-10.3659678656557,2.33582993653965
"RPS27L",1.00182888510676,-9.64796972560632,2.47553071316183
"RAB8B",0.441182532246186,-10.5523856167158,2.28318828891985
"APH1B",0.461824519742122,-10.7580001775575,2.27283587191991
"USP3",0.583013553717629,-10.153071720559,2.31670417021149
"USP3-AS1",0.141473787659634,-12.8191386499719,2.05126746596957
"HERC1",0.447230171911624,-10.6405751142795,2.27583669531605
"FAM96A",0.619411110811292,-9.99972784561173,2.33228363028424
"SNX1",0.521096900021341,-10.3921928659553,2.33769291226188
"SNX22",0.448842409492983,-11.0519207351528,2.25601027729894
"PPIB",1.46657174875529,-9.08050661230885,2.62883703488726
"CSNK1G1",0.238267439470462,-12.1788669084481,2.16398271757428
"KIAA0101",0.22738692543829,-11.8463970586681,2.1680395548199
"TRIP4",0.449992528413666,-10.6655718862158,2.27508803120092
"ZNF609",0.387415497071228,-11.2345599720108,2.20365151181136
"OAZ2",0.861684934451926,-9.83513690985977,2.4499023038043
"PIF1",0.174120422480146,-12.6247712823772,2.05817582041029
"PLEKHO2",0.444092279917588,-11.0579699829562,2.24806124624802
"ANKDD1A",0.124744812975913,-12.9345239920951,2.0430897230423
"SPG21",0.855980757900228,-9.83809569488627,2.44814723976883
"MTFMT",0.456655151286558,-11.0315481693836,2.2656771341511
"UBAP1L",0.183062415540771,-12.5564644150092,2.05608461177669
"PDCD7",0.560463091034921,-10.2584419891811,2.3258018885857
"CLPX",0.448280543307315,-11.0528470969876,2.25514941996691
"PARP16",0.28226465445891,-11.5946080769549,2.19434563052973
"DPP8",0.456918892634846,-11.0305791095925,2.26592629540201
"PTPLAD1",0.459670055213797,-11.0190529207968,2.26823918660078
"VWA9",0.409247564379716,-11.1316388278151,2.20197253201869
"SLC24A1",0.158147028664132,-12.743367074885,2.06256469798137
"DENND4A",0.276234074996775,-11.6121930892694,2.19202297773267
"RAB11A",0.676288960802401,-10.0095497464262,2.38155134180727
"DIS3L",0.421222617755518,-11.08739230309,2.2091223616577
"TIPIN",0.248182685417313,-11.6927940738112,2.17580024179626
"MAP2K1",0.612490829567089,-10.0081667919935,2.32485615848968
"CTD-3185P2.1",0.226965555352143,-11.8539915358263,2.1682399487526
"SNAPC5",0.582238724014116,-10.1572371624382,2.31698888411407
"RPL4",3.93031168907855,-5.48817831998768,2.15168319023356
"ZWILCH",0.228468715570751,-12.1186282691869,2.17441752459222
"SMAD3",0.470905116509274,-10.8718063541902,2.27193462190516
"AAGAB",0.46701520184257,-10.9705443208593,2.27190479773946
"IQCH-AS1",0.217168357845664,-12.5125542968357,2.11121018860736
"C15orf61",0.502523038625049,-10.4392634998924,2.33926381128541
"RP11-502I4.3",0.090721269291354,-12.7921404110945,1.91917469956789
"MAP2K5",0.325211595687644,-11.4633216038494,2.20535006957762
"PIAS1",0.4716706958917,-10.4924837966162,2.33122729971614
"CALML4",0.241904545563597,-12.2014659440717,2.16146712228198
"CLN6",0.452815285820077,-11.0434699635991,2.26147898883768
"FEM1B",0.449972917484317,-11.0498794154667,2.25768695961426
"ANP32A",0.933128723896916,-9.79429982880574,2.4745561261468
"SPESP1",0.124744812975913,-12.9345239920951,2.0430897230423
"GLCE",0.090721269291354,-12.7921404110945,1.91917469956789
"KIF23",0.174120422480146,-12.6247712823772,2.05817582041029
"RPLP1",5.73623884942231,-4.28713376788112,2.11587608995852
"TLE3",0.428216570434736,-11.0714992812824,2.21820260460062
"UACA",0.090721269291354,-12.7921404110945,1.91917469956789
"MYO9A",0.3898509979475,-11.2229339133157,2.20307673770791
"PKM",1.476886509562,-9.12358354297399,2.5872804343611
"PARP6",0.355648341701213,-11.3679762538592,2.20920993508267
"HEXA",0.604703944151638,-10.031155923283,2.31759539127074
"RP11-1007O24.3",0.217168357845664,-12.5125542968357,2.11121018860736
"ARIH1",0.344727029962021,-11.4046107988564,2.20876481991351
"BBS4",0.23078253123122,-12.1364778837008,2.17188129372768
"ADPGK",0.618254794170152,-10.0006176942938,2.33103904433417
"ADPGK-AS1",0.225242173550997,-11.8928066779572,2.16961132666487
"NEO1",0.189222923805307,-12.520920249976,2.05838802962435
"NPTN",0.235831001374619,-12.1654885580238,2.16626798040572
"LOXL1-AS1",0.230775156673327,-11.7994739811921,2.16756261210683
"LOXL1",0.158147028664132,-12.743367074885,2.06256469798137
"STOML1",0.226183628844696,-11.8696976462039,2.16872789246404
"PML",0.441229885788762,-10.5552863996413,2.28263157528591
"SEMA7A",0.124744812975913,-12.9345239920951,2.0430897230423
"UBL7",0.589875556604247,-10.1142083830113,2.31463072654556
"UBL7-AS1",0.27374702762166,-11.6192263026565,2.19093972565155
"ARID3B",0.341450871520497,-11.4148798667032,2.20838647618076
"CLK3",0.520419324602272,-10.3940857679279,2.3378083079962
"EDC3",0.289351819038423,-11.5730403502465,2.19660014764295
"CSK",0.993696641100393,-9.66869492581358,2.47674003695383
"ULK3",0.46864147168578,-10.9528412152691,2.27221323904934
"SCAMP2",0.722211390909431,-10.0000164092927,2.41017289662451
"MPI",0.463008248319403,-11.0010795224206,2.27035424340138
"FAM219B",0.456655151286558,-11.0315481693836,2.2656771341511
"COX5A",1.19118115047923,-9.42892228674975,2.58680695492994
"RPP25",0.241587964993237,-11.7203125191351,2.17168265402027
"PPCDC",0.471087051359228,-10.8921061162812,2.27206628259106
"C15orf39",0.441956023614279,-10.5749737796155,2.27981790285366
"COMMD4",0.475119593577755,-10.4882930836837,2.33307401630508
"NEIL1",0.292898552493258,-11.5620231623232,2.19758929715922
"MAN2C1",0.456273708634664,-11.0329247965751,2.26530922533443
"RP11-817O13.8",0.253776510344264,-12.4304809561986,2.17385166909698
"SIN3A",0.459917265131018,-11.0178876425251,2.26842122695366
"PTPN9",0.435539115592831,-11.0634795948857,2.23141060292005
"SNUPN",0.460615592457033,-10.7484533445701,2.27304376763179
"IMP3",0.977715550030606,-9.70965688323638,2.47872811189332
"SNX33",0.090721269291354,-12.7921404110945,1.91917469956789
"UBE2Q2",0.457556955163539,-10.5048775565076,2.31965818628741
"FBXO22",0.467500263646791,-10.9657555940922,2.27201639551126
"ETFA",0.715952184916061,-10.0041342098259,2.40667008123304
"SCAPER",0.457688454613929,-11.0276093756573,2.26662869176855
"RCN2",0.70825392438766,-10.0076833392578,2.40216560638018
"PSTPIP1",0.650835243910227,-10.0022892359702,2.36224049270314
"TSPAN3",0.444755155972972,-10.5166243246122,2.29908114551986
"PEAK1",0.197663683629374,-12.4947298912936,2.06814566555827
"HMG20A",0.285804672065154,-11.5839316416338,2.19552882576664
"TBC1D2B",0.333403376990808,-11.4392096641121,2.20707488015413
"IDH3A",0.451202611488349,-10.6757177091331,2.27482134939621
"ACSBG1",0.141473787659634,-12.8191386499719,2.05126746596957
"DNAJA4",0.230189928028585,-12.5414312256707,2.14290754443097
"WDR61",0.649929144913578,-10.0019727618241,2.36148385062776
"IREB2",0.454804683559535,-10.704220545299,2.27410556775072
"HYKK",0.141473787659634,-12.8191386499719,2.05126746596957
"PSMA4",0.755102414770341,-9.95854815048054,2.42474168655601
"MORF4L1",1.4011269246136,-9.18641499544562,2.56826802894883
"CTSH",0.94777515374408,-9.77410042591646,2.47787348637811
"TMED3",0.609277806434497,-10.0154509481188,2.32159044768995
"MTHFS",0.678614649478687,-10.0099440704951,2.38316783150512
"ST20",0.33101305530525,-11.4462830540508,2.20660583562448
"BCL2A1",0.462978971262418,-10.767393669666,2.27264164563267
"ZFAND6",0.820991358532165,-9.86370549267244,2.4390199574404
"FAH",0.284318980144439,-11.5884261614358,2.19504583395654
"MESDC2",0.655618060415712,-10.0039190586587,2.36614196906705
"MESDC1",0.443481818964056,-10.5989005059733,2.27777193071874
"IL16",0.836837421409659,-9.85024412438437,2.44279912312805
"STARD5",0.241695900609293,-12.5467848054605,2.16624256450464
"RP11-761I4.3",0.090721269291354,-12.7921404110945,1.91917469956789
"EFTUD1",0.243431321069781,-11.7117139674051,2.17278568107151
"RPS17",0.414371199539716,-11.1106139042686,2.20391564436139
"RPS17L",0.471029304843426,-10.8998280114411,2.27212449229524
"RP11-752G15.6",0.463008248319403,-11.0010795224206,2.27035424340138
"WHAMM",0.445339947050252,-10.515387229437,2.30047782326665
"HOMER2",0.124744812975913,-12.9345239920951,2.0430897230423
"FAM103A1",0.466345693056053,-10.9766401154826,2.27172265414515
"C15orf40",0.529374597152322,-10.3680140476492,2.3359909813234
"BTBD1",0.46864147168578,-10.9528412152691,2.27221323904934
"TM6SF1",0.248063606674305,-12.2567014115598,2.16085635613381
"ZSCAN2",0.224065621849842,-11.9347801167679,2.1716016566889
"WDR73",0.417706406105695,-11.0984921151618,2.20603198222978
"NMB",0.301451509050628,-11.5352080262113,2.19974483512168
"SEC11A",1.13390334572149,-9.53280803518519,2.59394644305656
"ZNF592",0.385644368635365,-11.2429541466967,2.20409298919515
"PDE8A",0.330031274206338,-11.4491777419876,2.20640509817246
"AKAP13",0.816172304550827,-9.86852169782467,2.43797622738015
"RP11-815J21.2",0.141473787659634,-12.8191386499719,2.05126746596957
"RP11-158M2.3",0.090721269291354,-12.7921404110945,1.91917469956789
"MRPL46",0.461379081893539,-10.5021827184195,2.32355127446699
"MRPS11",0.626510657096139,-9.99704809716037,2.33976384651905
"DET1",0.223695027974275,-12.0241158264402,2.17597860349096
"AEN",0.420633108510216,-11.0891114528686,2.20853524620437
"ISG20",1.46500452417689,-9.08980138178696,2.61944927081028
"HAPLN3",0.463874776699528,-10.9955159663762,2.27078085163588
"MFGE8",0.3424062520656,-11.4119124168537,2.20850656884158
"ABHD2",0.450902623891988,-11.0479865637424,2.25898958522371
"FANCI",0.252848887651615,-12.4667426727497,2.17603331892423
"POLG",0.460137604115247,-11.0168322731168,2.26857970283907
"LINC00925",0.108196131760806,-13.0200960649104,2.02232033555741
"PEX11A",0.124744812975913,-12.9345239920951,2.0430897230423
"ANPEP",0.158147028664132,-12.743367074885,2.06256469798137
"AP3S2",0.309940402152195,-11.5089209858606,2.20176716673798
"C15orf38",0.203504806423496,-12.4912497389434,2.07892517954733
"ZNF710",0.226183628844696,-11.8696976462039,2.16872789246404
"IDH2",0.915941236697059,-9.80949067002754,2.46904047414637
"SEMA4B",0.258748343647862,-11.6601487887884,2.18272220633917
"CIB1",1.38977607875261,-9.19484715106976,2.56766342201891
"NGRN",0.38490862710076,-11.2464107177746,2.20427787268896
"IQGAP1",0.631912336574974,-9.9970823795434,2.34518158069583
"CRTC3",0.481089581303942,-10.4799304249622,2.33559672354693
"BLM",0.226542269004937,-11.8621808046324,2.16847872545395
"FURIN",0.347966476636038,-11.3941523124697,2.20903480623776
"FES",0.448993451596013,-10.6568646965568,2.27533114101715
"MAN2A2",0.28226465445891,-11.5946080769549,2.19434563052973
"UNC45A",0.465071714723904,-10.7856480435894,2.27231826899768
"HDDC3",0.458617022117968,-10.5041668200475,2.32080757629263
"RCCD1",0.29792123746974,-11.5462653186893,2.19888074652411
"PRC1",0.241695900609293,-12.5467848054605,2.16624256450464
"VPS33B",0.267827718943378,-11.6355057427823,2.18802368561981
"SLCO3A1",0.459311536494271,-11.0207083943225,2.26796786352124
"FAM174B",0.174120422480146,-12.6247712823772,2.05817582041029
"CHD2",0.719639375901342,-10.0018655965544,2.40875825827285
"RP11-76E17.3",0.16759266301054,-12.6777798123276,2.06112349582788
"MCTP2",0.407422221264717,-11.1396657475591,2.20159670875146
"RP11-4F5.2",0.250273336557541,-12.2871527362687,2.16237099282398
"ARRDC4",0.240108273777598,-12.1897374716252,2.1625489624803
"IGF1R",0.253657432497421,-12.3755230244616,2.1693722917142
"LRRC28",0.450499318632379,-11.0488345395744,2.25843021261985
"MEF2A",0.455086572580416,-11.0369175429275,2.26409235539893
"LYSMD4",0.224897314176702,-12.5307592002766,2.13038747028561
"SPATA41",0.253776510344264,-12.4304809561986,2.17385166909698
"LINS",0.443082995721991,-10.5934020344233,2.27815523671038
"ASB7",0.26151151088723,-11.6525599976881,2.18443546682361
"LRRK1",0.253903838479869,-12.4147871760794,2.17266699110733
"CHSY1",0.243431321069781,-11.7117139674051,2.17278568107151
"VIMP",0.791076915349057,-9.89966860489684,2.43306913602008
"SNRPA1",0.788506998583785,-9.90343712547652,2.43258582130258
"TM2D3",0.567519814346108,-10.2285360426339,2.32293285203368
"TARSL2",0.469499357029216,-10.8372769292088,2.27186098411814
"RP11-89K11.1",0.108196131760806,-13.0200960649104,2.02232033555741
"WASH4P",0.276234074996775,-11.6121930892694,2.19202297773267
"POLR3K",0.634616331794586,-9.99748747699696,2.34779602026726
"SNRNP25",0.460093513353094,-10.5031355520126,2.32231711313544
"MPG",0.751843871253692,-9.96387826458251,2.42366031412833
"NPRL3",0.448559247750488,-11.0523924368995,2.25557852176882
"HBA1",0.275402279458015,-11.6145589588438,2.19166946558386
"HBQ1",0.117913150105663,-12.9954662061038,2.04171346236043
"LUC7L",0.451825236350759,-10.680802767033,2.27468897456737
"ITFG3",0.357857053743936,-11.3600580995814,2.20913446435256
"AXIN1",0.366915976260372,-11.3253540547114,2.20822296813286
"MRPL28",0.623166716094324,-9.99779953214696,2.33628426671216
"TMEM8A",0.315885778068481,-11.4909045559396,2.20317613981035
"NME4",0.688685204478388,-10.0108301673623,2.38992975504031
"DECR2",0.22712266150858,-12.104790066756,2.17568849682712
"RAB11FIP3",0.108196131760806,-13.0200960649104,2.02232033555741
"CAPN15",0.246161006325488,-11.7003570237215,2.17449086994333
"PIGQ",0.223506913503804,-11.9791550530398,2.17392053640435
"NHLRC4",0.230189928028585,-12.5414312256707,2.14290754443097
"RAB40C",0.22438231715863,-11.9209597817033,2.17090717842119
"WFIKKN1",0.124744812975913,-12.9345239920951,2.0430897230423
"C16orf13",0.886143408445218,-9.82447386153077,2.45819984074544
"FAM195A",0.493208914723261,-10.4588856946047,2.33855562982771
"RHOT2",0.49444118410868,-10.4564590381142,2.33872020522325
"RHBDL1",0.124744812975913,-12.9345239920951,2.0430897230423
"STUB1",1.02251272206723,-9.59841747259368,2.4728460832434
"JMJD8",0.426648790755395,-11.0743124101106,2.2158198817865
"WDR24",0.223506913503804,-11.9791550530398,2.17392053640435
"FBXL16",0.230189928028585,-12.5414312256707,2.14290754443097
"METRN",0.235831001374619,-12.1654885580238,2.16626798040572
"FAM173A",0.624392033508039,-9.99744415756849,2.33757153375721
"HAGHL",0.431029775290445,-11.0675248271579,2.22292701973991
"NARFL",0.387415497071228,-11.2345599720108,2.20365151181136
"RPUSD1",0.463357994225241,-10.770572865754,2.2725800518998
"CHTF18",0.158147028664132,-12.743367074885,2.06256469798137
"LMF1",0.350243796832789,-11.386611316548,2.2091560063327
"RP11-161M6.2",0.217168357845664,-12.5125542968357,2.11121018860736
"UBE2I",1.13042324272421,-9.53919858490596,2.59368151068381
"BAIAP3",0.174120422480146,-12.6247712823772,2.05817582041029
"TSR3",0.603804199370698,-10.0350389853357,2.31695329650514
"GNPTG",0.462819447810452,-10.5010674356755,2.3248547502482
"UNKL",0.229216757627761,-11.8185740413693,2.16758308707388
"C16orf91",0.451045807578929,-10.6744211173994,2.2748543616323
"CCDC154",0.141473787659634,-12.8191386499719,2.05126746596957
"CLCN7",0.411015890030226,-11.1241298180287,2.2024862367745
"TELO2",0.36307676210191,-11.34047880421,2.20871625135506
"IFT140",0.108196131760806,-13.0200960649104,2.02232033555741
"TMEM204",0.539091149466164,-10.337105804337,2.33337180906312
"CRAMP1L",0.223506913503804,-11.9791550530398,2.17392053640435
"HN1L",0.264423314147689,-11.6446953514024,2.18614617169067
"MAPK8IP3",0.285804672065154,-11.5839316416338,2.19552882576664
"NME3",0.775911473393371,-9.92327278588483,2.43010254583844
"MRPS34",0.960760766843746,-9.74948340169361,2.47923176418296
"EME2",0.235831001374619,-12.1654885580238,2.16626798040572
"SPSB3",0.663262485223302,-10.0063605258552,2.37209099509985
"NUBP2",0.606944806067437,-10.0226103456464,2.31942120999928
"HAGH",0.655456176963381,-10.0038665530468,2.36601240394664
"FAHD1",0.445907242886321,-11.0560946168345,2.25126355553387
"MSRB1",0.638901889376669,-9.99846014623245,2.3518110721552
"NDUFB10",1.12341377931355,-9.55138988540622,2.59227538670287
"RPS2",6.30147537777953,-3.92003559198136,2.08778372431101
"SNHG9",0.552247714497196,-10.2905609426048,2.32894719139755
"TBL3",0.434473370897298,-11.0642321732457,2.22933455060039
"GFER",0.471432502615368,-10.4927564223878,2.33108837276374
"ZNF598",0.224685844288479,-11.9098833485468,2.17037723291924
"SLC9A3R2",0.253776510344264,-12.4304809561986,2.17385166909698
"NTHL1",0.467430067417316,-10.9664679128334,2.27200133886755
"TSC2",0.468508213192356,-10.9544997360567,2.27219527162539
"PKD1",0.223695027974275,-12.0241158264402,2.17597860349096
"RP11-304L19.5",0.428216570434736,-11.0714992812824,2.21820260460062
"TRAF7",0.468934033938761,-10.8285702151465,2.27188770292825
"MLST8",0.463881019304152,-10.775025217754,2.27249647658899
"BRICD5",0.203504806423496,-12.4912497389434,2.07892517954733
"PGP",0.46304230806567,-10.5008862113682,2.32504838868441
"E4F1",0.344727029962021,-11.4046107988564,2.20876481991351
"ECI1",0.438359458117575,-11.0618177554228,2.23700850805954
"RNPS1",1.04882254311245,-9.54529393681388,2.47207639206238
"AC009065.1",0.23078253123122,-12.1364778837008,2.17188129372768
"MIR940",0.141473787659634,-12.8191386499719,2.05126746596957
"ABCA3",0.090721269291354,-12.7921404110945,1.91917469956789
"CCNF",0.090721269291354,-12.7921404110945,1.91917469956789
"TBC1D24",0.158147028664132,-12.743367074885,2.06256469798137
"ATP6V0C",0.252669045295664,-12.3369290773934,2.16608382286099
"AMDHD2",0.459486294837348,-11.0199061395163,2.26810190815048
"PDPK1",0.469242292256476,-10.9446433888567,2.27227095820305
"KCTD5",0.456918892634846,-11.0305791095925,2.26592629540201
"SRRM2",0.939396640277834,-9.78660618274314,2.47617853724346
"TCEB2",1.46743937936808,-9.07908438487451,2.62987557043662
"ZG16B",0.279756854451389,-11.6020065129566,2.1934278299972
"FLYWCH2",0.533787085778163,-10.3543193693383,2.33487799234104
"FLYWCH1",0.321787468070285,-11.4733956549449,2.20456706007782
"PAQR4",0.241695900609293,-12.5467848054605,2.16624256450464
"TNFRSF12A",0.174120422480146,-12.6247712823772,2.05817582041029
"HCFC1R1",0.441377328912895,-10.5367783343906,2.28724641479528
"THOC6",0.555688436622768,-10.2774285800435,2.32766026736436
"MMP25",0.108196131760806,-13.0200960649104,2.02232033555741
"RP11-473M20.7",0.404153181232032,-11.1545373369774,2.20126864703396
"IL32",1.26633315843656,-8.11230802088324,2.58195502511565
"RP11-473M20.9",0.289351819038423,-11.5730403502465,2.19660014764295
"RP11-473M20.14",0.239121755146729,-11.7333567076361,2.17034018854576
"ZNF213",0.241695900609293,-12.5467848054605,2.16624256450464
"RP11-473M20.16",0.108196131760806,-13.0200960649104,2.02232033555741
"ZNF200",0.23386501965221,-11.7696233733186,2.16814921311575
"MEFV",0.425228860306968,-11.0772399231774,2.21384037041768
"ZNF263",0.469491391996231,-10.8371435474663,2.27186120353919
"TIGD7",0.108196131760806,-13.0200960649104,2.02232033555741
"ZNF75A",0.441971687174881,-10.5752766307712,2.27978378334839
"NAA60",0.158147028664132,-12.743367074885,2.06256469798137
"ZSCAN32",0.228468715570751,-12.1186282691869,2.17441752459222
"ZNF174",0.229652322568163,-11.8128955357699,2.16754706132433
"NAA60",0.158147028664132,-12.743367074885,2.06256469798137
"CLUAP1",0.428216570434736,-11.0714992812824,2.21820260460062
"SLX4",0.217168357845664,-12.5125542968357,2.11121018860736
"DNASE1",0.224065621849842,-11.9347801167679,2.1716016566889
"TRAP1",0.4539544788363,-10.6976576509203,2.27426733380929
"CREBBP",0.451272015212291,-10.6762920566033,2.27480668181645
"ADCY9",0.183062415540771,-12.5564644150092,2.05608461177669
"TFAP4",0.373867454117424,-11.2963183263534,2.20693923232776
"PAM16",0.226965555352143,-11.8539915358263,2.1682399487526
"CORO7",0.463346216987377,-10.5006385639066,2.32530872867363
"DNAJA3",0.447089131806256,-10.6392094267711,2.27588376042752
"NMRAL1",0.466263169003828,-10.9773517722709,2.27169792749473
"HMOX2",0.885150319753284,-9.82488210873092,2.45784433548994
"CDIP1",0.461165934444582,-10.7527605308829,2.27294829357925
"UBALD1",0.467943190749657,-10.9610644505863,2.27210513770635
"MGRN1",0.463410475973445,-10.7710090040971,2.27257079172552
"NUDT16L1",0.629716078056249,-9.99691633569651,2.34300752001047
"ANKS3",0.3970473175067,-11.1882492880877,2.20168409990758
"ZNF500",0.225242173550997,-11.8928066779572,2.16961132666487
"ROGDI",0.450443788136268,-10.6694005192843,2.27498618838187
"GLYR1",0.45711865090221,-10.7217750993206,2.27367094292103
"UBN1",0.44150556912716,-10.5648226612931,2.28108711421567
"NAGPA",0.451045807578929,-10.6744211173994,2.2748543616323
"ALG1",0.285804672065154,-11.5839316416338,2.19552882576664
"FAM86A",0.371035178180678,-11.308387848168,2.20751175530643
"METTL22",0.29792123746974,-11.5462653186893,2.19888074652411
"ABAT",0.223695027974275,-12.0241158264402,2.17597860349096
"TMEM186",0.324219516860707,-11.4662383054687,2.20512556831078
"PMM2",0.23078253123122,-12.1364778837008,2.17188129372768
"CARHSP1",0.688545400624241,-10.0108265739152,2.3898377963524
"USP7",0.457086343043855,-11.0299469823411,2.26608143715043
"C16orf72",0.237474031983325,-11.7432841815218,2.1695380237315
"RP11-473I1.5",0.22712266150858,-12.104790066756,2.17568849682712
"ATF7IP2",0.536744324743712,-10.3448243771164,2.33405924488629
"NUBP1",0.544964742872031,-10.3170084876216,2.33150408997789
"RP11-876N24.2",0.090721269291354,-12.7921404110945,1.91917469956789
"CIITA",0.446604676792327,-11.05525151699,2.2524459869527
"DEXI",0.442408669624069,-10.5254894447578,2.29220173638408
"RP11-876N24.4",0.174120422480146,-12.6247712823772,2.05817582041029
"CLEC16A",0.253309504187197,-11.6759268360451,2.17920616014382
"RMI2",0.22788839885398,-12.1130981452525,2.1749948721457
"SOCS1",0.441168879498049,-10.5444956119061,2.28497634082316
"LITAF",1.1099359067636,-9.56636547381909,2.57939186595478
"SNN",0.492399602324361,-10.4604520980425,2.33843498365771
"TXNDC11",0.445731115969526,-10.6254285167219,2.27639931479759
"RP11-490O6.2",0.253776510344264,-12.4304809561986,2.17385166909698
"ZC3H7A",0.464709983424311,-10.782350860978,2.2723715084727
"RSL1D1",1.11685712793814,-9.5614567311878,2.58912442025442
"GSPT1",0.569201990670631,-10.2210476947674,2.32223728597054
"TNFRSF17",0.237876141590511,-11.7407566275698,2.16972469644555
"SNX29",0.449530830069779,-11.0507162907346,2.25704368652988
"CPPED1",0.640938494650932,-9.99903222905984,2.35366803913254
"ERCC4",0.358755284880245,-11.3567763940505,2.20908540634382
"MKL2",0.226965555352143,-11.8539915358263,2.1682399487526
"PARN",0.442525520185403,-11.0592618382552,2.24514909905223
"BFAR",0.58213680915545,-10.1577767062031,2.3170258322379
"NOMO1",0.440813407751939,-11.0604149675732,2.24186067697917
"NPIPA1",0.250066880072025,-12.508963921607,2.17627790166079
"PDXDC1",0.420633108510216,-11.0891114528686,2.20853524620437
"RP11-680G24.5",0.090721269291354,-12.7921404110945,1.91917469956789
"NTAN1",0.465312568915742,-10.498953009889,2.32691712723835
"RRN3",0.410508970363257,-11.1262600224375,2.20232349699316
"NPIPA5",0.141473787659634,-12.8191386499719,2.05126746596957
"C16orf45",0.22375500450459,-11.9529837127783,2.17254604697426
"KIAA0430",0.450217692207375,-11.0494011192308,2.25803510715799
"NDE1",0.443334687715489,-10.5969284854429,2.2779039720611
"MYH11",0.141473787659634,-12.8191386499719,2.05126746596957
"FOPNL",0.441589173009615,-10.5330840043781,2.28860051212264
"ABCC1",0.330031274206338,-11.4491777419876,2.20640509817246
"XYLT1",0.22712266150858,-12.104790066756,2.17568849682712
"CTD-2576D5.4",0.189222923805307,-12.520920249976,2.05838802962435
"RPS15A",4.38429540277068,-4.9357307690519,2.22122350977652
"ARL6IP1",0.919632915045161,-9.80683905215219,2.47032034406554
"SMG1",0.470642737634343,-10.9168068233093,2.27223547210513
"CTD-2288F12.1",0.141473787659634,-12.8191386499719,2.05126746596957
"COQ7",0.692542809995413,-10.0107729093531,2.39242957629006
"ITPRIPL2",0.124744812975913,-12.9345239920951,2.0430897230423
"SYT17",0.248063606674305,-12.2567014115598,2.16085635613381
"GDE1",0.441667087585508,-10.5320553930231,2.28901731208658
"CCP110",0.292898552493258,-11.5620231623232,2.19758929715922
"C16orf62",0.431829747166416,-11.0666301549537,2.22436033133221
"KNOP1",0.470920029347029,-10.8725620177877,2.27193823094117
"IQCK",0.108196131760806,-13.0200960649104,2.02232033555741
"ACSM3",0.2411849119283,-11.7223119316249,2.17145147795548
"THUMPD1",0.460927694959603,-10.5025237866236,2.32312636864207
"ERI2",0.108196131760806,-13.0200960649104,2.02232033555741
"LYRM1",0.49858539134363,-10.4479012046865,2.33910705429418
"TMEM159",0.440095965609989,-11.0608424935328,2.2404590929217
"NPIPB3",0.108196131760806,-13.0200960649104,2.02232033555741
"METTL9",1.07403153483515,-9.50716144854933,2.47660665929364
"IGSF6",0.690916912794192,-10.010827819898,2.39138224863613
"NPIPB4",0.203504806423496,-12.4912497389434,2.07892517954733
"UQCRC2",1.10723370763577,-9.49965454313856,2.5126048540748
"C16orf52",0.247088309743925,-12.5303994035623,2.17384969389464
"SDR42E2",0.347027480193409,-11.3972077836428,2.20896727921405
"EEF2K",0.217168357845664,-12.5125542968357,2.11121018860736
"POLR3E",0.446191838281835,-11.0557529710318,2.25175023697878
"CDR2",0.328611957477222,-11.453340472807,2.20610294815159
"NPIPB5",0.217168357845664,-12.5125542968357,2.11121018860736
"USP31",0.124744812975913,-12.9345239920951,2.0430897230423
"COG7",0.248182685417313,-11.6927940738112,2.17580024179626
"CTD-2270L9.4",0.250066880072025,-12.508963921607,2.17627790166079
"GGA2",0.44727841393861,-10.5124506795396,2.30459554197003
"EARS2",0.253084661608142,-12.3499397444993,2.16716614445913
"UBFD1",0.267827718943378,-11.6355057427823,2.18802368561981
"NDUFAB1",0.941737026998336,-9.78337856718535,2.47671037677358
"PALB2",0.189222923805307,-12.520920249976,2.05838802962435
"DCTN5",0.387415497071228,-11.2345599720108,2.20365151181136
"PLK1",0.124744812975913,-12.9345239920951,2.0430897230423
"PRKCB",0.757911893547407,-9.95384966580135,2.42561632262916
"RBBP6",0.686765313042005,-10.0107691076088,2.38866569181285
"TNRC6A",0.443805074415447,-11.0582265927477,2.24753658013198
"ARHGAP17",0.464877012096816,-10.7838616576694,2.27234702379468
"LCMT1",0.477467714860917,-10.4851739982689,2.33416273758968
"KDM8",0.158147028664132,-12.743367074885,2.06256469798137
"NSMCE1",0.914629467249369,-9.81036885160127,2.46857779142861
"CTD-3203P2.2",0.090721269291354,-12.7921404110945,1.91917469956789
"IL4R",0.451160683388047,-10.5089743490109,2.31130785031131
"IL21R",0.36307676210191,-11.34047880421,2.20871625135506
"IL21R-AS1",0.108196131760806,-13.0200960649104,2.02232033555741
"GTF3C1",0.433254182495701,-11.0652411245051,2.22700203959687
"KIAA0556",0.237201218102107,-12.549029507341,2.1579848493556
"XPO6",0.464128151115905,-10.7771768711149,2.2724579070653
"SBK1",0.223695027974275,-12.0241158264402,2.17597860349096
"CLN3",0.498893062069551,-10.4472453861738,2.33912661727972
"APOBR",0.466056322628424,-10.7950415502689,2.27218340286415
"IL27",0.090721269291354,-12.7921404110945,1.91917469956789
"CCDC101",0.538071104212696,-10.3404800418229,2.33367414984236
"SULT1A1",0.463433888249632,-10.500566601972,2.32538327514097
"EIF3C",0.108196131760806,-13.0200960649104,2.02232033555741
"RP11-1348G14.5",0.108196131760806,-13.0200960649104,2.02232033555741
"ATXN2L",0.516629508789873,-10.4044246641584,2.33837797880031
"TUFM",1.05061872973694,-9.542121502001,2.47218781544692
"SH2B1",0.423931914395732,-11.080211145273,2.21216986686524
"RP11-22P6.2",0.232716917859322,-12.1484300758739,2.16966635603658
"RP11-22P6.3",0.090721269291354,-12.7921404110945,1.91917469956789
"RABEP2",0.436442734311754,-11.0629006738888,2.23319244437128
"CD19",0.471079777766379,-10.8851808498072,2.27201834923829
"NFATC2IP",0.460927694959603,-10.5025237866236,2.32312636864207
"SPNS1",0.480597985678844,-10.4806755106416,2.33542021542988
"LAT",1.0193099933098,-9.60569593081856,2.47318071944936
"RP11-426C22.5",0.189222923805307,-12.520920249976,2.05838802962435
"SNX29P2",0.469953319869505,-10.9328897228218,2.27228741667962
"NPIPB11",0.241904545563597,-12.2014659440717,2.16146712228198
"RP11-345J4.5",0.235301446437578,-11.7582718172183,2.16862943826843
"SULT1A4",0.124744812975913,-12.9345239920951,2.0430897230423
"SPN",0.770844155675746,-9.93176148821687,2.42899178987931
"QPRT",0.241695900609293,-12.5467848054605,2.16624256450464
"C16orf54",0.442056954691511,-10.5769044189127,2.27960794083162
"KIF22",0.474282545075011,-10.4893523990134,2.3326534784397
"MAZ",0.600171845929904,-10.0531950351074,2.31500163501957
"AC009133.14",0.250273336557541,-12.2871527362687,2.16237099282398
"PRRT2",0.090721269291354,-12.7921404110945,1.91917469956789
"PAGR1",0.189222923805307,-12.520920249976,2.05838802962435
"AC009133.12",0.174120422480146,-12.6247712823772,2.05817582041029
"MVP",0.712163430594978,-10.0060627867823,2.40447343133867
"CDIPT",0.589447924592302,-10.1167234131032,2.31472730036527
"KCTD13",0.40274415492585,-11.1611121498551,2.20123994370316
"TMEM219",1.10775433992338,-9.50200659549581,2.51527260187902
"TAOK2",0.277255247064729,-11.6092735883829,2.19244704213465
"HIRIP3",0.471029304843426,-10.8998280114411,2.27212449229524
"INO80E",0.450294067101652,-10.6681296685475,2.27501979794633
"ALDOA",1.27294077506476,-8.10840846486902,2.58191184526976
"PPP4C",1.10888639697032,-9.52796676695742,2.53941885485501
"YPEL3",0.82040707779832,-9.86427008245052,2.4388910981896
"GDPD3",0.141473787659634,-12.8191386499719,2.05126746596957
"MAPK3",0.470951260007997,-10.9048400890185,2.2721593008713
"CORO1A",2.17464164560347,-7.3041353135302,2.41971469383935
"RP11-455F5.5",0.385644368635365,-11.2429541466967,2.20409298919515
"BOLA2B",0.217168357845664,-12.5125542968357,2.11121018860736
"SULT1A3",0.237474031983325,-11.7432841815218,2.1695380237315
"CD2BP2",0.620680068850985,-9.99892007624107,2.33364545370143
"TBC1D10B",0.239121755146729,-11.7333567076361,2.17034018854576
"MYLPF",0.241904545563597,-12.2014659440717,2.16146712228198
"ZNF48",0.229216757627761,-11.8185740413693,2.16758308707388
"SEPT1",1.02973009808096,-9.58264987032065,2.47225564830923
"ZNF771",0.253776510344264,-12.4304809561986,2.17385166909698
"DCTPP1",0.59288107584879,-10.0962357979488,2.31413265811081
"SEPHS2",0.58187294751305,-10.1591800433527,2.31712371176574
"ITGAL",0.619377079501575,-9.99975042116858,2.33224650543933
"ZNF768",0.203504806423496,-12.4912497389434,2.07892517954733
"ZNF747",0.25849389303915,-11.6608575212073,2.1825613669788
"AC002310.12",0.224065621849842,-11.9347801167679,2.1716016566889
"ZNF764",0.241904545563597,-12.2014659440717,2.16146712228198
"ZNF688",0.521591980243568,-10.3908026750576,2.3376062610121
"ZNF785",0.203504806423496,-12.4912497389434,2.07892517954733
"ZNF689",0.251141901207489,-11.6827217186918,2.17775498330012
"PRR14",0.442904498140283,-10.5908238650485,2.27834723586847
"FBRS",0.461099941100382,-11.0119780515967,2.26923802886216
"RP11-146F11.1",0.228468715570751,-12.1186282691869,2.17441752459222
"SRCAP",0.438656995374367,-11.0616560779418,2.23760088373403
"PHKG2",0.456964433098637,-10.5052510417892,2.31898774857609
"C16orf93",0.232291934049086,-12.5447235191184,2.14763920278489
"RNF40",0.416620911250962,-11.1022742468949,2.20525850061699
"ZNF629",0.108196131760806,-13.0200960649104,2.02232033555741
"BCL7C",0.485912995506417,-10.4721897063732,2.33708849963692
"MIR4519",0.350243796832789,-11.386611316548,2.2091560063327
"FBXL19",0.174120422480146,-12.6247712823772,2.05817582041029
"ORAI3",0.486730959149251,-10.4707890434568,2.33729680494076
"SETD1A",0.248182685417313,-11.6927940738112,2.17580024179626
"STX4",0.611360328367651,-10.0104228809525,2.32368249373758
"ZNF668",0.226965555352143,-11.8539915358263,2.1682399487526
"ZNF646",0.238267439470462,-12.1788669084481,2.16398271757428
"VKORC1",0.699467991589966,-10.0100118956872,2.39680550401863
"BCKDK",0.441151522250943,-10.547656257366,2.28420809114903
"KAT8",0.462216294210455,-10.5015439979146,2.32431935903991
"PRSS36",0.141473787659634,-12.8191386499719,2.05126746596957
"FUS",1.10872761116702,-9.50978578933878,2.5231881199097
"RP11-388M20.1",0.090721269291354,-12.7921404110945,1.91917469956789
"PYCARD",1.47511475716682,-9.12711148396104,2.58520069588254
"C16orf98",0.246161006325488,-11.7003570237215,2.17449086994333
"ITGAM",0.462591279550379,-10.7641934781952,2.27270616566871
"ITGAX",0.444379526903977,-11.0576992377808,2.24857987729522
"RP11-452L6.1",0.141473787659634,-12.8191386499719,2.05126746596957
"RP11-452L6.5",0.108196131760806,-13.0200960649104,2.02232033555741
"ARMC5",0.225242173550997,-11.8928066779572,2.16961132666487
"TGFB1I1",0.124744812975913,-12.9345239920951,2.0430897230423
"SLC5A2",0.189222923805307,-12.520920249976,2.05838802962435
"AC026471.6",0.108196131760806,-13.0200960649104,2.02232033555741
"C16orf58",0.299865976614023,-11.5401681979997,2.19935942700381
"RP11-452L6.7",0.117913150105663,-12.9954662061038,2.04171346236043
"ZNF720",0.452139644525247,-11.0451609854515,2.26062929952455
"ZNF267",0.468508213192356,-10.9544997360567,2.27219527162539
"VPS35",0.582937816861368,-10.153479970565,2.31673148354216
"ORC6",0.250273336557541,-12.2871527362687,2.16237099282398
"C16orf87",0.447539324172224,-10.643539988082,2.27573811943161
"GPT2",0.101084877533373,-12.9582856770516,1.98697941273538
"DNAJA2",0.646422527724273,-10.0007863653505,2.35850963084549
"NETO2",0.158147028664132,-12.743367074885,2.06256469798137
"ITFG1",0.451579699541951,-10.5086772312992,2.31194102668107
"PHKB",0.470851546390807,-10.8693449015104,2.27192322205283
"LONP2",0.44977914147469,-10.663735641757,2.27513800908499
"SIAH1",0.270272096743267,-11.6288514890299,2.18928097708031
"N4BP1",0.412723173171574,-11.117110779204,2.20313156899108
"RP11-42I10.1",0.108196131760806,-13.0200960649104,2.02232033555741
"CNEP1R1",0.380191979452293,-11.2682250764322,2.20545920586681
"HEATR3",0.251141901207489,-11.6827217186918,2.17775498330012
"PAPD5",0.300427718600343,-11.5384103559416,2.199496241444
"ADCY7",0.448122275807434,-10.6489920441202,2.27556611725723
"BRD7",0.460454893458218,-10.5028726426465,2.32267055932126
"SNX20",0.591799251967777,-10.1027583745135,2.31427168387597
"NOD2",0.224035905850509,-12.0423659378371,2.17656425261388
"RP11-327F22.2",0.090721269291354,-12.7921404110945,1.91917469956789
"CYLD",0.651296276909696,-10.0024488660711,2.36262265209596
"CHD9",0.461863253090277,-10.5018136293798,2.32399862880799
"RBL2",0.697805835721108,-10.0102690043709,2.3957665415932
"AKTIP",0.450451902186898,-10.50948474765,2.31019713071266
"FTO",0.300427718600343,-11.5384103559416,2.199496241444
"LPCAT2",0.226183628844696,-11.8696976462039,2.16872789246404
"CES1",0.23386501965221,-11.7696233733186,2.16814921311575
"GNAO1",0.090721269291354,-12.7921404110945,1.91917469956789
"AMFR",0.42735931876825,-11.0729846998067,2.21688060694556
"RP11-413H22.2",0.217168357845664,-12.5125542968357,2.11121018860736
"NUDT21",0.615737802896183,-10.0032070746965,2.32832167167865
"OGFOD1",0.423931914395732,-11.080211145273,2.21216986686524
"BBS2",0.31443513214356,-11.49527297383,2.2028296155004
"MT3",0.144335962055549,-12.8071131072533,2.05393865606713
"MT2A",1.27025063095081,-9.3123290585297,2.57367098918335
"MT1E",0.34102673839168,-11.4162000028953,2.20833188873825
"MT1F",0.441715540865683,-10.531456947995,2.28926561144109
"MT1X",0.55831781099802,-10.2670945883015,2.32664808972773
"NUP93",0.447989157999243,-10.6477599119905,2.27560425911902
"HERPUD1",0.978201924910495,-9.70842790815418,2.47868331610318
"CETP",0.197663683629374,-12.4947298912936,2.06814566555827
"NLRC5",0.457339186975208,-10.5050182683626,2.31941521288078
"CPNE2",0.42790783849932,-11.0720145723363,2.21771847989953
"FAM192A",0.584556735001963,-10.1446471577867,2.31616507778441
"RSPRY1",0.467808313863858,-10.9625204381514,2.27207995781939
"ARL2BP",0.725453221986998,-9.99741188731884,2.41192257895513
"RP11-407G23.3",0.090721269291354,-12.7921404110945,1.91917469956789
"PLLP",0.141473787659634,-12.8191386499719,2.05126746596957
"CIAPIN1",0.478968641871603,-10.4830586657021,2.33479147380193
"COQ9",0.470764462647855,-10.8659389948611,2.27190883151989
"POLR2C",0.688618872740965,-10.0108289044,2.38988638704049
"DOK4",0.090721269291354,-12.7921404110945,1.91917469956789
"CCDC102A",0.23199352621588,-11.7866684234734,2.16771263742681
"GPR114",0.277255247064729,-11.6092735883829,2.19244704213465
"GPR56",0.471038248310229,-10.8801759923007,2.27198310210952
"KATNB1",0.335776925411619,-11.4321320549466,2.20751459858229
"KIFC3",0.174120422480146,-12.6247712823772,2.05817582041029
"TEPP",0.241695900609293,-12.5467848054605,2.16624256450464
"ZNF319",0.224065621849842,-11.9347801167679,2.1716016566889
"USB1",0.483641545817974,-10.475943659774,2.33644273542121
"C16orf80",0.474119239160605,-10.4895550596264,2.33256898132297
"CSNK2A2",0.232518630657796,-11.7815991479491,2.16781318725399
"GINS3",0.189222923805307,-12.520920249976,2.05838802962435
"SETD6",0.271279197396557,-11.6260880152739,2.1897771111063
"CNOT1",0.528152599955384,-10.3717108700341,2.33627621875597
"SLC38A7",0.250273336557541,-12.2871527362687,2.16237099282398
"GOT2",0.465816968603691,-10.9811168736422,2.2715581675054
"LINC00920",0.248063606674305,-12.2567014115598,2.16085635613381
"TK2",0.270272096743267,-11.6288514890299,2.18928097708031
"CKLF",0.984228683653679,-9.69308288720352,2.478027661544
"CMTM2",0.224897314176702,-12.5307592002766,2.13038747028561
"CMTM3",0.794563774612034,-9.89471802795715,2.43372356731495
"DYNC1LI2",0.464676662261395,-10.9899230290962,2.27113366979439
"NAE1",0.593764125314363,-10.0908822803881,2.3140595349289
"PDP2",0.158147028664132,-12.743367074885,2.06256469798137
"FAM96B",1.09438661786683,-9.48992009233667,2.48854074241347
"CES2",0.46686573457211,-10.9719629549051,2.27186690695412
"CES4A",0.223673348329854,-11.9592828963061,2.17287734553267
"CBFB",0.441205537973821,-10.5421008163174,2.2856148565988
"C16orf70",0.262041219518392,-11.6511250774237,2.18475398016833
"TRADD",0.890148568827112,-9.8228243059875,2.45964901080525
"FBXL8",0.40274415492585,-11.1611121498551,2.20123994370316
"NOL3",0.203504806423496,-12.4912497389434,2.07892517954733
"KIAA0895L",0.090721269291354,-12.7921404110945,1.91917469956789
"EXOC3L1",0.231896163679567,-12.1435547972649,2.17060063740439
"E2F4",0.520734935589648,-10.3932063322684,2.33775532811716
"ELMO3",0.174120422480146,-12.6247712823772,2.05817582041029
"LRRC29",0.253776510344264,-12.4304809561986,2.17385166909698
"TMEM208",0.706237170298451,-10.0083633414244,2.40095448636051
"FHOD1",0.429397963434228,-11.0696674782639,2.22011985504526
"PLEKHG4",0.158147028664132,-12.743367074885,2.06256469798137
"TPPP3",0.444875669579846,-10.6160032239621,2.27681448888697
"ZDHHC1",0.414840650253401,-11.1088176396297,2.20416739664277
"ATP6V0D1",0.875025021402494,-9.82906847751572,2.45429053274323
"FAM65A",0.387415497071228,-11.2345599720108,2.20365151181136
"CTD-2012K14.6",0.108196131760806,-13.0200960649104,2.02232033555741
"CTD-2012K14.7",0.108196131760806,-13.0200960649104,2.02232033555741
"CTCF",0.452382372543889,-10.6852767621224,2.27457377758221
"RLTPR",0.253309504187197,-11.6759268360451,2.17920616014382
"ACD",0.45838813568535,-10.7313777988037,2.27344056840083
"PARD6A",0.350243796832789,-11.386611316548,2.2091560063327
"ENKD1",0.090721269291354,-12.7921404110945,1.91917469956789
"C16orf86",0.223695027974275,-12.0241158264402,2.17597860349096
"GFOD2",0.271279197396557,-11.6260880152739,2.1897771111063
"RANBP10",0.241904545563597,-12.2014659440717,2.16146712228198
"CENPT",0.470905116509274,-10.8718063541902,2.27193462190516
"THAP11",0.525092717974253,-10.3807634748594,2.33693617734353
"NUTF2",0.916020663923812,-9.80943665746942,2.46906834859732
"EDC4",0.230189928028585,-12.5414312256707,2.14290754443097
"PSKH1",0.237474031983325,-11.7432841815218,2.1695380237315
"CTC-479C5.12",0.443870798703395,-10.5189841821704,2.29679525659709
"PSMB10",1.19308770998952,-9.42570407575728,2.58645384501719
"LCAT",0.174120422480146,-12.6247712823772,2.05817582041029
"SLC12A4",0.217168357845664,-12.5125542968357,2.11121018860736
"DPEP2",0.57719564682589,-10.183261742467,2.31894999058405
"DUS2",0.434335184346737,-11.0643360521457,2.22906785632053
"DDX28",0.428216570434736,-11.0714992812824,2.21820260460062
"NFATC3",0.6101227256767,-10.0132635434614,2.32242468410078
"PLA2G15",0.223695027974275,-12.0241158264402,2.17597860349096
"SLC7A6",0.457282581591027,-10.7230089897772,2.27364031108761
"SLC7A6OS",0.455622791177009,-11.035161282022,2.26465513774488
"PRMT7",0.434784023671921,-11.0640018101029,2.22993718314082
"SMPD3",0.16759266301054,-12.6777798123276,2.06112349582788
"ZFP90",0.355648341701213,-11.3679762538592,2.20920993508267
"TANGO6",0.28226465445891,-11.5946080769549,2.19434563052973
"CHTF8",0.515479855509437,-10.407478828948,2.33852550982715
"CIRH1A",0.466844862067684,-10.803105260765,2.27208308964793
"SNTB2",0.243431321069781,-11.7117139674051,2.17278568107151
"VPS4A",0.511138847162334,-10.4186917106066,2.33897161358555
"COG8",0.267827718943378,-11.6355057427823,2.18802368561981
"NIP7",0.442772218999446,-10.5233929123792,2.29347803648061
"TERF2",0.224685844288479,-11.9098833485468,2.17037723291924
"CYB5B",0.606749369485382,-10.0232859500581,2.31925030174612
"NFAT5",0.464811875454418,-10.9889224540048,2.27118796035758
"NQO1",0.22712266150858,-12.104790066756,2.17568849682712
"NOB1",0.616383572359685,-10.0024457016586,2.32901559484834
"WWP2",0.455355263082105,-11.0360485054148,2.26437704582327
"PDPR",0.241695900609293,-12.5467848054605,2.16624256450464
"EXOSC6",0.469242292256476,-10.9446433888567,2.27227095820305
"AARS",0.38490862710076,-11.2464107177746,2.20427787268896
"DDX19B",0.46713908425754,-10.4972598309825,2.32828695491682
"DDX19A",0.471008256811995,-10.8777109729384,2.27196783532734
"ST3GAL2",0.454697654954174,-11.0381385396079,2.26367020953687
"FUK",0.253776510344264,-12.4304809561986,2.17385166909698
"COG4",0.47088052449301,-10.8706505560942,2.2719305172898
"SF3B3",0.460350780922653,-10.7463886625205,2.27308890793746
"VAC14",0.404721923560707,-11.1519112943397,2.20129724393512
"CMTR2",0.455705590211587,-11.034884622521,2.26473986965705
"ZNF23",0.217168357845664,-12.5125542968357,2.11121018860736
"ZNF19",0.141473787659634,-12.8191386499719,2.05126746596957
"RP11-432I5.1",0.141473787659634,-12.8191386499719,2.05126746596957
"PHLPP2",0.203504806423496,-12.4912497389434,2.07892517954733
"AP1G1",0.226965555352143,-11.8539915358263,2.1682399487526
"ATXN1L",0.408143519448927,-11.1364662245717,2.20172706091996
"IST1",0.448004183272227,-10.5116324269824,2.30598224346719
"ZNF821",0.389152308112735,-11.2262808848236,2.2032345380696
"DHODH",0.285804672065154,-11.5839316416338,2.19552882576664
"TXNL4B",0.334378193686549,-11.4363146701623,2.20725800015964
"HP",0.124744812975913,-12.9345239920951,2.0430897230423
"DHX38",0.422599320706511,-11.0835925361052,2.210594906622
"ZFHX3",0.317791215760805,-11.4852213410883,2.20362783136946
"AC009120.10",0.124744812975913,-12.9345239920951,2.0430897230423
"PSMD7",0.945398845560422,-9.77791349834794,2.47745372532307
"AC009120.6",0.090721269291354,-12.7921404110945,1.91917469956789
"RP11-252A24.3",0.090721269291354,-12.7921404110945,1.91917469956789
"RP11-252A24.7",0.241904545563597,-12.2014659440717,2.16146712228198
"GLG1",0.657694905652895,-10.0046095315724,2.36778978619627
"RFWD3",0.348802644947641,-11.3914012241709,2.20908544928062
"MLKL",0.463445366443175,-10.9983196927337,2.27057521678805
"WDR59",0.404153181232032,-11.1545373369774,2.20126864703396
"ZNRF1",0.203504806423496,-12.4912497389434,2.07892517954733
"LDHD",0.158147028664132,-12.743367074885,2.06256469798137
"ZFP1",0.224035905850509,-12.0423659378371,2.17656425261388
"CFDP1",0.628325812546784,-9.99691715333126,2.34161139905196
"TMEM170A",0.444799965049509,-10.5165187210985,2.29919075295317
"GABARAPL2",1.20229943843284,-9.41042305506569,2.58475091950928
"ADAT1",0.327625183902159,-11.4562335460741,2.20588919150169
"KARS",0.967568551152746,-9.73429881371253,2.47930572036318
"TERF2IP",1.01110366402425,-9.62505273044781,2.47420104677472
"MON1B",0.399206633592182,-11.1778740585519,2.20142359739029
"SYCE1L",0.223875660397657,-12.0349486188794,2.17635258202744
"NUDT7",0.335351037560648,-11.4334202594825,2.20743616302809
"WWOX",0.31342617184787,-11.4983190089717,2.20259098932825
"MAF",0.315885778068481,-11.4909045559396,2.20317613981035
"CDYL2",0.090721269291354,-12.7921404110945,1.91917469956789
"CMC2",0.514004103044502,-10.4113502139979,2.33869717388777
"CENPN",0.310954375119217,-11.5058196199201,2.2020069558092
"ATMIN",0.258748343647862,-11.6601487887884,2.18272220633917
"C16orf46",0.090721269291354,-12.7921404110945,1.91917469956789
"GCSH",0.211561276790128,-12.5005332691513,2.09729795390912
"GAN",0.124744812975913,-12.9345239920951,2.0430897230423
"CMIP",0.47108617509497,-10.8922881789928,2.27206729699575
"RP11-960L18.1",0.141473787659634,-12.8191386499719,2.05126746596957
"PLCG2",0.439377263286929,-11.0612499562935,2.23903745483429
"7SK",0.16759266301054,-12.6777798123276,2.06112349582788
"SDR42E1",0.174120422480146,-12.6247712823772,2.05817582041029
"MPHOSPH6",0.568214962464495,-10.2254586225993,2.32264602048345
"RP11-483P21.2",0.090721269291354,-12.7921404110945,1.91917469956789
"HSBP1",0.860382284191002,-9.83578802069788,2.44949486615084
"MLYCD",0.298947621855813,-11.5430506211532,2.19913559051376
"OSGIN1",0.158147028664132,-12.743367074885,2.06256469798137
"MBTPS1",0.453554323501273,-10.694539982985,2.27434479053173
"RP11-505K9.1",0.250273336557541,-12.2871527362687,2.16237099282398
"HSDL1",0.258748343647862,-11.6601487887884,2.18272220633917
"DNAAF1",0.141473787659634,-12.8191386499719,2.05126746596957
"TAF1C",0.235301446437578,-11.7582718172183,2.16862943826843
"TLDC1",0.241695900609293,-12.5467848054605,2.16624256450464
"COTL1",1.71566017404011,-7.7081644468281,2.49303627653898
"KLHL36",0.448452754431405,-10.6520180315335,2.27547489807325
"USP10",0.578423247051193,-10.1770933516566,2.31845785572337
"CRISPLD2",0.253776510344264,-12.4304809561986,2.17385166909698
"ZDHHC7",0.452551101086964,-10.5080351306963,2.31335983801448
"KIAA0513",0.341450871520497,-11.4148798667032,2.20838647618076
"GSE1",0.239121755146729,-11.7333567076361,2.17034018854576
"GINS2",0.223554738259914,-11.9715000141209,2.17352084545088
"C16orf74",0.443983496498687,-10.6053736316393,2.27737380973705
"EMC8",0.51807937741007,-10.4005168064221,2.33817438766676
"COX4I1",2.63247340936131,-7.05622038994744,2.46268777080239
"IRF8",0.67168727025025,-10.0086111779276,2.3782957016693
"RP11-542M13.3",0.24453111945453,-12.2214289751843,2.16052314828958
"MTHFSD",0.22375500450459,-11.9529837127783,2.17254604697426
"C16orf95",0.24453111945453,-12.2214289751843,2.16052314828958
"FBXO31",0.223506913503804,-11.9791550530398,2.17392053640435
"MAP1LC3B",1.06260920396792,-9.52268489398252,2.47367494964143
"ZCCHC14",0.217168357845664,-12.5125542968357,2.11121018860736
"KLHDC4",0.427003874317524,-11.0736383029078,2.21634928193124
"FLJ00104",0.226638644512834,-12.09882799307,2.1760808961638
"SLC7A5",0.22712266150858,-12.104790066756,2.17568849682712
"BANP",0.412232615927374,-11.1190928018689,2.20292933682233
"ZC3H18",0.44647810540494,-11.0554030677705,2.25223166396777
"CYBA",2.62411378412854,-7.05913799953614,2.46322510315317
"MVD",0.442178729192352,-10.579118522562,2.27937923935287
"SNAI3-AS1",0.108196131760806,-13.0200960649104,2.02232033555741
"SNAI3",0.438656995374367,-11.0616560779418,2.23760088373403
"RNF166",0.830366993974776,-9.8553111001187,2.44118369414347
"CTU2",0.258748343647862,-11.6601487887884,2.18272220633917
"PIEZO1",0.469356526630539,-10.9429519631914,2.2722774343432
"CDT1",0.19416127213609,-12.5023205822636,2.06316176608427
"APRT",1.60640124100992,-8.80366832319954,2.61747780750577
"GALNS",0.266394757532043,-11.6393853645442,2.18725174909481
"TRAPPC2L",0.819938859639934,-9.86473002965943,2.43878875788631
"CBFA2T3",0.286834635663022,-11.5807955599529,2.19585236233327
"ACSF3",0.462493360024042,-10.7633904548868,2.27272219984884
"RP11-46C24.7",0.241695900609293,-12.5467848054605,2.16624256450464
"ZNF778",0.124744812975913,-12.9345239920951,2.0430897230423
"ANKRD11",0.499970388338532,-10.4449231839645,2.33918592911547
"AC137932.6",0.101084877533373,-12.9582856770516,1.98697941273538
"SPG7",0.441421999680747,-10.5358551154231,2.28756403098754
"RP11-104N10.1",0.158147028664132,-12.743367074885,2.06256469798137
"RPL13",6.59538850950613,-3.48919651052848,2.02178294415933
"CPNE7",0.211561276790128,-12.5005332691513,2.09729795390912
"CHMP1A",0.465718251421877,-10.4985891815919,2.32723223613221
"SPATA33",0.22375500450459,-11.9529837127783,2.17254604697426
"CDK10",0.465830489003494,-10.7928248319656,2.27221325919044
"SPATA2L",0.325211595687644,-11.4633216038494,2.20535006957762
"VPS9D1",0.225618966400741,-12.0834241998706,2.17670796339033
"ZNF276",0.443745949026583,-10.5193882569874,2.2964498899028
"FANCA",0.253309504187197,-11.6759268360451,2.17920616014382
"SPIRE2",0.174120422480146,-12.6247712823772,2.05817582041029
"TCF25",1.07703582068665,-9.5036428955432,2.47770725697647
"MC1R",0.124744812975913,-12.9345239920951,2.0430897230423
"DEF8",0.441429515267503,-10.5357127029003,2.287613754617
"CENPBD1",0.223695027974275,-12.0241158264402,2.17597860349096
"DBNDD1",0.211561276790128,-12.5005332691513,2.09729795390912
"RPH3AL",0.217168357845664,-12.5125542968357,2.11121018860736
"FAM101B",0.327625183902159,-11.4562335460741,2.20588919150169
"VPS53",0.448559247750488,-11.0523924368995,2.25557852176882
"GEMIN4",0.229652322568163,-11.8128955357699,2.16754706132433
"GLOD4",0.714502061952476,-10.0049146022738,2.40583360441703
"RNMTL1",0.464472995037701,-10.9913766677462,2.27104822401667
"TIMM22",0.444139389457089,-10.6073052603344,2.27726410102456
"ABR",0.468024478525597,-10.9601697177028,2.27211953555698
"YWHAE",0.756714996286193,-9.95586032114994,2.42524879642264
"CRK",0.470362487579358,-10.8542757868937,2.27186522006294
"MYO1C",0.249029583942693,-11.6898006335492,2.17635571763485
"INPP5K",0.441239936718579,-10.5406526756703,2.28602934794068
"PITPNA-AS1",0.44129977814444,-10.5583328233351,2.2820916279532
"PITPNA",0.435845304393994,-11.0632789560144,2.23201418300736
"SLC43A2",0.465349783572818,-10.7882378273523,2.27227917981434
"SCARF1",0.124744812975913,-12.9345239920951,2.0430897230423
"RILP",0.363949299317625,-11.3370969602392,2.20861637561393
"PRPF8",0.595056691587194,-10.0830388993478,2.3140241476956
"MIR22HG",0.339105839734121,-11.4220917610365,2.20805934831243
"WDR81",0.267827718943378,-11.6355057427823,2.18802368561981
"SERPINF2",0.141473787659634,-12.8191386499719,2.05126746596957
"SERPINF1",0.229308088366729,-11.8173595556014,2.16757387303232
"SMYD4",0.376888522914159,-11.2831051323954,2.20626309945332
"RPA1",0.456181886745006,-10.5057488587926,2.31807418669721
"DPH1",0.252848887651615,-12.4667426727497,2.17603331892423
"HIC1",0.108196131760806,-13.0200960649104,2.02232033555741
"SMG6",0.229216757627761,-11.8185740413693,2.16758308707388
"SRR",0.241904545563597,-12.2014659440717,2.16146712228198
"TSR1",0.357857053743936,-11.3600580995814,2.20913446435256
"SGSM2",0.227633373720122,-11.8422006254726,2.16794319794428
"MNT",0.404721923560707,-11.1519112943397,2.20129724393512
"METTL16",0.37857325423284,-11.2755623803673,2.20585812355457
"PAFAH1B1",0.471960373977153,-10.4921481562789,2.33139376208603
"CLUH",0.225242173550997,-11.8928066779572,2.16961132666487
"RP11-74E22.3",0.158147028664132,-12.743367074885,2.06256469798137
"RAP1GAP2",0.428216570434736,-11.0714992812824,2.21820260460062
"SHPK",0.134486423716054,-12.8558240348517,2.04569081801718
"CTNS",0.224554648387167,-12.0600007742538,2.17687390222265
"TAX1BP3",0.492243280250362,-10.4607521491219,2.33841072754495
"P2RX5-TAX1BP3",0.241904545563597,-12.2014659440717,2.16146712228198
"EMC6",0.726843368890993,-9.99619190971026,2.41265542906869
"P2RX5",0.444412595399988,-10.517448239715,2.29822211482416
"ITGAE",0.634353248473284,-9.99743882098971,2.34754417931677
"CTD-3195I5.1",0.124744812975913,-12.9345239920951,2.0430897230423
"C17orf85",0.454425694479469,-11.038962932443,2.26337038156405
"CAMKK1",0.158147028664132,-12.743367074885,2.06256469798137
"P2RX1",0.415969222255104,-11.1046288877954,2.20483393023445
"ATP2A3",0.461620357488315,-10.5020001436711,2.32377583305005
"ZZEF1",0.43247517099959,-11.065964924675,2.22554417497066
"CYB5D2",0.441106494975151,-11.060235648736,2.24242918160908
"ANKFY1",0.458809531417837,-11.0229523939695,2.2675732114922
"UBE2G1",0.602672785137742,-10.0402989443453,2.31623179620294
"SPNS3",0.440095965609989,-11.0608424935328,2.2404590929217
"RP13-580F15.2",0.226638644512834,-12.09882799307,2.1760808961638
"MYBBP1A",0.265406466391688,-11.6420470295071,2.1867035920894
"PELP1",0.421222617755518,-11.08739230309,2.2091223616577
"ARRB2",1.10697966693077,-9.49870579325508,2.51148135405392
"MED11",0.555755869679304,-10.2771668176273,2.32763452867928
"CXCL16",0.442202780223115,-10.5269243250793,2.2914128550984
"ZMYND15",0.203504806423496,-12.4912497389434,2.07892517954733
"VMO1",0.259049967302431,-11.6593096019024,2.18291121542945
"PSMB6",1.10652891298771,-9.49728459067874,2.50971382192288
"PLD2",0.235831001374619,-12.1654885580238,2.16626798040572
"MINK1",0.37857325423284,-11.2755623803673,2.20585812355457
"CHRNE",0.241695900609293,-12.5467848054605,2.16624256450464
"C17orf107",0.108196131760806,-13.0200960649104,2.02232033555741
"GP1BA",0.253903838479869,-12.4147871760794,2.17266699110733
"SLC25A11",0.712228261524255,-10.0060328129265,2.4045115251088
"RNF167",0.846314151034446,-9.84372690535359,2.44533404351639
"PFN1",3.39033872470329,-5.83247595614435,2.22060066959709
"ENO3",0.285804672065154,-11.5839316416338,2.19552882576664
"SPAG7",0.96275530563426,-9.74517485828263,2.47929849016646
"CAMTA2",0.319344583891345,-11.4806092560161,2.20399355485001
"RP5-1050D4.3",0.158147028664132,-12.743367074885,2.06256469798137
"KIF1C",0.22375500450459,-11.9529837127783,2.17254604697426
"ZFP3",0.108196131760806,-13.0200960649104,2.02232033555741
"ZNF232",0.223480289415275,-11.9878482439456,2.17436386521142
"ZNF594",0.090721269291354,-12.7921404110945,1.91917469956789
"RP11-333E1.1",0.117913150105663,-12.9954662061038,2.04171346236043
"SCIMP",0.580612633307427,-10.1658360612856,2.31760315624565
"RABEP1",0.467430067417316,-10.9664679128334,2.27200133886755
"NUP88",0.458547605460576,-10.7325907647885,2.27341210159252
"RPAIN",0.736996722966648,-9.98533332067707,2.41767604527498
"CTC-524C5.2",0.468032621882543,-10.8166073510891,2.27195546693902
"C1QBP",1.24905682028706,-9.34019404319597,2.5766895353649
"DHX33",0.225242173550997,-11.8928066779572,2.16961132666487
"DERL2",0.604795597150563,-10.0307732504568,2.31766335343401
"MIS12",0.47058407054885,-10.9185395859691,2.27224357899786
"NLRP1",0.454013950085379,-10.5071062491089,2.31536370574742
"KIAA0753",0.124744812975913,-12.9345239920951,2.0430897230423
"TXNDC17",0.649386780144177,-10.0017860769726,2.36103000531519
"MED31",0.43135889769969,-11.0671477892444,2.2235123103596
"C17orf100",0.217168357845664,-12.5125542968357,2.11121018860736
"XAF1",0.978719071666475,-9.70712598734576,2.4786338746906
"AC027763.2",0.448150147023622,-11.0530496170843,2.25494573937143
"RP11-589P10.5",0.189222923805307,-12.520920249976,2.05838802962435
"ALOX12",0.20586047443855,-12.4926257741773,2.08399135873834
"RNASEK",0.44663321542813,-10.6347118592001,2.27604282236088
"AC040977.1",0.225242173550997,-11.8928066779572,2.16961132666487
"C17orf49",0.608212683556726,-10.0185091659868,2.32057022389666
"MIR497HG",0.158147028664132,-12.743367074885,2.06256469798137
"SLC16A13",0.158147028664132,-12.743367074885,2.06256469798137
"SLC16A11",0.22712266150858,-12.104790066756,2.17568849682712
"CLEC10A",0.461264973412465,-11.0111090724364,2.26934517817875
"ASGR2",0.351171286008345,-11.3834909426269,2.20918834958548
"ASGR1",0.585749584845571,-10.1379838386041,2.31576762785554
"DLG4",0.250066880072025,-12.508963921607,2.17627790166079
"ACADVL",0.616442522694935,-10.0023805212105,2.32907917481052
"DVL2",0.383089885247152,-11.2548981870833,2.20473571080868
"PHF23",0.439377263286929,-11.0612499562935,2.23903745483429
"GABARAP",1.59064202130743,-8.91668348795921,2.63282476602676
"CTDNEP1",0.448165309195763,-10.5114620147581,2.30627857023604
"ELP5",0.472672553518119,-10.4913158779999,2.33179620613547
"CLDN7",0.250066880072025,-12.508963921607,2.17627790166079
"EIF5A",0.908777079960802,-9.8139522705147,2.46647330005334
"GPS2",0.510775887095966,-10.419603808854,2.33900000649681
"NEURL4",0.090721269291354,-12.7921404110945,1.91917469956789
"ACAP1",1.10799724739202,-9.55904308616586,2.56772583133733
"KCTD11",0.230189928028585,-12.5414312256707,2.14290754443097
"TNK1",0.241695900609293,-12.5467848054605,2.16624256450464
"TMEM256-PLSCR3",0.330031274206338,-11.4491777419876,2.20640509817246
"TMEM256",0.809092065133008,-9.87627301947666,2.43652002938223
"TMEM102",0.394821138700262,-11.1989924306273,2.20204085266423
"CHRNB1",0.465629811135358,-10.9826369442504,2.27149430380876
"ZBTB4",0.389152308112735,-11.2262808848236,2.2032345380696
"POLR2A",0.517191620297034,-10.4029178471279,2.33830188661241
"TNFSF12",0.441192142605997,-10.5530995266516,2.2830466425999
"TNFSF13",0.189222923805307,-12.520920249976,2.05838802962435
"SENP3",0.230189928028585,-12.5414312256707,2.14290754443097
"EIF4A1",1.2290591214774,-8.12595714143933,2.57599258378436
"CD68",1.10790786536679,-9.55651725976059,2.56496923420915
"AC113189.5",0.277255247064729,-11.6092735883829,2.19244704213465
"MPDU1",0.442342351837918,-10.5259227261302,2.29195611309671
"SOX15",0.158147028664132,-12.743367074885,2.06256469798137
"FXR2",0.247077097144011,-12.2454950947163,2.16053428480212
"SAT2",0.861291436116773,-9.8353331558328,2.44977882338367
"TP53",0.460513131752885,-11.0149730421718,2.26884319915515
"WRAP53",0.344727029962021,-11.4046107988564,2.20876481991351
"KDM6B",0.44150556912716,-10.5648226612931,2.28108711421567
"TMEM88",0.158147028664132,-12.743367074885,2.06256469798137
"LSMD1",0.874845741393429,-9.82914445758348,2.45422932852023
"CYB5D1",0.203504806423496,-12.4912497389434,2.07892517954733
"CHD3",0.447230171911624,-10.6405751142795,2.27583669531605
"AC025335.1",0.16759266301054,-12.6777798123276,2.06112349582788
"TRAPPC1",1.47851729281007,-9.11703423189407,2.59158117835036
"CNTROB",0.22712266150858,-12.104790066756,2.17568849682712
"PER1",0.447989157999243,-10.6477599119905,2.27560425911902
"VAMP2",1.4785505484659,-9.11540389735819,2.59274887463047
"TMEM107",0.446514259325753,-10.6335182579187,2.27608553965847
"C17orf59",0.45274388636144,-10.6881601346693,2.27450361371712
"AURKB",0.229019397260147,-12.5393836582566,2.14022066075078
"LINC00324",0.470983252232793,-10.8759941564151,2.27195773717067
"RP11-849F2.8",0.217168357845664,-12.5125542968357,2.11121018860736
"CTC1",0.300427718600343,-11.5384103559416,2.199496241444
"PFAS",0.251043590229985,-12.498046019625,2.17663952098868
"SLC25A35",0.252669045295664,-12.3369290773934,2.16608382286099
"RANGRF",0.562365759391433,-10.2506140213693,2.32504149002711
"KRBA2",0.174120422480146,-12.6247712823772,2.05817582041029
"RPL26",4.77947443090321,-4.82012619066703,2.13387616000716
"NDEL1",0.441204233847041,-10.5538207399381,2.28290625457573
"MYH10",0.090721269291354,-12.7921404110945,1.91917469956789
"PIK3R6",0.141473787659634,-12.8191386499719,2.05126746596957
"PIK3R5",0.468640681023308,-10.8244467292472,2.27190686780533
"STX8",0.707116504667098,-10.0080752844602,2.40148382162866
"GAS7",0.47078572669956,-10.8666846989857,2.27190930422574
"AC000003.2",0.090721269291354,-12.7921404110945,1.91917469956789
"MYH3",0.250066880072025,-12.508963921607,2.17627790166079
"CTC-297N7.8",0.134486423716054,-12.8558240348517,2.04569081801718
"SCO1",0.406088429914157,-11.1456644063624,2.20141239290653
"ADPRM",0.457421808208073,-10.724061478055,2.27361416276706
"TMEM220",0.241904545563597,-12.2014659440717,2.16146712228198
"CTC-297N7.5",0.151289836493976,-12.7783680320405,2.05965516873174
"ZNF18",0.23078253123122,-12.1364778837008,2.17188129372768
"MAP2K4",0.435539115592831,-11.0634795948857,2.23141060292005
"ELAC2",0.457928504045663,-11.0266481132348,2.26683841815062
"COX10",0.31342617184787,-11.4983190089717,2.20259098932825
"HS3ST3B1",0.226965555352143,-11.8539915358263,2.1682399487526
"RP11-214O1.3",0.241695900609293,-12.5467848054605,2.16624256450464
"TVP23C",0.158147028664132,-12.743367074885,2.06256469798137
"RP11-385D13.3",0.158147028664132,-12.743367074885,2.06256469798137
"TRIM16",0.277255247064729,-11.6092735883829,2.19244704213465
"ZNF286A",0.158147028664132,-12.743367074885,2.06256469798137
"AC015922.6",0.108196131760806,-13.0200960649104,2.02232033555741
"ZSWIM7",0.597033963440135,-10.0712061819671,2.31417852692799
"TTC19",0.544782914590859,-10.3176459918751,2.3315643406427
"NCOR1",1.10323568220237,-9.49154160477752,2.5008167733444
"PIGL",0.285043698698453,-11.5862397797112,2.19528441749419
"CENPV",0.388130156551415,-11.2311586600654,2.20347806847025
"UBB",1.93037854567339,-7.51474392451376,2.44807198392974
"RP11-138I1.4",0.23078253123122,-12.1364778837008,2.17188129372768
"TRPV2",0.452425152921257,-10.5081156711368,2.31318020953231
"FAM211A",0.470692743436857,-10.8634841234373,2.27189741949426
"ZNF287",0.225618966400741,-12.0834241998706,2.17670796339033
"ZNF624",0.108196131760806,-13.0200960649104,2.02232033555741
"TNFRSF13B",0.310399175415242,-11.5075157537811,2.20187613184991
"MPRIP",0.442144270145439,-10.5785139234568,2.27944096434056
"PLD6",0.238745118510496,-11.7355340458019,2.170148987001
"FLCN",0.294380013409298,-11.5573781680938,2.19798584160143
"COPS3",0.61383719856803,-10.0058513450761,2.32628077519947
"NT5M",0.124744812975913,-12.9345239920951,2.0430897230423
"MED9",0.280411879053876,-11.6000858444511,2.19367402772301
"RASD1",0.224269167964801,-11.9255477126109,2.1711334580526
"PEMT",0.408846989154545,-11.1333781738706,2.20187912776119
"RAI1",0.253776510344264,-12.4304809561986,2.17385166909698
"SMCR5",0.223483964358326,-11.9978879830348,2.17485616472569
"SREBF1",0.292898552493258,-11.5620231623232,2.19758929715922
"TOM1L2",0.413422552360771,-11.1143271642826,2.20344336623923
"LRRC48",0.158147028664132,-12.743367074885,2.06256469798137
"ATPAF2",0.467231765587268,-10.8072945693675,2.27203711720998
"GID4",0.309940402152195,-11.5089209858606,2.20176716673798
"DRG2",0.448931007097724,-10.656309896619,2.27534709655389
"RP11-258F1.1",0.21944115833592,-12.5179220526473,2.11688791980076
"ALKBH5",0.644090042463229,-10.0000199411794,2.35648229175898
"LLGL1",0.246161006325488,-11.7003570237215,2.17449086994333
"FLII",0.521096900021341,-10.3921928659553,2.33769291226188
"MIEF2",0.253776510344264,-12.4304809561986,2.17385166909698
"TOP3A",0.312415811570225,-11.5013771452248,2.20235150349299
"SMCR8",0.090721269291354,-12.7921404110945,1.91917469956789
"SHMT1",0.345669224655264,-11.401591897882,2.20885602943548
"LGALS9C",0.174120422480146,-12.6247712823772,2.05817582041029
"TRIM16L",0.253903838479869,-12.4147871760794,2.17266699110733
"TVP23B",0.318341970007255,-11.4835878418945,2.20375844416355
"PRPSAP2",0.499809238525121,-10.4452726224569,2.33917812086207
"SLC5A10",0.16759266301054,-12.6777798123276,2.06112349582788
"GRAP",0.459533910663585,-11.0196875741561,2.26813783084267
"SNORD3B-1",0.46701520184257,-10.9705443208593,2.27190479773946
"SNORD3B-2",0.371864737553081,-11.304893420966,2.20735161476811
"SNORD3D",0.463755930050262,-10.9963025860953,2.27072525089429
"B9D1",0.124744812975913,-12.9345239920951,2.0430897230423
"MAPK7",0.246980506215015,-11.697220033757,2.17501935050782
"ALDH3A2",0.445907242886321,-11.0560946168345,2.25126355553387
"ULK2",0.347027480193409,-11.3972077836428,2.20896727921405
"RP11-78O7.2",0.141473787659634,-12.8191386499719,2.05126746596957
"AKAP10",0.467434317118172,-10.8095670087831,2.27201610242505
"SPECC1",0.291868987972595,-11.5652337563203,2.1973099932792
"LGALS9B",0.252848887651615,-12.4667426727497,2.17603331892423
"USP22",0.470495625664777,-10.8576513585967,2.27187602769937
"DHRS7B",0.465816968603691,-10.9811168736422,2.2715581675054
"TMEM11",0.553298790049117,-10.2865918673388,2.32855796778508
"C17orf103",0.230189928028585,-12.5414312256707,2.14290754443097
"MAP2K3",0.745853864304727,-9.97321409753473,2.42145544061511
"C17orf51",0.108196131760806,-13.0200960649104,2.02232033555741
"UBBP4",0.428716979578481,-11.0707001835205,2.21899923203206
"WSB1",0.88704924755793,-9.8240950661453,2.45852420352018
"KSR1",0.251141901207489,-11.6827217186918,2.17775498330012
"LGALS9",0.911208297883141,-9.81254340786675,2.46735864990175
"LYRM9",0.457913501934268,-10.7277801854326,2.27352491900049
"NLK",0.235831001374619,-12.1654885580238,2.16626798040572
"TMEM97",0.22788839885398,-12.1130981452525,2.1749948721457
"IFT20",0.653041335288029,-10.0030465800845,2.36405869561674
"TNFAIP1",0.227311297452212,-11.8477243179345,2.16807395418345
"POLDIP2",0.578019772198816,-10.179136846777,2.31861945567695
"TMEM199",0.448518659319934,-10.5111167415344,2.30692171379515
"SARM1",0.229378764146762,-12.126320059832,2.17345487365568
"SLC46A1",0.141473787659634,-12.8191386499719,2.05126746596957
"RP11-192H23.4",0.108196131760806,-13.0200960649104,2.02232033555741
"UNC119",0.617170957540815,-10.0016095643274,2.32986549449741
"PIGS",0.464877012096816,-10.7838616576694,2.27234702379468
"ALDOC",0.441106494975151,-11.060235648736,2.24242918160908
"SPAG5",0.197663683629374,-12.4947298912936,2.06814566555827
"RP11-192H23.6",0.252669045295664,-12.3369290773934,2.16608382286099
"KIAA0100",0.413422552360771,-11.1143271642826,2.20344336623923
"SDF2",0.701771564567459,-10.0095628875275,2.39823186106318
"SUPT6H",0.441526538518252,-11.0599674555051,2.24324268828898
"PROCA1",0.238267439470462,-12.1788669084481,2.16398271757428
"RAB34",0.459265439882165,-10.7380405718178,2.27328088940231
"RPL23A",4.382341996218,-4.94271190123651,2.22518218741699
"AC010761.8",0.203504806423496,-12.4912497389434,2.07892517954733
"TLCD1",0.203504806423496,-12.4912497389434,2.07892517954733
"NEK8",0.239566946213551,-11.7308516444008,2.17056993237173
"TRAF4",0.388840655425826,-11.2277741359687,2.20330870629572
"FAM222B",0.225618966400741,-12.0834241998706,2.17670796339033
"ERAL1",0.410508970363257,-11.1262600224375,2.20232349699316
"FLOT2",0.59905048434442,-10.0594651394633,2.31461709264057
"DHRS13",0.309940402152195,-11.5089209858606,2.20176716673798
"PHF12",0.470369448379576,-10.924089961024,2.27226630903365
"MYO18A",0.108196131760806,-13.0200960649104,2.02232033555741
"NUFIP2",0.427867446793118,-11.0720831208783,2.21765595472018
"TAOK1",0.373051709105387,-11.2998379831994,2.20711150239711
"ABHD15",0.246161006325488,-11.7003570237215,2.17449086994333
"TP53I13",0.453758642162102,-11.0409096493427,2.26261277835448
"GIT1",0.243431321069781,-11.7117139674051,2.17278568107151
"CORO6",0.090721269291354,-12.7921404110945,1.91917469956789
"SSH2",0.532658975767373,-10.3578711934013,2.33517420268986
"NSRP1",0.453187926010195,-10.5076282018268,2.31425037062514
"RP11-354P11.3",0.241904545563597,-12.2014659440717,2.16146712228198
"BLMH",0.425228860306968,-11.0772399231774,2.21384037041768
"CPD",0.252669045295664,-12.3369290773934,2.16608382286099
"GOSR1",0.469543408155108,-10.8380205441914,2.27185984663184
"CRLF3",0.62578292679119,-9.99715375076402,2.33901534726203
"ATAD5",0.241904545563597,-12.2014659440717,2.16146712228198
"RP13-753N3.1",0.101084877533373,-12.9582856770516,1.98697941273538
"TEFM",0.398585905729195,-11.1808496154353,2.2014893716533
"ADAP2",0.460753915855538,-11.0137593440319,2.26900930028204
"RNF135",0.441394171317909,-10.5615830296541,2.28156599172817
"NF1",0.33467873020386,-11.4354256661043,2.20731506610919
"EVI2B",1.12349998947647,-9.55124613689607,2.59230172667645
"EVI2A",0.74512763019686,-9.97429085468593,2.42116882634635
"RAB11FIP4",0.412232615927374,-11.1190928018689,2.20292933682233
"COPRS",0.436893202563595,-11.0626333829986,2.23408600567037
"UTP6",0.443430291842673,-10.5205021979614,2.29554423396089
"SUZ12",0.40274415492585,-11.1611121498551,2.20123994370316
"LRRC37B",0.224820970152689,-12.0670005958397,2.17690569188224
"RHOT1",0.447356090876264,-10.6417867530277,2.27579602713367
"C17orf75",0.335776925411619,-11.4321320549466,2.20751459858229
"ZNF207",0.877042598802907,-9.82821871055362,2.45498420592393
"PSMD11",0.61378314661543,-10.0059364386697,2.32622327075742
"CDK5R1",0.108196131760806,-13.0200960649104,2.02232033555741
"MYO1D",0.158147028664132,-12.743367074885,2.06256469798137
"CCL2",0.197663683629374,-12.4947298912936,2.06814566555827
"CCT6B",0.211561276790128,-12.5005332691513,2.09729795390912
"ZNF830",0.462234206929947,-10.7612858328768,2.27276592200409
"LIG3",0.243431321069781,-11.7117139674051,2.17278568107151
"RFFL",0.417706406105695,-11.0984921151618,2.20603198222978
"RAD51D",0.223870619032143,-11.9454939698466,2.17215441294605
"NLE1",0.285804672065154,-11.5839316416338,2.19552882576664
"RP11-799D4.4",0.243431321069781,-11.7117139674051,2.17278568107151
"SLFN5",0.589384090694313,-10.1170980563705,2.31474235624304
"RP11-47L3.1",0.433254182495701,-11.0652411245051,2.22700203959687
"SLFN11",0.243431321069781,-11.7117139674051,2.17278568107151
"SLFN12",0.235831001374619,-12.1654885580238,2.16626798040572
"SLFN13",0.22712266150858,-12.104790066756,2.17568849682712
"SLFN12L",0.408490926650459,-11.1349469037569,2.20179926257136
"RP11-1094M14.11",0.449138874030501,-10.5105494650868,2.30801304418943
"PEX12",0.124744812975913,-12.9345239920951,2.0430897230423
"AP2B1",0.450413575737642,-10.5095131820262,2.31013595438483
"MMP28",0.203504806423496,-12.4912497389434,2.07892517954733
"TAF15",0.606362461653843,-10.0246781887087,2.31891707835606
"AC015849.19",0.108196131760806,-13.0200960649104,2.02232033555741
"CCL5",1.59339002226991,-8.90919305016367,2.63191753993485
"AC069363.1",0.141473787659634,-12.8191386499719,2.05126746596957
"CCL3",0.98170009861903,-9.69956749903847,2.47832466052571
"CCL4",0.826032423849754,-9.85903620339727,2.44016064977892
"AC131056.3",0.090721269291354,-12.7921404110945,1.91917469956789
"CCL3L3",0.396480590733764,-11.1909780697968,2.20176772667877
"CCL4L1",0.232228655750381,-11.7843673234651,2.16775586182853
"CCL4L2",0.158147028664132,-12.743367074885,2.06256469798137
"ZNHIT3",0.84369690930649,-9.8454336549837,2.44461528151055
"MYO19",0.363949299317625,-11.3370969602392,2.20861637561393
"PIGW",0.253776510344264,-12.4304809561986,2.17385166909698
"GGNBP2",0.863766041283573,-9.83411971880249,2.45056117859039
"DHRS11",0.247088309743925,-12.5303994035623,2.17384969389464
"MRM1",0.225435806859033,-11.8876011977405,2.16939592846168
"AATF",0.631736572671881,-9.99706522845124,2.34500925868995
"ACACA",0.267827718943378,-11.6355057427823,2.18802368561981
"TADA2A",0.254213568718537,-11.6731934857396,2.17980150004989
"DUSP14",0.300427718600343,-11.5384103559416,2.199496241444
"SYNRG",0.448665490599562,-10.5109757723921,2.30718439968934
"DDX52",0.467901842741246,-10.815018135868,2.2719684111364
"RP11-1407O15.2",0.252669045295664,-12.3369290773934,2.16608382286099
"MRPL45",0.477526856444522,-10.4850926595663,2.33418842753061
"CTB-58E17.1",0.309940402152195,-11.5089209858606,2.20176716673798
"MLLT6",0.441273042494974,-10.5394993864461,2.28637667212445
"CISD3",0.717604369792538,-10.003162957666,2.40761033960207
"PSMB3",1.28783533937004,-9.29096912231024,2.57155036771197
"PIP4K2B",0.223506913503804,-11.9791550530398,2.17392053640435
"CWC25",0.493593430329673,-10.458134434128,2.33860920801173
"RPL23",2.06644305201973,-7.28517917050153,2.48292033590999
"LASP1",0.596761397467888,-10.0728227966955,2.31414197483672
"LINC00672",0.250273336557541,-12.2871527362687,2.16237099282398
"PLXDC1",0.224820970152689,-12.0670005958397,2.17690569188224
"CACNB1",0.090721269291354,-12.7921404110945,1.91917469956789
"RPL19",5.80764148463193,-4.2181012485721,2.09999465154225
"RP11-690G19.3",0.241587964993237,-11.7203125191351,2.17168265402027
"FBXL20",0.224820970152689,-12.0670005958397,2.17690569188224
"MED1",0.399206633592182,-11.1778740585519,2.20142359739029
"CDK12",0.444092279917588,-11.0579699829562,2.24806124624802
"STARD3",0.444965716130129,-10.6170361649767,2.276766879285
"PGAP3",0.235301446437578,-11.7582718172183,2.16862943826843
"ERBB2",0.241695900609293,-12.5467848054605,2.16624256450464
"MIEN1",0.866683728198615,-9.83274424833332,2.4515017290431
"RP11-94L15.2",0.441886596691716,-10.5735781879494,2.27997374871953
"IKZF3",0.294380013409298,-11.5573781680938,2.19798584160143
"GSDMB",0.228218527898891,-11.8328472417398,2.1677628936284
"ORMDL3",0.619283559073176,-9.9998144650657,2.33214661382968
"PSMD3",0.551454719718674,-10.2935304762603,2.32923727954515
"MED24",0.440095965609989,-11.0608424935328,2.2404590929217
"THRA",0.383089885247152,-11.2548981870833,2.20473571080868
"NR1D1",0.366057967804558,-11.3287833212256,2.20834701635366
"MSL1",0.46864147168578,-10.9528412152691,2.27221323904934
"CASC3",0.461563327110717,-10.7559089758286,2.27287963747379
"WIPF2",0.465114448809925,-10.786043880917,2.27231204570332
"RARA",0.468621237285319,-10.8241818951397,2.27190824063544
"CTD-2267D19.2",0.305988725585079,-11.5210795000517,2.20083165053356
"TOP2A",0.176748782393078,-12.6034416412025,2.05712031195249
"IGFBP4",0.242495129613199,-12.2056316480614,2.16118748789971
"RP5-1028K7.2",0.358069973433876,-11.3592828820805,2.20912390770547
"CCR7",0.96912951337414,-9.73063900697486,2.47926377907445
"SMARCE1",0.699165755952134,-10.0100617265077,2.39661675307273
"KRT10",1.04120081685736,-9.55942703092601,2.4718720003076
"TMEM99",0.315885778068481,-11.4909045559396,2.20317613981035
"JUP",0.390547942851553,-11.2195909881759,2.2029167383211
"EIF1",4.51116622541553,-5.16575450472125,2.1098213738824
"LEPREL4",0.253776510344264,-12.4304809561986,2.17385166909698
"NT5C3B",0.442814044819607,-11.0590420545197,2.24569343860669
"ACLY",0.467105340716925,-10.9696705066452,2.27192719472745
"CNP",0.442328159957201,-10.5817344015367,2.27912489996014
"DNAJC7",0.799244974478092,-9.88840003230586,2.43460672465949
"NKIRAS2",0.454126931714967,-10.6989936899503,2.27423339446287
"DHX58",0.456008661339454,-11.0338531524977,2.26504572955277
"KAT2A",0.376642009157337,-11.284195595534,2.20632061926168
"RAB5C",1.10592122700466,-9.49570681732212,2.50761917542122
"GHDC",0.391542381200609,-11.2148170147019,2.20269764738519
"STAT5B",0.47088027462342,-10.9083167370732,2.27218270248561
"STAT5A",0.447610997600333,-10.6442227401795,2.27571683802302
"STAT3",0.85818359028112,-9.83692441612662,2.4488177889966
"ATP6V0A1",0.393197807386538,-11.2068282466186,2.20234907139182
"NAGLU",0.24453111945453,-12.2214289751843,2.16052314828958
"HSD17B1",0.090721269291354,-12.7921404110945,1.91917469956789
"RP11-400F19.6",0.277255247064729,-11.6092735883829,2.19244704213465
"COASY",0.44695749251191,-10.5128500472435,2.30395593917744
"MLX",0.671009037283088,-10.0084512255671,2.37780810352209
"PSMC3IP",0.253776510344264,-12.4304809561986,2.17385166909698
"FAM134C",0.451932570864925,-10.6816669070012,2.27466529868114
"TUBG1",0.263012868455131,-11.6484983286782,2.18532941828352
"TUBG2",0.16759266301054,-12.6777798123276,2.06112349582788
"CCR10",0.231765986395757,-11.7889440658,2.16767503078169
"CTD-3193K9.4",0.158147028664132,-12.743367074885,2.06256469798137
"EZH1",0.407958412982414,-11.1372829407209,2.20169167034514
"VPS25",0.544646996658867,-10.3181234939347,2.33160970527935
"COA3",0.673865738741074,-10.0090822124646,2.37984724912516
"CNTD1",0.223506913503804,-11.9791550530398,2.17392053640435
"BECN1",0.560988827429748,-10.2562904751839,2.32559142980014
"PSME3",0.441164828037685,-10.5506706441597,2.28354156567486
"AARSD1",0.420219054721827,-11.0903502698403,2.20814048474172
"RUNDC1",0.388350195305297,-11.2301114993002,2.20342540176019
"RPL27",3.65858873989584,-5.66705370339225,2.18539354373628
"IFI35",0.915385136978639,-9.8098687878758,2.46884524375494
"VAT1",0.229216757627761,-11.8185740413693,2.16758308707388
"BRCA1",0.108196131760806,-13.0200960649104,2.02232033555741
"NBR1",0.448949815139183,-10.510717908741,2.30768561244749
"TMEM106A",0.426126782327076,-11.0753467526915,2.21507321696338
"LINC00910",0.228468715570751,-12.1186282691869,2.17441752459222
"ARL4D",0.227311297452212,-11.8477243179345,2.16807395418345
"DHX8",0.380048102611605,-11.2688829783878,2.20549535416689
"MEOX1",0.191703859566988,-12.5104880710749,2.06046429065225
"DUSP3",0.38490862710076,-11.2464107177746,2.20427787268896
"RP11-527L4.5",0.181168742833308,-12.5696627687528,2.05609797450089
"NAGS",0.158147028664132,-12.743367074885,2.06256469798137
"TMEM101",0.531606839000649,-10.3611586617167,2.33544563975674
"LSM12",0.225242173550997,-11.8928066779572,2.16961132666487
"G6PC3",0.40069808220716,-11.1707663965574,2.20130761253405
"HDAC5",0.460269925948704,-10.7457609784636,2.27310307940928
"ASB16-AS1",0.446191838281835,-11.0557529710318,2.25175023697878
"TMUB2",0.44146251595386,-10.5636387746551,2.28125647056835
"ATXN7L3",0.248182685417313,-11.6927940738112,2.17580024179626
"UBTF",0.441273042494974,-10.5394993864461,2.28637667212445
"RP5-882C2.2",0.237474031983325,-11.7432841815218,2.1695380237315
"SLC25A39",0.644090042463229,-10.0000199411794,2.35648229175898
"GRN",1.10794280758442,-9.55782654051795,2.56636775165519
"ITGA2B",0.223906761728314,-12.0364609814078,2.17640156197226
"GPATCH8",0.573149029511788,-10.2028550422398,2.32060053796182
"FZD2",0.090721269291354,-12.7921404110945,1.91917469956789
"CCDC43",0.442106248984151,-11.0595695375116,2.24435716759037
"DBF4B",0.158147028664132,-12.743367074885,2.06256469798137
"EFTUD2",0.469543408155108,-10.8380205441914,2.27185984663184
"DCAKD",0.309940402152195,-11.5089209858606,2.20176716673798
"NMT1",0.448309144337307,-10.511319783683,2.30654177940667
"ACBD4",0.246161006325488,-11.7003570237215,2.17449086994333
"HEXIM1",0.460513131752885,-11.0149730421718,2.26884319915514
"AC002117.1",0.285804672065154,-11.5839316416338,2.19552882576664
"HEXIM2",0.250154079628326,-11.6859704731468,2.17709922861073
"CTD-2020K17.1",0.386694205114887,-11.2379833690839,2.20382975371651
"FMNL1",1.02074352246144,-9.60241574212051,2.47302526988497
"CTD-2020K17.4",0.252848887651615,-12.4667426727497,2.17603331892423
"ARHGAP27",0.450106897613401,-10.5097500359503,2.30964100929782
"PLEKHM1",0.395475044594798,-11.1958381738975,2.20192792670038
"RP11-798G7.6",0.158147028664132,-12.743367074885,2.06256469798137
"KANSL1",0.446646122843533,-10.5132652503613,2.30332136705028
"KANSL1-AS1",0.439082438693684,-11.0614254305605,2.23845414509524
"ARL17B",0.241904545563597,-12.2014659440717,2.16146712228198
"LRRC37A",0.090721269291354,-12.7921404110945,1.91917469956789
"ARL17A",0.158147028664132,-12.743367074885,2.06256469798137
"NSF",0.373867454117424,-11.2963183263534,2.20693923232776
"GOSR2",0.454332175111972,-10.7005809411737,2.27419498509682
"CDC27",0.288321644740492,-11.5762392558387,2.19630309553748
"ITGB3",0.134486423716054,-12.8558240348517,2.04569081801718
"EFCAB13",0.174120422480146,-12.6247712823772,2.05817582041029
"NPEPPS",0.445907242886321,-11.0560946168345,2.25126355553387
"KPNB1",0.665901778895482,-10.0071415103903,2.37407516788168
"TBKBP1",0.241695900609293,-12.5467848054605,2.16624256450464
"TBX21",0.451892395705413,-10.6813419884578,2.27467361217938
"OSBPL7",0.251595103650003,-11.6812711063802,2.17805786541584
"MRPL10",0.53501876691715,-10.3503939839053,2.33454364180456
"SCRN2",0.450294067101652,-10.6681296685475,2.27501979794633
"SP2",0.438359458117575,-11.0618177554228,2.23700850805954
"PNPO",0.225242173550997,-11.8928066779572,2.16961132666487
"CDK5RAP3",0.621812045066519,-9.9983415824041,2.33485065516647
"COPZ2",0.141473787659634,-12.8191386499719,2.05126746596957
"NFE2L1",0.368144687795282,-11.3203729192437,2.20802777652338
"CBX1",0.445586309239209,-10.514935654138,2.30104174778199
"SNX11",0.471029304843426,-10.8998280114411,2.27212449229524
"SKAP1",0.744047296777509,-9.97586557959539,2.42073544477223
"HOXB2",0.470722610355883,-10.9142979650411,2.27221970524489
"HOXB-AS1",0.235911853711193,-11.753792553068,2.168868054776
"HOXB4",0.223483964358326,-11.9978879830348,2.17485616472569
"CALCOCO2",0.692942288165779,-10.0107500581025,2.39268754433751
"ATP5G1",0.950499717631638,-9.76945613036591,2.47829263839301
"UBE2Z",0.470773670483536,-10.9125605638885,2.27220902945437
"SNF8",0.924297492766837,-9.803050125073,2.47187342877638
"GNGT2",0.395475044594798,-11.1958381738975,2.20192792670038
"ABI3",0.951672223789423,-9.76736683615893,2.47845010854048
"ZNF652",0.452815285820077,-11.0434699635991,2.26147898883768
"PHB",0.974274590458435,-9.71822195975379,2.4790045845424
"SPOP",0.603019828375133,-10.0386427974119,2.31644304231003
"SLC35B1",0.479396732263127,-10.4824403101364,2.33496177203535
"FAM117A",0.419191998738824,-11.093565434873,2.20722376610892
"KAT7",0.464472995037701,-10.9913766677462,2.27104822401667
"ITGA3",0.158147028664132,-12.743367074885,2.06256469798137
"PDK2",0.456877113259844,-11.0307340876037,2.26588720704511
"PPP1R9B",0.464472995037701,-10.9913766677462,2.27104822401667
"SGCA",0.158147028664132,-12.743367074885,2.06256469798137
"XYLT2",0.174120422480146,-12.6247712823772,2.05817582041029
"MRPL27",0.616384820468045,-10.0024443123415,2.32901693871426
"LRRC59",0.463491312083578,-10.5005193173915,2.32543194308385
"ACSF2",0.248182685417313,-11.6927940738112,2.17580024179626
"RSAD1",0.458731545833767,-10.7339908626227,2.27337889365424
"MYCBPAP",0.108196131760806,-13.0200960649104,2.02232033555741
"SPATA20",0.417706406105695,-11.0984921151618,2.20603198222978
"ABCC3",0.253657432497421,-12.3755230244616,2.1693722917142
"ANKRD40",0.223506913503804,-11.9791550530398,2.17392053640435
"RP11-294J22.6",0.090721269291354,-12.7921404110945,1.91917469956789
"LUC7L3",0.864244501027051,-9.83389123080734,2.45071404304703
"TOB1",0.69776013042607,-10.0102783442125,2.39573850686815
"RP11-700H6.1",0.108196131760806,-13.0200960649104,2.02232033555741
"SPAG9",0.319344583891345,-11.4806092560161,2.20399355485001
"NME1",0.505269481648594,-10.4329537112427,2.33926291014526
"NME1-NME2",0.457028090425515,-10.5052105809956,2.31906031427978
"NME2",0.344727029962021,-11.4046107988564,2.20876481991351
"MBTD1",0.253776510344264,-12.4304809561986,2.17385166909698
"UTP18",0.465340167339451,-10.4989283608675,2.32693862422661
"COX11",0.649224011058045,-10.0017322318883,2.36089337781342
"STXBP4",0.108196131760806,-13.0200960649104,2.02232033555741
"MMD",0.408282584326253,-11.1358545527896,2.20175462344705
"PCTP",0.3898509979475,-11.2229339133157,2.20307673770791
"NOG",0.232518630657796,-11.7815991479491,2.16781318725399
"C17orf67",0.230189928028585,-12.5414312256707,2.14290754443097
"DGKE",0.306439806001703,-11.519684101789,2.20093803309746
"TRIM25",0.459061954631743,-11.0218444344604,2.26777449365016
"COIL",0.448150147023622,-11.0530496170843,2.25494573937143
"SCPEP1",0.761393325949955,-9.94792536320259,2.42661929142296
"RP11-166P13.3",0.248063606674305,-12.2567014115598,2.16085635613381
"AKAP1",0.324219516860707,-11.4662383054687,2.20512556831078
"RP11-166P13.4",0.253657432497421,-12.3755230244616,2.1693722917142
"MSI2",0.461779427864537,-11.0083026171491,2.2696637679382
"MRPS23",0.652166078887042,-10.0027428359971,2.36334030411547
"CUEDC1",0.232291934049086,-12.5447235191184,2.14763920278489
"VEZF1",0.47058407054885,-10.9185395859691,2.27224357899786
"RP11-159D12.2",0.203504806423496,-12.4912497389434,2.07892517954733
"SRSF1",0.717488662231161,-10.0032344865971,2.40754486478242
"DYNLL2",0.462231235423368,-10.7612616850548,2.27276641717058
"MKS1",0.226183628844696,-11.8696976462039,2.16872789246404
"MPO",0.090721269291354,-12.7921404110945,1.91917469956789
"BZRAP1",0.141473787659634,-12.8191386499719,2.05126746596957
"BZRAP1-AS1",0.470638387509514,-10.8617879248824,2.27189151130049
"MIR142",0.860776924801295,-9.83558946818853,2.44961781047487
"SUPT4H1",1.10795965049242,-9.55037784027145,2.55893579088085
"RNF43",0.174120422480146,-12.6247712823772,2.05817582041029
"MTMR4",0.380470518690739,-11.266954524078,2.20539002901601
"SEPT4",0.090721269291354,-12.7921404110945,1.91917469956789
"RAD51C",0.471088405921536,-10.8878729320305,2.27203670532309
"TRIM37",0.228218527898891,-11.8328472417398,2.1677628936284
"SKA2",0.40274415492585,-11.1611121498551,2.20123994370316
"PRR11",0.237201218102107,-12.549029507341,2.1579848493556
"SMG8",0.174120422480146,-12.6247712823772,2.05817582041029
"GDPD1",0.251043590229985,-12.498046019625,2.17663952098868
"YPEL2",0.409516316959628,-11.1304863951617,2.20204202763864
"DHX40",0.223483964358326,-11.9978879830348,2.17485616472569
"CLTC",0.454152945485395,-11.0397712504279,2.26306431927164
"PTRH2",0.354338737965476,-11.3726041745804,2.20922558771979
"VMP1",0.739317039949457,-9.98239212063475,2.41872796995847
"TUBD1",0.407422221264717,-11.1396657475591,2.20159670875146
"RPS6KB1",0.41876523347763,-11.0949465185247,2.20686491455466
"RNFT1",0.442942643013965,-10.5913883004133,2.27830559838802
"HEATR6",0.238267439470462,-12.1788669084481,2.16398271757428
"USP32",0.403323306299349,-11.1583911679231,2.20124460936689
"APPBP2",0.410508970363257,-11.1262600224375,2.20232349699316
"PPM1D",0.270272096743267,-11.6288514890299,2.18928097708031
"BCAS3",0.254213568718537,-11.6731934857396,2.17980150004989
"NACA2",0.389152308112735,-11.2262808848236,2.2032345380696
"INTS2",0.253813133495018,-12.3874128471312,2.17039526620609
"MED13",0.315885778068481,-11.4909045559396,2.20317613981035
"METTL2A",0.292898552493258,-11.5620231623232,2.19758929715922
"TLK2",0.267827718943378,-11.6355057427823,2.18802368561981
"TANC2",0.230189928028585,-12.5414312256707,2.14290754443097
"CYB561",0.406806545684252,-11.142412075393,2.20150109436155
"DCAF7",0.543509055987416,-10.3220915140078,2.33198434900562
"TACO1",0.470556125667525,-10.8593455965825,2.27188268166667
"MAP3K3",0.468574410953496,-10.8235480894183,2.2719116058332
"LIMD2",1.2654256353337,-8.10725348063325,2.52970208961458
"STRADA",0.23199352621588,-11.7866684234734,2.16771263742681
"CCDC47",0.460350780922653,-10.7463886625205,2.27308890793746
"DDX42",0.4642989896227,-10.7786757645647,2.27243218843978
"FTSJ3",0.46864147168578,-10.9528412152691,2.27221323904934
"PSMC5",1.10902959746612,-9.52152898522381,2.5338660051594
"SMARCD2",0.375842218537906,-11.2877179277956,2.20650351365506
"CD79B",1.12747791838605,-9.54440898287919,2.5932515314716
"C17orf72",0.248063606674305,-12.2567014115598,2.16085635613381
"ICAM2",1.0673957498892,-9.51578233692617,2.47468933410558
"ERN1",0.446698531490542,-10.6353680524296,2.27601997959264
"SNORA76",0.559776849067289,-10.2612258747617,2.32607307795155
"TEX2",0.124744812975913,-12.9345239920951,2.0430897230423
"MILR1",0.358755284880245,-11.3567763940505,2.20908540634382
"POLG2",0.41876523347763,-11.0949465185247,2.20686491455466
"DDX5",2.17855404983827,-7.29616140629557,2.42407681772958
"CEP95",0.417264300389483,-11.1000132340757,2.2057088928863
"SMURF2",0.223695027974275,-12.0241158264402,2.17597860349096
"GNA13",0.470773670483536,-10.9125605638885,2.27220902945437
"RP11-160O5.1",0.090721269291354,-12.7921404110945,1.91917469956789
"RGS9",0.141473787659634,-12.8191386499719,2.05126746596957
"AXIN2",0.141473787659634,-12.8191386499719,2.05126746596957
"CEP112",0.108196131760806,-13.0200960649104,2.02232033555741
"PRKCA",0.45881326484851,-10.7346115983738,2.27336423755043
"HELZ",0.442056954691511,-10.5769044189127,2.27960794083162
"RP11-401F2.3",0.247088309743925,-12.5303994035623,2.17384969389464
"PSMD12",0.475544536648508,-10.487748630124,2.33328188307671
"PITPNC1",0.541221568871718,-10.3299393118328,2.33271674445102
"NOL11",0.442098585643807,-10.5776827762949,2.27952612580439
"BPTF",0.468988603669393,-10.4954109466625,2.32956293485206
"C17orf58",0.253657432497421,-12.3755230244616,2.1693722917142
"KPNA2",0.453219729330451,-10.6919193095298,2.27441050569733
"RP11-147L13.2",0.251141901207489,-11.6827217186918,2.17775498330012
"AMZ2",0.567855156024796,-10.2270539036418,2.32279432273264
"ARSG",0.404896249692587,-11.151109209314,2.20130857216559
"SLC16A6",0.174120422480146,-12.6247712823772,2.05817582041029
"WIPI1",0.424312727213888,-11.0793072195435,2.21264565474443
"PRKAR1A",0.844052927711968,-9.84519613814922,2.44471157586059
"ABCA5",0.229216757627761,-11.8185740413693,2.16758308707388
"MAP2K6",0.358755284880245,-11.3567763940505,2.20908540634382
"SLC39A11",0.294380013409298,-11.5573781680938,2.19798584160143
"COG1",0.419800833583891,-11.0916363501629,2.20775783788905
"FAM104A",0.582219553026455,-10.1573394206215,2.31699595697023
"C17orf80",0.230189928028585,-12.5414312256707,2.14290754443097
"CDC42EP4",0.224820970152689,-12.0670005958397,2.17690569188224
"SDK2",0.090721269291354,-12.7921404110945,1.91917469956789
"RPL38",2.44243902092563,-7.1162698409035,2.47316007773645
"TTYH2",0.271279197396557,-11.6260880152739,2.1897771111063
"KIF19",0.174120422480146,-12.6247712823772,2.05817582041029
"GPRC5C",0.144335962055549,-12.8071131072533,2.05393865606713
"CD300A",0.717386718345164,-10.0032962870321,2.40748719729347
"CD300LB",0.230775156673327,-11.7994739811921,2.16756261210683
"CD300C",0.442554615859154,-10.5854636433667,2.27878922121493
"CTD-2006K23.1",0.467658290627455,-10.9641267466644,2.27204942176847
"CD300E",0.473133212483101,-10.4907610485711,2.3320471931572
"RAB37",0.458193338718332,-10.5044506003784,2.3203547766722
"CD300LF",0.458564837380068,-10.5042016533003,2.32075238800466
"SLC9A3R1",0.825257119412463,-9.8597315274499,2.43998172552662
"NAT9",0.484605114274517,-10.4743768391454,2.33672843236421
"TMEM104",0.236737586848512,-11.7480899139642,2.16921116177481
"FDXR",0.228468715570751,-12.1186282691869,2.17441752459222
"HID1",0.090721269291354,-12.7921404110945,1.91917469956789
"ICT1",0.4898799840011,-10.4651869809716,2.33799363748683
"KCTD2",0.252669045295664,-12.3369290773934,2.16608382286099
"ATP5H",1.20516662223283,-9.40575868687046,2.58421933919657
"SLC16A5",0.230189928028585,-12.5414312256707,2.14290754443097
"ARMC7",0.435174852754712,-11.0637240714628,2.23069751950467
"NT5C",0.710184214013706,-10.0069308151101,2.40331018430857
"HN1",1.08516087140749,-9.49555798924885,2.48160469914046
"SUMO2",1.58633620146198,-8.69818697806988,2.60120435433091
"NUP85",0.411737258668924,-11.1211175896479,2.20273862926291
"GGA3",0.362082090277954,-11.3442923719942,2.20881932883538
"MRPS7",0.804408035887148,-9.88183446590731,2.43559425535359
"MIF4GD",0.636230588307038,-9.99781127282842,2.34932724610342
"SLC25A19",0.353423375039231,-11.3757870770628,2.2092263265141
"GRB2",0.896244119004398,-9.8202105463438,2.46188320801612
"KIAA0195",0.285804672065154,-11.5839316416338,2.19552882576664
"TSEN54",0.464051293029497,-10.5000518394413,2.32590044898371
"LLGL2",0.23386501965221,-11.7696233733186,2.16814921311575
"MYO15B",0.356555152777628,-11.3647454858364,2.20918466236155
"RECQL5",0.235831001374619,-12.1654885580238,2.16626798040572
"SMIM5",0.149736438558988,-12.7851033126275,2.05856456492702
"SAP30BP",0.615371830700723,-10.0036663060716,2.32792471902804
"GALK1",0.441177713702958,-10.5437428499871,2.28517164952538
"H3F3B",3.58777553012292,-5.70973666106268,2.19428492153674
"UNK",0.404153181232032,-11.1545373369774,2.20126864703396
"UNC13D",0.443577865468139,-10.5199645912995,2.29597401522887
"WBP2",0.771911990219518,-9.92995247384438,2.42923283928579
"TRIM47",0.279756854451389,-11.6020065129566,2.1934278299972
"TRIM65",0.363949299317625,-11.3370969602392,2.20861637561393
"MRPL38",0.469513024834437,-10.940496306596,2.2722828911925
"FBF1",0.253657432497421,-12.3755230244616,2.1693722917142
"ACOX1",0.23199352621588,-11.7866684234734,2.16771263742681
"TEN1",0.499053730118943,-10.4469005509307,2.33913613329683
"CDK3",0.189222923805307,-12.520920249976,2.05838802962435
"SRP68",0.448797177016792,-10.5108558694744,2.30741789029037
"GALR2",0.158147028664132,-12.743367074885,2.06256469798137
"EXOC7",0.57848557954626,-10.1767796974113,2.31843386067001
"RNF157-AS1",0.090721269291354,-12.7921404110945,1.91917469956789
"RNF157",0.334378193686549,-11.4363146701623,2.20725800015964
"UBALD2",0.632854997570842,-9.99720427450226,2.34610186103606
"PRPSAP1",0.494092066566461,-10.4571529387035,2.33867644362383
"SPHK1",0.250273336557541,-12.2871527362687,2.16237099282398
"UBE2O",0.224065621849842,-11.9347801167679,2.1716016566889
"RHBDF2",0.45881326484851,-10.7346115983738,2.27336423755043
"PRCD",0.183062415540771,-12.5564644150092,2.05608461177669
"ST6GALNAC2",0.228218527898891,-11.8328472417398,2.1677628936284
"ST6GALNAC1",0.151289836493976,-12.7783680320405,2.05965516873174
"RP11-318A15.2",0.090721269291354,-12.7921404110945,1.91917469956789
"JMJD6",0.45074532310535,-10.5092685962361,2.31066171364028
"METTL23",0.748339594460796,-9.96943429087435,2.4224037589434
"SRSF2",1.34563307160817,-9.2313540937544,2.5674620432439
"MFSD11",0.449423575779855,-10.6606398109733,2.27522310773125
"SEC14L1",0.441163089564388,-10.5451327599884,2.28481680878147
"SEPT9",1.13219232202214,-9.53595234350716,2.59383906666434
"RP11-936I5.1",0.368990430787037,-11.3169031375202,2.20788440781945
"FLJ45079",0.108196131760806,-13.0200960649104,2.02232033555741
"TNRC6C",0.444401591063981,-10.6104712694111,2.27709257911405
"TMC6",0.725713810853757,-9.99718842635358,2.41206065275017
"TMC8",0.72341213848578,-9.99908818837772,2.41082655249172
"SYNGR2",0.73609774537607,-9.98643595711589,2.41725871138754
"TK1",0.224819546607247,-11.9054522224673,2.17017188052069
"AFMID",0.250066880072025,-12.508963921607,2.17627790166079
"BIRC5",0.245672359744279,-12.5367441705145,2.17215568518146
"AC061992.2",0.211561276790128,-12.5005332691513,2.09729795390912
"SOCS3",0.90968695569621,-9.81343902058095,2.46680529071048
"PGS1",0.470638387509514,-10.8617879248824,2.27189151130049
"CYTH1",0.79462765331161,-9.89462938615545,2.43373552841216
"USP36",0.469373058806455,-10.8352156495264,2.27186360163379
"TIMP2",0.368990430787037,-11.3169031375202,2.20788440781945
"LGALS3BP",0.48169509072212,-10.4790015806812,2.33580757225162
"CANT1",0.389152308112735,-11.2262808848236,2.2032345380696
"ENGASE",0.306439806001703,-11.519684101789,2.20093803309746
"CBX8",0.189222923805307,-12.520920249976,2.05838802962435
"CBX4",0.315885778068481,-11.4909045559396,2.20317613981035
"GAA",0.443359244643624,-11.0586035910792,2.24671394567625
"EIF4A3",0.69010064271234,-10.0108410626191,2.39085357842949
"RP11-334C17.5",0.252669045295664,-12.3369290773934,2.16608382286099
"SGSH",0.327625183902159,-11.4562335460741,2.20588919150169
"SLC26A11",0.270272096743267,-11.6288514890299,2.18928097708031
"RNF213",1.0171449250805,-9.61072639948192,2.47343346750944
"CTD-2047H16.4",0.090721269291354,-12.7921404110945,1.91917469956789
"ENDOV",0.469911571251394,-10.933665348659,2.27228829752641
"RPTOR",0.294380013409298,-11.5573781680938,2.19798584160143
"CHMP6",0.442342351837918,-10.5259227261302,2.29195611309671
"BAIAP2-AS1",0.250066880072025,-12.508963921607,2.17627790166079
"BAIAP2",0.224035905850509,-12.0423659378371,2.17656425261388
"AATK",0.117913150105663,-12.9954662061038,2.04171346236043
"AZI1",0.124744812975913,-12.9345239920951,2.0430897230423
"ENTHD2",0.407422221264717,-11.1396657475591,2.20159670875146
"C17orf89",0.739923227179632,-9.98159360492775,2.41899567760454
"SLC38A10",0.44521273199806,-10.6198064969364,2.27663985012019
"RP11-1055B8.7",0.090721269291354,-12.7921404110945,1.91917469956789
"ACTG1",2.71628152731207,-7.02448614610094,2.45672433102387
"C17orf70",0.341450871520497,-11.4148798667032,2.20838647618076
"NPLOC4",0.411015890030226,-11.1241298180287,2.2024862367745
"PDE6G",0.229216757627761,-11.8185740413693,2.16758308707388
"OXLD1",0.597277405420727,-10.0697581972359,2.314214501569
"CCDC137",0.455741416634711,-11.0347643053309,2.26477638039729
"ARL16",0.441286042613837,-10.539094933094,2.28649899498761
"HGS",0.467105340716925,-10.9696705066452,2.27192719472745
"RP13-1032I1.7",0.434022124776444,-11.0645865667127,2.22846712573506
"MRPL12",0.581290968691408,-10.1622717146386,2.31734332666806
"SLC25A10",0.241695900609293,-12.5467848054605,2.16624256450464
"FAM195B",0.258748343647862,-11.6601487887884,2.18272220633917
"P4HB",1.04294252606097,-9.55610252973666,2.47188551099055
"RP11-498C9.3",0.230189928028585,-12.5414312256707,2.14290754443097
"ARHGDIA",1.10881358688688,-9.53011055769877,2.54124420194215
"RP11-498C9.15",0.124744812975913,-12.9345239920951,2.0430897230423
"ALYREF",0.285804672065154,-11.5839316416338,2.19552882576664
"ANAPC11",1.06736939329562,-9.51581876373747,2.47468297345627
"PCYT2",0.447583979367493,-11.0539138640079,2.25404849497408
"SIRT7",0.569199644873598,-10.2210582251739,2.32223825784238
"MAFG",0.381238232647967,-11.2634457055846,2.20519977492097
"ASPSCR1",0.444609996282054,-10.5169643171459,2.29872295498901
"STRA13",0.636980349885101,-9.99797986691209,2.35002985499546
"LRRC45",0.271279197396557,-11.6260880152739,2.1897771111063
"RAC3",0.090721269291354,-12.7921404110945,1.91917469956789
"DCXR",0.86422173546261,-9.83390206885692,2.45070675833394
"RFNG",0.345446263634897,-11.4023176385972,2.2088337825749
"GPS1",0.450077469433643,-10.509773079016,2.30959339904985
"DUS1L",0.446191838281835,-11.0557529710318,2.25175023697878
"FASN",0.22712266150858,-12.104790066756,2.17568849682712
"CCDC57",0.576052895970351,-10.1889041871478,2.31941217387715
"SLC16A3",0.54479231447675,-10.3176130942208,2.33156121853535
"CSNK1D",0.556516354897289,-10.2742090439213,2.32734522833331
"AC132872.2",0.250273336557541,-12.2871527362687,2.16237099282398
"RP13-516M14.4",0.225618966400741,-12.0834241998706,2.17670796339033
"RP13-516M14.1",0.158147028664132,-12.743367074885,2.06256469798137
"CD7",1.44922626110353,-9.15212310674679,2.57457075422013
"SECTM1",0.423762838997476,-11.0806223514376,2.21196209121872
"OGFOD3",0.445731115969526,-10.6254285167219,2.27639931479759
"HEXDC",0.410508970363257,-11.1262600224375,2.20232349699316
"C17orf62",0.789670535998486,-9.90172182717833,2.43280623249097
"NARF",0.554038135345744,-10.2837827445743,2.32828330928583
"FOXK2",0.28226465445891,-11.5946080769549,2.19434563052973
"RP13-638C3.4",0.108196131760806,-13.0200960649104,2.02232033555741
"WDR45B",0.465195277169838,-10.4990565443667,2.32682393185209
"RAB40B",0.226965555352143,-11.8539915358263,2.1682399487526
"FN3KRP",0.444629371533617,-10.5169181485178,2.29877110930632
"FN3K",0.248063606674305,-12.2567014115598,2.16085635613381
"TBCD",0.467269051057546,-10.9680744008023,2.27196574441331
"B3GNTL1",0.262041219518392,-11.6511250774237,2.18475398016833
"METRNL",0.360929126623443,-11.348664862052,2.2089234439008
"USP14",0.44894731605316,-10.5107201295754,2.30768124794657
"THOC1",0.43371124623731,-11.0648461788982,2.22786589069926
"RP11-705O1.8",0.174120422480146,-12.6247712823772,2.05817582041029
"TYMS",0.230462002167322,-11.8030387727432,2.16754713252392
"ENOSF1",0.431029775290445,-11.0675248271579,2.22292701973991
"YES1",0.179079171372477,-12.5851870903322,2.05642686546188
"RP11-672L10.6",0.158147028664132,-12.743367074885,2.06256469798137
"METTL4",0.413422552360771,-11.1143271642826,2.20344336623923
"NDC80",0.238267439470462,-12.1788669084481,2.16398271757428
"SMCHD1",0.66590696333038,-10.0071429625557,2.37407902100025
"EMILIN2",0.446850722044834,-11.054927446406,2.25285482198971
"LPIN2",0.449992528413666,-10.6655718862158,2.27508803120092
"RP13-270P17.3",0.273298435219274,-11.6204853969656,2.19073653793898
"MYL12A",2.30018399933976,-7.15893029022101,2.47945106980414
"MYL12B",1.21905873921633,-8.1191691388675,2.56436191185739
"TGIF1",0.495645472414802,-10.4540240195127,2.33885623297524
"DLGAP1-AS1",0.418144160677394,-11.0970101508282,2.20636493494739
"LINC00667",0.513438184299374,-10.4128193162276,2.33875764400094
"LINC00526",0.248182685417313,-11.6927940738112,2.17580024179626
"ZBTB14",0.382334356441131,-11.2583961991317,2.20492687364879
"EPB41L3",0.380048102611605,-11.2688829783878,2.20549535416689
"NDUFV2",1.10794335605,-9.50304976454466,2.51640364357574
"RP11-143J12.2",0.466263169003828,-10.9773517722709,2.27169792749473
"ANKRD12",1.1089976413949,-9.52365637954646,2.53571603772874
"TWSG1",0.235831001374619,-12.1654885580238,2.16626798040572
"RALBP1",0.462599691608981,-10.5012423651787,2.32466175840949
"PPP4R1",0.312415811570225,-11.5013771452248,2.20235150349299
"RAB31",0.441258246570576,-10.5400059661741,2.2862219711446
"VAPA",1.10900423213443,-9.51589444474111,2.52887029920862
"NAPG",0.404721923560707,-11.1519112943397,2.20129724393512
"GNAL",0.158147028664132,-12.743367074885,2.06256469798137
"CHMP1B",1.10086680100068,-9.4899086706462,2.49653559316824
"RP11-78A19.3",0.189222923805307,-12.520920249976,2.05838802962435
"MPPE1",0.50952691767384,-10.4227139108144,2.33908800192789
"RP11-820I16.4",0.241904545563597,-12.2014659440717,2.16146712228198
"IMPA2",0.459917265131018,-11.0178876425251,2.26842122695366
"TUBB6",0.426489871621762,-11.0746243911349,2.21558977781039
"AFG3L2",0.451864202715022,-11.0458244782134,2.26026986317438
"PSMG2",0.895886926408924,-9.82036707502282,2.46175133157653
"CEP76",0.174120422480146,-12.6247712823772,2.05817582041029
"RP11-973H7.4",0.241695900609293,-12.5467848054605,2.16624256450464
"RP11-973H7.1",0.141473787659634,-12.8191386499719,2.05126746596957
"PTPN2",0.781575006378915,-9.91409477528768,2.43125490165497
"SEH1L",0.394821138700262,-11.1989924306273,2.20204085266423
"CEP192",0.229216757627761,-11.8185740413693,2.16758308707388
"LDLRAD4",0.436589996430009,-11.0628128427073,2.23348485197752
"FAM210A",0.357857053743936,-11.3600580995814,2.20913446435256
"RNMT",0.462054324448494,-10.7598307521755,2.27279636077864
"ZNF519",0.217168357845664,-12.5125542968357,2.11121018860736
"ROCK1",0.743663432185391,-9.97641779998015,2.4205781544396
"ESCO1",0.3424062520656,-11.4119124168537,2.20850656884158
"SNRPD1",0.976622601961943,-9.71240357603568,2.47882543312313
"ABHD3",0.488221780913938,-10.468182011191,2.33764785833924
"MIB1",0.252669045295664,-12.3369290773934,2.16608382286099
"RP11-535A5.1",0.237201218102107,-12.549029507341,2.1579848493556
"RBBP8",0.25207905255751,-12.3217627193962,2.16484660681938
"TMEM241",0.141473787659634,-12.8191386499719,2.05126746596957
"RIOK3",0.449770612441294,-10.5100159522977,2.30908637074923
"C18orf8",0.447230171911624,-10.6405751142795,2.27583669531605
"NPC1",0.271279197396557,-11.6260880152739,2.1897771111063
"TTC39C",0.722629096757039,-9.99970192768229,2.4104017026687
"RP11-403A21.2",0.390547942851553,-11.2195909881759,2.2029167383211
"OSBPL1A",0.244822657477716,-12.5397573781334,2.17103389596362
"IMPACT",0.363949299317625,-11.3370969602392,2.20861637561393
"SS18",0.306439806001703,-11.519684101789,2.20093803309746
"TAF4B",0.224820970152689,-12.0670005958397,2.17690569188224
"KCTD1",0.108196131760806,-13.0200960649104,2.02232033555741
"B4GALT6",0.108196131760806,-13.0200960649104,2.02232033555741
"TRAPPC8",0.347027480193409,-11.3972077836428,2.20896727921405
"RP11-326K13.4",0.225242173550997,-11.8928066779572,2.16961132666487
"RNF125",0.470774017104209,-10.4934981778944,2.33069448708131
"RP11-53I6.3",0.22712266150858,-12.104790066756,2.17568849682712
"RNF138",0.547796821961118,-10.3069336861965,2.33053887549642
"KLHL14",0.108196131760806,-13.0200960649104,2.02232033555741
"MAPRE2",0.525695296579392,-10.3790038942714,2.33681232868933
"ZNF397",0.345960444167956,-11.4006507274272,2.20888007417194
"ZSCAN30",0.189222923805307,-12.520920249976,2.05838802962435
"ZNF24",0.625051635914079,-9.9972912582857,2.3382576084387
"INO80C",0.445258840236961,-10.6203135124581,2.2766177548101
"GALNT1",0.440095965609989,-11.0608424935328,2.2404590929217
"C18orf21",0.443596950928513,-10.6004165664405,2.27767436209797
"RPRD1A",0.468758016469825,-10.8260615473416,2.27189854149006
"SLC39A6",0.438656995374367,-11.0616560779418,2.23760088373403
"ELP2",0.441434665621201,-10.5628276012543,2.28137575717742
"TPGS2",0.441910930829114,-10.5740757887497,2.27991750634576
"KIAA1328",0.333403376990808,-11.4392096641121,2.20707488015413
"PIK3C3",0.434473370897298,-11.0642321732457,2.22933455060039
"SETBP1",0.248063606674305,-12.2567014115598,2.16085635613381
"SLC14A1",0.124744812975913,-12.9345239920951,2.0430897230423
"EPG5",0.29792123746974,-11.5462653186893,2.19888074652411
"PSTPIP2",0.441106494975151,-11.060235648736,2.24242918160908
"ATP5A1",1.44183260771703,-9.15755304641043,2.57305608331369
"HAUS1",0.497515748269325,-10.4501628695732,2.33903036577079
"C18orf25",0.327625183902159,-11.4562335460741,2.20588919150169
"RNF165",0.101084877533373,-12.9582856770516,1.98697941273538
"PIAS2",0.28226465445891,-11.5946080769549,2.19434563052973
"HDHD2",0.456917225105099,-10.72025166495,2.27370809212222
"IER3IP1",0.72386707119863,-9.99872785424108,2.41107273047506
"SMAD2",0.459753425195754,-10.503378263703,2.32197843527728
"SMAD7",0.252669045295664,-12.3369290773934,2.16608382286099
"DYM",0.448842409492983,-11.0519207351528,2.25601027729894
"C18orf32",0.675624925452505,-10.0094283023702,2.38108688800984
"RPL17",4.00655987992138,-5.43367925134651,2.14292446437831
"ACAA2",0.584632984449399,-10.1442249052064,2.31613923957039
"MBD1",0.471088405921536,-10.8878729320305,2.27203670532309
"CXXC1",0.456945975995029,-10.5052647189991,2.31896676153521
"ME2",0.450505499680088,-10.5094437883818,2.3102822939243
"ELAC1",0.451182578741545,-11.0473786367372,2.25936905724913
"SMAD4",0.253309504187197,-11.6759268360451,2.17920616014382
"MEX3C",0.23386501965221,-11.7696233733186,2.16814921311575
"MBD2",0.454032386017518,-11.0401280069422,2.26292790382713
"POLI",0.224224617207444,-11.9274496365774,2.17122878817926
"RAB27B",0.224035905850509,-12.0423659378371,2.17656425261388
"TCF4",0.447018021274282,-11.0547041883662,2.25312931212026
"TXNL1",0.877326606797503,-9.82810039241406,2.4550829306461
"WDR7",0.24453111945453,-12.2214289751843,2.16052314828958
"FECH",0.380470518690739,-11.266954524078,2.20539002901601
"NARS",0.596250089653148,-10.0758651825067,2.31408464330617
"RP11-35G9.3",0.470722610355883,-10.9142979650411,2.27221970524489
"ATP8B1",0.108196131760806,-13.0200960649104,2.02232033555741
"NEDD4L",0.124744812975913,-12.9345239920951,2.0430897230423
"MALT1",0.450848406837424,-10.6727913759768,2.27489813097712
"RP11-108P20.1",0.203504806423496,-12.4912497389434,2.07892517954733
"ZNF532",0.124744812975913,-12.9345239920951,2.0430897230423
"SEC11C",0.822245448817789,-9.86251010692019,2.43929932974721
"LMAN1",0.444052711600711,-10.6062316120069,2.277324407215
"PMAIP1",0.74921078856434,-9.96806641235546,2.42272433602423
"RP11-879F14.2",0.127557276531685,-12.9088084177487,2.0432601244901
"PIGN",0.235831001374619,-12.1654885580238,2.16626798040572
"KIAA1468",0.256458208315558,-11.6666219050736,2.18126431842578
"ZCCHC2",0.318341970007255,-11.4835878418945,2.20375844416355
"BCL2",0.550914421341405,-10.2955377706552,2.32943330247151
"KDSR",0.444824038982804,-10.6154092969287,2.27684304555567
"RP11-635N19.1",0.224820970152689,-12.0670005958397,2.17690569188224
"VPS4B",0.5714339683142,-10.2108718368173,2.32131119816664
"SERPINB8",0.300427718600343,-11.5384103559416,2.199496241444
"DSEL",0.217168357845664,-12.5125542968357,2.11121018860736
"TMX3",0.447546692005843,-11.0539689928504,2.25398752709076
"CCDC102B",0.241695900609293,-12.5467848054605,2.16624256450464
"DOK6",0.090721269291354,-12.7921404110945,1.91917469956789
"CD226",0.3424062520656,-11.4119124168537,2.20850656884158
"RTTN",0.203504806423496,-12.4912497389434,2.07892517954733
"SOCS6",0.217168357845664,-12.5125542968357,2.11121018860736
"GTSCR1",0.189222923805307,-12.520920249976,2.05838802962435
"TIMM21",0.318341970007255,-11.4835878418945,2.20375844416355
"CYB5A",0.6045469657395,-10.0318152236298,2.31747941334163
"CNDP2",0.612512648578502,-10.008126289495,2.32487903565931
"LINC00909",0.439377263286929,-11.0612499562935,2.23903745483429
"ZNF407",0.237201218102107,-12.549029507341,2.1579848493556
"ZADH2",0.430222025732156,-11.0685295513821,2.22151008738469
"TSHZ1",0.23199352621588,-11.7866684234734,2.16771263742681
"ZNF516",0.230775156673327,-11.7994739811921,2.16756261210683
"ZNF236",0.29792123746974,-11.5462653186893,2.19888074652411
"RP11-862L9.3",0.117913150105663,-12.9954662061038,2.04171346236043
"MBP",0.610633322043204,-10.0120469286236,2.32293863384122
"ATP9B",0.33101305530525,-11.4462830540508,2.20660583562448
"NFATC1",0.470874883088849,-10.9085491811394,2.27218429921566
"CTDP1",0.429885971519857,-11.0689786371609,2.22093782401831
"PQLC1",0.429056237229141,-11.0701665815895,2.21955662703047
"HSBP1L1",0.452415944957224,-11.044481760299,2.26098191258156
"TXNL4A",0.75243519421925,-9.96291727606774,2.42385951378196
"RBFA",0.46779227448285,-10.9626917960182,2.27207690934069
"ADNP2",0.23078253123122,-12.1364778837008,2.17188129372768
"C20orf96",0.252669045295664,-12.3369290773934,2.16608382286099
"ZCCHC3",0.23199352621588,-11.7866684234734,2.16771263742681
"RP5-1103G7.4",0.16759266301054,-12.6777798123276,2.06112349582788
"TRIB3",0.248182685417313,-11.6927940738112,2.17580024179626
"RBCK1",0.970276939215297,-9.72791776345201,2.47922400681984
"TBC1D20",0.457928504045663,-11.0266481132348,2.26683841815062
"CSNK2A1",0.44174795880692,-10.5706567086712,2.28032135208117
"SRXN1",0.108196131760806,-13.0200960649104,2.02232033555741
"FAM110A",0.577842616317277,-10.1800291680455,2.31869048881608
"PSMF1",0.791772272406204,-9.89865936559359,2.43319806218324
"SNPH",0.101084877533373,-12.9582856770516,1.98697941273538
"SDCBP2",0.090721269291354,-12.7921404110945,1.91917469956789
"SDCBP2-AS1",0.223695027974275,-12.0241158264402,2.17597860349096
"RP11-314N13.3",0.124744812975913,-12.9345239920951,2.0430897230423
"FKBP1A",1.47681168548074,-9.06817867512728,2.63554417951356
"NSFL1C",0.621857540015497,-9.99832098806985,2.33489890549226
"SIRPB2",0.237201218102107,-12.549029507341,2.1579848493556
"SIRPD",0.124744812975913,-12.9345239920951,2.0430897230423
"SIRPB1",0.470424564558701,-10.9227661444229,2.2722619266685
"SIRPG",0.451796773636733,-10.5085348774107,2.31226562203602
"SIRPA",0.376642009157337,-11.284195595534,2.20632061926168
"STK35",0.253776510344264,-12.4304809561986,2.17385166909698
"RP11-128M1.1",0.108196131760806,-13.0200960649104,2.02232033555741
"SNRPB",1.14926395369745,-9.50417620895781,2.5934177851949
"ZNF343",0.189222923805307,-12.520920249976,2.05838802962435
"NOP56",0.753873967362447,-9.96057523987688,2.42434328417269
"IDH3B",0.84958956428725,-9.84171080164477,2.44626178961773
"PCED1A",0.294380013409298,-11.5573781680938,2.19798584160143
"VPS16",0.471080678561326,-10.8853796884183,2.27201976266994
"PTPRA",0.46713908425754,-10.4972598309825,2.32828695491682
"MRPS26",0.714045110036499,-10.0051484177522,2.40556944560576
"OXT",0.090721269291354,-12.7921404110945,1.91917469956789
"UBOX5",0.225242173550997,-11.8928066779572,2.16961132666487
"FASTKD5",0.294380013409298,-11.5573781680938,2.19798584160143
"DDRGK1",0.664277234086813,-10.0066683774391,2.37285898173289
"ITPA",0.690704364725799,-10.0108268013403,2.39124335960007
"C20orf194",0.237474031983325,-11.7432841815218,2.1695380237315
"ATRN",0.22712266150858,-12.104790066756,2.17568849682712
"SIGLEC1",0.392224807405787,-11.2115284221543,2.20255036683991
"C20orf27",0.726896245210568,-9.99614434548074,2.41268309398276
"CENPB",0.276234074996775,-11.6121930892694,2.19202297773267
"CDC25B",0.593674455443657,-10.0914268057799,2.31406460274573
"AP5S1",0.230775156673327,-11.7994739811921,2.16756261210683
"MAVS",0.23386501965221,-11.7696233733186,2.16814921311575
"RP11-119B16.2",0.224820970152689,-12.0670005958397,2.17690569188224
"PANK2",0.567519814346108,-10.2285360426339,2.32293285203368
"RNF24",0.377786134052374,-11.2791081096936,2.206051454787
"SMOX",0.195877526224658,-12.4980257143051,2.06543910186492
"PRNP",0.621634183683277,-9.99842299271659,2.33466155808206
"RASSF2",0.465512011234498,-10.7897589850027,2.27225509670126
"SLC23A2",0.22375500450459,-11.9529837127783,2.17254604697426
"TMEM230",1.10800181669087,-9.5489377163378,2.5576061286705
"PCNA",0.469403745799498,-10.4949798215901,2.32983552819746
"CDS2",0.472251225067908,-10.4918059681627,2.3315583812378
"GPCPD1",0.442808091241849,-10.5893857172035,2.27846027187681
"C20orf196",0.425343621564482,-11.0769909989941,2.21399411962104
"CHGB",0.108196131760806,-13.0200960649104,2.02232033555741
"TRMT6",0.453364788733282,-11.0420076818664,2.26214646039363
"MCM8",0.158147028664132,-12.743367074885,2.06256469798137
"CRLS1",0.45982010003273,-10.5033305651568,2.32204522816579
"TMX4",0.513966074731425,-10.411450939354,2.33870154122222
"PLCB1",0.250273336557541,-12.2871527362687,2.16237099282398
"ANKEF1",0.207958832313227,-12.4948363334425,2.08872989060712
"MKKS",0.640848277654175,-9.99900522773499,2.35358588823329
"SLX4IP",0.217168357845664,-12.5125542968357,2.11121018860736
"BTBD3",0.090721269291354,-12.7921404110945,1.91917469956789
"TASP1",0.438359458117575,-11.0618177554228,2.23700850805954
"ESF1",0.452415944957224,-11.044481760299,2.26098191258156
"NDUFAF5",0.23199352621588,-11.7866684234734,2.16771263742681
"MACROD2",0.226638644512834,-12.09882799307,2.1760808961638
"KIF16B",0.227311297452212,-11.8477243179345,2.16807395418345
"SNRPB2",0.706845121807006,-10.0081641146125,2.4013202253626
"BFSP1",0.108196131760806,-13.0200960649104,2.02232033555741
"DSTN",0.931836139976127,-9.79573265622824,2.47419139921946
"RRBP1",0.458697038274523,-11.0234367871846,2.26748223805551
"SNX5",0.63518761985783,-9.99759850518015,2.34834147516831
"MGME1",0.458809531417837,-11.0229523939695,2.2675732114922
"PET117",0.441251658144675,-10.5563570665266,2.28243656205428
"CSRP2BP",0.235301446437578,-11.7582718172183,2.16862943826843
"ZNF133",0.253657432497421,-12.3755230244616,2.1693722917142
"DZANK1",0.090721269291354,-12.7921404110945,1.91917469956789
"POLR3F",0.375842218537906,-11.2877179277956,2.20650351365506
"RBBP9",0.108196131760806,-13.0200960649104,2.02232033555741
"SEC23B",0.469444071296805,-10.8363715152451,2.27186137706724
"LINC00493",0.912500473411895,-9.81175749135065,2.46782352895813
"DTD1",0.587700276268671,-10.1268969833603,2.31517966815061
"RP5-1068E13.7",0.267827718943378,-11.6355057427823,2.18802368561981
"RIN2",0.108196131760806,-13.0200960649104,2.02232033555741
"NAA20",0.73531501993033,-9.98737061961717,2.41689076779599
"CRNKL1",0.435845304393994,-11.0632789560144,2.23201418300736
"RALGAPA2",0.385644368635365,-11.2429541466967,2.20409298919515
"XRN2",0.738493536620868,-9.98346278436285,2.41836032782153
"THBD",0.203504806423496,-12.4912497389434,2.07892517954733
"CD93",0.335248526232196,-11.4337260297996,2.2074178027438
"NXT1",0.717714305511708,-10.0030978151853,2.40767348247081
"RP3-322G13.5",0.174120422480146,-12.6247712823772,2.05817582041029
"GZF1",0.230775156673327,-11.7994739811921,2.16756261210683
"NAPB",0.285804672065154,-11.5839316416338,2.19552882576664
"CST3",1.28598142895118,-8.09995552284654,2.58136402649961
"CST7",1.10843934567339,-9.53872169766798,2.54860243140584
"APMAP",0.72116435342975,-10.0008019339712,2.40960371096282
"ACSS1",0.44146251595386,-10.5636387746551,2.28125647056835
"ENTPD6",0.431829747166416,-11.0666301549537,2.22436033133221
"PYGB",0.330031274206338,-11.4491777419876,2.20640509817246
"ABHD12",0.463445366443175,-10.9983196927337,2.27057521678805
"NANP",0.16759266301054,-12.6777798123276,2.06112349582788
"ZNF337-AS1",0.252848887651615,-12.4667426727497,2.17603331892423
"ZNF337",0.23078253123122,-12.1364778837008,2.17188129372768
"RP4-610C12.3",0.141473787659634,-12.8191386499719,2.05126746596957
"FRG1B",0.615442374074967,-10.0035761850158,2.32800119921216
"HM13",0.745876348816074,-9.97318066186156,2.42146423635459
"ID1",0.523093964498548,-10.386545973431,2.33733347773432
"BCL2L1",0.445493913012732,-11.0565641035967,2.25055286946665
"RP11-243J16.7",0.124744812975913,-12.9345239920951,2.0430897230423
"TPX2",0.090721269291354,-12.7921404110945,1.91917469956789
"PDRG1",0.466583572408333,-10.8003600431423,2.27211450901212
"HCK",0.889250905766313,-9.8231986474512,2.4593236802787
"TM9SF4",0.465816968603691,-10.9811168736422,2.2715581675054
"PLAGL2",0.411383012421531,-11.1225993726758,2.2026120260996
"POFUT1",0.253309504187197,-11.6759268360451,2.17920616014382
"KIF3B",0.262041219518392,-11.6511250774237,2.18475398016833
"ASXL1",0.443267682997208,-10.5211319475339,2.29505914794845
"C20orf112",0.408722119676973,-11.1339227526879,2.20185107472394
"COMMD7",0.83459942336184,-9.8519372324931,2.44223038051858
"MAPRE1",0.789775264508071,-9.90156502240436,2.43282535058529
"RP5-1085F17.3",0.158147028664132,-12.743367074885,2.06256469798137
"CDK5RAP1",0.46686573457211,-10.9719629549051,2.27186690695412
"SNTA1",0.134486423716054,-12.8558240348517,2.04569081801718
"CBFA2T2",0.451182578741545,-11.0473786367372,2.25936905724913
"NECAB3",0.243223370171526,-11.7126444041898,2.17266007041554
"ACTL10",0.250066880072025,-12.508963921607,2.17627790166079
"E2F1",0.252669045295664,-12.3369290773934,2.16608382286099
"PXMP4",0.320654241749746,-11.4767343636673,2.20430120122198
"ZNF341",0.217168357845664,-12.5125542968357,2.11121018860736
"CHMP4B",0.868785773173534,-9.83179995179623,2.4521946852495
"RP5-1125A11.1",0.16759266301054,-12.6777798123276,2.06112349582788
"RALY",1.0154339440326,-9.61473371938505,2.47364003750348
"EIF2S2",1.10270009254088,-9.49104616857878,2.49974318238549
"AHCY",0.441215926709695,-10.5545420113169,2.28276923878952
"ITCH",0.36307676210191,-11.34047880421,2.20871625135506
"DYNLRB1",1.10848022269209,-9.50700643650215,2.52047829861506
"MAP1LC3A",0.270272096743267,-11.6288514890299,2.18928097708031
"PIGU",0.417067865676693,-11.1006960539147,2.20556834155463
"NCOA6",0.285804672065154,-11.5839316416338,2.19552882576664
"TP53INP2",0.237201218102107,-12.549029507341,2.1579848493556
"GGT7",0.285804672065154,-11.5839316416338,2.19552882576664
"ACSS2",0.256458208315558,-11.6666219050736,2.18126431842578
"GSS",0.463755930050262,-10.9963025860953,2.27072525089429
"TRPC4AP",0.444049707005723,-10.5184412672612,2.2972777780036
"EDEM2",0.448372648362462,-10.5112551605459,2.30665799693924
"PROCR",0.24453111945453,-12.2214289751843,2.16052314828958
"MMP24-AS1",0.679412498437663,-10.0100634168579,2.38371654741176
"EIF6",1.01592354471853,-9.61358518678975,2.47357998859195
"UQCC1",0.420882805441691,-11.0883761737764,2.20877858928025
"CEP250",0.276234074996775,-11.6121930892694,2.19202297773267
"RP3-477O4.14",0.375842218537906,-11.2877179277956,2.20650351365506
"ERGIC3",1.08283117951375,-9.49763251990898,2.48032377618874
"SPAG4",0.253776510344264,-12.4304809561986,2.17385166909698
"CPNE1",0.468508213192356,-10.9544997360567,2.27219527162539
"RBM12",0.420633108510216,-11.0891114528686,2.20853524620437
"NFS1",0.300427718600343,-11.5384103559416,2.199496241444
"ROMO1",0.707387867750942,-10.0079833180333,2.40164663134919
"RBM39",1.17278651381197,-9.46098515403612,2.59010189048983
"PHF20",0.609483828568439,-10.0148982205902,2.32179219824166
"SCAND1",1.10837345634058,-9.54014807227356,2.54983113028384
"LINC00657",0.441474881250643,-10.5639989493042,2.2812039187766
"AAR2",0.408434799473412,-11.1351889702975,2.20178654845716
"DLGAP4",0.453247149913723,-10.6921348086378,2.27440509472038
"MYL9",0.254126443059872,-11.6734540368049,2.17974424367923
"TGIF2",0.310954375119217,-11.5058196199201,2.2020069558092
"C20orf24",1.1088719918656,-9.56468088509252,2.57535860511122
"SLA2",0.459080748460276,-10.7366351082992,2.27331494285397
"NDRG3",0.459420964148526,-11.0202054368909,2.26805263041148
"DSN1",0.23199352621588,-11.7866684234734,2.16771263742681
"SOGA1",0.253776510344264,-12.4304809561986,2.17385166909698
"TLDC2",0.090721269291354,-12.7921404110945,1.91917469956789
"SAMHD1",1.06789494421343,-9.51509437668516,2.47481324986377
"RBL1",0.229216757627761,-11.8185740413693,2.16758308707388
"RPN2",1.00351802943799,-9.64372894661177,2.47528001216573
"MANBAL",0.434784023671921,-11.0640018101029,2.22993718314082
"SRC",0.241904545563597,-12.2014659440717,2.16146712228198
"BLCAP",0.543330290251304,-10.3227102539171,2.3320427260549
"CTNNBL1",0.616321195576441,-10.0025157285494,2.3289487556712
"TTI1",0.251141901207489,-11.6827217186918,2.17775498330012
"RPRD1B",0.224820970152689,-12.0670005958397,2.17690569188224
"RALGAPB",0.294380013409298,-11.5573781680938,2.19798584160143
"ACTR5",0.224065621849842,-11.9347801167679,2.1716016566889
"PPP1R16B",0.246161006325488,-11.7003570237215,2.17449086994333
"DHX35",0.223695027974275,-12.0241158264402,2.17597860349096
"MAFB",0.645335839850758,-10.0004217884854,2.35756795631206
"TOP1",0.488862912228163,-10.4670374182654,2.33778762990184
"PLCG1",0.438359458117575,-11.0618177554228,2.23700850805954
"ZHX3",0.203504806423496,-12.4912497389434,2.07892517954733
"CHD6",0.455416114295558,-10.7088653401646,2.27398645851154
"SRSF6",0.482220108374609,-10.4781877281852,2.33598601348253
"L3MBTL1",0.158147028664132,-12.743367074885,2.06256469798137
"IFT52",0.450890090552249,-10.673128820893,2.27488801695452
"MYBL2",0.227092222552256,-12.5355364583155,2.13566503720302
"TOX2",0.108196131760806,-13.0200960649104,2.02232033555741
"OSER1",0.580945313513109,-10.1640885227258,2.3174744391731
"OSER1-AS1",0.402156426655047,-11.1638693220506,2.20124681578532
"FITM2",0.090721269291354,-12.7921404110945,1.91917469956789
"TTPAL",0.299865976614023,-11.5401681979997,2.19935942700381
"SERINC3",0.54525334427057,-10.3159923300782,2.33140733733015
"PKIG",0.447840969164394,-10.6463953099448,2.27564935120697
"ADA",0.667648765401213,-10.0076168368272,2.3753645135472
"RP11-445H22.3",0.241695900609293,-12.5467848054605,2.16624256450464
"YWHAB",1.49594071429335,-9.04938519413841,2.63983358484171
"PABPC1L",0.248063606674305,-12.2567014115598,2.16085635613381
"TOMM34",0.262041219518392,-11.6511250774237,2.18475398016833
"STK4",0.952353679446042,-9.76612859031124,2.47853646859249
"SYS1",0.532154052327241,-10.3594586705976,2.33530668022974
"PIGT",0.567493036242535,-10.2286535282683,2.32294389674497
"DNTTIP1",0.491507381933767,-10.4621585522776,2.33829184880448
"UBE2C",0.198293822437477,-12.4938285713483,2.06916880764982
"TNNC2",0.124744812975913,-12.9345239920951,2.0430897230423
"SNX21",0.253776510344264,-12.4304809561986,2.17385166909698
"ACOT8",0.451157848291789,-10.5089763223601,2.31130350822141
"ZSWIM3",0.189222923805307,-12.520920249976,2.05838802962435
"ZSWIM1",0.158147028664132,-12.743367074885,2.06256469798137
"CTSA",0.785553123333553,-9.90790176950713,2.43202744180423
"PLTP",0.151289836493976,-12.7783680320405,2.05965516873174
"PCIF1",0.434022124776444,-11.0645865667127,2.22846712573506
"ZNF335",0.391542381200609,-11.2148170147019,2.20269764738519
"MMP9",0.108196131760806,-13.0200960649104,2.02232033555741
"NCOA5",0.27374702762166,-11.6192263026565,2.19093972565155
"CD40",0.458564837380068,-10.5042016533003,2.32075238800466
"SLC35C2",0.446398396600028,-10.5136188578009,2.30280386698009
"ELMO2",0.377786134052374,-11.2791081096936,2.206051454787
"TP53RK",0.445110386335882,-10.618670382496,2.27669167500827
"ZMYND8",0.442525520185403,-11.0592618382552,2.24514909905223
"NCOA3",0.44246864302131,-10.5840743959336,2.27891319526746
"SULF2",0.470737160855508,-10.8649880944971,2.27190388251829
"LINC00494",0.108196131760806,-13.0200960649104,2.02232033555741
"PREX1",0.463684236521574,-10.5003600099372,2.3255949027986
"ARFGEF2",0.243431321069781,-11.7117139674051,2.17278568107151
"CSE1L",0.398585905729195,-11.1808496154353,2.2014893716533
"STAU1",0.450008220401807,-10.665706263509,2.27508439236479
"DDX27",0.582219553026455,-10.1573394206215,2.31699595697023
"ZNFX1",0.44333705958673,-10.5208541016881,2.29526790488687
"ZFAS1",1.46489353467807,-9.08429446720037,2.62551361025595
"B4GALT5",0.226965555352143,-11.8539915358263,2.1682399487526
"SLC9A8",0.289351819038423,-11.5730403502465,2.19660014764295
"SPATA2",0.23199352621588,-11.7866684234734,2.16771263742681
"RNF114",0.719109564042132,-10.002217174415,2.40846236149869
"SNAI1",0.250066880072025,-12.508963921607,2.17627790166079
"UBE2V1",0.264423314147689,-11.6446953514024,2.18614617169067
"TMEM189",0.454009738104033,-10.6980854226397,2.27425626178774
"CEBPB",1.33781052618165,-9.23854321957048,2.56773810124061
"RP11-290F20.3",0.767024719176804,-9.93827408810814,2.42808862611604
"PTPN1",0.525502360436955,-10.3795696764974,2.33685277964635
"PARD6B",0.108196131760806,-13.0200960649104,2.02232033555741
"BCAS4",0.441152466272947,-10.5486885630794,2.2839716688895
"ADNP",0.23199352621588,-11.7866684234734,2.16771263742681
"RP5-914P20.5",0.174120422480146,-12.6247712823772,2.05817582041029
"DPM1",0.617903008787027,-10.0009247857809,2.33065988325546
"MOCS3",0.223483964358326,-11.9978879830348,2.17485616472569
"KCNG1",0.226817205585659,-11.8567916567066,2.16831929178414
"NFATC2",0.469986074725073,-10.8460949006267,2.27185122070599
"ATP9A",0.101084877533373,-12.9582856770516,1.98697941273538
"ZFP64",0.267827718943378,-11.6355057427823,2.18802368561981
"TSHZ2",0.461407403790676,-10.7546778194489,2.27290730091049
"ZNF217",0.398585905729195,-11.1808496154353,2.2014893716533
"PFDN4",0.381238232647967,-11.2634457055846,2.20519977492097
"FAM210B",0.44746867937403,-11.0540806920772,2.25386232572284
"AURKA",0.108196131760806,-13.0200960649104,2.02232033555741
"CSTF1",0.430700447862138,-11.0679250303405,2.22234549611966
"RTFDC1",0.967082748528586,-9.73544045161563,2.47931508663836
"RAE1",0.44150556912716,-10.5648226612931,2.28108711421567
"RP4-800J21.3",0.189222923805307,-12.520920249976,2.05838802962435
"RBM38",0.547578950197759,-10.3077177970129,2.33061440047369
"ZBP1",0.449690542354064,-10.5100793283022,2.30895239502186
"PMEPA1",0.253643569596,-12.4389171039249,2.17444331111211
"PPP4R1L",0.253657432497421,-12.3755230244616,2.1693722917142
"RAB22A",0.450666666508828,-10.671267539604,2.27493663843689
"VAPB",0.470692743436857,-10.8634841234373,2.27189741949426
"STX16",0.573351364936832,-10.2019036820378,2.3205186825649
"NPEPL1",0.398585905729195,-11.1808496154353,2.2014893716533
"GNAS",1.10799306662879,-9.54922068383847,2.55786594324065
"NELFCD",0.557481190834365,-10.2704189629496,2.32697510771543
"CTSZ",0.682796447470325,-10.0104854404463,2.38602012496825
"TUBB1",0.430546354713178,-11.0681166039096,2.22207740416734
"ATP5E",1.46468649727999,-7.94612323767364,2.55063044552369
"SLMO2",0.615752555306877,-10.0031891101577,2.3283375330527
"ZNF831",0.230189928028585,-12.5414312256707,2.14290754443097
"FAM217B",0.459311536494271,-11.0207083943225,2.26796786352124
"PPP1R3D",0.224820970152689,-12.0670005958397,2.17690569188224
"CDH26",0.090721269291354,-12.7921404110945,1.91917469956789
"TAF4",0.241904545563597,-12.2014659440717,2.16146712228198
"LSM14B",0.235831001374619,-12.1654885580238,2.16626798040572
"PSMA7",1.60574795993587,-8.85335451417884,2.62459261326888
"SS18L1",0.217168357845664,-12.5125542968357,2.11121018860736
"MTG2",0.467656805323684,-10.9641422478343,2.27204912278007
"OSBPL2",0.437628205219913,-11.0622192193569,2.23555325405773
"ADRM1",0.857842289460926,-9.8371014617732,2.44871297402745
"RPS21",2.11277654078623,-7.23680009964648,2.48654349814661
"CABLES2",0.124744812975913,-12.9345239920951,2.0430897230423
"MRGBP",0.336747253740007,-11.4292249806333,2.20768150937996
"OGFR",0.619283559073176,-9.9998144650657,2.33214661382968
"COL9A3",0.124744812975913,-12.9345239920951,2.0430897230423
"TCFL5",0.090721269291354,-12.7921404110945,1.91917469956789
"DIDO1",0.471079982325751,-10.8938472025987,2.27208079657433
"GID8",0.622695741801737,-9.99797155275282,2.33578576332232
"SLC17A9",0.247088309743925,-12.5303994035623,2.17384969389464
"HAR1B",0.141473787659634,-12.8191386499719,2.05126746596957
"HAR1A",0.253657432497421,-12.3755230244616,2.1693722917142
"YTHDF1",0.375842218537906,-11.2877179277956,2.20650351365506
"ARFGAP1",0.380470518690739,-11.266954524078,2.20539002901601
"PPDPF",2.10120206244224,-7.36990116249917,2.42097393839233
"PTK6",0.108196131760806,-13.0200960649104,2.02232033555741
"HELZ2",0.46079480176484,-10.5026214775906,2.3229996840023
"GMEB2",0.225242173550997,-11.8928066779572,2.16961132666487
"CTD-3184A7.4",0.443784139373443,-10.5192646412396,2.29655588783563
"STMN3",0.626119343297661,-9.99710064166369,2.33936211326087
"ARFRP1",0.575314062864148,-10.1925072700532,2.31971368134026
"LIME1",0.108196131760806,-13.0200960649104,2.02232033555741
"SLC2A4RG",0.453782569441757,-10.6963223230125,2.27430048774685
"RP4-583P15.10",0.158147028664132,-12.743367074885,2.06256469798137
"TPD52L2",0.543718865435037,-10.3213599159022,2.33191516507203
"DNAJC5",0.441273042494974,-10.5394993864461,2.28637667212445
"UCKL1",0.444219154288377,-10.6082763785949,2.27720941386975
"ZNF512B",0.189222923805307,-12.520920249976,2.05838802962435
"SAMD10",0.224820970152689,-12.0670005958397,2.17690569188224
"PRPF6",0.615580507115319,-10.0034061371455,2.32815055577242
"LINC00176",0.456205989847508,-10.5057338486212,2.31810274097546
"TCEA2",0.441151827974712,-10.5481145596521,2.2841016793741
"RGS19",1.10750970346343,-9.50082419467411,2.51395067804249
"OPRL1",0.232291934049086,-12.5447235191184,2.14763920278489
"C20orf201",0.247088309743925,-12.5303994035623,2.17384969389464
"PCMTD2",0.462234206929947,-10.7612858328768,2.27276592200409
"MIER2",0.230775156673327,-11.7994739811921,2.16756261210683
"TPGS1",0.672541855046269,-10.0087984137356,2.3789060601774
"CDC34",0.348901448787346,-11.3910718616814,2.20908977133735
"GZMM",1.10290440208398,-9.49123036202108,2.50014987945337
"AC009005.2",0.108196131760806,-13.0200960649104,2.02232033555741
"BSG",1.07378281394473,-9.50746155607975,2.47652211674491
"POLRMT",0.429885971519857,-11.0689786371609,2.22093782401831
"RNF126",0.81146679782875,-9.87358208369248,2.43699714120319
"FSTL3",0.252669045295664,-12.3369290773934,2.16608382286099
"PRSS57",0.253868267312298,-12.4217807689018,2.17320688429578
"PTBP1",0.659635460494446,-10.0052399762788,2.36930854768768
"AZU1",0.108196131760806,-13.0200960649104,2.02232033555741
"ELANE",0.108196131760806,-13.0200960649104,2.02232033555741
"CFD",1.15344738736746,-9.49636678304986,2.59297618177059
"MED16",0.452547551377862,-10.6865976082231,2.2745419023494
"R3HDM4",0.645151982004271,-10.0003594721259,2.35740735788169
"KISS1R",0.124744812975913,-12.9345239920951,2.0430897230423
"ARID3A",0.265406466391688,-11.6420470295071,2.1867035920894
"WDR18",0.450178649311305,-10.5096952610965,2.3097574980574
"TMEM259",0.544310428964511,-10.3192982870496,2.33172105118915
"CNN2",1.1565562147999,-9.49059562470788,2.59259260244547
"AC011558.5",0.141473787659634,-12.8191386499719,2.05126746596957
"ABCA7",0.276234074996775,-11.6121930892694,2.19202297773267
"HMHA1",0.999833534278058,-9.65300926274319,2.47582765787612
"POLR2E",0.830530819110704,-9.85517573125617,2.44122317649998
"GPX4",1.58277738212036,-8.93509375247763,2.63495265506402
"SBNO2",0.243456676988861,-12.2128061647154,2.16081731150848
"STK11",0.324219516860707,-11.4662383054687,2.20512556831078
"ATP5D",1.55648995581458,-8.97988263103169,2.63927912294162
"MIDN",0.62988880229594,-9.99692097610462,2.34317977176329
"CIRBP",1.21903234101929,-8.11877847192774,2.56390142457998
"C19orf24",0.910854221317446,-9.81275323700555,2.46722770060583
"MUM1",0.441257083568504,-11.0601408867161,2.24272015042633
"NDUFS7",1.10868227522669,-9.53334239334039,2.54399669276597
"GAMT",0.441816887308936,-11.0597700948226,2.24380086597125
"DAZAP1",0.527050237095298,-10.3750009399939,2.33652093958219
"RPS15",4.81685763274528,-4.8185401006558,2.12951415547999
"AC027307.3",0.22712266150858,-12.104790066756,2.17568849682712
"C19orf25",0.585371844907133,-10.140104021372,2.31589054166166
"REEP6",0.224897314176702,-12.5307592002766,2.13038747028561
"MBD3",0.306439806001703,-11.519684101789,2.20093803309746
"UQCR11",1.59762543645344,-8.89589516909891,2.63025934500799
"TCF3",0.303949947574791,-11.5274100049873,2.20034205527944
"ATP8B3",0.124744812975913,-12.9345239920951,2.0430897230423
"REXO1",0.224065621849842,-11.9347801167679,2.1716016566889
"KLF16",0.223695027974275,-12.0241158264402,2.17597860349096
"CTB-31O20.2",0.456033118269232,-10.7135519336819,2.27387145634838
"ABHD17A",0.466514060363046,-10.4978508387105,2.32783036651373
"SCAMP4",0.470938658701406,-10.8735186137538,2.27194407816807
"ADAT3",0.16759266301054,-12.6777798123276,2.06112349582788
"CSNK1G2",0.442397359894972,-11.0593550494922,2.24490633796623
"BTBD2",0.306439806001703,-11.519684101789,2.20093803309746
"AC005306.3",0.174120422480146,-12.6247712823772,2.05817582041029
"MKNK2",0.453187926010195,-10.5076282018268,2.31425037062514
"MOB3A",0.600515309843589,-10.051329730758,2.3151408855413
"IZUMO4",0.23199352621588,-11.7866684234734,2.16771263742681
"AP3D1",0.456655528079872,-10.718263991071,2.27375522497781
"DOT1L",0.23199352621588,-11.7866684234734,2.16771263742681
"PLEKHJ1",0.814703814284383,-9.87006578565035,2.43766682081848
"SF3A2",0.545434936865171,-10.3153526404493,2.33134629520998
"JSRP1",0.108196131760806,-13.0200960649104,2.02232033555741
"OAZ1",3.07523872152524,-6.4087224723729,2.33637267345111
"C19orf35",0.141473787659634,-12.8191386499719,2.05126746596957
"LSM7",1.0952800516602,-9.48964386660778,2.48942624537067
"TIMM13",0.972676159627167,-9.72213925349201,2.47910645783837
"LMNB2",0.305880470366599,-11.5214157418279,2.2008068317181
"GADD45B",1.05409540301384,-9.53618306445314,2.47248119630591
"GNG7",0.442590980936774,-10.5243795512889,2.29285923165054
"DIRAS1",0.108196131760806,-13.0200960649104,2.02232033555741
"SLC39A3",0.470916050908732,-10.4933393244171,2.33078154440215
"SGTA",0.469390977196715,-10.9424219834043,2.27227777204097
"THOP1",0.251141901207489,-11.6827217186918,2.17775498330012
"ZNF554",0.141473787659634,-12.8191386499719,2.05126746596957
"ZNF555",0.217168357845664,-12.5125542968357,2.11121018860736
"ZNF77",0.124744812975913,-12.9345239920951,2.0430897230423
"TLE2",0.240833156429668,-12.1943115620664,2.16207577526586
"AC005944.2",0.108196131760806,-13.0200960649104,2.02232033555741
"AES",1.49137002092286,-9.05383600920672,2.63918255534786
"GNA15",0.409767771535752,-11.129406606783,2.20210846146542
"S1PR4",1.09339845678589,-9.4902852709133,2.48761526722031
"NCLN",0.415969222255104,-11.1046288877954,2.20483393023445
"NFIC",0.470176011270032,-10.8499981728106,2.27185534065751
"DOHH",0.37857325423284,-11.2755623803673,2.20585812355457
"FZR1",0.381238232647967,-11.2634457055846,2.20519977492097
"MFSD12",0.416620911250962,-11.1022742468949,2.20525850061699
"HMG20B",0.510251672995504,-10.4209124306337,2.33903901375976
"TBXA2R",0.249130720642685,-12.270291226,2.16143095518822
"CACTIN",0.23078253123122,-12.1364778837008,2.17188129372768
"PIP5K1C",0.253309504187197,-11.6759268360451,2.17920616014382
"TJP3",0.217168357845664,-12.5125542968357,2.11121018860736
"APBA3",0.441397319814906,-11.0600511153751,2.24299411454642
"MRPL54",1.01404558889165,-9.61801862266985,2.47381600424445
"MATK",0.509045612826956,-10.4239025735952,2.33911835691799
"ZFR2",0.141473787659634,-12.8191386499719,2.05126746596957
"DAPK3",0.435845304393994,-11.0632789560144,2.23201418300736
"EEF2",2.16768212560416,-7.29339446514845,2.4343587725612
"PIAS4",0.368144687795282,-11.3203729192437,2.20802777652338
"AC016586.1",0.228468715570751,-12.1186282691869,2.17441752459222
"ZBTB7A",0.514689115684105,-10.4095570564654,2.33861921819173
"MAP2K2",0.570751780694484,-10.2140017913436,2.3215927990719
"SIRT6",0.45006343943909,-11.0497028858639,2.25781567490007
"EBI3",0.183062415540771,-12.5564644150092,2.05608461177669
"CCDC94",0.448685002470374,-10.6541118961622,2.27541222197747
"TMIGD2",0.442183553771976,-10.5270678496324,2.29133700108513
"FSD1",0.141473787659634,-12.8191386499719,2.05126746596957
"STAP2",0.158147028664132,-12.743367074885,2.06256469798137
"MPND",0.224820970152689,-12.0670005958397,2.17690569188224
"SH3GL1",0.445206524832609,-11.0568781963634,2.25005423745749
"CHAF1A",0.371864737553081,-11.304893420966,2.20735161476811
"UBXN6",0.470495625664777,-10.8576513585967,2.27187602769937
"HDGFRP2",0.386694205114887,-11.2379833690839,2.20382975371651
"SEMA6B",0.090721269291354,-12.7921404110945,1.91917469956789
"TNFAIP8L1",0.340067388229639,-11.4191531240828,2.20820029460304
"C19orf10",1.00017927456789,-9.65213439911364,2.47577674502799
"DPP9",0.440390453157757,-11.0606719515141,2.24103558895101
"FEM1A",0.428297598238265,-11.0713669778019,2.21833032269906
"AC005523.2",0.241904545563597,-12.2014659440717,2.16146712228198
"TICAM1",0.409247564379716,-11.1316388278151,2.20197253201869
"PLIN3",0.458285704994407,-10.5043880541015,2.32045364310902
"ARRDC5",0.24453111945453,-12.2214289751843,2.16052314828958
"KDM4B",0.43371124623731,-11.0648461788982,2.22786589069926
"SAFB2",0.507393103789982,-10.4279201782629,2.33920220847309
"SAFB",0.563833777741171,-10.2444547082865,2.32444652340362
"RPL36",3.78563306354428,-5.58733814122541,2.16953995840524
"C19orf70",0.994375570188232,-9.66695522787875,2.47664202319073
"HSD11B1L",0.22375500450459,-11.9529837127783,2.17254604697426
"LONP1",0.289351819038423,-11.5730403502465,2.19660014764295
"DUS3L",0.442890714758867,-10.5227914728904,2.29387453438777
"AC024592.12",0.108196131760806,-13.0200960649104,2.02232033555741
"NDUFA11",1.42404308831159,-9.17009387977896,2.57035553591026
"VMAC",0.416169416065135,-11.1038987932544,2.20496221833531
"AC104532.4",0.141473787659634,-12.8191386499719,2.05126746596957
"CAPS",0.22712266150858,-12.104790066756,2.17568849682712
"RANBP3",0.468032621882543,-10.8166073510891,2.27195546693902
"RFX2",0.250066880072025,-12.508963921607,2.17627790166079
"CTC-503J8.6",0.225242173550997,-11.8928066779572,2.16961132666487
"CLPP",0.689397389681012,-10.0108414363802,2.39039527271154
"ALKBH7",1.04386855362906,-9.55436409910661,2.47190083698364
"PSPN",0.151289836493976,-12.7783680320405,2.05965516873174
"GTF2F1",0.570034237060788,-10.2172804469849,2.32189148715318
"KHSRP",0.447173934745778,-11.054492823434,2.25338482150854
"SLC25A23",0.189222923805307,-12.520920249976,2.05838802962435
"CRB3",0.253776510344264,-12.4304809561986,2.17385166909698
"DENND1C",0.446086140676366,-10.514093607649,2.30214029881617
"TUBB4A",0.108196131760806,-13.0200960649104,2.02232033555741
"CD70",0.230060037367206,-12.131467514195,2.17270134224941
"TNFSF14",0.276234074996775,-11.6121930892694,2.19202297773267
"C3",0.174120422480146,-12.6247712823772,2.05817582041029
"GPR108",0.573475270491216,-10.2013189448617,2.32046771634984
"TRIP10",0.108196131760806,-13.0200960649104,2.02232033555741
"SH2D3A",0.450093139587397,-11.049645179633,2.25785805696448
"VAV1",0.452189241323505,-10.508267744689,2.31283891867285
"EMR1",0.38012968005694,-11.2685122867967,2.20547523755786
"ZNF557",0.241904545563597,-12.2014659440717,2.16146712228198
"INSR",0.203504806423496,-12.4912497389434,2.07892517954733
"CTB-133G6.1",0.270272096743267,-11.6288514890299,2.18928097708031
"CTB-133G6.2",0.108196131760806,-13.0200960649104,2.02232033555741
"ARHGEF18",0.446191838281835,-11.0557529710318,2.25175023697878
"PEX11G",0.197663683629374,-12.4947298912936,2.06814566555827
"ZNF358",0.217168357845664,-12.5125542968357,2.11121018860736
"MCOLN1",0.453758642162102,-11.0409096493427,2.26261277835448
"PNPLA6",0.459265439882165,-10.7380405718178,2.27328088940231
"XAB2",0.441163089564388,-10.5451327599884,2.28481680878147
"PET100",0.836575173528472,-9.85044174955889,2.44273246903234
"CTD-3214H19.4",0.090721269291354,-12.7921404110945,1.91917469956789
"PCP2",0.207958832313227,-12.4948363334425,2.08872989060712
"STXBP2",1.10894650519055,-9.52582440350966,2.53758763165903
"RETN",0.443603726925598,-10.6005073341576,2.27766849972395
"C19orf59",0.405479145293556,-11.1484385103153,2.20135292958051
"TRAPPC5",0.4412160480928,-10.5545490137345,2.2827679202241
"FCER2",0.48599345216155,-10.4720533908819,2.33710954871181
"CLEC4G",0.224224617207444,-11.9274496365774,2.17122878817926
"EVI5L",0.203504806423496,-12.4912497389434,2.07892517954733
"MAP2K7",0.443651859610302,-10.6011377844569,2.27762920508486
"SNAPC2",0.471008256811995,-10.8777109729384,2.27196783532734
"TIMM44",0.399206633592182,-11.1778740585519,2.20142359739029
"ELAVL1",0.60757693779849,-10.020505679546,2.31998616835551
"CTD-2325M2.1",0.174120422480146,-12.6247712823772,2.05817582041029
"CERS4",0.347966476636038,-11.3941523124697,2.20903480623776
"CD320",0.461140973854641,-10.5023634007741,2.32332878785764
"NDUFA7",0.803085123557417,-9.88347824031888,2.43533989623065
"RPS28",4.16959565688588,-5.3271438418825,2.12799511674282
"KANK3",0.090721269291354,-12.7921404110945,1.91917469956789
"RAB11B-AS1",0.266394757532043,-11.6393853645442,2.18725174909481
"RAB11B",0.743803322669026,-9.97621666624497,2.42063569432708
"MARCH2",0.442487705437416,-10.524989798084,2.29249101192204
"HNRNPM",1.10877475315501,-9.56439027955313,2.57485215106428
"PRAM1",0.501795319133098,-10.4409001258664,2.339250019913
"ZNF414",0.465439519638008,-10.7890837813952,2.27226558969651
"MYO1F",1.06716233441559,-9.51610413291461,2.4746323542098
"ADAMTS10",0.217168357845664,-12.5125542968357,2.11121018860736
"ZNF558",0.230189928028585,-12.5414312256707,2.14290754443097
"ZNF317",0.324219516860707,-11.4662383054687,2.20512556831078
"ZNF699",0.23199352621588,-11.7866684234734,2.16771263742681
"ZNF559",0.291868987972595,-11.5652337563203,2.1973099932792
"ZNF266",0.393865625080279,-11.2035936492173,2.20221685643291
"ZNF426",0.23199352621588,-11.7866684234734,2.16771263742681
"ZNF121",0.250066880072025,-12.508963921607,2.17627790166079
"ZNF561",0.381474377011049,-11.2623614817023,2.20514036932045
"C19orf82",0.228468715570751,-12.1186282691869,2.17441752459222
"ZNF562",0.226965555352143,-11.8539915358263,2.1682399487526
"ZNF846",0.322784307187702,-11.4704529360613,2.20479588854816
"FBXL12",0.467636047958951,-10.9643584947533,2.27204492678411
"UBL5",1.47843816937889,-9.11782929527739,2.59101878304538
"CTD-2623N2.11",0.090721269291354,-12.7921404110945,1.91917469956789
"PIN1",0.933406792867332,-9.79398705104832,2.47463347937354
"OLFM2",0.23386501965221,-11.7696233733186,2.16814921311575
"C19orf66",0.844944886756684,-9.84461638514344,2.44495679522611
"ANGPTL6",0.124744812975913,-12.9345239920951,2.0430897230423
"PPAN",0.449071990826494,-10.657564337502,2.27531107799801
"P2RY11",0.250066880072025,-12.508963921607,2.17627790166079
"EIF3G",1.58964936314421,-8.9192149509196,2.63312575349888
"DNMT1",0.529327251565432,-10.3681586762962,2.33600235558437
"CTD-2369P2.2",0.141473787659634,-12.8191386499719,2.05126746596957
"MRPL4",0.582560498533655,-10.1555097747801,2.3168692875598
"ICAM1",0.283289517473143,-11.5915210627692,2.19470062821077
"ICAM4",0.276803039839337,-11.6105693183136,2.19226117198257
"ZGLP1",0.262041219518392,-11.6511250774237,2.18475398016833
"FDX1L",0.389152308112735,-11.2262808848236,2.2032345380696
"RAVER1",0.276234074996775,-11.6121930892694,2.19202297773267
"ICAM3",1.45060354092325,-9.15106552592272,2.57488349753315
"TYK2",0.47088027462342,-10.9083167370732,2.27218270248561
"CDC37",1.01338108002311,-9.61959401995737,2.47390059124298
"PDE4A",0.319344583891345,-11.4806092560161,2.20399355485001
"KEAP1",0.446888890309239,-11.0548770528788,2.25291766010547
"S1PR5",0.446500736047795,-10.6333815816249,2.27609053094552
"ATG4D",0.450902623891988,-11.0479865637424,2.25898958522371
"KRI1",0.458185445605236,-11.0255965342884,2.2670599817995
"CDKN2D",1.01078474270036,-9.62582209009552,2.47424425092691
"SLC44A2",0.592973662028204,-10.0956753054834,2.31412307965446
"ILF3-AS1",0.823721568037938,-9.86113166724249,2.43963183609778
"ILF3",0.601500503305584,-10.0461352408924,2.3155928644402
"QTRT1",0.443577865468139,-10.5199645912995,2.29597401522887
"DNM2",0.480170127528553,-10.4813060670255,2.33525845933071
"TMED1",0.443881649859036,-10.6040745245383,2.27744874258125
"C19orf38",0.649163033477609,-10.0017111797384,2.36084205888545
"CARM1",0.197663683629374,-12.4947298912936,2.06814566555827
"YIPF2",0.226965555352143,-11.8539915358263,2.1682399487526
"C19orf52",0.468251951632437,-10.8193392365871,2.27193524167288
"SMARCA4",0.443596950928513,-10.6004165664405,2.27767436209797
"LDLR",0.279756854451389,-11.6020065129566,2.1934278299972
"RAB3D",0.453090556462132,-11.042748614962,2.26181627373545
"TMEM205",0.656450594807515,-10.0041930006007,2.36680442887125
"CCDC159",0.45159033950882,-10.6788894047565,2.27473852744698
"DKFZP761J1410",0.306439806001703,-11.519684101789,2.20093803309746
"SWSAP1",0.422599320706511,-11.0835925361052,2.210594906622
"EPOR",0.319344583891345,-11.4806092560161,2.20399355485001
"CCDC151",0.203504806423496,-12.4912497389434,2.07892517954733
"PRKCSH",0.737859086052456,-9.9842605512118,2.41807071503993
"ZNF653",0.124744812975913,-12.9345239920951,2.0430897230423
"ECSIT",0.476942210590591,-10.4858971220644,2.33393216249127
"ELOF1",0.747178278341965,-9.97121801679875,2.42196727472654
"ZNF627",0.230189928028585,-12.5414312256707,2.14290754443097
"ACP5",0.453782569441757,-10.6963223230125,2.27430048774685
"ZNF823",0.158147028664132,-12.743367074885,2.06256469798137
"ZNF441",0.141473787659634,-12.8191386499719,2.05126746596957
"ZNF440",0.174120422480146,-12.6247712823772,2.05817582041029
"ZNF439",0.312415811570225,-11.5013771452248,2.20235150349299
"ZNF69",0.211561276790128,-12.5005332691513,2.09729795390912
"ZNF700",0.241695900609293,-12.5467848054605,2.16624256450464
"ZNF844",0.23488365536117,-12.1604014949367,2.16725669041873
"ZNF136",0.375842218537906,-11.2877179277956,2.20650351365506
"ZNF44",0.446514259325753,-10.6335182579187,2.27608553965847
"ZNF563",0.314329191396345,-11.4955915093729,2.20280365336146
"ZNF442",0.158147028664132,-12.743367074885,2.06256469798137
"ZNF799",0.225347688233142,-12.0784135233773,2.17681276104593
"ZNF443",0.16759266301054,-12.6777798123276,2.06112349582788
"ZNF564",0.174120422480146,-12.6247712823772,2.05817582041029
"ZNF490",0.158147028664132,-12.743367074885,2.06256469798137
"ZNF791",0.441744976564744,-10.5311152301646,2.28941343005049
"CTD-2192J16.22",0.230189928028585,-12.5414312256707,2.14290754443097
"MAN2B1",0.428716979578481,-11.0707001835205,2.21899923203206
"WDR83",0.449376937569164,-11.0509974342892,2.25681593453957
"WDR83OS",1.15537173576893,-9.49278400288133,2.59274173198877
"DHPS",0.746500118878493,-9.97224525251561,2.42170740561297
"FBXW9",0.230189928028585,-12.5414312256707,2.14290754443097
"TNPO2",0.226965555352143,-11.8539915358263,2.1682399487526
"C19orf43",1.5541415830417,-8.60250741589158,2.58567964861353
"ASNA1",0.70508000572348,-10.0087131080813,2.40025487100583
"HOOK2",0.456057120151039,-10.713734418494,2.27386701044116
"JUNB",4.0145670377702,-5.42802449590977,2.14206072720986
"PRDX2",1.10890700198817,-9.52723065262125,2.538790631988
"RNASEH2A",0.464676662261395,-10.9899230290962,2.27113366979439
"DNASE2",0.578972961383376,-10.1743000678113,2.31824067811909
"GCDH",0.471090359601904,-10.8896094811718,2.27204972224406
"FARSA",0.441402481078149,-10.5362412029443,2.28742909738712
"CALR",1.10874001353455,-9.50997592847317,2.52337035586244
"CTC-425F1.4",0.090721269291354,-12.7921404110945,1.91917469956789
"RAD23A",0.926078693882205,-9.80145768475904,2.47244362803923
"GADD45GIP1",1.08968988417349,-9.49216712454551,2.4845684785454
"NFIX",0.189222923805307,-12.520920249976,2.05838802962435
"LYL1",0.683455528621243,-10.0105491521913,2.3864639058943
"TRMT1",0.545760239097678,-10.3142044843432,2.33123644579184
"NACC1",0.239121755146729,-11.7333567076361,2.17034018854576
"STX10",0.760040321679963,-9.95022679437981,2.42623632774455
"IER2",1.23404113412074,-8.10318866502329,2.54309894335118
"CTC-250I14.6",0.373051709105387,-11.2998379831994,2.20711150239711
"CACNA1A",0.174120422480146,-12.6247712823772,2.05817582041029
"CCDC130",0.465629811135358,-10.9826369442504,2.27149430380876
"MRI1",0.358755284880245,-11.3567763940505,2.20908540634382
"C19orf53",1.42916086166077,-9.16651660978012,2.57101284759682
"ZSWIM4",0.108196131760806,-13.0200960649104,2.02232033555741
"MIR24-2",0.656607560701782,-10.0042454114506,2.3669290311299
"CC2D1A",0.417706406105695,-11.0984921151618,2.20603198222978
"DCAF15",0.440813407751939,-11.0604149675732,2.24186067697917
"RFX1",0.360929126623443,-11.348664862052,2.2089234439008
"CTB-55O6.4",0.141473787659634,-12.8191386499719,2.05126746596957
"IL27RA",0.624929236745677,-9.99731594371293,2.33813048684093
"hsa-mir-1199",0.130085009207856,-12.8874349332688,2.04374489574792
"SAMD1",0.223497364245007,-12.0020932970943,2.17505499715594
"PRKACA",0.46887134185957,-10.8276657109063,2.2718914854363
"ASF1B",0.223756382920228,-12.0282583753573,2.17613153064022
"CTB-55O6.12",0.229652322568163,-11.8128955357699,2.16754706132433
"LPHN1",0.124744812975913,-12.9345239920951,2.0430897230423
"CD97",1.02215962442622,-9.59921495422523,2.4728818378966
"DDX39A",0.714268416567529,-10.0050346843738,2.40569874780598
"PKN1",0.679105309829362,-10.0100161143782,2.3835051461427
"GIPC1",0.464709983424311,-10.782350860978,2.2723715084727
"DNAJB1",1.10816402850241,-9.54469473204081,2.55379445094335
"TECR",0.965792780582386,-9.73839700844108,2.47932929304809
"NDUFB7",1.10838491443362,-9.5061583890754,2.51962491075155
"CLEC17A",0.247088309743925,-12.5303994035623,2.17384969389464
"EMR3",0.230189928028585,-12.5414312256707,2.14290754443097
"ZNF333",0.280783082914445,-11.5989968295362,2.19381227896606
"EMR2",0.464448466057729,-10.7800034280821,2.27240972795656
"ILVBL",0.420219054721827,-11.0903502698403,2.20814048474172
"EPHX3",0.124744812975913,-12.9345239920951,2.0430897230423
"AC004257.3",0.141473787659634,-12.8191386499719,2.05126746596957
"BRD4",0.498073743846568,-10.4489905541284,2.33907303782496
"AKAP8",0.467943190749657,-10.9610644505863,2.27210513770635
"AKAP8L",0.469543408155108,-10.8380205441914,2.27185984663184
"WIZ",0.224065621849842,-11.9347801167679,2.1716016566889
"RASAL3",0.655926710260001,-10.0040212254424,2.36638792466956
"PGLYRP2",0.231896163679567,-12.1435547972649,2.17060063740439
"TPM4",0.727308987979244,-9.99576615486537,2.41289834618206
"RAB8A",0.992597763914677,-9.67152643883329,2.47690026598841
"CTD-2231E14.8",0.248063606674305,-12.2567014115598,2.16085635613381
"HSH2D",0.575683271053532,-10.1907122635045,2.31956304742763
"FAM32A",0.752396462522006,-9.96298000975383,2.42384636155452
"AP1M1",0.45091343448434,-10.5091443636818,2.31092330741633
"CTD-2562J15.6",0.223506913503804,-11.9791550530398,2.17392053640435
"KLF2",1.51817637360834,-8.51336272882272,2.57102940606676
"EPS15L1",0.469073952242012,-10.9470759180348,2.27225746463897
"CHERP",0.470319484765596,-10.9252615355967,2.27227195692879
"SLC35E1",0.422599320706511,-11.0835925361052,2.210594906622
"MED26",0.224820970152689,-12.0670005958397,2.17690569188224
"SMIM7",0.820667805933665,-9.86401748335912,2.43894839056387
"TMEM38A",0.090721269291354,-12.7921404110945,1.91917469956789
"SIN3B",0.415046963269713,-11.1080426793087,2.20428394207382
"CPAMD8",0.158147028664132,-12.743367074885,2.06256469798137
"HAUS8",0.328611957477222,-11.453340472807,2.20610294815159
"MYO9B",0.512576507556358,-10.4150356827119,2.3388432956226
"USE1",0.623930443262434,-9.99756459697794,2.33708853362903
"OCEL1",0.460454893458218,-10.5028726426465,2.32267055932126
"NR2F6",0.235831001374619,-12.1654885580238,2.16626798040572
"BABAM1",0.689131433531559,-10.0108338690328,2.39022036977894
"ANKLE1",0.141473787659634,-12.8191386499719,2.05126746596957
"ABHD8",0.31342617184787,-11.4983190089717,2.20259098932825
"MRPL34",0.918275125777355,-9.80785082459446,2.46985560451305
"DDA1",0.581954100981558,-10.1587491050712,2.31709351701647
"GTPBP3",0.390854073685558,-11.2181224489868,2.20284858943329
"BST2",1.47181232453514,-9.09995221732168,2.60701718573175
"CTD-2521M24.9",0.470495625664777,-10.8576513585967,2.27187602769937
"MVB12A",0.441219649141941,-10.5414610264182,2.28579590127042
"SLC27A1",0.265579010578453,-11.6415800316643,2.18679955092911
"CTD-3131K8.2",0.174120422480146,-12.6247712823772,2.05817582041029
"PGLS",1.11161125668903,-9.56654698044182,2.58321754323138
"FAM129C",0.343359179239708,-11.408930703865,2.20861820343539
"COLGALT1",0.461161592638068,-11.0116547415155,2.26927905202178
"MAP1S",0.373867454117424,-11.2963183263534,2.20693923232776
"FCHO1",0.454152945485395,-11.0397712504279,2.26306431927164
"INSL3",0.158147028664132,-12.743367074885,2.06256469798137
"JAK3",0.467269051057546,-10.9680744008023,2.27196574441331
"RPL18A",5.1780166796432,-4.8052981120942,2.24003633582028
"CCDC124",0.639210784153577,-9.99854659338168,2.35209625975359
"KCNN1",0.124744812975913,-12.9345239920951,2.0430897230423
"ARRDC2",0.501395490261232,-10.4417884957006,2.33923932714273
"IL12RB1",0.543327982072413,-10.3227182234948,2.33204347466542
"MAST3",0.457296166037405,-11.0291450802274,2.26627374376439
"PIK3R2",0.252669045295664,-12.3369290773934,2.16608382286099
"IFI30",0.976391815138208,-9.71298061114016,2.47884468205968
"MPV17L2",0.368990430787037,-11.3169031375202,2.20788440781945
"RAB3A",0.217168357845664,-12.5125542968357,2.11121018860736
"KIAA1683",0.250066880072025,-12.508963921607,2.17627790166079
"JUND",0.799229890099711,-9.88841981835441,2.43460387161651
"LSM4",1.07588988555155,-9.50495130773304,2.47726738969658
"PGPEP1",0.452139644525247,-11.0451609854515,2.26062929952455
"LRRC25",0.672998425081844,-10.0088962626311,2.37923042542207
"SSBP4",0.68087135602271,-10.010258783275,2.38471338656796
"ISYNA1",0.341450871520497,-11.4148798667032,2.20838647618076
"ELL",0.414321409614792,-11.1108048465146,2.2038894961015
"FKBP8",1.10801096351931,-9.55928173439087,2.56799082740218
"KXD1",0.667142031534104,-10.0074808176298,2.37499170224396
"AC005253.2",0.151289836493976,-12.7783680320405,2.05965516873174
"UBA52",4.29520835607975,-5.26068079210039,2.11997776230373
"C19orf60",1.10161278596448,-9.49027799213585,2.49776482812603
"KLHL26",0.189222923805307,-12.520920249976,2.05838802962435
"CRTC1",0.251141901207489,-11.6827217186918,2.17775498330012
"UPF1",0.223506913503804,-11.9791550530398,2.17392053640435
"COPE",1.47128780590463,-9.13247299316199,2.58234732789995
"DDX49",0.449926689462842,-10.665010919364,2.27510415971931
"HOMER3",0.224685844288479,-11.9098833485468,2.17037723291924
"SUGP2",0.469242292256476,-10.9446433888567,2.27227095820305
"AC004447.2",0.108196131760806,-13.0200960649104,2.02232033555741
"ARMC6",0.460968055478089,-11.0126585977843,2.2691521932131
"SLC25A42",0.303949947574791,-11.5274100049873,2.20034205527944
"TMEM161A",0.348901448787346,-11.3910718616814,2.20908977133735
"MEF2BNB-MEF2B",0.158147028664132,-12.743367074885,2.06256469798137
"MEF2BNB",0.451430432552455,-10.6775917169488,2.27477335333336
"RFXANK",0.646683833383036,-10.0008722338954,2.35873421054377
"NR2C2AP",0.464801609322866,-10.7831767423979,2.27235751768821
"SUGP1",0.466695015628803,-10.973536817111,2.27182052672007
"MAU2",0.424856849288194,-11.0780617227707,2.21334472978913
"GATAD2A",0.464962652157125,-10.987797172115,2.27124901174385
"TSSK6",0.090721269291354,-12.7921404110945,1.91917469956789
"NDUFA13",1.47594077867462,-9.10616298290908,2.60059688158262
"PBX4",0.291868987972595,-11.5652337563203,2.1973099932792
"LPAR2",0.263012868455131,-11.6484983286782,2.18532941828352
"GMIP",0.451749889865055,-10.6801913897714,2.27470463562917
"ATP13A1",0.470319484765596,-10.9252615355967,2.27227195692879
"ZNF101",0.448518659319934,-10.5111167415344,2.30692171379515
"ZNF14",0.235831001374619,-12.1654885580238,2.16626798040572
"LINC00663",0.158147028664132,-12.743367074885,2.06256469798137
"ZNF506",0.398585905729195,-11.1808496154353,2.2014893716533
"ZNF253",0.223695027974275,-12.0241158264402,2.17597860349096
"ZNF93",0.174120422480146,-12.6247712823772,2.05817582041029
"ZNF682",0.241904545563597,-12.2014659440717,2.16146712228198
"ZNF90",0.50952691767384,-10.4227139108144,2.33908800192789
"ZNF486",0.090721269291354,-12.7921404110945,1.91917469956789
"ZNF737",0.241904545563597,-12.2014659440717,2.16146712228198
"ZNF626",0.426601150948239,-11.0744057302113,2.21575009959777
"ZNF85",0.235301446437578,-11.7582718172183,2.16862943826843
"ZNF430",0.443043581720324,-10.5220801643333,2.29436171951438
"ZNF714",0.256458208315558,-11.6666219050736,2.18126431842578
"ZNF431",0.399206633592182,-11.1778740585519,2.20142359739029
"ZNF708",0.243431321069781,-11.7117139674051,2.17278568107151
"ZNF738",0.223483964358326,-11.9978879830348,2.17485616472569
"ZNF493",0.422918638011215,-11.0827555627114,2.21096470095385
"ZNF429",0.334378193686549,-11.4363146701623,2.20725800015964
"ZNF100",0.224065621849842,-11.9347801167679,2.1716016566889
"ZNF43",0.230775156673327,-11.7994739811921,2.16756261210683
"ZNF257",0.248063606674305,-12.2567014115598,2.16085635613381
"ZNF91",0.450820759725564,-10.6725609379235,2.27490416200948
"ZNF675",0.441106494975151,-11.060235648736,2.24242918160908
"ZNF681",0.248182685417313,-11.6927940738112,2.17580024179626
"RPSAP58",1.43083032923617,-7.97780939863674,2.55797073435927
"ZNF726",0.224897314176702,-12.5307592002766,2.13038747028561
"CTD-2017D11.1",0.23078253123122,-12.1364778837008,2.17188129372768
"ZNF254",0.321787468070285,-11.4733956549449,2.20456706007782
"LINC00662",0.424312727213888,-11.0793072195435,2.21264565474443
"CTC-459F4.3",0.230189928028585,-12.5414312256707,2.14290754443097
"UQCRFS1",1.10852026460295,-9.50738835063905,2.52085717010034
"CTB-32O4.2",0.174120422480146,-12.6247712823772,2.05817582041029
"POP4",0.60630478229378,-10.0248874774325,2.31886844298963
"PLEKHF1",0.442066369926725,-10.5770813440887,2.2795892861139
"C19orf12",0.366057967804558,-11.3287833212256,2.20834701635366
"CCNE1",0.174120422480146,-12.6247712823772,2.05817582041029
"URI1",0.49239628783008,-10.4604584686936,2.33843447325762
"ZNF507",0.224820970152689,-12.0670005958397,2.17690569188224
"DPY19L3",0.241695900609293,-12.5467848054605,2.16624256450464
"PDCD5",0.9032116207029,-9.81691321795463,2.46444088403373
"ANKRD27",0.348184340455956,-11.3934389090438,2.2090487666033
"CTD-2538C1.2",0.250066880072025,-12.508963921607,2.17627790166079
"NUDT19",0.230189928028585,-12.5414312256707,2.14290754443097
"CEP89",0.246161006325488,-11.7003570237215,2.17449086994333
"C19orf40",0.250066880072025,-12.508963921607,2.17627790166079
"GPATCH1",0.258748343647862,-11.6601487887884,2.18272220633917
"CEBPA",0.458441249466775,-11.0245266792527,2.26727440248262
"CEBPG",0.501553943077628,-10.441436960379,2.33924381628953
"PEPD",0.655551454451976,-10.0038980850445,2.36608865883073
"KCTD15",0.203504806423496,-12.4912497389434,2.07892517954733
"LSM14A",0.814935709426176,-9.86981865524268,2.43771501474764
"KIAA0355",0.428216570434736,-11.0714992812824,2.21820260460062
"GPI",0.684594641116522,-10.0106417166497,2.38722551846399
"PDCD2L",0.424400890976488,-11.0791018780707,2.21275733632061
"UBA2",0.613042717969658,-10.0071653422537,2.32543602116477
"ZNF302",0.459633274018299,-10.7408622948659,2.27321420482589
"ZNF181",0.27374702762166,-11.6192263026565,2.19093972565155
"ZNF599",0.224820970152689,-12.0670005958397,2.17690569188224
"CTC-523E23.11",0.441231396988333,-10.5409764961416,2.28593629896872
"ZNF30",0.124744812975913,-12.9345239920951,2.0430897230423
"ZNF792",0.22375500450459,-11.9529837127783,2.17254604697426
"GRAMD1A",0.626173223718614,-9.99709317010138,2.33941751508484
"SCN1B",0.090721269291354,-12.7921404110945,1.91917469956789
"FXYD1",0.289351819038423,-11.5730403502465,2.19660014764295
"FXYD7",0.446763310836033,-11.0550438650269,2.25270942933637
"FXYD5",1.39354989259557,-8.01198527135107,2.56560737652436
"LSR",0.471069480462207,-10.8836505086747,2.27200798015483
"USF2",0.615919742518292,-10.0029807537516,2.32851733323729
"CD22",0.446685841414649,-10.6352385220482,2.2760235331338
"FFAR3",0.203504806423496,-12.4912497389434,2.07892517954733
"GPR42",0.240833156429668,-12.1943115620664,2.16207577526586
"FFAR2",0.298947621855813,-11.5430506211532,2.19913559051376
"DMKN",0.158147028664132,-12.743367074885,2.06256469798137
"AD000090.2",0.252848887651615,-12.4667426727497,2.17603331892423
"TMEM147",0.926264850522012,-9.8012875805833,2.47250249426442
"HAUS5",0.237474031983325,-11.7432841815218,2.1695380237315
"RBM42",0.566390604472757,-10.2334838956933,2.32339894174019
"ETV2",0.230189928028585,-12.5414312256707,2.14290754443097
"COX6B1",1.60709035015247,-8.83044778769273,2.62136797216309
"ZBTB32",0.252848887651615,-12.4667426727497,2.17603331892423
"KMT2B",0.289351819038423,-11.5730403502465,2.19660014764295
"IGFLR1",0.523221424171581,-10.3861813222781,2.33730933252795
"U2AF1L4",0.58873566047264,-10.120902763461,2.31490228443966
"PSENEN",0.737472905520044,-9.98474149060414,2.41789419802415
"LIN37",0.230775156673327,-11.7994739811921,2.16756261210683
"C19orf55",0.330031274206338,-11.4491777419876,2.20640509817246
"ARHGAP33",0.16759266301054,-12.6777798123276,2.06112349582788
"NFKBID",0.452415944957224,-11.044481760299,2.26098191258156
"HCST",1.6070600169575,-8.81827348896052,2.61961436602329
"TYROBP",1.25981779725632,-8.11588938330065,2.58180681412274
"LRFN3",0.203504806423496,-12.4912497389434,2.07892517954733
"SDHAF1",0.474282545075011,-10.4893523990134,2.3326534784397
"ALKBH6",0.450217692207375,-11.0494011192308,2.25803510715799
"AC002116.7",0.124744812975913,-12.9345239920951,2.0430897230423
"THAP8",0.250066880072025,-12.508963921607,2.17627790166079
"WDR62",0.101084877533373,-12.9582856770516,1.98697941273538
"POLR2I",0.751139036771988,-9.9650117850636,2.42341491530814
"TBCB",1.10810837313116,-9.54597207084972,2.55492921529128
"CAPNS1",0.715914085403617,-10.0041542485733,2.40664761942946
"ZNF565",0.124744812975913,-12.9345239920951,2.0430897230423
"ZNF146",0.441708739954289,-10.5697851016106,2.28042706668222
"LINC00665",0.356555152777628,-11.3647454858364,2.20918466236155
"ZFP14",0.390854073685558,-11.2181224489868,2.20284858943329
"ZFP82",0.23199352621588,-11.7866684234734,2.16771263742681
"ZNF566",0.292898552493258,-11.5620231623232,2.19758929715922
"CTD-2630F21.1",0.108196131760806,-13.0200960649104,2.02232033555741
"ZNF260",0.241904545563597,-12.2014659440717,2.16146712228198
"ZNF529",0.239121755146729,-11.7333567076361,2.17034018854576
"AC092295.7",0.203504806423496,-12.4912497389434,2.07892517954733
"ZNF382",0.241904545563597,-12.2014659440717,2.16146712228198
"ZNF461",0.141473787659634,-12.8191386499719,2.05126746596957
"AC074138.3",0.230189928028585,-12.5414312256707,2.14290754443097
"ZNF567",0.404646214793231,-11.1522616132877,2.20129323303282
"CTD-2162K18.4",0.090721269291354,-12.7921404110945,1.91917469956789
"CTD-2162K18.5",0.223506913503804,-11.9791550530398,2.17392053640435
"ZNF790",0.223695027974275,-12.0241158264402,2.17597860349096
"ZNF345",0.223695027974275,-12.0241158264402,2.17597860349096
"ZNF829",0.124744812975913,-12.9345239920951,2.0430897230423
"ZNF568",0.276234074996775,-11.6121930892694,2.19202297773267
"ZNF420",0.350243796832789,-11.386611316548,2.2091560063327
"ZNF585A",0.22712266150858,-12.104790066756,2.17568849682712
"ZNF585B",0.224685844288479,-11.9098833485468,2.17037723291924
"ZNF383",0.230775156673327,-11.7994739811921,2.16756261210683
"HKR1",0.248182685417313,-11.6927940738112,2.17580024179626
"ZNF527",0.217168357845664,-12.5125542968357,2.11121018860736
"ZNF569",0.228468715570751,-12.1186282691869,2.17441752459222
"ZNF570",0.237201218102107,-12.549029507341,2.1579848493556
"ZNF793",0.248063606674305,-12.2567014115598,2.16085635613381
"ZNF571-AS1",0.090721269291354,-12.7921404110945,1.91917469956789
"ZNF540",0.203504806423496,-12.4912497389434,2.07892517954733
"ZNF571",0.22712266150858,-12.104790066756,2.17568849682712
"ZFP30",0.108196131760806,-13.0200960649104,2.02232033555741
"ZNF781",0.252848887651615,-12.4667426727497,2.17603331892423
"ZNF573",0.23199352621588,-11.7866684234734,2.16771263742681
"SIPA1L3",0.23078253123122,-12.1364778837008,2.17188129372768
"SPINT2",0.796676019076973,-9.8918235012613,2.43411997223197
"PPP1R14A",0.433574040348744,-11.0649659821494,2.22760737402365
"C19orf33",0.200068319961555,-12.4919902867851,2.07224447718315
"YIF1B",0.503668734790852,-10.4366632572444,2.33927572082123
"KCNK6",0.459486294837348,-11.0199061395163,2.26810190815048
"AC026806.2",0.230189928028585,-12.5414312256707,2.14290754443097
"CATSPERG",0.183062415540771,-12.5564644150092,2.05608461177669
"PSMD8",1.1087563882027,-9.53163673678717,2.54254378153408
"FAM98C",0.443677568708803,-10.6014743261178,2.27760817426372
"RASGRP4",0.434647310956082,-11.0641034439906,2.22967071209826
"RYR1",0.250066880072025,-12.508963921607,2.17627790166079
"MAP4K1",0.494286697187088,-10.4567655760236,2.33870071276504
"EIF3K",1.4007124380154,-8.00551540639305,2.56419163117288
"ACTN4",0.459780127651232,-10.5033595217361,2.32200518825909
"CAPN12",0.462074682048948,-11.0066400941072,2.26983835342004
"ECH1",1.0972456001028,-9.48931384712609,2.49158359837377
"HNRNPL",0.598002923527934,-10.0655017323856,2.31435000786044
"RINL",0.447173934745778,-11.054492823434,2.25338482150854
"SIRT2",0.462462059190415,-10.5013495369243,2.32453896458586
"NFKBIB",0.463956841686305,-10.7756842933702,2.27248444996587
"SARS2",0.248182685417313,-11.6927940738112,2.17580024179626
"MRPS12",0.735703774482913,-9.98690858992329,2.41707366790564
"PAK4",0.241695900609293,-12.5467848054605,2.16624256450464
"IFNL1",0.124744812975913,-12.9345239920951,2.0430897230423
"LRFN1",0.240833156429668,-12.1943115620664,2.16207577526586
"GMFG",1.22808227618192,-8.12591921586594,2.57550968539158
"CTC-246B18.10",0.203504806423496,-12.4912497389434,2.07892517954733
"SAMD4B",0.44944016804803,-11.0508791314509,2.25691010830741
"PAF1",0.467901842741246,-10.815018135868,2.2719684111364
"MED29",0.50123710481626,-10.4421390895253,2.33923452571804
"ZFP36",1.70319090979465,-7.7197845549441,2.49585020987261
"PLEKHG2",0.223506913503804,-11.9791550530398,2.17392053640435
"RPS16",5.04565526697554,-4.85186964886064,2.09932907529241
"SUPT5H",0.450578936928995,-10.5093888340546,2.3103984005928
"TIMM50",0.443146990733685,-10.5943140312907,2.27808919318601
"DLL3",0.090721269291354,-12.7921404110945,1.91917469956789
"EID2B",0.334378193686549,-11.4363146701623,2.20725800015964
"EID2",0.223900374390267,-12.0361443537635,2.17639213567115
"DYRK1B",0.258748343647862,-11.6601487887884,2.18272220633917
"FBL",1.1074593857762,-9.50058960959401,2.51368373484116
"FCGBP",0.090721269291354,-12.7921404110945,1.91917469956789
"PSMC4",0.822302121697173,-9.86245596516324,2.4393121404489
"ZNF546",0.108196131760806,-13.0200960649104,2.02232033555741
"ZNF780B",0.229216757627761,-11.8185740413693,2.16758308707388
"ZNF780A",0.439377263286929,-11.0612499562935,2.23903745483429
"MAP3K10",0.174120422480146,-12.6247712823772,2.05817582041029
"AKT2",0.444401591063981,-10.6104712694111,2.27709257911405
"C19orf47",0.189222923805307,-12.520920249976,2.05838802962435
"PLD3",0.577740489192697,-10.1805410745446,2.31873140439031
"SERTAD1",0.591633752603379,-10.1037575831364,2.31429758953194
"SERTAD3",0.441331178431266,-10.5378672399066,2.28688751609343
"BLVRB",0.892568601882519,-9.82181617767175,2.46053534255456
"SHKBP1",0.831620549855013,-9.85428603569205,2.44148928793168
"LTBP4",0.422204211747287,-11.0846502912945,2.21015587565398
"NUMBL",0.124744812975913,-12.9345239920951,2.0430897230423
"ADCK4",0.389152308112735,-11.2262808848236,2.2032345380696
"ITPKC",0.158147028664132,-12.743367074885,2.06256469798137
"C19orf54",0.250066880072025,-12.508963921607,2.17627790166079
"SNRPA",0.631392425855884,-9.99703028876579,2.3446712794423
"RAB4B",0.52174729394795,-10.3903665401779,2.33757914282402
"EGLN2",0.730479814100642,-9.99270529662997,2.41452998768641
"AXL",0.124744812975913,-12.9345239920951,2.0430897230423
"HNRNPUL1",0.711485500713629,-10.0063745335147,2.40407763254567
"TGFB1",0.954221059097167,-9.76265592918241,2.47874999386647
"CCDC97",0.457928504045663,-11.0266481132348,2.26683841815062
"TMEM91",0.457358325212042,-11.0289070712479,2.26632999455927
"B9D2",0.422988527203917,-11.0825735995693,2.21104480751232
"BCKDHA",0.357857053743936,-11.3600580995814,2.20913446435256
"EXOSC5",0.452449457202127,-10.5081000654876,2.31321495074144
"B3GNT8",0.223695027974275,-12.0241158264402,2.17597860349096
"ATP5SL",0.444309342319601,-10.517718513989,2.29795772952385
"AC006129.4",0.203504806423496,-12.4912497389434,2.07892517954733
"AC006129.2",0.410508970363257,-11.1262600224375,2.20232349699316
"CEACAM21",0.315885778068481,-11.4909045559396,2.20317613981035
"CEACAM4",0.228487244611607,-11.8287984826762,2.16769453411333
"CEACAM3",0.239821284006671,-11.7294544893823,2.1707043800697
"RPS19",5.38500834673328,-4.64292029324345,2.2014827816905
"CD79A",1.10240311595224,-9.4908083131595,2.49918197021371
"ARHGEF1",1.03685952754942,-9.5679327411837,2.47192546665861
"RABAC1",1.10999703951952,-9.56640971517965,2.57956797866054
"ATP1A3",0.174120422480146,-12.6247712823772,2.05817582041029
"ZNF574",0.223483964358326,-11.9978879830348,2.17485616472569
"POU2F2",0.847524161605792,-9.84296525809284,2.44567214275624
"CTC-378H22.1",0.334378193686549,-11.4363146701623,2.20725800015964
"CTC-378H22.2",0.262041219518392,-11.6511250774237,2.18475398016833
"DEDD2",0.670075510605235,-10.0082293365369,2.37713456801221
"ZNF526",0.235911853711187,-11.7537925530681,2.16886805477603
"GSK3A",0.34365273592271,-11.408008959285,2.20865117224037
"ERF",0.226965555352143,-11.8539915358263,2.1682399487526
"CIC",0.368144687795282,-11.3203729192437,2.20802777652338
"PAFAH1B3",0.441229751568808,-10.5552793301458,2.28263287839235
"MEGF8",0.108196131760806,-13.0200960649104,2.02232033555741
"CNFN",0.232518630657796,-11.7815991479491,2.16781318725399
"LIPE-AS1",0.258748343647862,-11.6601487887884,2.18272220633917
"LIPE",0.252669045295664,-12.3369290773934,2.16608382286099
"CEACAM1",0.141473787659634,-12.8191386499719,2.05126746596957
"LYPD3",0.295410275228684,-11.554141821301,2.19824841004802
"PHLDB3",0.339105839734121,-11.4220917610365,2.20805934831243
"ETHE1",0.739846255090506,-9.98169558646762,2.41896161879324
"ZNF575",0.250066880072025,-12.508963921607,2.17627790166079
"XRCC1",0.469513024834437,-10.940496306596,2.2722828911925
"PINLYP",0.108196131760806,-13.0200960649104,2.02232033555741
"IRGQ",0.251141901207489,-11.6827217186918,2.17775498330012
"ZNF576",0.369830579041493,-11.3134183958664,2.20773540282729
"ZNF428",0.771633182902339,-9.93042217309606,2.42917027700867
"PLAUR",0.714323651431038,-10.0050061566439,2.40573063403259
"SMG9",0.322784307187702,-11.4704529360613,2.20479588854816
"KCNN4",0.392224807405787,-11.2115284221543,2.20255036683991
"ZNF283",0.141473787659634,-12.8191386499719,2.05126746596957
"ZNF404",0.197663683629374,-12.4947298912936,2.06814566555827
"RP11-15A1.3",0.230775156673327,-11.7994739811921,2.16756261210683
"ZNF45",0.23488365536117,-12.1604014949367,2.16725669041873
"ZNF155",0.158147028664132,-12.743367074885,2.06256469798137
"ZNF230",0.226965555352143,-11.8539915358263,2.1682399487526
"ZNF222",0.24453111945453,-12.2214289751843,2.16052314828958
"ZNF224",0.469543408155108,-10.8380205441914,2.27185984663184
"ZNF234",0.252669045295664,-12.3369290773934,2.16608382286099
"ZNF226",0.462234206929947,-10.7612858328768,2.27276592200409
"ZNF227",0.285804672065154,-11.5839316416338,2.19552882576664
"ZNF235",0.230189928028585,-12.5414312256707,2.14290754443097
"ZNF180",0.239121755146729,-11.7333567076361,2.17034018854576
"PVR",0.158147028664132,-12.743367074885,2.06256469798137
"BCL3",0.38490862710076,-11.2464107177746,2.20427787268896
"PVRL2",0.253776510344264,-12.4304809561986,2.17385166909698
"TOMM40",0.454599404544036,-10.5067368859267,2.3161238647751
"CLPTM1",0.443380315581909,-10.5206892624856,2.29539694111709
"RELB",0.447425342897887,-10.6424519315323,2.27577399573072
"CLASRP",0.470951260007997,-10.9048400890185,2.2721593008713
"ZNF296",0.389152308112735,-11.2262808848236,2.2032345380696
"GEMIN7",0.4412217861366,-10.554873086337,2.28270718765468
"MARK4",0.253776510344264,-12.4304809561986,2.17385166909698
"PPP1R37",0.243431321069781,-11.7117139674051,2.17278568107151
"TRAPPC6A",0.939853226582314,-9.78599512454359,2.47628544802493
"BLOC1S3",0.252669045295664,-12.3369290773934,2.16608382286099
"ERCC2",0.300427718600343,-11.5384103559416,2.199496241444
"PPP1R13L",0.237201218102107,-12.549029507341,2.1579848493556
"CD3EAP",0.23725053172448,-12.1731849932404,2.16488675757854
"ERCC1",0.655684682627772,-10.0039416466215,2.3661952504272
"FOSB",1.47695909550484,-9.06802878363604,2.63559987169973
"PPM1N",0.449086524627049,-11.0515138208492,2.25638412841865
"VASP",1.10879196043916,-9.53070510892016,2.54175144385031
"OPA3",0.340067388229639,-11.4191531240828,2.20820029460304
"EML2",0.432153470739172,-11.066289033713,2.22495044312229
"C19orf83",0.230189928028585,-12.5414312256707,2.14290754443097
"SNRPD2",1.58778638089225,-8.92380343745873,2.63366344120674
"FBXO46",0.189222923805307,-12.520920249976,2.05838802962435
"DMPK",0.090721269291354,-12.7921404110945,1.91917469956789
"DMWD",0.197663683629374,-12.4947298912936,2.06814566555827
"SYMPK",0.471055523349826,-10.8819255240326,2.27199661036438
"IRF2BP1",0.224685844288479,-11.9098833485468,2.17037723291924
"MYPOP",0.23199352621588,-11.7866684234734,2.16771263742681
"CCDC61",0.357857053743936,-11.3600580995814,2.20913446435256
"PPP5C",0.452538331969986,-11.0441732940492,2.26113552391318
"PPP5D1",0.174120422480146,-12.6247712823772,2.05817582041029
"CALM3",1.22786216588962,-9.37049206660641,2.58014360147728
"CTB-12A17.3",0.108196131760806,-13.0200960649104,2.02232033555741
"PTGIR",0.360443903520782,-11.35050101736,2.20896522670224
"PRKD2",0.441584115021572,-10.5331553287924,2.2885726654953
"STRN4",0.309940402152195,-11.5089209858606,2.20176716673798
"FKRP",0.217168357845664,-12.5125542968357,2.11121018860736
"SLC1A5",0.425228860306968,-11.0772399231774,2.21384037041768
"AP2S1",1.33498725049192,-9.24121820443091,2.5678635276081
"ARHGAP35",0.241587964993237,-11.7203125191351,2.17168265402027
"TMEM160",0.899347033087506,-9.8187942964456,2.46302323595809
"ZC3H4",0.225242173550997,-11.8928066779572,2.16961132666487
"SAE1",0.552247714497196,-10.2905609426048,2.32894719139755
"BBC3",0.441810506306226,-10.5719985470182,2.28015836112909
"CCDC9",0.225242173550997,-11.8928066779572,2.16961132666487
"PRR24",0.409767771535752,-11.129406606783,2.20210846146542
"C5AR1",0.637085308355523,-9.99800469948365,2.35012813833971
"C5AR2",0.124744812975913,-12.9345239920951,2.0430897230423
"DHX34",0.243431321069781,-11.7117139674051,2.17278568107151
"KPTN",0.223506913503804,-11.9791550530398,2.17392053640435
"NAPA-AS1",0.23654042382552,-11.7494163892234,2.16912576637988
"NAPA",0.71414544208536,-10.0050971445025,2.4056274331366
"GLTSCR1",0.252669045295664,-12.3369290773934,2.16608382286099
"GLTSCR2",2.13366499762197,-7.29899790329924,2.45094011726376
"SEPW1",1.07413520747295,-9.50703332752937,2.47664390894405
"PLA2G4C",0.124744812975913,-12.9345239920951,2.0430897230423
"LIG1",0.343359179239708,-11.408930703865,2.20861820343539
"C19orf68",0.22712266150858,-12.104790066756,2.17568849682712
"CARD8",0.642070904429901,-9.99937577022397,2.35468722917356
"CTC-241F20.3",0.457928504045663,-11.0266481132348,2.26683841815062
"EMP3",1.58266099594654,-7.83385024779397,2.52364426737545
"TMEM143",0.22712266150858,-12.104790066756,2.17568849682712
"KDELR1",0.626564898673252,-9.99704178939896,2.33981944729552
"GRWD1",0.460753915855538,-11.0137593440319,2.26900930028204
"CYTH2",0.446831689390785,-10.5130165495073,2.3037000809868
"CTC-273B12.10",0.108196131760806,-13.0200960649104,2.02232033555741
"RPL18",4.99722102751696,-4.90350203868994,2.0934729483756
"SPHK2",0.424856849288194,-11.0780617227707,2.21334472978913
"DBP",0.445065711350995,-10.6181674838982,2.27671438477323
"CA11",0.28226465445891,-11.5946080769549,2.19434563052973
"BCAT2",0.382334356441131,-11.2583961991317,2.20492687364879
"HSD17B14",0.141473787659634,-12.8191386499719,2.05126746596957
"PLEKHA4",0.090721269291354,-12.7921404110945,1.91917469956789
"PPP1R15A",1.38818033266065,-9.19605209941342,2.5675964205697
"NUCB1",0.85544667500939,-9.83838559389022,2.44798610054515
"BAX",1.10802986705478,-9.54808083320289,2.55682236307202
"FTL",4.4783133413846,-5.01078570797717,2.26584418208762
"GYS1",0.22347690069324,-11.9926844807314,2.17460572022417
"RUVBL2",0.441377328912895,-10.5367783343906,2.28724641479528
"SNRNP70",0.732506768871053,-9.99055922704061,2.41553701275691
"LIN7B",0.3424062520656,-11.4119124168537,2.20850656884158
"C19orf73",0.232716917859322,-12.1484300758739,2.16966635603658
"TRPM4",0.236573655061275,-12.1694978678174,2.16552953913424
"SLC6A16",0.241695900609293,-12.5467848054605,2.16624256450464
"CTC-301O7.4",0.267827718943378,-11.6355057427823,2.18802368561981
"CD37",2.06581657133194,-7.39952700645187,2.42541492470407
"PIH1D1",0.701296501601442,-10.0096669295943,2.39793977421811
"ALDH16A1",0.441157510825965,-10.545772147932,2.28465777973538
"FLT3LG",0.88123258588669,-9.82648956596173,2.4564507983454
"RPL13A",6.59315750085164,-3.48996532010387,2.02191172906906
"RPS11",3.37059765249768,-5.84585665926831,2.22348719617598
"FCGRT",1.10258892462737,-9.49095445889906,2.49953084715479
"RCN3",0.217168357845664,-12.5125542968357,2.11121018860736
"NOSIP",1.46994533985601,-9.09763894736666,2.60976416427431
"PRRG2",0.217168357845664,-12.5125542968357,2.11121018860736
"PRR12",0.235301446437578,-11.7582718172183,2.16862943826843
"RRAS",0.391542381200609,-11.2148170147019,2.20269764738519
"SCAF1",0.366057967804558,-11.3287833212256,2.20834701635366
"IRF3",0.63133231662736,-9.99702641190521,2.34461268933103
"BCL2L12",0.469806805477588,-10.9355560935356,2.27228768836383
"PRMT1",0.911144411835452,-9.81258166297124,2.46733565483613
"TSKS",0.108196131760806,-13.0200960649104,2.02232033555741
"AP2A1",0.494028880140159,-10.457277935968,2.33866829398036
"FUZ",0.271279197396557,-11.6260880152739,2.1897771111063
"MED25",0.432936132484423,-11.0655252314777,2.22640344540284
"PTOV1",0.535329061759585,-10.3494002323861,2.33445788479105
"PNKP",0.482343103137751,-10.4779961913003,2.33602681993534
"AKT1S1",0.40069808220716,-11.1707663965574,2.20130761253405
"TBC1D17",0.466433065176947,-10.7988085163261,2.27213296681826
"IL4I1",0.230060037367206,-12.131467514195,2.17270134224941
"NUP62",0.442154002106529,-10.5272939507438,2.29121844984861
"ATF5",0.449658314278782,-11.0504821370448,2.25723088360115
"VRK3",0.527954032314678,-10.3723038638817,2.33632044935975
"ZNF473",0.241695900609293,-12.5467848054605,2.16624256450464
"KCNC3",0.160919524648358,-12.7261534701212,2.06272317382464
"NR1H2",0.688570071590401,-10.0108270807491,2.38985393450151
"NAPSA",0.160919524648358,-12.7261534701212,2.06272317382464
"POLD1",0.271279197396557,-11.6260880152739,2.1897771111063
"SPIB",0.449614602011059,-10.6623065241202,2.27517662304272
"EMC10",0.694582676251967,-10.0106408223627,2.39373549550503
"JOSD2",0.598897244014358,-10.0603307708821,2.31457233852629
"CLEC11A",0.471089577536427,-10.8886416184184,2.2720421724323
"C19orf48",0.462591279550379,-10.7641934781952,2.27270616566871
"KLK1",0.253903838479869,-12.4147871760794,2.17266699110733
"CTU1",0.225242173550997,-11.8928066779572,2.16961132666487
"SIGLEC9",0.361421466302338,-11.3468040006356,2.20888020212061
"SIGLEC7",0.393865625080279,-11.2035936492173,2.20221685643291
"CD33",0.560376776280807,-10.2587933440938,2.32583618431736
"VSIG10L",0.090721269291354,-12.7921404110945,1.91917469956789
"ETFB",0.941750489823881,-9.7833594242476,2.47671329985736
"CLDND2",0.158147028664132,-12.743367074885,2.06256469798137
"NKG7",1.59816882458675,-8.89396330952459,2.63001259790443
"LIM2",0.16759266301054,-12.6777798123276,2.06112349582788
"SIGLEC10",0.462322453152762,-10.5014589227086,2.32441439253648
"ZNF175",0.252394866925751,-12.4768264869041,2.17640879872454
"SIGLEC5",0.334378193686549,-11.4363146701623,2.20725800015964
"SIGLEC14",0.28398871355394,-11.5894232034425,2.19493698258038
"FPR1",0.683960244653416,-10.0105911688602,2.38680161699006
"FPR2",0.223554738259914,-11.9715000141209,2.17352084545088
"ZNF577",0.230189928028585,-12.5414312256707,2.14290754443097
"ZNF649",0.203504806423496,-12.4912497389434,2.07892517954733
"ZNF613",0.141473787659634,-12.8191386499719,2.05126746596957
"ZNF350",0.442036631998001,-11.0596178328998,2.24422478360889
"ZNF615",0.230189928028585,-12.5414312256707,2.14290754443097
"ZNF614",0.230189928028585,-12.5414312256707,2.14290754443097
"ZNF432",0.248063606674305,-12.2567014115598,2.16085635613381
"ZNF841",0.158147028664132,-12.743367074885,2.06256469798137
"ZNF616",0.203504806423496,-12.4912497389434,2.07892517954733
"ZNF836",0.427186918546291,-11.0732965931672,2.216621559449
"PPP2R1A",0.836904782347211,-9.85019414116609,2.44281635888737
"ZNF766",0.456655151286558,-11.0315481693836,2.2656771341511
"ZNF480",0.464373804986635,-10.7793393165851,2.2724209085909
"ZNF880",0.445750211097666,-11.0562755163753,2.25099477312809
"ZNF528",0.236337586776557,-11.7508157344692,2.16904233607857
"ZNF808",0.197663683629374,-12.4947298912936,2.06814566555827
"ZNF701",0.262041219518392,-11.6511250774237,2.18475398016833
"ZNF83",0.460270754849155,-11.0161770214272,2.26867444250827
"ZNF611",0.295410275228684,-11.554141821301,2.19824841004802
"ZNF600",0.241587964993237,-11.7203125191351,2.17168265402027
"ZNF28",0.250066880072025,-12.508963921607,2.17627790166079
"ZNF468",0.312415811570225,-11.5013771452248,2.20235150349299
"ZNF320",0.203504806423496,-12.4912497389434,2.07892517954733
"ZNF816",0.223506913503804,-11.9791550530398,2.17392053640435
"ZNF160",0.390854073685558,-11.2181224489868,2.20284858943329
"ZNF347",0.189222923805307,-12.520920249976,2.05838802962435
"ZNF665",0.124744812975913,-12.9345239920951,2.0430897230423
"ZNF677",0.40274415492585,-11.1611121498551,2.20123994370316
"ZNF845",0.203504806423496,-12.4912497389434,2.07892517954733
"ZNF525",0.241904545563597,-12.2014659440717,2.16146712228198
"ZNF765",0.250273336557541,-12.2871527362687,2.16237099282398
"ZNF813",0.151289836493976,-12.7783680320405,2.05965516873174
"ZNF331",0.725806994587804,-9.99710798294763,2.41210994311013
"NLRP12",0.247077097144011,-12.2454950947163,2.16053428480212
"MYADM",0.95823312251521,-9.75476128047637,2.47909479938743
"VSTM1",0.468660395910288,-10.495747886154,2.3293440122248
"OSCAR",0.445691485325886,-10.514751975288,2.30127778165066
"NDUFA3",1.00858862206445,-9.63116858313763,2.47454968399667
"TFPT",0.441530914376229,-10.5339541911187,2.28826439630201
"PRPF31",0.626726344839894,-9.99702350434191,2.33998451736055
"CNOT3",0.437326993464604,-11.0623805503055,2.23495169521019
"LENG1",0.605745650373226,-10.0269776440568,2.31840600770439
"TMC4",0.174120422480146,-12.6247712823772,2.05817582041029
"MBOAT7",0.441892623431861,-10.5295589385313,2.29010964709907
"TSEN34",0.599154262038791,-10.0588594765672,2.31464670031024
"RPS9",5.04570163115153,-4.85269794717505,2.09913926681418
"LILRB3",0.456392202196721,-10.7162720811522,2.2738040954991
"LILRA6",0.334378193686549,-11.4363146701623,2.20725800015964
"LILRB2",0.64528822944301,-10.0004058687203,2.3575264108457
"LILRA3",0.517964743266739,-10.4008292646845,2.3381912951299
"LILRA5",0.744107839069444,-9.97577608122731,2.42075959552945
"LILRA4",0.248910925954577,-12.2673698415909,2.16129392583238
"LAIR1",0.596544264877194,-10.0741096043111,2.31411570772683
"LENG8-AS1",0.217168357845664,-12.5125542968357,2.11121018860736
"LENG8",0.594480549864782,-10.0865357341996,2.31402979103798
"LENG9",0.225618966400741,-12.0834241998706,2.17670796339033
"LAIR2",0.250273336557541,-12.2871527362687,2.16237099282398
"LILRA2",0.454725276299536,-10.7036089281431,2.27412002224162
"LILRB1",0.482414631235735,-10.4778854791808,2.33605076943632
"LILRA1",0.461509255287519,-10.755481705971,2.27288947252561
"LILRB4",0.443735286436611,-10.5194231048213,2.29642018983835
"KIR3DL1",0.230189928028585,-12.5414312256707,2.14290754443097
"KIR2DL3",0.224319392182003,-12.0528780536312,2.17678790143896
"KIR3DL2",0.32619895134431,-11.4604141370619,2.20557452675428
"FCAR",0.224897314176702,-12.5307592002766,2.13038747028561
"CTB-61M7.2",0.240833156429668,-12.1943115620664,2.16207577526586
"NCR1",0.250273336557541,-12.2871527362687,2.16237099282398
"NLRP2",0.217168357845664,-12.5125542968357,2.11121018860736
"RDH13",0.228218527898891,-11.8328472417398,2.1677628936284
"EPS8L1",0.108196131760806,-13.0200960649104,2.02232033555741
"PPP1R12C",0.303949947574791,-11.5274100049873,2.20034205527944
"TNNT1",0.262582258188556,-11.6496619141173,2.18507571409754
"SYT5",0.235831001374619,-12.1654885580238,2.16626798040572
"TMEM86B",0.248182685417313,-11.6927940738112,2.17580024179626
"PPP6R1",0.250066880072025,-12.508963921607,2.17627790166079
"HSPBP1",0.454980397674804,-10.7055700969727,2.27407228477246
"TMEM150B",0.253657432497421,-12.3755230244616,2.1693722917142
"SUV420H2",0.327625183902159,-11.4562335460741,2.20588919150169
"RPL28",4.96573203747564,-4.92372452526075,2.26607107428706
"UBE2S",0.467768565121898,-10.8134327814754,2.27198220331804
"ISOC2",0.483508900201113,-10.4761568877364,2.33640150196079
"ZNF628",0.23647336692093,-11.749872499786,2.1690974185418
"NAT14",0.189222923805307,-12.520920249976,2.05838802962435
"ZNF579",0.108196131760806,-13.0200960649104,2.02232033555741
"FIZ1",0.141473787659634,-12.8191386499719,2.05126746596957
"ZNF524",0.593462093172772,-10.0927130806188,2.31407867086831
"ZNF865",0.23078253123122,-12.1364778837008,2.17188129372768
"ZNF784",0.230775156673327,-11.7994739811921,2.16756261210683
"ZNF580",0.44663321542813,-10.6347118592001,2.27604282236088
"ZNF581",0.621241557230987,-9.99861653345724,2.3342444142557
"CCDC106",0.235831001374619,-12.1654885580238,2.16626798040572
"U2AF2",0.442279051141847,-10.5808873348852,2.27920462520383
"CTD-2537I9.12",0.141473787659634,-12.8191386499719,2.05126746596957
"EPN1",0.450580528077228,-10.509387670234,2.31040091897234
"ZNF787",0.225242173550997,-11.8928066779572,2.16961132666487
"ZNF444",0.413897455375829,-11.1124427710348,2.20367288133126
"ZSCAN5A",0.253657432497421,-12.3755230244616,2.1693722917142
"AC006116.20",0.124744812975913,-12.9345239920951,2.0430897230423
"ZNF582",0.22375500450459,-11.9529837127783,2.17254604697426
"ZNF582-AS1",0.224897314176702,-12.5307592002766,2.13038747028561
"ZNF583",0.229216757627761,-11.8185740413693,2.16758308707388
"ZNF667",0.158147028664132,-12.743367074885,2.06256469798137
"ZNF667-AS1",0.223506913503804,-11.9791550530398,2.17392053640435
"ZNF470",0.124744812975913,-12.9345239920951,2.0430897230423
"ZNF71",0.22712266150858,-12.104790066756,2.17568849682712
"AC007228.9",0.253776510344264,-12.4304809561986,2.17385166909698
"ZNF264",0.364813574873717,-11.3337043851981,2.2085136085088
"ZNF805",0.108196131760806,-13.0200960649104,2.02232033555741
"ZNF460",0.335776925411619,-11.4321320549466,2.20751459858229
"CTC-444N24.11",0.252817547926278,-11.6774373962652,2.1788804899956
"ZNF543",0.158147028664132,-12.743367074885,2.06256469798137
"ZNF304",0.108196131760806,-13.0200960649104,2.02232033555741
"TRAPPC2P1",0.467089423632747,-10.8057269383233,2.27205309291179
"ZNF548",0.28226465445891,-11.5946080769549,2.19434563052973
"ZNF17",0.241904545563597,-12.2014659440717,2.16146712228198
"ZNF749",0.232716917859322,-12.1484300758739,2.16966635603658
"ZNF772",0.108196131760806,-13.0200960649104,2.02232033555741
"ZNF419",0.235831001374619,-12.1654885580238,2.16626798040572
"ZNF773",0.23078253123122,-12.1364778837008,2.17188129372768
"ZNF549",0.203504806423496,-12.4912497389434,2.07892517954733
"ZNF550",0.225242173550997,-11.8928066779572,2.16961132666487
"ZNF416",0.158147028664132,-12.743367074885,2.06256469798137
"ZIK1",0.247088309743925,-12.5303994035623,2.17384969389464
"ZNF530",0.174120422480146,-12.6247712823772,2.05817582041029
"ZNF134",0.23199352621588,-11.7866684234734,2.16771263742681
"ZNF211",0.301451509050628,-11.5352080262113,2.19974483512168
"ZNF551",0.252669045295664,-12.3369290773934,2.16608382286099
"ZNF154",0.174120422480146,-12.6247712823772,2.05817582041029
"ZNF671",0.22375500450459,-11.9529837127783,2.17254604697426
"ZNF776",0.241904545563597,-12.2014659440717,2.16146712228198
"ZNF586",0.439082438693684,-11.0614254305605,2.23845414509524
"ZNF552",0.235831001374619,-12.1654885580238,2.16626798040572
"ZNF587B",0.108196131760806,-13.0200960649104,2.02232033555741
"ZNF814",0.394821138700262,-11.1989924306273,2.20204085266423
"ZNF587",0.259698035201824,-11.6575219173265,2.18331637770344
"ZNF417",0.158147028664132,-12.743367074885,2.06256469798137
"ZNF418",0.203504806423496,-12.4912497389434,2.07892517954733
"ZNF256",0.217168357845664,-12.5125542968357,2.11121018860736
"ZNF606",0.241904545563597,-12.2014659440717,2.16146712228198
"CTD-2368P22.1",0.151289836493976,-12.7783680320405,2.05965516873174
"ZNF135",0.16759266301054,-12.6777798123276,2.06112349582788
"ZSCAN18",0.46837187758729,-10.9561497736816,2.27217399438718
"ZNF329",0.241695900609293,-12.5467848054605,2.16624256450464
"ZNF274",0.44132120809678,-10.5381192637656,2.28680718170502
"ZNF544",0.368990430787037,-11.3169031375202,2.20788440781945
"CTD-3138B18.5",0.31342617184787,-11.4983190089717,2.20259098932825
"AC010642.1",0.554842612623268,-10.2806995631662,2.32798116169636
"ZSCAN22",0.108196131760806,-13.0200960649104,2.02232033555741
"A1BG",0.453058894245022,-10.5077093607224,2.31407174436482
"A1BG-AS1",0.235301446437578,-11.7582718172183,2.16862943826843
"ZNF837",0.224820970152689,-12.0670005958397,2.17690569188224
"RPS5",5.02033244516747,-4.88559559243175,2.09450374756233
"ZNF584",0.256458208315558,-11.6666219050736,2.18126431842578
"CTD-2619J13.14",0.090721269291354,-12.7921404110945,1.91917469956789
"ZNF324B",0.141473787659634,-12.8191386499719,2.05126746596957
"ZNF324",0.22359885487826,-12.0165619881248,2.1756934881188
"ZNF446",0.23199352621588,-11.7866684234734,2.16771263742681
"SLC27A5",0.357857053743936,-11.3600580995814,2.20913446435256
"ZBTB45",0.23078253123122,-12.1364778837008,2.17188129372768
"TRIM28",0.461891325038087,-10.7585297833542,2.2728236012173
"CHMP2A",1.09448494031291,-9.48988813423944,2.48863596962145
"UBE2M",0.421222617755518,-11.08739230309,2.2091223616577
"AC016629.8",0.349832825779977,-11.3879848745824,2.20913834057439
"MZF1",0.434784023671921,-11.0640018101029,2.22993718314082
"RPS4Y1",2.18370505986295,-7.20093045373683,2.4842334784311
"ZFY",0.223695027974275,-12.0241158264402,2.17597860349096
"TTTY15",0.37857325423284,-11.2755623803673,2.20585812355457
"USP9Y",0.267827718943378,-11.6355057427823,2.18802368561981
"DDX3Y",0.452369552191856,-10.5081515566432,2.31309971338111
"UTY",0.470742622592687,-10.8651844101931,2.27190491065712
"TMSB4Y",0.247088309743925,-12.5303994035623,2.17384969389464
"TTTY14",0.141473787659634,-12.8191386499719,2.05126746596957
"KDM5D",0.410508970363257,-11.1262600224375,2.20232349699316
"EIF1AY",0.746073583805809,-9.97288771049037,2.42154213806146
"RPS4Y2",0.189222923805307,-12.520920249976,2.05838802962435
"TPTEP1",0.27374702762166,-11.6192263026565,2.19093972565155
"IL17RA",0.442359350089415,-10.5822589752891,2.27907734854862
"CECR5",0.442817748586314,-10.523153714405,2.29363025300053
"CECR1",0.632280972646474,-9.99712549539482,2.34554140507947
"ATP6V1E1",0.830872095647207,-9.85489753083688,2.44130698947499
"BCL2L13",0.454207006589024,-10.5069865099538,2.3156164245825
"BID",1.02320426198419,-9.596871377154,2.4727801147662
"LINC00528",0.286834635663022,-11.5807955599529,2.19585236233327
"MICAL3",0.224820970152689,-12.0670005958397,2.17690569188224
"XXbac-B476C20.9",0.090721269291354,-12.7921404110945,1.91917469956789
"PEX26",0.383599325024317,-11.2525314346929,2.20460768100738
"TUBA8",0.134486423716054,-12.8558240348517,2.04569081801718
"USP18",0.230189928028585,-12.5414312256707,2.14290754443097
"DGCR6",0.334378193686549,-11.4363146701623,2.20725800015964
"DGCR2",0.438061472206239,-11.061981536038,2.23641423368284
"DGCR14",0.380470518690739,-11.266954524078,2.20539002901601
"SLC25A1",0.465672124702862,-10.7912887969667,2.27223333847898
"HIRA",0.28226465445891,-11.5946080769549,2.19434563052973
"C22orf39",0.582313011944615,-10.1568406460717,2.31696151207708
"MRPL40",0.676901360718255,-10.0096609133704,2.38197945970614
"UFD1L",0.768269646831878,-9.93614360043462,2.42839102472953
"CDC45",0.158147028664132,-12.743367074885,2.06256469798137
"CLDN5",0.235349320759091,-12.5480848105553,2.1542386601943
"SEPT5",0.248402229800703,-12.5225745172809,2.17513577496799
"GNB1L",0.425228860306968,-11.0772399231774,2.21384037041768
"C22orf29",0.224820970152689,-12.0670005958397,2.17690569188224
"TXNRD2",0.465544765414962,-10.9833127294887,2.2714663781881
"COMT",0.786379152262669,-9.90664284415646,2.43218502261534
"ARVCF",0.181659162549098,-12.5661568119899,2.05606609714498
"TANGO2",0.4697185895386,-10.9370853209865,2.2722874422799
"DGCR8",0.223695027974275,-12.0241158264402,2.17597860349096
"TRMT2A",0.461347668615643,-10.7542051199725,2.27291745094276
"RANBP1",1.10863205357276,-9.50855606529289,2.52200312894383
"ZDHHC8",0.230189928028585,-12.5414312256707,2.14290754443097
"RTN4R",0.090721269291354,-12.7921404110945,1.91917469956789
"DGCR6L",0.81622623058103,-9.86846585648967,2.43798762763256
"AC023490.1",0.223506913503804,-11.9791550530398,2.17392053640435
"ZNF74",0.203504806423496,-12.4912497389434,2.07892517954733
"KLHL22",0.40069808220716,-11.1707663965574,2.20130761253405
"MED15",0.463684236521574,-10.5003600099372,2.3255949027986
"PI4KA",0.424856849288194,-11.0780617227707,2.21334472978913
"SNAP29",0.572339193547023,-10.2066607245071,2.32093484729468
"CRKL",0.444506043608345,-11.0575779606091,2.24880821421981
"XXbac-B135H6.15",0.252912045593799,-11.6771458832128,2.17894290964892
"AIFM3",0.174120422480146,-12.6247712823772,2.05817582041029
"LZTR1",0.224065621849842,-11.9347801167679,2.1716016566889
"XXbac-B135H6.18",0.174120422480146,-12.6247712823772,2.05817582041029
"THAP7",0.559933751863242,-10.2605901792029,2.32601120705962
"THAP7-AS1",0.345669224655264,-11.401591897882,2.20885602943548
"HIC2",0.203504806423496,-12.4912497389434,2.07892517954733
"TMEM191C",0.321787468070285,-11.4733956549449,2.20456706007782
"UBE2L3",1.03465850145752,-9.57239125029909,2.4720000388343
"YDJC",0.553872733738184,-10.2844137198239,2.32834527515505
"SDF2L1",0.751851470992986,-9.96386602350424,2.42366292681223
"PPIL2",0.460423110274833,-11.0154246715267,2.2687811239155
"YPEL1",0.425228860306968,-11.0772399231774,2.21384037041768
"MAPK1",0.603064307671711,-10.0384315950304,2.31647054735672
"PPM1F",0.468897417089012,-10.9494989339393,2.27224173858725
"TOP3B",0.223483964358326,-11.9978879830348,2.17485616472569
"LL22NC03-2H8.5",0.090721269291354,-12.7921404110945,1.91917469956789
"IGLL5",0.540788211485064,-10.3314033050445,2.33285153814588
"GNAZ",0.121570091619488,-12.9642778609925,2.04292162041107
"BCR",0.253309504187197,-11.6759268360451,2.17920616014382
"RGL4",0.643151233334895,-9.99972087907381,2.35565454871782
"VPREB3",0.58088901885215,-10.1643836567311,2.31749582192744
"C22orf15",0.108196131760806,-13.0200960649104,2.02232033555741
"CHCHD10",1.02537214353997,-9.59206777257202,2.47258428742543
"MMP11",0.124744812975913,-12.9345239920951,2.0430897230423
"SMARCB1",0.702421682532548,-10.0094144701041,2.39863150774088
"DERL3",0.223506913503804,-11.9791550530398,2.17392053640435
"SLC2A11",0.389152308112735,-11.2262808848236,2.2032345380696
"MIF",1.40544612256402,-9.18328415691677,2.5685695018537
"AP000350.4",0.241904545563597,-12.2014659440717,2.16146712228198
"DDT",0.94389838673379,-9.78021904568299,2.47716408691005
"GSTT1",0.265406466391688,-11.6420470295071,2.1867035920894
"CABIN1",0.458999211543404,-10.7360126123323,2.27332947871584
"SPECC1L",0.224820970152689,-12.0670005958397,2.17690569188224
"ADORA2A",0.108196131760806,-13.0200960649104,2.02232033555741
"ADORA2A-AS1",0.217168357845664,-12.5125542968357,2.11121018860736
"GUCD1",0.444979024649225,-10.6171870279628,2.2767598124801
"SNRPD3",0.863157758621585,-9.83441219128301,2.45036858920304
"GGT1",0.226965555352143,-11.8539915358263,2.1682399487526
"SGSM1",0.090721269291354,-12.7921404110945,1.91917469956789
"KIAA1671",0.090721269291354,-12.7921404110945,1.91917469956789
"LRP5L",0.174120422480146,-12.6247712823772,2.05817582041029
"ADRBK2",0.415046963269713,-11.1080426793087,2.20428394207382
"SEZ6L",0.108196131760806,-13.0200960649104,2.02232033555741
"ASPHD2",0.230060037367206,-12.131467514195,2.17270134224941
"HPS4",0.464542807516834,-10.7808442129625,2.27239594630409
"SRRD",0.276234074996775,-11.6121930892694,2.19202297773267
"TFIP11",0.382334356441131,-11.2583961991317,2.20492687364879
"CTA-445C9.15",0.241695900609293,-12.5467848054605,2.16624256450464
"TPST2",0.760107623408056,-9.95011238566303,2.42625550756067
"MIAT",0.470828468536916,-10.8683923583645,2.27191808245853
"CTA-211A9.5",0.387415497071228,-11.2345599720108,2.20365151181136
"PITPNB",0.251141901207489,-11.6827217186918,2.17775498330012
"TTC28",0.158147028664132,-12.743367074885,2.06256469798137
"CHEK2",0.224065621849842,-11.9347801167679,2.1716016566889
"HSCB",0.442973402908551,-10.5918336133769,2.27827178833952
"CCDC117",0.339105839734121,-11.4220917610365,2.20805934831243
"XBP1",1.10828587443525,-9.54201912089517,2.55144923460773
"CTA-292E10.6",0.232716917859322,-12.1484300758739,2.16966635603658
"RHBDD3",0.247236202760615,-11.6962634845104,2.17518498893803
"EWSR1",0.933984665127323,-9.79333185817174,2.4747939425594
"GAS2L1",0.281701531885483,-11.5962804287631,2.19414565928121
"AP1B1",0.4539544788363,-10.6976576509203,2.27426733380929
"NEFH",0.21944115833592,-12.5179220526473,2.11688791980076
"THOC5",0.443100795592939,-11.0588183754633,2.24623583026553
"NIPSNAP1",0.468520958314063,-10.8228361176508,2.27191579988443
"NF2",0.289351819038423,-11.5730403502465,2.19660014764295
"ZMAT5",0.459954162081254,-10.5032354598775,2.32217972694105
"UQCR10",1.14804170962504,-9.50645763762034,2.59353070183917
"ASCC2",0.58350382670645,-10.1504098322754,2.31652816870762
"MTMR3",0.336747253740007,-11.4292249806333,2.20768150937996
"OSM",0.469397544202184,-10.8356126079563,2.2718627578245
"GATSL3",0.288321644740492,-11.5762392558387,2.19630309553748
"TBC1D10A",0.449629463368076,-10.5101307221833,2.30885057644074
"SF3A1",0.530591945776322,-10.3642938565351,2.33569760065436
"CCDC157",0.158147028664132,-12.743367074885,2.06256469798137
"SEC14L2",0.252848887651615,-12.4667426727497,2.17603331892423
"MTFP1",0.452010269092231,-10.5083887923387,2.31257951376447
"RP4-539M6.22",0.40274415492585,-11.1611121498551,2.20123994370316
"PES1",0.46098223535,-10.7513211982846,2.2729799134518
"TCN2",0.249029583942693,-11.6898006335492,2.17635571763485
"SLC35E4",0.189222923805307,-12.520920249976,2.05838802962435
"DUSP18",0.391542381200609,-11.2148170147019,2.20269764738519
"MORC2-AS1",0.259698035201824,-11.6575219173265,2.18331637770344
"MORC2",0.344727029962021,-11.4046107988564,2.20876481991351
"TUG1",0.435093998916501,-11.0637800400456,2.2305398914053
"SMTN",0.090721269291354,-12.7921404110945,1.91917469956789
"SELM",0.614756687309338,-10.0044851351439,2.32726193001649
"RNF185",0.315885778068481,-11.4909045559396,2.20317613981035
"LIMK2",0.225242173550997,-11.8928066779572,2.16961132666487
"PIK3IP1",1.08709090961035,-9.4939882786818,2.48278444244599
"RP3-400N23.6",0.211561276790128,-12.5005332691513,2.09729795390912
"PATZ1",0.422599320706511,-11.0835925361052,2.210594906622
"DRG1",0.555070486310375,-10.2798216354565,2.32789486147442
"EIF4ENIF1",0.235301446437578,-11.7582718172183,2.16862943826843
"SFI1",0.441239936718579,-10.5406526756703,2.28602934794068
"PISD",0.455086572580416,-11.0369175429275,2.26409235539893
"PRR14L",0.303949947574791,-11.5274100049873,2.20034205527944
"DEPDC5",0.230189928028585,-12.5414312256707,2.14290754443097
"YWHAH",0.955971188529144,-9.75927993261038,2.47891806303752
"RFPL2",0.1878542744147,-12.5276385670644,2.05752538344499
"RTCB",0.625555329601946,-9.99719366752598,2.33877941138377
"FBXO7",0.740540947578068,-9.98076429202175,2.41926413566006
"LARGE",0.237201218102107,-12.549029507341,2.1579848493556
"HMGXB4",0.441155999158301,-10.5492990256313,2.28383818676557
"RP3-510H16.3",0.124744812975913,-12.9345239920951,2.0430897230423
"TOM1",0.445682790098433,-10.6249137857745,2.27642025911824
"HMOX1",0.566421305891982,-10.2333484708979,2.32338598619069
"MCM5",0.447552831962984,-10.6436685453782,2.27573396405195
"APOL6",0.447856032862879,-10.6465364889155,2.27564492886621
"APOL3",0.617215740717323,-10.0015652361599,2.32991372813537
"APOL2",0.341450871520497,-11.4148798667032,2.20838647618076
"APOL1",0.258748343647862,-11.6601487887884,2.18272220633917
"MYH9",0.899311227470769,-9.81881097712136,2.46301007197741
"TXN2",0.817843054326993,-9.86681118268153,2.43833254054014
"FOXRED2",0.117913150105663,-12.9954662061038,2.04171346236043
"EIF3D",1.36628307060867,-9.21346539396106,2.56716344570069
"IFT27",0.451360549246499,-10.677015423879,2.27478781084098
"PVALB",0.090721269291354,-12.7921404110945,1.91917469956789
"NCF4",0.461729726796744,-10.5019169061079,2.32387689867441
"CSF2RB",0.264423314147689,-11.6446953514024,2.18614617169067
"TST",0.16759266301054,-12.6777798123276,2.06112349582788
"MPST",0.447015716458819,-10.5127757180044,2.3040737718706
"KCTD17",0.330031274206338,-11.4491777419876,2.20640509817246
"IL2RB",0.501994309111136,-10.4404510854842,2.33925418632709
"C1QTNF6",0.174120422480146,-12.6247712823772,2.05817582041029
"SSTR3",0.124744812975913,-12.9345239920951,2.0430897230423
"RAC2",1.33676365290333,-8.17284157417284,2.52443105202912
"CYTH4",0.71717833683506,-10.0034241642347,2.40736973679088
"MFNG",0.827495865549559,-9.85775506023811,2.44050187732838
"CDC42EP1",0.237201218102107,-12.549029507341,2.1579848493556
"LGALS2",1.21101125984379,-9.39641594071183,2.58314930988713
"GGA1",0.683147905665482,-10.0105207147405,2.38625733702021
"SH3BP1",0.639472055369586,-9.99861872933051,2.35233582838637
"LGALS1",1.31440535026735,-8.0792210442874,2.57869676000556
"NOL12",0.553468070106026,-10.2859497203451,2.3284949608302
"TRIOBP",0.387415497071228,-11.2345599720108,2.20365151181136
"H1F0",0.437298073751462,-11.0623969640953,2.23489428354175
"GCAT",0.203504806423496,-12.4912497389434,2.07892517954733
"ANKRD54",0.469907575170431,-10.9337387035082,2.27228835482556
"EIF3L",1.54759675428044,-8.99202013337545,2.64013687780171
"MICALL1",0.250066880072025,-12.508963921607,2.17627790166079
"POLR2F",0.853169198279926,-9.83963095852858,2.44730349614655
"PICK1",0.226965555352143,-11.8539915358263,2.1682399487526
"PLA2G6",0.22375500450459,-11.9529837127783,2.17254604697426
"MAFF",0.328611957477222,-11.453340472807,2.20610294815159
"TMEM184B",0.390854073685558,-11.2181224489868,2.20284858943329
"CSNK1E",0.283289517473143,-11.5915210627692,2.19470062821077
"DDX17",0.847190036380669,-9.8431740598278,2.44557823623096
"CBY1",0.223695027974275,-12.0241158264402,2.17597860349096
"TOMM22",1.06883200636034,-9.51382018016153,2.47505190802929
"JOSD1",0.468922211434097,-10.8283990305469,2.27188838554729
"GTPBP1",0.467768565121898,-10.8134327814754,2.27198220331804
"SUN2",1.07451358148609,-9.50657584816363,2.4767743932486
"RP3-508I15.19",0.174120422480146,-12.6247712823772,2.05817582041029
"RP3-508I15.21",0.101084877533373,-12.9582856770516,1.98697941273538
"RP3-508I15.22",0.108196131760806,-13.0200960649104,2.02232033555741
"DNAL4",0.373051709105387,-11.2998379831994,2.20711150239711
"NPTXR",0.124744812975913,-12.9345239920951,2.0430897230423
"CBX6",0.447866536741136,-11.0534847721999,2.25449952205691
"APOBEC3A",0.86756576973047,-9.8323407812736,2.4517900224003
"APOBEC3B",0.442077365312296,-10.5279060245272,2.29090686081965
"APOBEC3C",0.559368826775701,-10.2628804458133,2.32623596359155
"APOBEC3D",0.223695027974275,-12.0241158264402,2.17597860349096
"APOBEC3F",0.224065621849842,-11.9347801167679,2.1716016566889
"APOBEC3G",1.01555374406762,-9.61445220669768,2.47362527400776
"APOBEC3H",0.237115444581028,-11.7455937295301,2.16937699480995
"CBX7",0.452547551377862,-10.6865976082231,2.2745419023494
"RPL3",5.64849470184704,-4.37808180192978,2.13742420822402
"SYNGR1",0.465267639698198,-10.9854788366653,2.27136556682324
"TAB1",0.303949947574791,-11.5274100049873,2.20034205527944
"MIEF1",0.41876523347763,-11.0949465185247,2.20686491455466
"ATF4",1.05534773102296,-9.53411101200938,2.47261408729487
"RPS19BP1",1.05215386829367,-9.53947120235224,2.47230472462555
"CACNA1I",0.211561276790128,-12.5005332691513,2.09729795390912
"GRAP2",0.651212785645859,-10.0024199614365,2.36255354935637
"TNRC6B",0.595128863862684,-10.0826047498973,2.31402507354579
"ADSL",0.625999660772732,-9.99711919594171,2.3392388956929
"SGSM3",0.441414272040627,-10.5360068780222,2.28751064108075
"MKL1",0.458520601218363,-11.024191357115,2.26733910582333
"SLC25A17",0.432153470739172,-11.066289033713,2.22495044312229
"ST13",1.33945032438658,-9.23703261394117,2.56767916561799
"XPNPEP3",0.460163479778454,-11.0167071373592,2.26859810249708
"RBX1",1.10848175034718,-9.53777975477504,2.54779121278948
"EP300",0.347027480193409,-11.3972077836428,2.20896727921405
"L3MBTL2",0.427711524743396,-11.0723526442875,2.2174167823808
"RANGAP1",0.360929126623443,-11.348664862052,2.2089234439008
"ZC3H7B",0.306439806001703,-11.519684101789,2.20093803309746
"TEF",0.16759266301054,-12.6777798123276,2.06112349582788
"TOB2",0.447866536741136,-11.0534847721999,2.25449952205691
"PHF5A",0.7680632622771,-9.93649558464482,2.42834160799141
"ACO2",0.60072186594466,-10.0502215584354,2.31522848261032
"POLR3H",0.464676662261395,-10.9899230290962,2.27113366979439
"PMM1",0.46880900649847,-10.8267774405875,2.27189526648133
"DESI1",0.496088898376732,-10.453123737876,2.33890285392653
"XRCC6",1.10964158556234,-9.56608232941121,2.57847458487889
"NHP2L1",1.29855649517978,-9.27871805893355,2.57044672957486
"C22orf46",0.380470518690739,-11.266954524078,2.20539002901601
"MEI1",0.545256466900807,-10.3159813547313,2.33140629259035
"CCDC134",0.241695900609293,-12.5467848054605,2.16624256450464
"RP5-821D11.7",0.257390481680311,-11.6639522845591,2.1818596410426
"SREBF2",0.43247517099959,-11.065964924675,2.22554417497066
"CTA-250D10.23",0.250273336557541,-12.2871527362687,2.16237099282398
"TNFRSF13C",0.254213568718537,-11.6731934857396,2.17980150004989
"CENPM",0.261948381819468,-11.6513762155895,2.18469837403376
"WBP2NL",0.151289836493976,-12.7783680320405,2.05965516873174
"NAGA",0.443219276360071,-10.5953269189534,2.27801667568146
"FAM109B",0.183062415540771,-12.5564644150092,2.05608461177669
"SMDT1",1.30246253443434,-9.27439848188691,2.57008235974395
"NDUFA6",0.823231504018744,-9.86158269458598,2.43951999755766
"TCF20",0.23199352621588,-11.7866684234734,2.16771263742681
"NFAM1",0.393865625080279,-11.2035936492173,2.20221685643291
"RRP7A",0.617747924329886,-10.0010643464645,2.33049149517193
"SERHL2",0.090721269291354,-12.7921404110945,1.91917469956789
"POLDIP3",0.449423575779855,-10.6606398109733,2.27522310773125
"RNU12",0.481911811704978,-10.4786682676376,2.33588176874704
"CYB5R3",0.532205200505566,-10.359294498852,2.33529247360804
"ATP5L2",0.446345079324981,-10.6318072705431,2.27614910746922
"ARFGAP3",0.483170681913941,-10.47669750474,2.33629630986392
"PACSIN2",0.450666666508828,-10.671267539604,2.27493663843689
"TTLL1",0.250273336557541,-12.2871527362687,2.16237099282398
"BIK",0.224342571937619,-12.0536359238734,2.17679984535227
"MCAT",0.381238232647967,-11.2634457055846,2.20519977492097
"TSPO",1.52577157074955,-9.01834039128376,2.6412135565895
"TTLL12",0.253309504187197,-11.6759268360451,2.17920616014382
"SAMM50",0.482574256152388,-10.4776352466763,2.33610289795263
"PARVB",0.442178579657855,-10.5271060089066,2.29131636245189
"PARVG",0.779961450632733,-9.91666100859569,2.43093092776646
"LDOC1L",0.225164732208861,-12.0747444218969,2.17686307456362
"PRR5",0.459943084955731,-10.5032432970703,2.32216872125178
"CTA-217C2.1",0.291083248179059,-11.5676715823175,2.19709074221805
"NUP50",0.468508213192356,-10.9544997360567,2.27219527162539
"KIAA0930",0.47031299968068,-10.853094837402,2.27186287788278
"UPK3A",0.257390481680311,-11.6639522845591,2.1818596410426
"FAM118A",0.448559247750488,-11.0523924368995,2.25557852176882
"ATXN10",0.69799544734256,-10.0102414077847,2.39588550748967
"C22orf26",0.090721269291354,-12.7921404110945,1.91917469956789
"RP6-109B7.3",0.371864737553081,-11.304893420966,2.20735161476811
"FLJ27365",0.250273336557541,-12.2871527362687,2.16237099282398
"PPARA",0.243431321069781,-11.7117139674051,2.17278568107151
"CDPF1",0.375842218537906,-11.2877179277956,2.20650351365506
"TTC38",0.441164724341962,-10.5506573637077,2.28354437039676
"GTSE1",0.090721269291354,-12.7921404110945,1.91917469956789
"TRMU",0.458185445605236,-11.0255965342884,2.2670599817995
"GRAMD4",0.248063606674305,-12.2567014115598,2.16085635613381
"CERK",0.441273042494974,-10.5394993864461,2.28637667212445
"CTA-29F11.1",0.501199361643777,-10.4422225189071,2.33923333507515
"TBC1D22A",0.442588766399551,-10.5860014136547,2.27874129963046
"LL22NC03-75H12.2",0.141473787659634,-12.8191386499719,2.05126746596957
"C22orf34",0.228218527898891,-11.8328472417398,2.1677628936284
"RP1-29C18.10",0.174120422480146,-12.6247712823772,2.05817582041029
"BRD1",0.223483964358326,-11.9978879830348,2.17485616472569
"ZBED4",0.224065621849842,-11.9347801167679,2.1716016566889
"ALG12",0.443517585831591,-11.0584721859879,2.24700603631286
"CRELD2",0.591737866354816,-10.1031264881422,2.31428113641199
"PIM3",0.580947118838047,-10.164079066065,2.31747375168688
"MLC1",0.241904545563597,-12.2014659440717,2.16146712228198
"TRABD",0.70674344042256,-10.0081962765021,2.40125846345192
"RP3-402G11.25",0.24453111945453,-12.2214289751843,2.16052314828958
"RP3-402G11.26",0.262041219518392,-11.6511250774237,2.18475398016833
"SELO",0.38490862710076,-11.2464107177746,2.20427787268896
"TUBGCP6",0.355648341701213,-11.3679762538592,2.20920993508267
"HDAC10",0.441470438903673,-10.5349645578905,2.28788366569295
"MAPK11",0.141473787659634,-12.8191386499719,2.05126746596957
"PLXNB2",0.471063446499563,-10.8963475008969,2.27209815431169
"DENND6B",0.46880900649847,-10.8267774405875,2.27189526648133
"PPP6R2",0.456918892634846,-11.0305791095925,2.26592629540201
"SBF1",0.407422221264717,-11.1396657475591,2.20159670875146
"LMF2",0.444578973184218,-10.5170345215825,2.29864119147023
"NCAPH2",0.443100795592939,-11.0588183754633,2.24623583026553
"SCO2",0.74302456401509,-9.97732735536999,2.42031542680931
"CTA-384D8.36",0.203504806423496,-12.4912497389434,2.07892517954733
"TYMP",1.47634444831452,-9.06867713436618,2.63536929739549
"ODF3B",0.704551585456311,-10.0088678339746,2.39993027835647
"CTA-384D8.35",0.253776510344264,-12.4304809561986,2.17385166909698
"CTA-384D8.34",0.283289517473143,-11.5915210627692,2.19470062821077
"KLHDC7B",0.380470518690739,-11.266954524078,2.20539002901601
"SYCE3",0.108196131760806,-13.0200960649104,2.02232033555741
"CPT1B",0.108196131760806,-13.0200960649104,2.02232033555741
"CHKB",0.452547551377862,-10.6865976082231,2.2745419023494
"CHKB-AS1",0.228468715570751,-12.1186282691869,2.17441752459222
"ARSA",0.440095965609989,-11.0608424935328,2.2404590929217
"RABL2B",0.460163479778454,-11.0167071373592,2.26859810249708
"RBM11",0.230189928028585,-12.5414312256707,2.14290754443097
"HSPA13",0.377786134052374,-11.2791081096936,2.206051454787
"SAMSN1",0.592142190384333,-10.100701870978,2.3142235433217
"NRIP1",0.226965555352143,-11.8539915358263,2.1682399487526
"USP25",0.359648244991767,-11.3534775894331,2.20902733604245
"BTG3",0.463357994225241,-10.770572865754,2.2725800518998
"C21orf91",0.434473370897298,-11.0642321732457,2.22933455060039
"AP000476.1",0.108196131760806,-13.0200960649104,2.02232033555741
"MIR155HG",0.124744812975913,-12.9345239920951,2.0430897230423
"MRPL39",0.469639996184715,-10.8396586328714,2.27185424615383
"ATP5J",1.10891666968941,-9.52689056745715,2.53850154718906
"GABPA",0.390854073685558,-11.2181224489868,2.20284858943329
"APP",0.464128151115905,-10.7771768711149,2.2724579070653
"N6AMT1",0.230775156673327,-11.7994739811921,2.16756261210683
"LTN1",0.397681954069581,-11.1851943815121,2.20159827090245
"RWDD2B",0.265406466391688,-11.6420470295071,2.1867035920894
"USP16",0.622469505782289,-9.99806260542134,2.33554722216103
"CCT8",1.00848950642896,-9.6314120994247,2.47456339825843
"MAP3K7CL",0.336617691752438,-11.4296138544761,2.20765959056251
"BACH1",0.399821820098483,-11.174940141276,2.20136907343632
"TIAM1",0.318341970007255,-11.4835878418945,2.20375844416355
"SOD1",1.51702852754295,-9.02796446170508,2.64121365229746
"SCAF4",0.450556746593441,-10.5094050830222,2.31036325507786
"MIS18A",0.413158289150891,-11.1153713889909,2.20332139088508
"URB1",0.223695027974275,-12.0241158264402,2.17597860349096
"C21orf119",0.265406466391688,-11.6420470295071,2.1867035920894
"EVA1C",0.235301446437578,-11.7582718172183,2.16862943826843
"C21orf59",0.602470618492198,-10.0412782405283,2.31611352339239
"SYNJ1",0.23078253123122,-12.1364778837008,2.17188129372768
"PAXBP1-AS1",0.197663683629374,-12.4947298912936,2.06814566555827
"PAXBP1",0.225242173550997,-11.8928066779572,2.16961132666487
"C21orf49",0.248063606674305,-12.2567014115598,2.16085635613381
"OLIG1",0.357459199110513,-11.3615042801462,2.20915343609831
"IFNAR2",0.560618663691739,-10.2578044645214,2.32573939207819
"IL10RB-AS1",0.23386501965221,-11.7696233733186,2.16814921311575
"IL10RB",0.627700360642261,-9.99694138858477,2.34097784551667
"IFNAR1",0.482054310433913,-10.4784467218597,2.33593002566323
"IFNGR2",0.82347532266061,-9.86135783572618,2.43957522347562
"TMEM50B",0.48252095896953,-10.4777187765163,2.33608549629796
"GART",0.470424564558701,-10.9227661444229,2.2722619266685
"SON",1.10867102962251,-9.56403735962595,2.574269229981
"DONSON",0.16759266301054,-12.6777798123276,2.06112349582788
"CRYZL1",0.525695296579392,-10.3790038942714,2.33681232868933
"ITSN1",0.247088309743925,-12.5303994035623,2.17384969389464
"ATP5O",1.4785437476671,-9.11508727876187,2.59298608522406
"LINC00649",0.443596950928513,-10.6004165664405,2.27767436209797
"MRPS6",0.839979554865518,-9.84797036449273,2.44361623848183
"SMIM11",0.606970784368765,-10.022521373123,2.31944397388771
"KCNE1",0.232291934049086,-12.5447235191184,2.14763920278489
"RCAN1",0.141473787659634,-12.8191386499719,2.05126746596957
"RUNX1",0.456052050536978,-10.7136958765902,2.27386794936608
"SETD4",0.319344583891345,-11.4806092560161,2.20399355485001
"CBR1",0.6701953399759,-10.0082585969314,2.37722123824412
"CBR3",0.295410275228684,-11.554141821301,2.19824841004802
"DOPEY2",0.420633108510216,-11.0891114528686,2.20853524620437
"AP000692.10",0.174120422480146,-12.6247712823772,2.05817582041029
"MORC3",0.470851546390807,-10.8693449015104,2.27192322205283
"CHAF1B",0.241695900609293,-12.5467848054605,2.16624256450464
"HLCS",0.108196131760806,-13.0200960649104,2.02232033555741
"PIGP",0.490906274422188,-10.4632866574823,2.33818584982775
"TTC3",0.674550270726003,-10.0092196318073,2.38033202551042
"DSCR3",0.472394037596084,-10.4916405134646,2.33163955327582
"DYRK1A",0.318341970007255,-11.4835878418945,2.20375844416355
"ETS2",0.437628205219913,-11.0622192193569,2.23555325405773
"PSMG1",0.444768775733631,-10.6147850397473,2.27687399610826
"BRWD1",0.441702190309247,-10.5696357439716,2.2804456450887
"HMGN1",1.53177838135065,-9.01150652855633,2.64107566804913
"WRB",0.441816887308936,-11.0597700948226,2.24380086597125
"BACE2",0.270338437914395,-11.6286736733753,2.18931532691732
"FAM3B",0.158147028664132,-12.743367074885,2.06256469798137
"MX2",0.657519431016827,-10.0045514245851,2.36765095491342
"MX1",1.01666024440158,-9.61185811935801,2.47349100669458
"PRDM15",0.090721269291354,-12.7921404110945,1.91917469956789
"C2CD2",0.217168357845664,-12.5125542968357,2.11121018860736
"ZBTB21",0.225242173550997,-11.8928066779572,2.16961132666487
"ABCG1",0.300427718600343,-11.5384103559416,2.199496241444
"UBASH3A",0.466649433978617,-10.8010506321357,2.27210742259537
"SLC37A1",0.344727029962021,-11.4046107988564,2.20876481991351
"PDE9A",0.224820970152689,-12.0670005958397,2.17690569188224
"WDR4",0.240534707141203,-11.7256403043515,2.17108882714731
"NDUFV3",0.52426295141932,-10.3831777428367,2.33710527721559
"PKNOX1",0.389152308112735,-11.2262808848236,2.2032345380696
"U2AF1",1.44519223816072,-9.15511699031414,2.57370728549917
"AP001046.5",0.108196131760806,-13.0200960649104,2.02232033555741
"SIK1",0.443556596074608,-10.5998813091194,2.27770843014045
"RRP1B",0.45420347382553,-10.6995889800418,2.27421944800284
"PDXK",0.475891432395681,-10.4872988759325,2.33344872647747
"CSTB",1.37284375134257,-9.20810505371055,2.56721028908428
"RRP1",0.467704115768508,-10.96364236956,2.27205871113553
"AP001053.11",0.253903838479869,-12.4147871760794,2.17266699110733
"AGPAT3",0.426489871621762,-11.0746243911349,2.21558977781039
"TRAPPC10",0.393865625080279,-11.2035936492173,2.20221685643291
"PWP2",0.335776925411619,-11.4321320549466,2.20751459858229
"C21orf33",0.632004708699473,-9.99709217906183,2.34527162482071
"AP001055.6",0.262041219518392,-11.6511250774237,2.18475398016833
"ICOSLG",0.262294643687298,-11.6504386248115,2.18490482362236
"AIRE",0.090721269291354,-12.7921404110945,1.91917469956789
"PFKL",0.625031543724037,-9.99729556061901,2.33823710135947
"C21orf2",0.441163089564388,-10.5451327599884,2.28481680878147
"AP001062.7",0.174120422480146,-12.6247712823772,2.05817582041029
"TRPM2",0.252669045295664,-12.3369290773934,2.16608382286099
"LRRC3",0.124744812975913,-12.9345239920951,2.0430897230423
"UBE2G2",0.483641545817974,-10.475943659774,2.33644273542121
"SUMO3",0.983075643437272,-9.69604278066024,2.47816545790639
"PTTG1IP",0.525336902685472,-10.3800540296782,2.33688719613875
"ITGB2",1.48941950296897,-9.05572757283976,2.63885625780116
"ITGB2-AS1",0.613138061820509,-10.0070007571098,2.32553713427153
"LL21NC02-1C16.2",0.090721269291354,-12.7921404110945,1.91917469956789
"FAM207A",0.49874590327597,-10.4475594451128,2.33911741711595
"ADARB1",0.230775156673327,-11.7994739811921,2.16756261210683
"POFUT2",0.226965555352143,-11.8539915358263,2.1682399487526
"COL18A1",0.315885778068481,-11.4909045559396,2.20317613981035
"SLC19A1",0.245246308660923,-11.7039909586682,2.17390669033314
"COL6A2",0.230103400562576,-11.8073280419088,2.16753561347398
"SPATC1L",0.463755930050262,-10.9963025860953,2.27072525089429
"LSS",0.223483964358326,-11.9978879830348,2.17485616472569
"MCM3AP-AS1",0.217168357845664,-12.5125542968357,2.11121018860736
"MCM3AP",0.366915976260372,-11.3253540547114,2.20822296813286
"AP001469.9",0.108196131760806,-13.0200960649104,2.02232033555741
"YBEY",0.44604923141131,-10.5141519002573,2.30206105374315
"C21orf58",0.141473787659634,-12.8191386499719,2.05126746596957
"PCNT",0.22712266150858,-12.104790066756,2.17568849682712
"DIP2A",0.44521273199806,-10.6198064969364,2.27663985012019
"S100B",0.444066807594905,-10.6064069680669,2.27731444174503
"PRMT2",0.996456145691376,-9.66160748342408,2.47633140626894
"MT-ND1",3.30259553824488,-5.89488930779625,2.2340249861303
"MT-ND2",3.07539341619878,-6.6917306431379,2.39100090317638
"MT-CO1",4.80922085725238,-4.98130748331975,2.27636440467504
"MT-CO2",4.02301164187852,-5.42208868341662,2.14116295694769
"MT-ATP8",0.241587964993237,-11.7203125191351,2.17168265402027
"MT-ATP6",2.10313969971479,-7.36828013514847,2.42076291824056
"MT-CO3",4.65566429420473,-5.10430932644674,2.10389471352489
"MT-ND3",0.967664691251724,-9.73407439857293,2.479303653269
"MT-ND4L",0.754921108563918,-9.95885007794407,2.42468398535333
"MT-ND4",3.59793101991773,-5.70364327276139,2.19300231483009
"MT-ND5",1.51927645447028,-9.02549369910923,2.64123851669271
"MT-ND6",0.595078324247425,-10.0829085195132,2.31402441167533
"MT-CYB",3.07430266274824,-6.2372486225949,2.30348754062519
"AC145212.1",0.253903838479869,-12.4147871760794,2.17266699110733
"AL592183.1",0.671459728847784,-10.0085594596014,2.37813289507137
"AL354822.1",0.141473787659634,-12.8191386499719,2.05126746596957
"PNRC2",0.441583724308817,-10.5668496357276,2.28080589354849
"SRSF10",0.44923453456399,-10.6589923325742,2.27527099732106
